arm,family,pair,workload,ops,periodic_ops,combos,solver,objective,all_ops,misses,wall_s,cpsat_status,cpsat_gap,prec_viol,overlap_viol,inf_dur_assign,error
wl_sweep,bimodal,gempair,networks_bimodal_gempair,379,224,3,cheap_portfolio,3608.080955,3608.080955,0,0.351,,,0,0,0,
wl_sweep,bimodal,gempair,networks_bimodal_gempair,379,224,3,cpsat,3607.958745,3607.958745,0,13.892,OPTIMAL,0.0,0,0,0,
wl_sweep,bimodal,gempair,networks_bimodal_gempair,379,224,3,cpsat:warm,3607.958764,3607.958764,0,53.965,OPTIMAL,0.0,0,0,0,
wl_sweep,bimodal,gempair,networks_bimodal_gempair,379,224,3,cpsat:warmbest,3607.958764,3607.958764,0,11.816,OPTIMAL,0.0,0,0,0,
wl_sweep,bimodal,gempair,networks_bimodal_gempair,379,224,3,decomposed,3627.606659,3627.606659,0,0.048,,,0,0,0,
wl_sweep,bimodal,gempair,networks_bimodal_gempair,379,224,3,greedy,3627.606659,3627.606659,0,0.038,,,0,0,0,
wl_sweep,bimodal,gempair,networks_bimodal_gempair,379,224,3,greedy_periodic,3627.606659,3627.606659,0,0.039,,,0,0,0,
wl_sweep,bimodal,gempair,networks_bimodal_gempair,379,224,3,greedy_reserved,3628.557046,3628.557046,0,0.045,,,0,0,0,
wl_sweep,bimodal,gempair,networks_bimodal_gempair,379,224,3,heft,3608.080955,3608.080955,0,0.049,,,0,0,0,
wl_sweep,bimodal,gempair,networks_bimodal_gempair,379,224,3,heft_edf,3608.080955,3608.080955,0,0.132,,,0,0,0,
wl_sweep,bimodal,gempair,networks_bimodal_gempair,379,224,3,pso,3608.080955,3608.080955,0,7.75,,,0,0,0,
wl_sweep,bimodal,gempair,networks_bimodal_gempair,379,224,3,sa,3608.022246,3608.022246,0,20.005,,,0,0,0,
wl_sweep,bimodal,hetero,networks_bimodal_hetero,379,224,2,cheap_portfolio,245.304178,245.304178,0,0.202,,,0,0,0,
wl_sweep,bimodal,hetero,networks_bimodal_hetero,379,224,2,cpsat,234.518855,234.518855,0,12.736,OPTIMAL,0.0,0,0,0,
wl_sweep,bimodal,hetero,networks_bimodal_hetero,379,224,2,cpsat:warm,234.473855,234.473855,0,18.067,OPTIMAL,0.0,0,0,0,
wl_sweep,bimodal,hetero,networks_bimodal_hetero,379,224,2,cpsat:warmbest,234.473855,234.473855,0,8.803,OPTIMAL,0.0,0,0,0,
wl_sweep,bimodal,hetero,networks_bimodal_hetero,379,224,2,decomposed,263.719985,263.719985,0,0.033,,,0,0,0,
wl_sweep,bimodal,hetero,networks_bimodal_hetero,379,224,2,greedy,263.719985,263.719985,0,0.032,,,0,0,0,
wl_sweep,bimodal,hetero,networks_bimodal_hetero,379,224,2,greedy_periodic,263.719985,263.719985,0,0.033,,,0,0,0,
wl_sweep,bimodal,hetero,networks_bimodal_hetero,379,224,2,greedy_reserved,263.720633,263.720633,0,0.036,,,0,0,0,
wl_sweep,bimodal,hetero,networks_bimodal_hetero,379,224,2,heft,245.304178,245.304178,0,0.016,,,0,0,0,
wl_sweep,bimodal,hetero,networks_bimodal_hetero,379,224,2,heft_edf,245.304178,245.304178,0,0.052,,,0,0,0,
wl_sweep,bimodal,hetero,networks_bimodal_hetero,379,224,2,pso,236.97384,236.97384,0,14.807,,,0,0,0,
wl_sweep,bimodal,hetero,networks_bimodal_hetero,379,224,2,sa,238.103552,238.103552,0,20.003,,,0,0,0,
wl_sweep,bimodal,quad,networks_bimodal_quad,379,224,6,cheap_portfolio,218.183327,218.183327,0,0.372,,,0,0,0,
wl_sweep,bimodal,quad,networks_bimodal_quad,379,224,6,cpsat,213.667855,213.667855,0,26.615,OPTIMAL,0.0,0,0,0,
wl_sweep,bimodal,quad,networks_bimodal_quad,379,224,6,cpsat:warm,213.667855,213.667855,0,16.125,OPTIMAL,0.0,0,0,0,
wl_sweep,bimodal,quad,networks_bimodal_quad,379,224,6,cpsat:warmbest,213.667855,213.667855,0,19.484,OPTIMAL,0.0,0,0,0,
wl_sweep,bimodal,quad,networks_bimodal_quad,379,224,6,decomposed,235.370045,235.370045,0,0.065,,,0,0,0,
wl_sweep,bimodal,quad,networks_bimodal_quad,379,224,6,greedy,235.370045,235.370045,0,0.058,,,0,0,0,
wl_sweep,bimodal,quad,networks_bimodal_quad,379,224,6,greedy_periodic,235.370045,235.370045,0,0.06,,,0,0,0,
wl_sweep,bimodal,quad,networks_bimodal_quad,379,224,6,greedy_reserved,236.372424,236.372424,0,0.068,,,0,0,0,
wl_sweep,bimodal,quad,networks_bimodal_quad,379,224,6,heft,218.183327,218.183327,0,0.031,,,0,0,0,
wl_sweep,bimodal,quad,networks_bimodal_quad,379,224,6,heft_edf,218.183327,218.183327,0,0.09,,,0,0,0,
wl_sweep,bimodal,quad,networks_bimodal_quad,379,224,6,pso,214.861733,214.861733,0,20.666,,,0,0,0,
wl_sweep,bimodal,quad,networks_bimodal_quad,379,224,6,sa,214.667632,214.667632,0,20.023,,,0,0,0,
wl_sweep,bimodal,rvvpair,networks_bimodal_rvvpair,379,224,3,cheap_portfolio,430.478309,430.478309,0,0.292,,,0,0,0,
wl_sweep,bimodal,rvvpair,networks_bimodal_rvvpair,379,224,3,cpsat,430.534888,430.534888,0,14.007,OPTIMAL,0.0,0,0,0,
wl_sweep,bimodal,rvvpair,networks_bimodal_rvvpair,379,224,3,cpsat:warm,430.534888,430.534888,0,20.79,OPTIMAL,0.0,0,0,0,
wl_sweep,bimodal,rvvpair,networks_bimodal_rvvpair,379,224,3,cpsat:warmbest,430.534888,430.534888,0,12.588,OPTIMAL,0.0,0,0,0,
wl_sweep,bimodal,rvvpair,networks_bimodal_rvvpair,379,224,3,decomposed,498.932471,498.932471,0,0.047,,,0,0,0,
wl_sweep,bimodal,rvvpair,networks_bimodal_rvvpair,379,224,3,greedy,498.932471,498.932471,0,0.038,,,0,0,0,
wl_sweep,bimodal,rvvpair,networks_bimodal_rvvpair,379,224,3,greedy_periodic,498.932471,498.932471,0,0.039,,,0,0,0,
wl_sweep,bimodal,rvvpair,networks_bimodal_rvvpair,379,224,3,greedy_reserved,499.935498,499.935498,0,0.024,,,0,0,0,
wl_sweep,bimodal,rvvpair,networks_bimodal_rvvpair,379,224,3,heft,430.478309,430.478309,0,0.028,,,0,0,0,
wl_sweep,bimodal,rvvpair,networks_bimodal_rvvpair,379,224,3,heft_edf,430.478309,430.478309,0,0.116,,,0,0,0,
wl_sweep,bimodal,rvvpair,networks_bimodal_rvvpair,379,224,3,pso,430.478309,430.478309,0,8.902,,,0,0,0,
wl_sweep,bimodal,rvvpair,networks_bimodal_rvvpair,379,224,3,sa,430.478309,430.478309,0,18.799,,,0,0,0,
wl_sweep,control_mix,gempair,networks_control_mix_gempair,295,140,3,cheap_portfolio,54.074157,79.370495,0,0.355,,,0,0,0,
wl_sweep,control_mix,gempair,networks_control_mix_gempair,295,140,3,cpsat,51.809213,79.51322,0,9.175,OPTIMAL,0.0,0,0,0,
wl_sweep,control_mix,gempair,networks_control_mix_gempair,295,140,3,cpsat:warm,51.809213,79.389876,0,21.792,OPTIMAL,0.0,0,0,0,
wl_sweep,control_mix,gempair,networks_control_mix_gempair,295,140,3,cpsat:warmbest,51.809213,79.402876,0,11.134,OPTIMAL,0.0,0,0,0,
wl_sweep,control_mix,gempair,networks_control_mix_gempair,295,140,3,decomposed,62.397633,79.370495,0,0.026,,,0,0,0,
wl_sweep,control_mix,gempair,networks_control_mix_gempair,295,140,3,greedy,62.769886,79.370495,0,0.024,,,0,0,0,
wl_sweep,control_mix,gempair,networks_control_mix_gempair,295,140,3,greedy_periodic,58.320898,79.370495,58,0.028,,,0,0,0,
wl_sweep,control_mix,gempair,networks_control_mix_gempair,295,140,3,greedy_reserved,60.681842,79.748397,91,0.035,,,0,0,0,
wl_sweep,control_mix,gempair,networks_control_mix_gempair,295,140,3,heft,54.074157,79.370495,14,0.03,,,0,0,0,
wl_sweep,control_mix,gempair,networks_control_mix_gempair,295,140,3,heft_edf,54.074157,79.370495,0,0.212,,,0,0,0,
wl_sweep,control_mix,gempair,networks_control_mix_gempair,295,140,3,pso,54.074157,79.370495,0,5.345,,,0,0,0,
wl_sweep,control_mix,gempair,networks_control_mix_gempair,295,140,3,sa,54.074157,79.370495,0,10.195,,,0,0,0,
wl_sweep,control_mix,hetero,networks_control_mix_hetero,295,140,2,cheap_portfolio,38.910006,121.163791,0,0.189,,,0,0,0,
wl_sweep,control_mix,hetero,networks_control_mix_hetero,295,140,2,cpsat,36.795,121.178876,0,29.902,OPTIMAL,0.0,0,0,0,
wl_sweep,control_mix,hetero,networks_control_mix_hetero,295,140,2,cpsat:warm,36.795,121.173592,0,39.215,OPTIMAL,0.0,0,0,0,
wl_sweep,control_mix,hetero,networks_control_mix_hetero,295,140,2,cpsat:warmbest,36.795,121.173592,0,26.207,OPTIMAL,0.0,0,0,0,
wl_sweep,control_mix,hetero,networks_control_mix_hetero,295,140,2,decomposed,46.036858,121.164756,0,0.018,,,0,0,0,
wl_sweep,control_mix,hetero,networks_control_mix_hetero,295,140,2,greedy,47.986361,121.277562,0,0.02,,,0,0,0,
wl_sweep,control_mix,hetero,networks_control_mix_hetero,295,140,2,greedy_periodic,43.455137,121.277562,56,0.022,,,0,0,0,
wl_sweep,control_mix,hetero,networks_control_mix_hetero,295,140,2,greedy_reserved,42.121249,121.523021,37,0.023,,,0,0,0,
wl_sweep,control_mix,hetero,networks_control_mix_hetero,295,140,2,heft,38.174047,121.163791,14,0.007,,,0,0,0,
wl_sweep,control_mix,hetero,networks_control_mix_hetero,295,140,2,heft_edf,38.910006,121.163791,0,0.099,,,0,0,0,
wl_sweep,control_mix,hetero,networks_control_mix_hetero,295,140,2,pso,37.505803,121.277562,0,9.202,,,0,0,0,
wl_sweep,control_mix,hetero,networks_control_mix_hetero,295,140,2,sa,38.910006,121.163791,0,4.077,,,0,0,0,
wl_sweep,control_mix,quad,networks_control_mix_quad,295,140,6,cheap_portfolio,33.634771,121.162164,0,0.372,,,0,0,0,
wl_sweep,control_mix,quad,networks_control_mix_quad,295,140,6,cpsat,33.43,123.62122,0,30.376,OPTIMAL,0.0,0,0,0,
wl_sweep,control_mix,quad,networks_control_mix_quad,295,140,6,cpsat:warm,33.43,121.171965,0,20.753,OPTIMAL,0.0,0,0,0,
wl_sweep,control_mix,quad,networks_control_mix_quad,295,140,6,cpsat:warmbest,33.43,121.171965,0,17.854,OPTIMAL,0.0,0,0,0,
wl_sweep,control_mix,quad,networks_control_mix_quad,295,140,6,decomposed,37.283029,121.162164,0,0.033,,,0,0,0,
wl_sweep,control_mix,quad,networks_control_mix_quad,295,140,6,greedy,39.159679,121.162164,0,0.038,,,0,0,0,
wl_sweep,control_mix,quad,networks_control_mix_quad,295,140,6,greedy_periodic,37.03892,121.162164,56,0.049,,,0,0,0,
wl_sweep,control_mix,quad,networks_control_mix_quad,295,140,6,greedy_reserved,37.513462,121.277562,56,0.056,,,0,0,0,
wl_sweep,control_mix,quad,networks_control_mix_quad,295,140,6,heft,33.634771,121.162164,0,0.021,,,0,0,0,
wl_sweep,control_mix,quad,networks_control_mix_quad,295,140,6,heft_edf,33.634771,121.162164,0,0.175,,,0,0,0,
wl_sweep,control_mix,quad,networks_control_mix_quad,295,140,6,pso,33.634771,121.162164,0,4.741,,,0,0,0,
wl_sweep,control_mix,quad,networks_control_mix_quad,295,140,6,sa,33.558943,121.162164,0,12.149,,,0,0,0,
wl_sweep,control_mix,rvvpair,networks_control_mix_rvvpair,295,140,3,cheap_portfolio,85.66954,126.145746,0,0.314,,,0,0,0,
wl_sweep,control_mix,rvvpair,networks_control_mix_rvvpair,295,140,3,cpsat,82.220495,126.537965,0,15.111,OPTIMAL,0.0,0,0,0,
wl_sweep,control_mix,rvvpair,networks_control_mix_rvvpair,295,140,3,cpsat:warm,82.221,126.153965,0,8.356,OPTIMAL,0.0,0,0,0,
wl_sweep,control_mix,rvvpair,networks_control_mix_rvvpair,295,140,3,cpsat:warmbest,82.220818,126.153965,0,10.683,OPTIMAL,0.0,0,0,0,
wl_sweep,control_mix,rvvpair,networks_control_mix_rvvpair,295,140,3,decomposed,109.603719,126.145746,0,0.025,,,0,0,0,
wl_sweep,control_mix,rvvpair,networks_control_mix_rvvpair,295,140,3,greedy,111.150797,126.145746,0,0.024,,,0,0,0,
wl_sweep,control_mix,rvvpair,networks_control_mix_rvvpair,295,140,3,greedy_periodic,104.595158,126.145746,81,0.032,,,0,0,0,
wl_sweep,control_mix,rvvpair,networks_control_mix_rvvpair,295,140,3,greedy_reserved,111.508771,126.52729,88,0.035,,,0,0,0,
wl_sweep,control_mix,rvvpair,networks_control_mix_rvvpair,295,140,3,heft,85.66954,126.145746,21,0.028,,,0,0,0,
wl_sweep,control_mix,rvvpair,networks_control_mix_rvvpair,295,140,3,heft_edf,85.66954,126.145746,0,0.17,,,0,0,0,
wl_sweep,control_mix,rvvpair,networks_control_mix_rvvpair,295,140,3,pso,85.62481,126.145746,0,4.995,,,0,0,0,
wl_sweep,control_mix,rvvpair,networks_control_mix_rvvpair,295,140,3,sa,85.66954,126.145746,0,10.507,,,0,0,0,
wl_sweep,depth_chain,gempair,networks_depth_chain_gempair,270,270,3,cheap_portfolio,592.416109,592.416109,0,0.2,,,0,0,0,
wl_sweep,depth_chain,gempair,networks_depth_chain_gempair,270,270,3,cpsat,592.480485,592.480485,0,1.411,OPTIMAL,0.0,0,0,0,
wl_sweep,depth_chain,gempair,networks_depth_chain_gempair,270,270,3,cpsat:warm,592.480485,592.480485,0,1.215,OPTIMAL,0.0,0,0,0,
wl_sweep,depth_chain,gempair,networks_depth_chain_gempair,270,270,3,cpsat:warmbest,592.480485,592.480485,0,0.597,OPTIMAL,0.0,0,0,0,
wl_sweep,depth_chain,gempair,networks_depth_chain_gempair,270,270,3,decomposed,592.416109,592.416109,0,0.019,,,0,0,0,
wl_sweep,depth_chain,gempair,networks_depth_chain_gempair,270,270,3,greedy,592.416109,592.416109,0,0.016,,,0,0,0,
wl_sweep,depth_chain,gempair,networks_depth_chain_gempair,270,270,3,greedy_periodic,592.416109,592.416109,0,0.015,,,0,0,0,
wl_sweep,depth_chain,gempair,networks_depth_chain_gempair,270,270,3,greedy_reserved,592.416109,592.416109,0,0.017,,,0,0,0,
wl_sweep,depth_chain,gempair,networks_depth_chain_gempair,270,270,3,heft,592.416109,592.416109,0,0.017,,,0,0,0,
wl_sweep,depth_chain,gempair,networks_depth_chain_gempair,270,270,3,heft_edf,592.416109,592.416109,0,0.116,,,0,0,0,
wl_sweep,depth_chain,gempair,networks_depth_chain_gempair,270,270,3,pso,592.416109,592.416109,0,3.184,,,0,0,0,
wl_sweep,depth_chain,gempair,networks_depth_chain_gempair,270,270,3,sa,592.416109,592.416109,0,7.902,,,0,0,0,
wl_sweep,depth_chain,hetero,networks_depth_chain_hetero,270,270,2,cheap_portfolio,430.586015,430.586015,0,0.137,,,0,0,0,
wl_sweep,depth_chain,hetero,networks_depth_chain_hetero,270,270,2,cpsat,430.648452,430.648452,0,1.95,OPTIMAL,0.0,0,0,0,
wl_sweep,depth_chain,hetero,networks_depth_chain_hetero,270,270,2,cpsat:warm,430.648452,430.648452,0,1.754,OPTIMAL,0.0,0,0,0,
wl_sweep,depth_chain,hetero,networks_depth_chain_hetero,270,270,2,cpsat:warmbest,430.648452,430.648452,0,0.919,OPTIMAL,0.0,0,0,0,
wl_sweep,depth_chain,hetero,networks_depth_chain_hetero,270,270,2,decomposed,430.587156,430.587156,0,0.017,,,0,0,0,
wl_sweep,depth_chain,hetero,networks_depth_chain_hetero,270,270,2,greedy,430.728008,430.728008,0,0.013,,,0,0,0,
wl_sweep,depth_chain,hetero,networks_depth_chain_hetero,270,270,2,greedy_periodic,430.728008,430.728008,0,0.013,,,0,0,0,
wl_sweep,depth_chain,hetero,networks_depth_chain_hetero,270,270,2,greedy_reserved,430.728008,430.728008,0,0.014,,,0,0,0,
wl_sweep,depth_chain,hetero,networks_depth_chain_hetero,270,270,2,heft,430.586015,430.586015,0,0.011,,,0,0,0,
wl_sweep,depth_chain,hetero,networks_depth_chain_hetero,270,270,2,heft_edf,430.586015,430.586015,0,0.069,,,0,0,0,
wl_sweep,depth_chain,hetero,networks_depth_chain_hetero,270,270,2,pso,430.586015,430.586015,0,1.61,,,0,0,0,
wl_sweep,depth_chain,hetero,networks_depth_chain_hetero,270,270,2,sa,430.586015,430.586015,0,4.836,,,0,0,0,
wl_sweep,depth_chain,quad,networks_depth_chain_quad,270,270,6,cheap_portfolio,430.584704,430.584704,0,0.24,,,0,0,0,
wl_sweep,depth_chain,quad,networks_depth_chain_quad,270,270,6,cpsat,430.647343,430.647343,0,3.775,OPTIMAL,0.0,0,0,0,
wl_sweep,depth_chain,quad,networks_depth_chain_quad,270,270,6,cpsat:warm,430.647141,430.647141,0,1.777,OPTIMAL,0.0,0,0,0,
wl_sweep,depth_chain,quad,networks_depth_chain_quad,270,270,6,cpsat:warmbest,430.647141,430.647141,0,1.558,OPTIMAL,0.0,0,0,0,
wl_sweep,depth_chain,quad,networks_depth_chain_quad,270,270,6,decomposed,430.584704,430.584704,0,0.023,,,0,0,0,
wl_sweep,depth_chain,quad,networks_depth_chain_quad,270,270,6,greedy,430.584704,430.584704,0,0.021,,,0,0,0,
wl_sweep,depth_chain,quad,networks_depth_chain_quad,270,270,6,greedy_periodic,430.584704,430.584704,0,0.02,,,0,0,0,
wl_sweep,depth_chain,quad,networks_depth_chain_quad,270,270,6,greedy_reserved,430.584704,430.584704,0,0.021,,,0,0,0,
wl_sweep,depth_chain,quad,networks_depth_chain_quad,270,270,6,heft,430.584704,430.584704,0,0.019,,,0,0,0,
wl_sweep,depth_chain,quad,networks_depth_chain_quad,270,270,6,heft_edf,430.584704,430.584704,0,0.136,,,0,0,0,
wl_sweep,depth_chain,quad,networks_depth_chain_quad,270,270,6,pso,430.584704,430.584704,0,3.717,,,0,0,0,
wl_sweep,depth_chain,quad,networks_depth_chain_quad,270,270,6,sa,430.584704,430.584704,0,9.196,,,0,0,0,
wl_sweep,depth_chain,rvvpair,networks_depth_chain_rvvpair,270,270,3,cheap_portfolio,222.846359,222.846359,0,0.152,,,0,0,0,
wl_sweep,depth_chain,rvvpair,networks_depth_chain_rvvpair,270,270,3,cpsat,222.912141,222.912141,0,1.258,OPTIMAL,0.0,0,0,0,
wl_sweep,depth_chain,rvvpair,networks_depth_chain_rvvpair,270,270,3,cpsat:warm,222.912141,222.912141,0,0.781,OPTIMAL,0.0,0,0,0,
wl_sweep,depth_chain,rvvpair,networks_depth_chain_rvvpair,270,270,3,cpsat:warmbest,222.912141,222.912141,0,0.602,OPTIMAL,0.0,0,0,0,
wl_sweep,depth_chain,rvvpair,networks_depth_chain_rvvpair,270,270,3,decomposed,222.846359,222.846359,0,0.02,,,0,0,0,
wl_sweep,depth_chain,rvvpair,networks_depth_chain_rvvpair,270,270,3,greedy,222.846359,222.846359,0,0.015,,,0,0,0,
wl_sweep,depth_chain,rvvpair,networks_depth_chain_rvvpair,270,270,3,greedy_periodic,222.846359,222.846359,0,0.012,,,0,0,0,
wl_sweep,depth_chain,rvvpair,networks_depth_chain_rvvpair,270,270,3,greedy_reserved,222.846359,222.846359,0,0.017,,,0,0,0,
wl_sweep,depth_chain,rvvpair,networks_depth_chain_rvvpair,270,270,3,heft,222.846359,222.846359,0,0.017,,,0,0,0,
wl_sweep,depth_chain,rvvpair,networks_depth_chain_rvvpair,270,270,3,heft_edf,222.846359,222.846359,0,0.071,,,0,0,0,
wl_sweep,depth_chain,rvvpair,networks_depth_chain_rvvpair,270,270,3,pso,222.846359,222.846359,0,3.231,,,0,0,0,
wl_sweep,depth_chain,rvvpair,networks_depth_chain_rvvpair,270,270,3,sa,222.846359,222.846359,0,7.795,,,0,0,0,
wl_sweep,depth_contended,gempair,networks_depth_contended_gempair,425,270,3,cheap_portfolio,53.984615,592.416109,0,0.402,,,0,0,0,
wl_sweep,depth_contended,gempair,networks_depth_contended_gempair,425,270,3,cpsat,51.809213,592.972343,0,16.573,OPTIMAL,0.0,0,0,0,
wl_sweep,depth_contended,gempair,networks_depth_contended_gempair,425,270,3,cpsat:warm,51.809213,592.480485,0,18.842,OPTIMAL,0.0,0,0,0,
wl_sweep,depth_contended,gempair,networks_depth_contended_gempair,425,270,3,cpsat:warmbest,51.809908,592.480485,0,8.38,OPTIMAL,0.0,0,0,0,
wl_sweep,depth_contended,gempair,networks_depth_contended_gempair,425,270,3,decomposed,59.733373,592.416109,0,0.036,,,0,0,0,
wl_sweep,depth_contended,gempair,networks_depth_contended_gempair,425,270,3,greedy,54.514679,592.416109,0,0.036,,,0,0,0,
wl_sweep,depth_contended,gempair,networks_depth_contended_gempair,425,270,3,greedy_periodic,53.984615,592.416109,0,0.035,,,0,0,0,
wl_sweep,depth_contended,gempair,networks_depth_contended_gempair,425,270,3,greedy_reserved,53.984615,592.90537,0,0.04,,,0,0,0,
wl_sweep,depth_contended,gempair,networks_depth_contended_gempair,425,270,3,heft,59.733373,592.416109,0,0.043,,,0,0,0,
wl_sweep,depth_contended,gempair,networks_depth_contended_gempair,425,270,3,heft_edf,59.733373,592.416109,0,0.212,,,0,0,0,
wl_sweep,depth_contended,gempair,networks_depth_contended_gempair,425,270,3,pso,51.86212,592.416109,0,9.341,,,0,0,0,
wl_sweep,depth_contended,gempair,networks_depth_contended_gempair,425,270,3,sa,51.90291,592.416109,0,19.224,,,0,0,0,
wl_sweep,depth_contended,hetero,networks_depth_contended_hetero,425,270,2,cheap_portfolio,40.848265,430.728008,0,0.282,,,0,0,0,
wl_sweep,depth_contended,hetero,networks_depth_contended_hetero,425,270,2,cpsat,36.795,432.557141,0,60.78,FEASIBLE,0.051801,0,0,0,
wl_sweep,depth_contended,hetero,networks_depth_contended_hetero,425,270,2,cpsat:warm,36.795,430.648452,0,49.877,OPTIMAL,0.0,0,0,0,
wl_sweep,depth_contended,hetero,networks_depth_contended_hetero,425,270,2,cpsat:warmbest,36.795,430.791452,0,50.3,OPTIMAL,0.0,0,0,0,
wl_sweep,depth_contended,hetero,networks_depth_contended_hetero,425,270,2,decomposed,79.306301,430.587156,0,0.028,,,0,0,0,
wl_sweep,depth_contended,hetero,networks_depth_contended_hetero,425,270,2,greedy,44.081551,430.728008,0,0.032,,,0,0,0,
wl_sweep,depth_contended,hetero,networks_depth_contended_hetero,425,270,2,greedy_periodic,40.848265,430.728008,0,0.032,,,0,0,0,
wl_sweep,depth_contended,hetero,networks_depth_contended_hetero,425,270,2,greedy_reserved,40.848265,438.173599,0,0.034,,,0,0,0,
wl_sweep,depth_contended,hetero,networks_depth_contended_hetero,425,270,2,heft,76.8307,430.586015,0,0.02,,,0,0,0,
wl_sweep,depth_contended,hetero,networks_depth_contended_hetero,425,270,2,heft_edf,76.8307,430.586015,0,0.136,,,0,0,0,
wl_sweep,depth_contended,hetero,networks_depth_contended_hetero,425,270,2,pso,38.203404,430.942914,0,12.124,,,0,0,0,
wl_sweep,depth_contended,hetero,networks_depth_contended_hetero,425,270,2,sa,37.78024,430.677017,0,20.021,,,0,0,0,
wl_sweep,depth_contended,quad,networks_depth_contended_quad,425,270,6,cheap_portfolio,34.404424,430.584704,0,0.502,,,0,0,0,
wl_sweep,depth_contended,quad,networks_depth_contended_quad,425,270,6,cpsat,33.43,542.523343,0,49.111,OPTIMAL,0.0,0,0,0,
wl_sweep,depth_contended,quad,networks_depth_contended_quad,425,270,6,cpsat:warm,33.43,430.647141,0,31.034,OPTIMAL,0.0,0,0,0,
wl_sweep,depth_contended,quad,networks_depth_contended_quad,425,270,6,cpsat:warmbest,33.43,430.647141,0,25.205,OPTIMAL,0.0,0,0,0,
wl_sweep,depth_contended,quad,networks_depth_contended_quad,425,270,6,decomposed,36.938008,430.584704,0,0.045,,,0,0,0,
wl_sweep,depth_contended,quad,networks_depth_contended_quad,425,270,6,greedy,37.789416,430.584704,0,0.051,,,0,0,0,
wl_sweep,depth_contended,quad,networks_depth_contended_quad,425,270,6,greedy_periodic,36.594367,430.584704,0,0.048,,,0,0,0,
wl_sweep,depth_contended,quad,networks_depth_contended_quad,425,270,6,greedy_reserved,36.594367,430.728008,0,0.049,,,0,0,0,
wl_sweep,depth_contended,quad,networks_depth_contended_quad,425,270,6,heft,34.404424,430.584704,0,0.04,,,0,0,0,
wl_sweep,depth_contended,quad,networks_depth_contended_quad,425,270,6,heft_edf,34.404424,430.584704,0,0.269,,,0,0,0,
wl_sweep,depth_contended,quad,networks_depth_contended_quad,425,270,6,pso,33.81325,430.584704,0,20.386,,,0,0,0,
wl_sweep,depth_contended,quad,networks_depth_contended_quad,425,270,6,sa,34.371051,430.584704,0,20.005,,,0,0,0,
wl_sweep,depth_contended,rvvpair,networks_depth_contended_rvvpair,425,270,3,cheap_portfolio,99.24167,222.846359,0,0.468,,,0,0,0,
wl_sweep,depth_contended,rvvpair,networks_depth_contended_rvvpair,425,270,3,cpsat,82.221,223.327141,0,60.611,FEASIBLE,0.134637,0,0,0,
wl_sweep,depth_contended,rvvpair,networks_depth_contended_rvvpair,425,270,3,cpsat:warm,82.220495,222.912141,0,12.678,OPTIMAL,0.0,0,0,0,
wl_sweep,depth_contended,rvvpair,networks_depth_contended_rvvpair,425,270,3,cpsat:warmbest,82.220818,222.912141,0,11.248,OPTIMAL,0.0,0,0,0,
wl_sweep,depth_contended,rvvpair,networks_depth_contended_rvvpair,425,270,3,decomposed,111.698272,222.846359,0,0.041,,,0,0,0,
wl_sweep,depth_contended,rvvpair,networks_depth_contended_rvvpair,425,270,3,greedy,102.792408,222.846359,0,0.039,,,0,0,0,
wl_sweep,depth_contended,rvvpair,networks_depth_contended_rvvpair,425,270,3,greedy_periodic,94.853033,233.40461,35,0.039,,,0,0,0,
wl_sweep,depth_contended,rvvpair,networks_depth_contended_rvvpair,425,270,3,greedy_reserved,94.853033,263.334324,35,0.039,,,0,0,0,
wl_sweep,depth_contended,rvvpair,networks_depth_contended_rvvpair,425,270,3,heft,99.24167,222.846359,0,0.039,,,0,0,0,
wl_sweep,depth_contended,rvvpair,networks_depth_contended_rvvpair,425,270,3,heft_edf,99.24167,222.846359,0,0.271,,,0,0,0,
wl_sweep,depth_contended,rvvpair,networks_depth_contended_rvvpair,425,270,3,pso,82.447229,222.846359,0,17.525,,,0,0,0,
wl_sweep,depth_contended,rvvpair,networks_depth_contended_rvvpair,425,270,3,sa,82.334947,222.846359,0,20.007,,,0,0,0,
wl_sweep,depth_nav,gempair,networks_depth_nav_gempair,382,382,3,cheap_portfolio,592.416109,592.416109,0,0.461,,,0,0,0,
wl_sweep,depth_nav,gempair,networks_depth_nav_gempair,382,382,3,cpsat,592.480485,592.480485,0,1.713,OPTIMAL,0.0,0,0,0,
wl_sweep,depth_nav,gempair,networks_depth_nav_gempair,382,382,3,cpsat:warm,592.480485,592.480485,0,1.671,OPTIMAL,0.0,0,0,0,
wl_sweep,depth_nav,gempair,networks_depth_nav_gempair,382,382,3,cpsat:warmbest,592.480485,592.480485,0,1.723,OPTIMAL,0.0,0,0,0,
wl_sweep,depth_nav,gempair,networks_depth_nav_gempair,382,382,3,decomposed,592.416109,592.416109,0,0.04,,,0,0,0,
wl_sweep,depth_nav,gempair,networks_depth_nav_gempair,382,382,3,greedy,592.416109,592.416109,0,0.033,,,0,0,0,
wl_sweep,depth_nav,gempair,networks_depth_nav_gempair,382,382,3,greedy_periodic,592.416109,592.416109,0,0.032,,,0,0,0,
wl_sweep,depth_nav,gempair,networks_depth_nav_gempair,382,382,3,greedy_reserved,592.416109,592.416109,0,0.035,,,0,0,0,
wl_sweep,depth_nav,gempair,networks_depth_nav_gempair,382,382,3,heft,592.416109,592.416109,0,0.039,,,0,0,0,
wl_sweep,depth_nav,gempair,networks_depth_nav_gempair,382,382,3,heft_edf,592.416109,592.416109,0,0.282,,,0,0,0,
wl_sweep,depth_nav,gempair,networks_depth_nav_gempair,382,382,3,pso,592.416109,592.416109,0,6.968,,,0,0,0,
wl_sweep,depth_nav,gempair,networks_depth_nav_gempair,382,382,3,sa,592.416109,592.416109,0,17.182,,,0,0,0,
wl_sweep,depth_nav,hetero,networks_depth_nav_hetero,382,382,2,cheap_portfolio,430.586015,430.586015,0,0.282,,,0,0,0,
wl_sweep,depth_nav,hetero,networks_depth_nav_hetero,382,382,2,cpsat,430.648452,430.648452,0,1.966,OPTIMAL,0.0,0,0,0,
wl_sweep,depth_nav,hetero,networks_depth_nav_hetero,382,382,2,cpsat:warm,430.648452,430.648452,0,1.274,OPTIMAL,0.0,0,0,0,
wl_sweep,depth_nav,hetero,networks_depth_nav_hetero,382,382,2,cpsat:warmbest,430.648452,430.648452,0,1.903,OPTIMAL,0.0,0,0,0,
wl_sweep,depth_nav,hetero,networks_depth_nav_hetero,382,382,2,decomposed,430.587156,430.587156,0,0.034,,,0,0,0,
wl_sweep,depth_nav,hetero,networks_depth_nav_hetero,382,382,2,greedy,430.728008,430.728008,0,0.031,,,0,0,0,
wl_sweep,depth_nav,hetero,networks_depth_nav_hetero,382,382,2,greedy_periodic,430.728008,430.728008,0,0.029,,,0,0,0,
wl_sweep,depth_nav,hetero,networks_depth_nav_hetero,382,382,2,greedy_reserved,430.728008,430.728008,0,0.03,,,0,0,0,
wl_sweep,depth_nav,hetero,networks_depth_nav_hetero,382,382,2,heft,430.586015,430.586015,0,0.017,,,0,0,0,
wl_sweep,depth_nav,hetero,networks_depth_nav_hetero,382,382,2,heft_edf,430.586015,430.586015,0,0.141,,,0,0,0,
wl_sweep,depth_nav,hetero,networks_depth_nav_hetero,382,382,2,pso,430.586015,430.586015,0,3.391,,,0,0,0,
wl_sweep,depth_nav,hetero,networks_depth_nav_hetero,382,382,2,sa,430.586015,430.586015,0,8.194,,,0,0,0,
wl_sweep,depth_nav,quad,networks_depth_nav_quad,382,382,6,cheap_portfolio,430.584704,430.584704,0,0.432,,,0,0,0,
wl_sweep,depth_nav,quad,networks_depth_nav_quad,382,382,6,cpsat,430.647141,430.647141,0,3.823,OPTIMAL,0.0,0,0,0,
wl_sweep,depth_nav,quad,networks_depth_nav_quad,382,382,6,cpsat:warm,430.647141,430.647141,0,2.836,OPTIMAL,0.0,0,0,0,
wl_sweep,depth_nav,quad,networks_depth_nav_quad,382,382,6,cpsat:warmbest,430.647141,430.647141,0,2.733,OPTIMAL,0.0,0,0,0,
wl_sweep,depth_nav,quad,networks_depth_nav_quad,382,382,6,decomposed,430.584704,430.584704,0,0.05,,,0,0,0,
wl_sweep,depth_nav,quad,networks_depth_nav_quad,382,382,6,greedy,430.584704,430.584704,0,0.05,,,0,0,0,
wl_sweep,depth_nav,quad,networks_depth_nav_quad,382,382,6,greedy_periodic,430.584704,430.584704,0,0.051,,,0,0,0,
wl_sweep,depth_nav,quad,networks_depth_nav_quad,382,382,6,greedy_reserved,430.584704,430.584704,0,0.056,,,0,0,0,
wl_sweep,depth_nav,quad,networks_depth_nav_quad,382,382,6,heft,430.584704,430.584704,0,0.031,,,0,0,0,
wl_sweep,depth_nav,quad,networks_depth_nav_quad,382,382,6,heft_edf,430.584704,430.584704,0,0.194,,,0,0,0,
wl_sweep,depth_nav,quad,networks_depth_nav_quad,382,382,6,pso,430.584704,430.584704,0,5.863,,,0,0,0,
wl_sweep,depth_nav,quad,networks_depth_nav_quad,382,382,6,sa,430.584704,430.584704,0,16.74,,,0,0,0,
wl_sweep,depth_nav,rvvpair,networks_depth_nav_rvvpair,382,382,3,cheap_portfolio,222.846359,222.846359,0,0.441,,,0,0,0,
wl_sweep,depth_nav,rvvpair,networks_depth_nav_rvvpair,382,382,3,cpsat,222.912141,222.912141,0,1.19,OPTIMAL,0.0,0,0,0,
wl_sweep,depth_nav,rvvpair,networks_depth_nav_rvvpair,382,382,3,cpsat:warm,222.912141,222.912141,0,1.045,OPTIMAL,0.0,0,0,0,
wl_sweep,depth_nav,rvvpair,networks_depth_nav_rvvpair,382,382,3,cpsat:warmbest,222.912141,222.912141,0,1.463,OPTIMAL,0.0,0,0,0,
wl_sweep,depth_nav,rvvpair,networks_depth_nav_rvvpair,382,382,3,decomposed,222.846359,222.846359,0,0.038,,,0,0,0,
wl_sweep,depth_nav,rvvpair,networks_depth_nav_rvvpair,382,382,3,greedy,222.846359,222.846359,0,0.027,,,0,0,0,
wl_sweep,depth_nav,rvvpair,networks_depth_nav_rvvpair,382,382,3,greedy_periodic,222.846359,222.846359,0,0.033,,,0,0,0,
wl_sweep,depth_nav,rvvpair,networks_depth_nav_rvvpair,382,382,3,greedy_reserved,222.846359,222.846359,0,0.037,,,0,0,0,
wl_sweep,depth_nav,rvvpair,networks_depth_nav_rvvpair,382,382,3,heft,222.846359,222.846359,0,0.036,,,0,0,0,
wl_sweep,depth_nav,rvvpair,networks_depth_nav_rvvpair,382,382,3,heft_edf,222.846359,222.846359,0,0.27,,,0,0,0,
wl_sweep,depth_nav,rvvpair,networks_depth_nav_rvvpair,382,382,3,pso,222.846359,222.846359,0,6.684,,,0,0,0,
wl_sweep,depth_nav,rvvpair,networks_depth_nav_rvvpair,382,382,3,sa,222.846359,222.846359,0,14.97,,,0,0,0,
wl_sweep,perception_heavy,gempair,networks_perception_heavy_gempair,183,28,3,cheap_portfolio,155.255699,155.255699,0,0.089,,,0,0,0,
wl_sweep,perception_heavy,gempair,networks_perception_heavy_gempair,183,28,3,cpsat,155.084748,155.084748,0,8.334,OPTIMAL,0.0,0,0,0,
wl_sweep,perception_heavy,gempair,networks_perception_heavy_gempair,183,28,3,cpsat:warm,155.084748,155.084748,0,52.097,OPTIMAL,0.0,0,0,0,
wl_sweep,perception_heavy,gempair,networks_perception_heavy_gempair,183,28,3,cpsat:warmbest,155.084748,155.084748,0,5.039,OPTIMAL,0.0,0,0,0,
wl_sweep,perception_heavy,gempair,networks_perception_heavy_gempair,183,28,3,decomposed,162.590256,162.590256,0,0.014,,,0,0,0,
wl_sweep,perception_heavy,gempair,networks_perception_heavy_gempair,183,28,3,greedy,162.590256,162.590256,0,0.009,,,0,0,0,
wl_sweep,perception_heavy,gempair,networks_perception_heavy_gempair,183,28,3,greedy_periodic,162.590256,162.590256,0,0.01,,,0,0,0,
wl_sweep,perception_heavy,gempair,networks_perception_heavy_gempair,183,28,3,greedy_reserved,176.230308,176.230308,0,0.01,,,0,0,0,
wl_sweep,perception_heavy,gempair,networks_perception_heavy_gempair,183,28,3,heft,155.255699,155.255699,0,0.012,,,0,0,0,
wl_sweep,perception_heavy,gempair,networks_perception_heavy_gempair,183,28,3,heft_edf,155.255699,155.255699,0,0.034,,,0,0,0,
wl_sweep,perception_heavy,gempair,networks_perception_heavy_gempair,183,28,3,pso,155.237058,155.237058,0,2.206,,,0,0,0,
wl_sweep,perception_heavy,gempair,networks_perception_heavy_gempair,183,28,3,sa,155.255699,155.255699,0,4.02,,,0,0,0,
wl_sweep,perception_heavy,hetero,networks_perception_heavy_hetero,183,28,2,cheap_portfolio,118.296183,118.296183,0,0.058,,,0,0,0,
wl_sweep,perception_heavy,hetero,networks_perception_heavy_hetero,183,28,2,cpsat,112.334177,112.334177,0,14.162,OPTIMAL,0.0,0,0,0,
wl_sweep,perception_heavy,hetero,networks_perception_heavy_hetero,183,28,2,cpsat:warm,112.382177,112.382177,0,11.148,OPTIMAL,0.0,0,0,0,
wl_sweep,perception_heavy,hetero,networks_perception_heavy_hetero,183,28,2,cpsat:warmbest,112.334177,112.334177,0,12.894,OPTIMAL,0.0,0,0,0,
wl_sweep,perception_heavy,hetero,networks_perception_heavy_hetero,183,28,2,decomposed,130.992725,130.992725,0,0.01,,,0,0,0,
wl_sweep,perception_heavy,hetero,networks_perception_heavy_hetero,183,28,2,greedy,130.992725,130.992725,0,0.008,,,0,0,0,
wl_sweep,perception_heavy,hetero,networks_perception_heavy_hetero,183,28,2,greedy_periodic,133.978587,133.978587,0,0.008,,,0,0,0,
wl_sweep,perception_heavy,hetero,networks_perception_heavy_hetero,183,28,2,greedy_reserved,133.978587,133.978587,0,0.009,,,0,0,0,
wl_sweep,perception_heavy,hetero,networks_perception_heavy_hetero,183,28,2,heft,118.296183,118.296183,0,0.006,,,0,0,0,
wl_sweep,perception_heavy,hetero,networks_perception_heavy_hetero,183,28,2,heft_edf,118.296183,118.296183,0,0.017,,,0,0,0,
wl_sweep,perception_heavy,hetero,networks_perception_heavy_hetero,183,28,2,pso,113.266272,113.266272,0,2.652,,,0,0,0,
wl_sweep,perception_heavy,hetero,networks_perception_heavy_hetero,183,28,2,sa,113.753153,113.753153,0,2.924,,,0,0,0,
wl_sweep,perception_heavy,quad,networks_perception_heavy_quad,183,28,6,cheap_portfolio,104.55458,104.55458,0,0.107,,,0,0,0,
wl_sweep,perception_heavy,quad,networks_perception_heavy_quad,183,28,6,cpsat,101.508547,101.508547,0,24.341,OPTIMAL,0.0,0,0,0,
wl_sweep,perception_heavy,quad,networks_perception_heavy_quad,183,28,6,cpsat:warm,101.508547,101.508547,0,21.426,OPTIMAL,0.0,0,0,0,
wl_sweep,perception_heavy,quad,networks_perception_heavy_quad,183,28,6,cpsat:warmbest,101.508547,101.508547,0,16.404,OPTIMAL,0.0,0,0,0,
wl_sweep,perception_heavy,quad,networks_perception_heavy_quad,183,28,6,decomposed,110.698499,110.698499,0,0.018,,,0,0,0,
wl_sweep,perception_heavy,quad,networks_perception_heavy_quad,183,28,6,greedy,110.698499,110.698499,0,0.014,,,0,0,0,
wl_sweep,perception_heavy,quad,networks_perception_heavy_quad,183,28,6,greedy_periodic,110.698499,110.698499,0,0.014,,,0,0,0,
wl_sweep,perception_heavy,quad,networks_perception_heavy_quad,183,28,6,greedy_reserved,119.912339,119.912339,0,0.016,,,0,0,0,
wl_sweep,perception_heavy,quad,networks_perception_heavy_quad,183,28,6,heft,104.55458,104.55458,0,0.011,,,0,0,0,
wl_sweep,perception_heavy,quad,networks_perception_heavy_quad,183,28,6,heft_edf,104.55458,104.55458,0,0.034,,,0,0,0,
wl_sweep,perception_heavy,quad,networks_perception_heavy_quad,183,28,6,pso,102.128559,102.128559,0,2.469,,,0,0,0,
wl_sweep,perception_heavy,quad,networks_perception_heavy_quad,183,28,6,sa,102.201889,102.201889,0,5.836,,,0,0,0,
wl_sweep,perception_heavy,rvvpair,networks_perception_heavy_rvvpair,183,28,3,cheap_portfolio,232.863147,232.863147,0,0.09,,,0,0,0,
wl_sweep,perception_heavy,rvvpair,networks_perception_heavy_rvvpair,183,28,3,cpsat,232.895177,232.895177,0,60.83,FEASIBLE,0.109495,0,0,0,
wl_sweep,perception_heavy,rvvpair,networks_perception_heavy_rvvpair,183,28,3,cpsat:warm,232.895547,232.895547,0,3.421,OPTIMAL,0.0,0,0,0,
wl_sweep,perception_heavy,rvvpair,networks_perception_heavy_rvvpair,183,28,3,cpsat:warmbest,232.895527,232.895527,0,60.719,FEASIBLE,0.109349,0,0,0,
wl_sweep,perception_heavy,rvvpair,networks_perception_heavy_rvvpair,183,28,3,decomposed,267.514047,267.514047,0,0.014,,,0,0,0,
wl_sweep,perception_heavy,rvvpair,networks_perception_heavy_rvvpair,183,28,3,greedy,267.514047,267.514047,0,0.01,,,0,0,0,
wl_sweep,perception_heavy,rvvpair,networks_perception_heavy_rvvpair,183,28,3,greedy_periodic,267.514047,267.514047,0,0.01,,,0,0,0,
wl_sweep,perception_heavy,rvvpair,networks_perception_heavy_rvvpair,183,28,3,greedy_reserved,281.9661,281.9661,0,0.011,,,0,0,0,
wl_sweep,perception_heavy,rvvpair,networks_perception_heavy_rvvpair,183,28,3,heft,232.863147,232.863147,0,0.012,,,0,0,0,
wl_sweep,perception_heavy,rvvpair,networks_perception_heavy_rvvpair,183,28,3,heft_edf,232.863147,232.863147,0,0.033,,,0,0,0,
wl_sweep,perception_heavy,rvvpair,networks_perception_heavy_rvvpair,183,28,3,pso,232.863147,232.863147,0,1.67,,,0,0,0,
wl_sweep,perception_heavy,rvvpair,networks_perception_heavy_rvvpair,183,28,3,sa,232.845473,232.845473,0,5.314,,,0,0,0,
wl_sweep,saturation,gempair,networks_saturation_gempair,393,238,3,cheap_portfolio,154.639266,154.639266,0,0.704,,,0,0,0,
wl_sweep,saturation,gempair,networks_saturation_gempair,393,238,3,cpsat,130.304526,130.304526,0,60.607,FEASIBLE,0.188972,0,0,0,
wl_sweep,saturation,gempair,networks_saturation_gempair,393,238,3,cpsat:warm,130.397587,130.397587,0,60.972,FEASIBLE,0.185478,0,0,0,
wl_sweep,saturation,gempair,networks_saturation_gempair,393,238,3,cpsat:warmbest,130.943057,130.943057,0,61.119,FEASIBLE,0.181719,0,0,0,
wl_sweep,saturation,gempair,networks_saturation_gempair,393,238,3,decomposed,169.927304,169.927304,0,0.047,,,0,0,0,
wl_sweep,saturation,gempair,networks_saturation_gempair,393,238,3,greedy,170.994224,170.994224,8,0.039,,,0,0,0,
wl_sweep,saturation,gempair,networks_saturation_gempair,393,238,3,greedy_periodic,160.728237,160.728237,158,0.05,,,0,0,0,
wl_sweep,saturation,gempair,networks_saturation_gempair,393,238,3,greedy_reserved,214.4998,214.4998,125,0.053,,,0,0,0,
wl_sweep,saturation,gempair,networks_saturation_gempair,393,238,3,heft,112.156832,112.156832,154,0.053,,,0,0,0,
wl_sweep,saturation,gempair,networks_saturation_gempair,393,238,3,heft_edf,154.639266,154.639266,0,0.462,,,0,0,0,
wl_sweep,saturation,gempair,networks_saturation_gempair,393,238,3,pso,144.990507,144.990507,0,20.224,,,0,0,0,
wl_sweep,saturation,gempair,networks_saturation_gempair,393,238,3,sa,154.639266,154.639266,0,16.995,,,0,0,0,
wl_sweep,saturation,hetero,networks_saturation_hetero,393,238,2,cheap_portfolio,104.251086,104.251086,0,0.404,,,0,0,0,
wl_sweep,saturation,hetero,networks_saturation_hetero,393,238,2,cpsat,82.04316,104.446141,0,60.794,FEASIBLE,0.0734,0,0,0,
wl_sweep,saturation,hetero,networks_saturation_hetero,393,238,2,cpsat:warm,81.82516,105.849452,0,61.029,FEASIBLE,0.085535,0,0,0,
wl_sweep,saturation,hetero,networks_saturation_hetero,393,238,2,cpsat:warmbest,82.08316,105.851141,0,61.296,FEASIBLE,0.088677,0,0,0,
wl_sweep,saturation,hetero,networks_saturation_hetero,393,238,2,decomposed,136.658402,136.658402,0,0.032,,,0,0,0,
wl_sweep,saturation,hetero,networks_saturation_hetero,393,238,2,greedy,120.806969,120.806969,0,0.036,,,0,0,0,
wl_sweep,saturation,hetero,networks_saturation_hetero,393,238,2,greedy_periodic,110.140892,111.907789,164,0.04,,,0,0,0,
wl_sweep,saturation,hetero,networks_saturation_hetero,393,238,2,greedy_reserved,106.839353,110.444695,146,0.046,,,0,0,0,
wl_sweep,saturation,hetero,networks_saturation_hetero,393,238,2,heft,86.938178,99.746341,44,0.018,,,0,0,0,
wl_sweep,saturation,hetero,networks_saturation_hetero,393,238,2,heft_edf,104.251086,104.251086,0,0.232,,,0,0,0,
wl_sweep,saturation,hetero,networks_saturation_hetero,393,238,2,pso,96.258626,100.013379,0,7.116,,,0,0,0,
wl_sweep,saturation,hetero,networks_saturation_hetero,393,238,2,sa,104.251086,104.251086,0,9.259,,,0,0,0,
wl_sweep,saturation,quad,networks_saturation_quad,393,238,6,cheap_portfolio,75.54385,99.74503,0,0.672,,,0,0,0,
wl_sweep,saturation,quad,networks_saturation_quad,393,238,6,cpsat,73.604527,104.517343,0,60.999,FEASIBLE,0.018124,0,0,0,
wl_sweep,saturation,quad,networks_saturation_quad,393,238,6,cpsat:warm,73.56816,99.751141,0,38.002,OPTIMAL,0.0,0,0,0,
wl_sweep,saturation,quad,networks_saturation_quad,393,238,6,cpsat:warmbest,73.56816,99.844343,0,33.742,OPTIMAL,0.0,0,0,0,
wl_sweep,saturation,quad,networks_saturation_quad,393,238,6,decomposed,90.561864,99.74503,0,0.058,,,0,0,0,
wl_sweep,saturation,quad,networks_saturation_quad,393,238,6,greedy,92.439689,99.74503,0,0.062,,,0,0,0,
wl_sweep,saturation,quad,networks_saturation_quad,393,238,6,greedy_periodic,92.758081,99.74503,189,0.1,,,0,0,0,
wl_sweep,saturation,quad,networks_saturation_quad,393,238,6,greedy_reserved,99.081084,99.888334,189,0.123,,,0,0,0,
wl_sweep,saturation,quad,networks_saturation_quad,393,238,6,heft,75.54385,99.74503,0,0.036,,,0,0,0,
wl_sweep,saturation,quad,networks_saturation_quad,393,238,6,heft_edf,75.54385,99.74503,0,0.293,,,0,0,0,
wl_sweep,saturation,quad,networks_saturation_quad,393,238,6,pso,73.888674,99.74503,0,20.552,,,0,0,0,
wl_sweep,saturation,quad,networks_saturation_quad,393,238,6,sa,74.205716,99.74503,0,20.038,,,0,0,0,
wl_sweep,saturation,rvvpair,networks_saturation_rvvpair,393,238,3,cheap_portfolio,182.980981,182.980981,0,0.814,,,0,0,0,
wl_sweep,saturation,rvvpair,networks_saturation_rvvpair,393,238,3,cpsat,170.979527,170.979527,0,34.372,OPTIMAL,0.0,0,0,0,
wl_sweep,saturation,rvvpair,networks_saturation_rvvpair,393,238,3,cpsat:warm,170.979527,170.979527,0,61.396,FEASIBLE,0.126143,0,0,0,
wl_sweep,saturation,rvvpair,networks_saturation_rvvpair,393,238,3,cpsat:warmbest,170.979527,170.979527,0,22.955,OPTIMAL,0.0,0,0,0,
wl_sweep,saturation,rvvpair,networks_saturation_rvvpair,393,238,3,decomposed,248.066853,248.066853,0,0.045,,,0,0,0,
wl_sweep,saturation,rvvpair,networks_saturation_rvvpair,393,238,3,greedy,248.066853,248.066853,0,0.043,,,0,0,0,
wl_sweep,saturation,rvvpair,networks_saturation_rvvpair,393,238,3,greedy_periodic,221.598793,221.598793,132,0.051,,,0,0,0,
wl_sweep,saturation,rvvpair,networks_saturation_rvvpair,393,238,3,greedy_reserved,264.833367,264.833367,231,0.07,,,0,0,0,
wl_sweep,saturation,rvvpair,networks_saturation_rvvpair,393,238,3,heft,170.960105,170.960105,47,0.05,,,0,0,0,
wl_sweep,saturation,rvvpair,networks_saturation_rvvpair,393,238,3,heft_edf,182.980981,182.980981,0,0.555,,,0,0,0,
wl_sweep,saturation,rvvpair,networks_saturation_rvvpair,393,238,3,pso,174.693754,174.693754,0,18.966,,,0,0,0,
wl_sweep,saturation,rvvpair,networks_saturation_rvvpair,393,238,3,sa,179.910937,179.910937,0,20.012,,,0,0,0,
wl_sweep,scale_ladder,gempair,networks_scale_ladder_gempair,126,0,3,cheap_portfolio,98.588984,98.588984,0,0.048,,,0,0,0,
wl_sweep,scale_ladder,gempair,networks_scale_ladder_gempair,126,0,3,cpsat,98.597746,98.597746,0,1.084,OPTIMAL,0.0,0,0,0,
wl_sweep,scale_ladder,gempair,networks_scale_ladder_gempair,126,0,3,cpsat:warm,98.597746,98.597746,0,0.587,OPTIMAL,0.0,0,0,0,
wl_sweep,scale_ladder,gempair,networks_scale_ladder_gempair,126,0,3,cpsat:warmbest,98.597746,98.597746,0,0.591,OPTIMAL,0.0,0,0,0,
wl_sweep,scale_ladder,gempair,networks_scale_ladder_gempair,126,0,3,decomposed,128.845742,128.845742,0,0.012,,,0,0,0,
wl_sweep,scale_ladder,gempair,networks_scale_ladder_gempair,126,0,3,greedy,128.845742,128.845742,0,0.007,,,0,0,0,
wl_sweep,scale_ladder,gempair,networks_scale_ladder_gempair,126,0,3,greedy_periodic,128.845742,128.845742,0,0.006,,,0,0,0,
wl_sweep,scale_ladder,gempair,networks_scale_ladder_gempair,126,0,3,greedy_reserved,128.845742,128.845742,0,0.007,,,0,0,0,
wl_sweep,scale_ladder,gempair,networks_scale_ladder_gempair,126,0,3,heft,98.588984,98.588984,0,0.008,,,0,0,0,
wl_sweep,scale_ladder,gempair,networks_scale_ladder_gempair,126,0,3,heft_edf,98.588984,98.588984,0,0.008,,,0,0,0,
wl_sweep,scale_ladder,gempair,networks_scale_ladder_gempair,126,0,3,pso,98.588984,98.588984,0,1.424,,,0,0,0,
wl_sweep,scale_ladder,gempair,networks_scale_ladder_gempair,126,0,3,sa,98.588984,98.588984,0,3.495,,,0,0,0,
wl_sweep,scale_ladder,hetero,networks_scale_ladder_hetero,126,0,2,cheap_portfolio,97.163562,97.163562,0,0.033,,,0,0,0,
wl_sweep,scale_ladder,hetero,networks_scale_ladder_hetero,126,0,2,cpsat,97.172842,97.172842,0,0.741,OPTIMAL,0.0,0,0,0,
wl_sweep,scale_ladder,hetero,networks_scale_ladder_hetero,126,0,2,cpsat:warm,97.172842,97.172842,0,0.761,OPTIMAL,0.0,0,0,0,
wl_sweep,scale_ladder,hetero,networks_scale_ladder_hetero,126,0,2,cpsat:warmbest,97.172842,97.172842,0,0.835,OPTIMAL,0.0,0,0,0,
wl_sweep,scale_ladder,hetero,networks_scale_ladder_hetero,126,0,2,decomposed,111.349229,111.349229,0,0.008,,,0,0,0,
wl_sweep,scale_ladder,hetero,networks_scale_ladder_hetero,126,0,2,greedy,111.349229,111.349229,0,0.005,,,0,0,0,
wl_sweep,scale_ladder,hetero,networks_scale_ladder_hetero,126,0,2,greedy_periodic,111.349229,111.349229,0,0.005,,,0,0,0,
wl_sweep,scale_ladder,hetero,networks_scale_ladder_hetero,126,0,2,greedy_reserved,111.349229,111.349229,0,0.005,,,0,0,0,
wl_sweep,scale_ladder,hetero,networks_scale_ladder_hetero,126,0,2,heft,97.163562,97.163562,0,0.005,,,0,0,0,
wl_sweep,scale_ladder,hetero,networks_scale_ladder_hetero,126,0,2,heft_edf,97.163562,97.163562,0,0.005,,,0,0,0,
wl_sweep,scale_ladder,hetero,networks_scale_ladder_hetero,126,0,2,pso,97.163562,97.163562,0,0.728,,,0,0,0,
wl_sweep,scale_ladder,hetero,networks_scale_ladder_hetero,126,0,2,sa,97.163562,97.163562,0,1.564,,,0,0,0,
wl_sweep,scale_ladder,quad,networks_scale_ladder_quad,126,0,6,cheap_portfolio,97.163363,97.163363,0,0.065,,,0,0,0,
wl_sweep,scale_ladder,quad,networks_scale_ladder_quad,126,0,6,cpsat,97.172746,97.172746,0,1.5,OPTIMAL,0.0,0,0,0,
wl_sweep,scale_ladder,quad,networks_scale_ladder_quad,126,0,6,cpsat:warm,97.172746,97.172746,0,0.847,OPTIMAL,0.0,0,0,0,
wl_sweep,scale_ladder,quad,networks_scale_ladder_quad,126,0,6,cpsat:warmbest,97.172746,97.172746,0,1.413,OPTIMAL,0.0,0,0,0,
wl_sweep,scale_ladder,quad,networks_scale_ladder_quad,126,0,6,decomposed,109.634598,109.634598,0,0.016,,,0,0,0,
wl_sweep,scale_ladder,quad,networks_scale_ladder_quad,126,0,6,greedy,109.634598,109.634598,0,0.01,,,0,0,0,
wl_sweep,scale_ladder,quad,networks_scale_ladder_quad,126,0,6,greedy_periodic,109.634598,109.634598,0,0.01,,,0,0,0,
wl_sweep,scale_ladder,quad,networks_scale_ladder_quad,126,0,6,greedy_reserved,109.634598,109.634598,0,0.011,,,0,0,0,
wl_sweep,scale_ladder,quad,networks_scale_ladder_quad,126,0,6,heft,97.163363,97.163363,0,0.009,,,0,0,0,
wl_sweep,scale_ladder,quad,networks_scale_ladder_quad,126,0,6,heft_edf,97.163363,97.163363,0,0.009,,,0,0,0,
wl_sweep,scale_ladder,quad,networks_scale_ladder_quad,126,0,6,pso,97.163363,97.163363,0,1.373,,,0,0,0,
wl_sweep,scale_ladder,quad,networks_scale_ladder_quad,126,0,6,sa,97.163363,97.163363,0,3.649,,,0,0,0,
wl_sweep,scale_ladder,rvvpair,networks_scale_ladder_rvvpair,126,0,3,cheap_portfolio,97.370326,97.370326,0,0.043,,,0,0,0,
wl_sweep,scale_ladder,rvvpair,networks_scale_ladder_rvvpair,126,0,3,cpsat,97.377842,97.377842,0,0.772,OPTIMAL,0.0,0,0,0,
wl_sweep,scale_ladder,rvvpair,networks_scale_ladder_rvvpair,126,0,3,cpsat:warm,97.377842,97.377842,0,0.576,OPTIMAL,0.0,0,0,0,
wl_sweep,scale_ladder,rvvpair,networks_scale_ladder_rvvpair,126,0,3,cpsat:warmbest,97.377842,97.377842,0,0.632,OPTIMAL,0.0,0,0,0,
wl_sweep,scale_ladder,rvvpair,networks_scale_ladder_rvvpair,126,0,3,decomposed,132.653916,132.653916,0,0.012,,,0,0,0,
wl_sweep,scale_ladder,rvvpair,networks_scale_ladder_rvvpair,126,0,3,greedy,132.653916,132.653916,0,0.006,,,0,0,0,
wl_sweep,scale_ladder,rvvpair,networks_scale_ladder_rvvpair,126,0,3,greedy_periodic,132.653916,132.653916,0,0.006,,,0,0,0,
wl_sweep,scale_ladder,rvvpair,networks_scale_ladder_rvvpair,126,0,3,greedy_reserved,132.653916,132.653916,0,0.003,,,0,0,0,
wl_sweep,scale_ladder,rvvpair,networks_scale_ladder_rvvpair,126,0,3,heft,97.370326,97.370326,0,0.008,,,0,0,0,
wl_sweep,scale_ladder,rvvpair,networks_scale_ladder_rvvpair,126,0,3,heft_edf,97.370326,97.370326,0,0.008,,,0,0,0,
wl_sweep,scale_ladder,rvvpair,networks_scale_ladder_rvvpair,126,0,3,pso,97.370326,97.370326,0,1.425,,,0,0,0,
wl_sweep,scale_ladder,rvvpair,networks_scale_ladder_rvvpair,126,0,3,sa,97.370326,97.370326,0,3.433,,,0,0,0,
wl_sweep,tight_loop,gempair,networks_tight_loop_gempair,252,252,3,cheap_portfolio,92.203713,92.203713,84,0.374,,,0,0,0,
wl_sweep,tight_loop,gempair,networks_tight_loop_gempair,252,252,3,cpsat,,,,0.523,,,,,,RuntimeError: cpsat returned INFEASIBLE with no solution
wl_sweep,tight_loop,gempair,networks_tight_loop_gempair,252,252,3,cpsat:warm,,,,0.662,,,,,,RuntimeError: cpsat returned INFEASIBLE with no solution
wl_sweep,tight_loop,gempair,networks_tight_loop_gempair,252,252,3,cpsat:warmbest,,,,0.773,,,,,,RuntimeError: cpsat returned INFEASIBLE with no solution
wl_sweep,tight_loop,gempair,networks_tight_loop_gempair,252,252,3,decomposed,93.883454,93.883454,252,0.055,,,0,0,0,
wl_sweep,tight_loop,gempair,networks_tight_loop_gempair,252,252,3,greedy,98.402995,98.402995,84,0.023,,,0,0,0,
wl_sweep,tight_loop,gempair,networks_tight_loop_gempair,252,252,3,greedy_periodic,98.402995,98.402995,84,0.024,,,0,0,0,
wl_sweep,tight_loop,gempair,networks_tight_loop_gempair,252,252,3,greedy_reserved,98.402995,98.402995,84,0.028,,,0,0,0,
wl_sweep,tight_loop,gempair,networks_tight_loop_gempair,252,252,3,heft,75.580423,75.580423,119,0.02,,,0,0,0,
wl_sweep,tight_loop,gempair,networks_tight_loop_gempair,252,252,3,heft_edf,92.203713,92.203713,84,0.224,,,0,0,0,
wl_sweep,tight_loop,gempair,networks_tight_loop_gempair,252,252,3,pso,78.551289,78.551289,84,7.299,,,0,0,0,
wl_sweep,tight_loop,gempair,networks_tight_loop_gempair,252,252,3,sa,80.499068,80.499068,84,20.016,,,0,0,0,
wl_sweep,tight_loop,hetero,networks_tight_loop_hetero,252,252,2,cheap_portfolio,100.815235,100.815235,84,0.214,,,0,0,0,
wl_sweep,tight_loop,hetero,networks_tight_loop_hetero,252,252,2,cpsat,,,,0.544,,,,,,RuntimeError: cpsat returned INFEASIBLE with no solution
wl_sweep,tight_loop,hetero,networks_tight_loop_hetero,252,252,2,cpsat:warm,,,,0.617,,,,,,RuntimeError: cpsat returned INFEASIBLE with no solution
wl_sweep,tight_loop,hetero,networks_tight_loop_hetero,252,252,2,cpsat:warmbest,,,,0.829,,,,,,RuntimeError: cpsat returned INFEASIBLE with no solution
wl_sweep,tight_loop,hetero,networks_tight_loop_hetero,252,252,2,decomposed,106.924806,106.924806,252,0.04,,,0,0,0,
wl_sweep,tight_loop,hetero,networks_tight_loop_hetero,252,252,2,greedy,102.037498,102.037498,84,0.018,,,0,0,0,
wl_sweep,tight_loop,hetero,networks_tight_loop_hetero,252,252,2,greedy_periodic,102.037498,102.037498,84,0.017,,,0,0,0,
wl_sweep,tight_loop,hetero,networks_tight_loop_hetero,252,252,2,greedy_reserved,102.037498,102.037498,84,0.022,,,0,0,0,
wl_sweep,tight_loop,hetero,networks_tight_loop_hetero,252,252,2,heft,76.050963,76.050963,108,0.01,,,0,0,0,
wl_sweep,tight_loop,hetero,networks_tight_loop_hetero,252,252,2,heft_edf,100.815235,100.815235,84,0.107,,,0,0,0,
wl_sweep,tight_loop,hetero,networks_tight_loop_hetero,252,252,2,pso,76.084635,76.084635,84,5.816,,,0,0,0,
wl_sweep,tight_loop,hetero,networks_tight_loop_hetero,252,252,2,sa,77.628929,77.628929,84,15.984,,,0,0,0,
wl_sweep,tight_loop,quad,networks_tight_loop_quad,252,252,6,cheap_portfolio,45.916352,45.916352,84,0.449,,,0,0,0,
wl_sweep,tight_loop,quad,networks_tight_loop_quad,252,252,6,cpsat,,,,0.609,,,,,,RuntimeError: cpsat returned INFEASIBLE with no solution
wl_sweep,tight_loop,quad,networks_tight_loop_quad,252,252,6,cpsat:warm,,,,0.715,,,,,,RuntimeError: cpsat returned INFEASIBLE with no solution
wl_sweep,tight_loop,quad,networks_tight_loop_quad,252,252,6,cpsat:warmbest,,,,1.262,,,,,,RuntimeError: cpsat returned INFEASIBLE with no solution
wl_sweep,tight_loop,quad,networks_tight_loop_quad,252,252,6,decomposed,64.26778,64.26778,252,0.094,,,0,0,0,
wl_sweep,tight_loop,quad,networks_tight_loop_quad,252,252,6,greedy,84.337813,84.337813,84,0.037,,,0,0,0,
wl_sweep,tight_loop,quad,networks_tight_loop_quad,252,252,6,greedy_periodic,84.337813,84.337813,84,0.037,,,0,0,0,
wl_sweep,tight_loop,quad,networks_tight_loop_quad,252,252,6,greedy_reserved,84.337813,84.337813,84,0.043,,,0,0,0,
wl_sweep,tight_loop,quad,networks_tight_loop_quad,252,252,6,heft,45.916352,45.916352,84,0.022,,,0,0,0,
wl_sweep,tight_loop,quad,networks_tight_loop_quad,252,252,6,heft_edf,45.916352,45.916352,84,0.216,,,0,0,0,
wl_sweep,tight_loop,quad,networks_tight_loop_quad,252,252,6,pso,45.686279,45.686279,84,5.382,,,0,0,0,
wl_sweep,tight_loop,quad,networks_tight_loop_quad,252,252,6,sa,45.67056,45.67056,84,10.836,,,0,0,0,
wl_sweep,tight_loop,rvvpair,networks_tight_loop_rvvpair,252,252,3,cheap_portfolio,75.597982,75.597982,84,0.373,,,0,0,0,
wl_sweep,tight_loop,rvvpair,networks_tight_loop_rvvpair,252,252,3,cpsat,,,,0.539,,,,,,RuntimeError: cpsat returned INFEASIBLE with no solution
wl_sweep,tight_loop,rvvpair,networks_tight_loop_rvvpair,252,252,3,cpsat:warm,,,,0.625,,,,,,RuntimeError: cpsat returned INFEASIBLE with no solution
wl_sweep,tight_loop,rvvpair,networks_tight_loop_rvvpair,252,252,3,cpsat:warmbest,,,,0.936,,,,,,RuntimeError: cpsat returned INFEASIBLE with no solution
wl_sweep,tight_loop,rvvpair,networks_tight_loop_rvvpair,252,252,3,decomposed,95.50719,95.50719,252,0.052,,,0,0,0,
wl_sweep,tight_loop,rvvpair,networks_tight_loop_rvvpair,252,252,3,greedy,89.921403,89.921403,84,0.023,,,0,0,0,
wl_sweep,tight_loop,rvvpair,networks_tight_loop_rvvpair,252,252,3,greedy_periodic,89.921403,89.921403,84,0.024,,,0,0,0,
wl_sweep,tight_loop,rvvpair,networks_tight_loop_rvvpair,252,252,3,greedy_reserved,89.921403,89.921403,84,0.028,,,0,0,0,
wl_sweep,tight_loop,rvvpair,networks_tight_loop_rvvpair,252,252,3,heft,75.597982,75.597982,84,0.02,,,0,0,0,
wl_sweep,tight_loop,rvvpair,networks_tight_loop_rvvpair,252,252,3,heft_edf,75.597982,75.597982,84,0.226,,,0,0,0,
wl_sweep,tight_loop,rvvpair,networks_tight_loop_rvvpair,252,252,3,pso,75.371613,75.371613,84,10.79,,,0,0,0,
wl_sweep,tight_loop,rvvpair,networks_tight_loop_rvvpair,252,252,3,sa,75.393856,75.393856,84,10.648,,,0,0,0,
wl_sweep,vint_intro,gempair,networks_vint_intro_gempair,661,56,3,cheap_portfolio,3754.05146,3754.05146,0,1.008,,,0,0,0,
wl_sweep,vint_intro,gempair,networks_vint_intro_gempair,661,56,3,cpsat,3754.235129,3754.235129,0,4.423,OPTIMAL,0.0,0,0,0,
wl_sweep,vint_intro,gempair,networks_vint_intro_gempair,661,56,3,cpsat:warm,3754.235129,3754.235129,0,1.488,OPTIMAL,0.0,0,0,0,
wl_sweep,vint_intro,gempair,networks_vint_intro_gempair,661,56,3,cpsat:warmbest,3754.235129,3754.235129,0,2.492,OPTIMAL,0.0,0,0,0,
wl_sweep,vint_intro,gempair,networks_vint_intro_gempair,661,56,3,decomposed,4074.36773,4074.36773,0,0.124,,,0,0,0,
wl_sweep,vint_intro,gempair,networks_vint_intro_gempair,661,56,3,greedy,4074.944197,4074.944197,0,0.079,,,0,0,0,
wl_sweep,vint_intro,gempair,networks_vint_intro_gempair,661,56,3,greedy_periodic,4074.669807,4074.669807,5,0.075,,,0,0,0,
wl_sweep,vint_intro,gempair,networks_vint_intro_gempair,661,56,3,greedy_reserved,4072.36333,4072.36333,5,0.079,,,0,0,0,
wl_sweep,vint_intro,gempair,networks_vint_intro_gempair,661,56,3,heft,3754.05146,3754.05146,56,0.137,,,0,0,0,
wl_sweep,vint_intro,gempair,networks_vint_intro_gempair,661,56,3,heft_edf,3754.05146,3754.05146,0,0.514,,,0,0,0,
wl_sweep,vint_intro,gempair,networks_vint_intro_gempair,661,56,3,pso,3754.05146,3754.05146,0,20.869,,,0,0,0,
wl_sweep,vint_intro,gempair,networks_vint_intro_gempair,661,56,3,sa,3754.05146,3754.05146,0,20.046,,,0,0,0,
wl_sweep,vint_intro,hetero,networks_vint_intro_hetero,661,56,2,cheap_portfolio,4160.689464,4160.689464,0,0.492,,,0,0,0,
wl_sweep,vint_intro,hetero,networks_vint_intro_hetero,661,56,2,cpsat,3947.610175,3947.610175,0,61.101,FEASIBLE,0.047153,0,0,0,
wl_sweep,vint_intro,hetero,networks_vint_intro_hetero,661,56,2,cpsat:warm,3949.901175,3949.901175,0,61.19,FEASIBLE,0.047705,0,0,0,
wl_sweep,vint_intro,hetero,networks_vint_intro_hetero,661,56,2,cpsat:warmbest,3940.536175,3940.536175,0,61.803,FEASIBLE,0.045441,0,0,0,
wl_sweep,vint_intro,hetero,networks_vint_intro_hetero,661,56,2,decomposed,4472.274222,4472.274222,0,0.093,,,0,0,0,
wl_sweep,vint_intro,hetero,networks_vint_intro_hetero,661,56,2,greedy,4472.274222,4472.274222,0,0.069,,,0,0,0,
wl_sweep,vint_intro,hetero,networks_vint_intro_hetero,661,56,2,greedy_periodic,4472.374209,4472.374209,0,0.07,,,0,0,0,
wl_sweep,vint_intro,hetero,networks_vint_intro_hetero,661,56,2,greedy_reserved,4472.274222,4472.274222,0,0.073,,,0,0,0,
wl_sweep,vint_intro,hetero,networks_vint_intro_hetero,661,56,2,heft,4160.689464,4160.689464,0,0.049,,,0,0,0,
wl_sweep,vint_intro,hetero,networks_vint_intro_hetero,661,56,2,heft_edf,4160.689464,4160.689464,0,0.138,,,0,0,0,
wl_sweep,vint_intro,hetero,networks_vint_intro_hetero,661,56,2,pso,3980.437993,3980.437993,0,21.192,,,0,0,0,
wl_sweep,vint_intro,hetero,networks_vint_intro_hetero,661,56,2,sa,4017.041798,4017.041798,0,20.047,,,0,0,0,
wl_sweep,vint_intro,quad,networks_vint_intro_quad,661,56,6,cheap_portfolio,3750.824959,3750.824959,0,0.867,,,0,0,0,
wl_sweep,vint_intro,quad,networks_vint_intro_quad,661,56,6,cpsat,4394.914129,4394.914129,0,61.271,FEASIBLE,0.146511,0,0,0,
wl_sweep,vint_intro,quad,networks_vint_intro_quad,661,56,6,cpsat:warm,3751.009129,3751.009129,0,14.641,OPTIMAL,0.0,0,0,0,
wl_sweep,vint_intro,quad,networks_vint_intro_quad,661,56,6,cpsat:warmbest,3751.009129,3751.009129,0,13.784,OPTIMAL,0.0,0,0,0,
wl_sweep,vint_intro,quad,networks_vint_intro_quad,661,56,6,decomposed,3844.685993,3844.685993,0,0.133,,,0,0,0,
wl_sweep,vint_intro,quad,networks_vint_intro_quad,661,56,6,greedy,3844.685993,3844.685993,0,0.097,,,0,0,0,
wl_sweep,vint_intro,quad,networks_vint_intro_quad,661,56,6,greedy_periodic,3844.685993,3844.685993,0,0.096,,,0,0,0,
wl_sweep,vint_intro,quad,networks_vint_intro_quad,661,56,6,greedy_reserved,3844.685993,3844.685993,0,0.099,,,0,0,0,
wl_sweep,vint_intro,quad,networks_vint_intro_quad,661,56,6,heft,3750.824959,3750.824959,0,0.112,,,0,0,0,
wl_sweep,vint_intro,quad,networks_vint_intro_quad,661,56,6,heft_edf,3750.824959,3750.824959,0,0.33,,,0,0,0,
wl_sweep,vint_intro,quad,networks_vint_intro_quad,661,56,6,pso,3750.824959,3750.824959,0,15.627,,,0,0,0,
wl_sweep,vint_intro,quad,networks_vint_intro_quad,661,56,6,sa,3750.824959,3750.824959,0,20.023,,,0,0,0,
wl_sweep,vint_intro,rvvpair,networks_vint_intro_rvvpair,661,56,3,cheap_portfolio,11068.077718,11068.077718,0,0.82,,,0,0,0,
wl_sweep,vint_intro,rvvpair,networks_vint_intro_rvvpair,661,56,3,cpsat,11068.233175,11068.233175,0,5.598,OPTIMAL,0.0,0,0,0,
wl_sweep,vint_intro,rvvpair,networks_vint_intro_rvvpair,661,56,3,cpsat:warm,11068.233175,11068.233175,0,2.197,OPTIMAL,0.0,0,0,0,
wl_sweep,vint_intro,rvvpair,networks_vint_intro_rvvpair,661,56,3,cpsat:warmbest,11068.233175,11068.233175,0,2.717,OPTIMAL,0.0,0,0,0,
wl_sweep,vint_intro,rvvpair,networks_vint_intro_rvvpair,661,56,3,decomposed,12149.204617,12149.204617,0,0.127,,,0,0,0,
wl_sweep,vint_intro,rvvpair,networks_vint_intro_rvvpair,661,56,3,greedy,12149.204617,12149.204617,0,0.078,,,0,0,0,
wl_sweep,vint_intro,rvvpair,networks_vint_intro_rvvpair,661,56,3,greedy_periodic,12141.930166,12141.930166,0,0.056,,,0,0,0,
wl_sweep,vint_intro,rvvpair,networks_vint_intro_rvvpair,661,56,3,greedy_reserved,12187.95026,12187.95026,0,0.082,,,0,0,0,
wl_sweep,vint_intro,rvvpair,networks_vint_intro_rvvpair,661,56,3,heft,11068.077718,11068.077718,56,0.126,,,0,0,0,
wl_sweep,vint_intro,rvvpair,networks_vint_intro_rvvpair,661,56,3,heft_edf,11068.077718,11068.077718,0,0.351,,,0,0,0,
wl_sweep,vint_intro,rvvpair,networks_vint_intro_rvvpair,661,56,3,pso,11068.077718,11068.077718,0,21.285,,,0,0,0,
wl_sweep,vint_intro,rvvpair,networks_vint_intro_rvvpair,661,56,3,sa,11068.077718,11068.077718,0,20.082,,,0,0,0,
wl_sweep,vint_multi,gempair,networks_vint_multi_gempair,745,140,3,cheap_portfolio,3757.463368,3757.463368,0,1.881,,,0,0,0,
wl_sweep,vint_multi,gempair,networks_vint_multi_gempair,745,140,3,cpsat,3754.235129,3754.235129,0,4.883,OPTIMAL,0.0,0,0,0,
wl_sweep,vint_multi,gempair,networks_vint_multi_gempair,745,140,3,cpsat:warm,3754.235129,3754.235129,0,8.235,OPTIMAL,0.0,0,0,0,
wl_sweep,vint_multi,gempair,networks_vint_multi_gempair,745,140,3,cpsat:warmbest,3754.235129,3754.235129,0,7.43,OPTIMAL,0.0,0,0,0,
wl_sweep,vint_multi,gempair,networks_vint_multi_gempair,745,140,3,decomposed,4107.657025,4107.657025,0,0.143,,,0,0,0,
wl_sweep,vint_multi,gempair,networks_vint_multi_gempair,745,140,3,greedy,4107.657025,4107.657025,0,0.094,,,0,0,0,
wl_sweep,vint_multi,gempair,networks_vint_multi_gempair,745,140,3,greedy_periodic,4107.657025,4107.657025,19,0.097,,,0,0,0,
wl_sweep,vint_multi,gempair,networks_vint_multi_gempair,745,140,3,greedy_reserved,4108.034927,4108.034927,0,0.101,,,0,0,0,
wl_sweep,vint_multi,gempair,networks_vint_multi_gempair,745,140,3,heft,3754.05146,3754.05146,140,0.177,,,0,0,0,
wl_sweep,vint_multi,gempair,networks_vint_multi_gempair,745,140,3,heft_edf,3757.463368,3757.463368,0,1.269,,,0,0,0,
wl_sweep,vint_multi,gempair,networks_vint_multi_gempair,745,140,3,pso,3755.206665,3755.206665,0,21.624,,,0,0,0,
wl_sweep,vint_multi,gempair,networks_vint_multi_gempair,745,140,3,sa,3757.463368,3757.463368,0,20.055,,,0,0,0,
wl_sweep,vint_multi,hetero,networks_vint_multi_hetero,745,140,2,cheap_portfolio,4160.689464,4160.689464,0,1.177,,,0,0,0,
wl_sweep,vint_multi,hetero,networks_vint_multi_hetero,745,140,2,cpsat,4320.503175,4320.503175,0,61.132,FEASIBLE,0.129387,0,0,0,
wl_sweep,vint_multi,hetero,networks_vint_multi_hetero,745,140,2,cpsat:warm,4156.214175,4156.214175,0,61.326,FEASIBLE,0.094973,0,0,0,
wl_sweep,vint_multi,hetero,networks_vint_multi_hetero,745,140,2,cpsat:warmbest,4150.600175,4150.600175,0,61.499,FEASIBLE,0.093748,0,0,0,
wl_sweep,vint_multi,hetero,networks_vint_multi_hetero,745,140,2,decomposed,4546.27517,4546.27517,0,0.099,,,0,0,0,
wl_sweep,vint_multi,hetero,networks_vint_multi_hetero,745,140,2,greedy,4546.387976,4546.387976,0,0.087,,,0,0,0,
wl_sweep,vint_multi,hetero,networks_vint_multi_hetero,745,140,2,greedy_periodic,4546.387976,4546.387976,63,0.09,,,0,0,0,
wl_sweep,vint_multi,hetero,networks_vint_multi_hetero,745,140,2,greedy_reserved,4546.633435,4546.633435,63,0.092,,,0,0,0,
wl_sweep,vint_multi,hetero,networks_vint_multi_hetero,745,140,2,heft,4160.689464,4160.689464,33,0.057,,,0,0,0,
wl_sweep,vint_multi,hetero,networks_vint_multi_hetero,745,140,2,heft_edf,4160.689464,4160.689464,0,0.752,,,0,0,0,
wl_sweep,vint_multi,hetero,networks_vint_multi_hetero,745,140,2,pso,4160.689464,4160.689464,0,20.222,,,0,0,0,
wl_sweep,vint_multi,hetero,networks_vint_multi_hetero,745,140,2,sa,4160.689464,4160.689464,0,20.049,,,0,0,0,
wl_sweep,vint_multi,quad,networks_vint_multi_quad,745,140,6,cheap_portfolio,3750.824959,3750.824959,0,1.781,,,0,0,0,
wl_sweep,vint_multi,quad,networks_vint_multi_quad,745,140,6,cpsat,4327.992175,4327.992175,0,60.935,FEASIBLE,0.133314,0,0,0,
wl_sweep,vint_multi,quad,networks_vint_multi_quad,745,140,6,cpsat:warm,3751.009129,3751.009129,0,18.359,OPTIMAL,0.0,0,0,0,
wl_sweep,vint_multi,quad,networks_vint_multi_quad,745,140,6,cpsat:warmbest,3751.009129,3751.009129,0,25.889,OPTIMAL,0.0,0,0,0,
wl_sweep,vint_multi,quad,networks_vint_multi_quad,745,140,6,decomposed,4012.785777,4012.785777,0,0.133,,,0,0,0,
wl_sweep,vint_multi,quad,networks_vint_multi_quad,745,140,6,greedy,4012.813691,4012.813691,0,0.127,,,0,0,0,
wl_sweep,vint_multi,quad,networks_vint_multi_quad,745,140,6,greedy_periodic,4012.813691,4012.813691,0,0.125,,,0,0,0,
wl_sweep,vint_multi,quad,networks_vint_multi_quad,745,140,6,greedy_reserved,4011.503714,4011.503714,0,0.136,,,0,0,0,
wl_sweep,vint_multi,quad,networks_vint_multi_quad,745,140,6,heft,3750.824959,3750.824959,0,0.137,,,0,0,0,
wl_sweep,vint_multi,quad,networks_vint_multi_quad,745,140,6,heft_edf,3750.824959,3750.824959,0,1.123,,,0,0,0,
wl_sweep,vint_multi,quad,networks_vint_multi_quad,745,140,6,pso,3750.824959,3750.824959,0,20.642,,,0,0,0,
wl_sweep,vint_multi,quad,networks_vint_multi_quad,745,140,6,sa,3750.824959,3750.824959,0,20.108,,,0,0,0,
wl_sweep,vint_multi,rvvpair,networks_vint_multi_rvvpair,745,140,3,cheap_portfolio,11069.591188,11069.591188,0,1.923,,,0,0,0,
wl_sweep,vint_multi,rvvpair,networks_vint_multi_rvvpair,745,140,3,cpsat,11068.233175,11068.233175,0,29.186,OPTIMAL,0.0,0,0,0,
wl_sweep,vint_multi,rvvpair,networks_vint_multi_rvvpair,745,140,3,cpsat:warm,11068.233175,11068.233175,0,4.438,OPTIMAL,0.0,0,0,0,
wl_sweep,vint_multi,rvvpair,networks_vint_multi_rvvpair,745,140,3,cpsat:warmbest,11068.233175,11068.233175,0,4.966,OPTIMAL,0.0,0,0,0,
wl_sweep,vint_multi,rvvpair,networks_vint_multi_rvvpair,745,140,3,decomposed,12337.001419,12337.001419,0,0.149,,,0,0,0,
wl_sweep,vint_multi,rvvpair,networks_vint_multi_rvvpair,745,140,3,greedy,12337.001419,12337.001419,0,0.097,,,0,0,0,
wl_sweep,vint_multi,rvvpair,networks_vint_multi_rvvpair,745,140,3,greedy_periodic,12337.001419,12337.001419,0,0.101,,,0,0,0,
wl_sweep,vint_multi,rvvpair,networks_vint_multi_rvvpair,745,140,3,greedy_reserved,12290.346392,12290.346392,0,0.106,,,0,0,0,
wl_sweep,vint_multi,rvvpair,networks_vint_multi_rvvpair,745,140,3,heft,11068.077718,11068.077718,140,0.163,,,0,0,0,
wl_sweep,vint_multi,rvvpair,networks_vint_multi_rvvpair,745,140,3,heft_edf,11069.591188,11069.591188,0,1.307,,,0,0,0,
wl_sweep,vint_multi,rvvpair,networks_vint_multi_rvvpair,745,140,3,pso,11069.591188,11069.591188,0,22.319,,,0,0,0,
wl_sweep,vint_multi,rvvpair,networks_vint_multi_rvvpair,745,140,3,sa,11069.591188,11069.591188,0,20.055,,,0,0,0,
wl_sweep_shard,bimodal,gempair,networks_bimodal_gempair,442,224,3,cheap_portfolio,253.884502,253.884502,0,0.554,,,0,0,0,
wl_sweep_shard,bimodal,gempair,networks_bimodal_gempair,442,224,3,cpsat,253.5003,253.5003,0,60.903,FEASIBLE,0.156642,0,0,0,
wl_sweep_shard,bimodal,gempair,networks_bimodal_gempair,442,224,3,cpsat:warm,253.501672,253.501672,0,60.753,FEASIBLE,0.156756,0,0,0,
wl_sweep_shard,bimodal,gempair,networks_bimodal_gempair,442,224,3,cpsat:warmbest,253.500672,253.500672,0,60.927,FEASIBLE,0.153037,0,0,0,
wl_sweep_shard,bimodal,gempair,networks_bimodal_gempair,442,224,3,decomposed,263.199548,263.199548,0,0.077,,,0,0,0,
wl_sweep_shard,bimodal,gempair,networks_bimodal_gempair,442,224,3,greedy,263.199548,263.199548,0,0.053,,,0,0,0,
wl_sweep_shard,bimodal,gempair,networks_bimodal_gempair,442,224,3,greedy_periodic,263.199548,263.199548,0,0.056,,,0,0,0,
wl_sweep_shard,bimodal,gempair,networks_bimodal_gempair,442,224,3,greedy_reserved,263.199548,263.199548,0,0.062,,,0,0,0,
wl_sweep_shard,bimodal,gempair,networks_bimodal_gempair,442,224,3,heft,252.964994,252.964994,224,0.072,,,0,0,0,
wl_sweep_shard,bimodal,gempair,networks_bimodal_gempair,442,224,3,heft_edf,253.884502,253.884502,0,0.234,,,0,0,0,
wl_sweep_shard,bimodal,gempair,networks_bimodal_gempair,442,224,3,pso,253.884502,253.884502,0,20.319,,,0,0,0,
wl_sweep_shard,bimodal,gempair,networks_bimodal_gempair,442,224,3,sa,253.884502,253.884502,0,20.027,,,0,0,0,
wl_sweep_shard,bimodal,hetero,networks_bimodal_hetero,442,224,2,cheap_portfolio,232.701686,232.701686,0,0.321,,,0,0,0,
wl_sweep_shard,bimodal,hetero,networks_bimodal_hetero,442,224,2,cpsat,224.856014,224.856014,0,60.956,FEASIBLE,0.319737,0,0,0,
wl_sweep_shard,bimodal,hetero,networks_bimodal_hetero,442,224,2,cpsat:warm,228.318014,228.318014,0,60.946,FEASIBLE,0.330051,0,0,0,
wl_sweep_shard,bimodal,hetero,networks_bimodal_hetero,442,224,2,cpsat:warmbest,227.182014,227.182014,0,60.789,FEASIBLE,0.326701,0,0,0,
wl_sweep_shard,bimodal,hetero,networks_bimodal_hetero,442,224,2,decomposed,252.616088,252.616088,0,0.05,,,0,0,0,
wl_sweep_shard,bimodal,hetero,networks_bimodal_hetero,442,224,2,greedy,252.616088,252.616088,0,0.046,,,0,0,0,
wl_sweep_shard,bimodal,hetero,networks_bimodal_hetero,442,224,2,greedy_periodic,252.616088,252.616088,0,0.046,,,0,0,0,
wl_sweep_shard,bimodal,hetero,networks_bimodal_hetero,442,224,2,greedy_reserved,251.613172,251.613172,0,0.051,,,0,0,0,
wl_sweep_shard,bimodal,hetero,networks_bimodal_hetero,442,224,2,heft,231.689299,231.689299,224,0.026,,,0,0,0,
wl_sweep_shard,bimodal,hetero,networks_bimodal_hetero,442,224,2,heft_edf,232.701686,232.701686,0,0.102,,,0,0,0,
wl_sweep_shard,bimodal,hetero,networks_bimodal_hetero,442,224,2,pso,228.105809,228.105809,0,18.875,,,0,0,0,
wl_sweep_shard,bimodal,hetero,networks_bimodal_hetero,442,224,2,sa,228.917723,228.917723,0,20.006,,,0,0,0,
wl_sweep_shard,bimodal,quad,networks_bimodal_quad,442,224,6,cheap_portfolio,149.617029,149.617029,0,0.526,,,0,0,0,
wl_sweep_shard,bimodal,quad,networks_bimodal_quad,442,224,6,cpsat,150.486014,150.486014,0,61.087,FEASIBLE,0.126044,0,0,0,
wl_sweep_shard,bimodal,quad,networks_bimodal_quad,442,224,6,cpsat:warm,148.284014,148.284014,0,61.396,FEASIBLE,0.113019,0,0,0,
wl_sweep_shard,bimodal,quad,networks_bimodal_quad,442,224,6,cpsat:warmbest,146.992014,146.992014,0,61.097,FEASIBLE,0.105121,0,0,0,
wl_sweep_shard,bimodal,quad,networks_bimodal_quad,442,224,6,decomposed,161.231465,161.231465,0,0.094,,,0,0,0,
wl_sweep_shard,bimodal,quad,networks_bimodal_quad,442,224,6,greedy,161.231465,161.231465,0,0.08,,,0,0,0,
wl_sweep_shard,bimodal,quad,networks_bimodal_quad,442,224,6,greedy_periodic,161.231465,161.231465,0,0.082,,,0,0,0,
wl_sweep_shard,bimodal,quad,networks_bimodal_quad,442,224,6,greedy_reserved,161.231465,161.231465,0,0.092,,,0,0,0,
wl_sweep_shard,bimodal,quad,networks_bimodal_quad,442,224,6,heft,149.617029,149.617029,0,0.043,,,0,0,0,
wl_sweep_shard,bimodal,quad,networks_bimodal_quad,442,224,6,heft_edf,149.617029,149.617029,0,0.135,,,0,0,0,
wl_sweep_shard,bimodal,quad,networks_bimodal_quad,442,224,6,pso,148.37767,148.37767,0,20.445,,,0,0,0,
wl_sweep_shard,bimodal,quad,networks_bimodal_quad,442,224,6,sa,148.899295,148.899295,0,20.024,,,0,0,0,
wl_sweep_shard,bimodal,rvvpair,networks_bimodal_rvvpair,442,224,3,cheap_portfolio,279.772067,279.772067,0,0.501,,,0,0,0,
wl_sweep_shard,bimodal,rvvpair,networks_bimodal_rvvpair,442,224,3,cpsat,279.155014,279.155014,0,60.962,FEASIBLE,0.05896,0,0,0,
wl_sweep_shard,bimodal,rvvpair,networks_bimodal_rvvpair,442,224,3,cpsat:warm,279.155342,279.155342,0,61.182,FEASIBLE,0.05896,0,0,0,
wl_sweep_shard,bimodal,rvvpair,networks_bimodal_rvvpair,442,224,3,cpsat:warmbest,279.155342,279.155342,0,61.004,FEASIBLE,0.05896,0,0,0,
wl_sweep_shard,bimodal,rvvpair,networks_bimodal_rvvpair,442,224,3,decomposed,280.910443,280.910443,0,0.076,,,0,0,0,
wl_sweep_shard,bimodal,rvvpair,networks_bimodal_rvvpair,442,224,3,greedy,280.910443,280.910443,0,0.056,,,0,0,0,
wl_sweep_shard,bimodal,rvvpair,networks_bimodal_rvvpair,442,224,3,greedy_periodic,280.910443,280.910443,0,0.056,,,0,0,0,
wl_sweep_shard,bimodal,rvvpair,networks_bimodal_rvvpair,442,224,3,greedy_reserved,280.910443,280.910443,0,0.062,,,0,0,0,
wl_sweep_shard,bimodal,rvvpair,networks_bimodal_rvvpair,442,224,3,heft,278.78618,278.78618,224,0.074,,,0,0,0,
wl_sweep_shard,bimodal,rvvpair,networks_bimodal_rvvpair,442,224,3,heft_edf,279.772067,279.772067,0,0.177,,,0,0,0,
wl_sweep_shard,bimodal,rvvpair,networks_bimodal_rvvpair,442,224,3,pso,279.772067,279.772067,0,16.429,,,0,0,0,
wl_sweep_shard,bimodal,rvvpair,networks_bimodal_rvvpair,442,224,3,sa,279.772067,279.772067,0,20.029,,,0,0,0,
wl_sweep_shard,control_mix,gempair,networks_control_mix_gempair,477,196,3,cheap_portfolio,43.839536,77.960753,0,1.245,,,0,0,0,
wl_sweep_shard,control_mix,gempair,networks_control_mix_gempair,477,196,3,cpsat,42.911781,78.992402,0,61.107,FEASIBLE,0.102256,0,0,0,
wl_sweep_shard,control_mix,gempair,networks_control_mix_gempair,477,196,3,cpsat:warm,42.483781,78.131402,0,61.923,FEASIBLE,0.093212,0,0,0,
wl_sweep_shard,control_mix,gempair,networks_control_mix_gempair,477,196,3,cpsat:warmbest,43.127,78.321402,0,62.057,FEASIBLE,0.106731,0,0,0,
wl_sweep_shard,control_mix,gempair,networks_control_mix_gempair,477,196,3,decomposed,54.259658,78.283292,0,0.089,,,0,0,0,
wl_sweep_shard,control_mix,gempair,networks_control_mix_gempair,477,196,3,greedy,48.008876,78.278018,0,0.074,,,0,0,0,
wl_sweep_shard,control_mix,gempair,networks_control_mix_gempair,477,196,3,greedy_periodic,42.579259,78.278018,51,0.079,,,0,0,0,
wl_sweep_shard,control_mix,gempair,networks_control_mix_gempair,477,196,3,greedy_reserved,40.116716,80.638227,71,0.086,,,0,0,0,
wl_sweep_shard,control_mix,gempair,networks_control_mix_gempair,477,196,3,heft,42.2349,77.960753,84,0.063,,,0,0,0,
wl_sweep_shard,control_mix,gempair,networks_control_mix_gempair,477,196,3,heft_edf,43.839536,77.960753,0,0.854,,,0,0,0,
wl_sweep_shard,control_mix,gempair,networks_control_mix_gempair,477,196,3,pso,43.839536,77.960753,0,20.094,,,0,0,0,
wl_sweep_shard,control_mix,gempair,networks_control_mix_gempair,477,196,3,sa,43.839536,77.960753,0,20.043,,,0,0,0,
wl_sweep_shard,control_mix,hetero,networks_control_mix_hetero,477,196,2,cheap_portfolio,40.429392,121.468982,0,0.801,,,0,0,0,
wl_sweep_shard,control_mix,hetero,networks_control_mix_hetero,477,196,2,cpsat,45.689946,124.262402,0,60.816,FEASIBLE,0.420464,0,0,0,
wl_sweep_shard,control_mix,hetero,networks_control_mix_hetero,477,196,2,cpsat:warm,39.563,121.482984,0,61.354,FEASIBLE,0.331143,0,0,0,
wl_sweep_shard,control_mix,hetero,networks_control_mix_hetero,477,196,2,cpsat:warmbest,39.172,121.487984,0,61.15,FEASIBLE,0.324518,0,0,0,
wl_sweep_shard,control_mix,hetero,networks_control_mix_hetero,477,196,2,decomposed,46.447459,121.498947,0,0.06,,,0,0,0,
wl_sweep_shard,control_mix,hetero,networks_control_mix_hetero,477,196,2,greedy,47.47881,121.773058,0,0.061,,,0,0,0,
wl_sweep_shard,control_mix,hetero,networks_control_mix_hetero,477,196,2,greedy_periodic,45.545666,121.773058,56,0.066,,,0,0,0,
wl_sweep_shard,control_mix,hetero,networks_control_mix_hetero,477,196,2,greedy_reserved,43.928264,122.910974,62,0.074,,,0,0,0,
wl_sweep_shard,control_mix,hetero,networks_control_mix_hetero,477,196,2,heft,38.359422,121.468982,19,0.029,,,0,0,0,
wl_sweep_shard,control_mix,hetero,networks_control_mix_hetero,477,196,2,heft_edf,40.429392,121.468982,0,0.511,,,0,0,0,
wl_sweep_shard,control_mix,hetero,networks_control_mix_hetero,477,196,2,pso,38.428891,121.587041,0,20.242,,,0,0,0,
wl_sweep_shard,control_mix,hetero,networks_control_mix_hetero,477,196,2,sa,39.017893,121.788118,0,14.994,,,0,0,0,
wl_sweep_shard,control_mix,quad,networks_control_mix_quad,477,196,6,cheap_portfolio,24.117396,120.400987,0,1.445,,,0,0,0,
wl_sweep_shard,control_mix,quad,networks_control_mix_quad,477,196,6,cpsat,34.47627,124.036402,0,61.197,FEASIBLE,0.378484,0,0,0,
wl_sweep_shard,control_mix,quad,networks_control_mix_quad,477,196,6,cpsat:warm,24.000946,120.416402,0,61.424,FEASIBLE,0.108537,0,0,0,
wl_sweep_shard,control_mix,quad,networks_control_mix_quad,477,196,6,cpsat:warmbest,23.843069,120.416402,0,61.676,FEASIBLE,0.102583,0,0,0,
wl_sweep_shard,control_mix,quad,networks_control_mix_quad,477,196,6,decomposed,28.288864,120.3145,0,0.116,,,0,0,0,
wl_sweep_shard,control_mix,quad,networks_control_mix_quad,477,196,6,greedy,29.708573,120.405459,0,0.116,,,0,0,0,
wl_sweep_shard,control_mix,quad,networks_control_mix_quad,477,196,6,greedy_periodic,26.904277,120.405459,25,0.127,,,0,0,0,
wl_sweep_shard,control_mix,quad,networks_control_mix_quad,477,196,6,greedy_reserved,27.338872,121.773058,38,0.154,,,0,0,0,
wl_sweep_shard,control_mix,quad,networks_control_mix_quad,477,196,6,heft,23.960249,120.3145,5,0.061,,,0,0,0,
wl_sweep_shard,control_mix,quad,networks_control_mix_quad,477,196,6,heft_edf,24.117396,120.400987,0,0.871,,,0,0,0,
wl_sweep_shard,control_mix,quad,networks_control_mix_quad,477,196,6,pso,24.117396,120.400987,0,20.655,,,0,0,0,
wl_sweep_shard,control_mix,quad,networks_control_mix_quad,477,196,6,sa,24.117396,120.400987,0,20.008,,,0,0,0,
wl_sweep_shard,control_mix,rvvpair,networks_control_mix_rvvpair,477,196,3,cheap_portfolio,59.343434,124.044596,0,1.252,,,0,0,0,
wl_sweep_shard,control_mix,rvvpair,networks_control_mix_rvvpair,477,196,3,cpsat,51.557946,125.389984,0,60.839,FEASIBLE,0.131755,0,0,0,
wl_sweep_shard,control_mix,rvvpair,networks_control_mix_rvvpair,477,196,3,cpsat:warm,51.88627,126.195575,0,61.834,FEASIBLE,0.13726,0,0,0,
wl_sweep_shard,control_mix,rvvpair,networks_control_mix_rvvpair,477,196,3,cpsat:warmbest,52.196069,124.713984,0,61.477,FEASIBLE,0.142384,0,0,0,
wl_sweep_shard,control_mix,rvvpair,networks_control_mix_rvvpair,477,196,3,decomposed,59.343434,124.044596,0,0.091,,,0,0,0,
wl_sweep_shard,control_mix,rvvpair,networks_control_mix_rvvpair,477,196,3,greedy,61.384421,124.044596,34,0.082,,,0,0,0,
wl_sweep_shard,control_mix,rvvpair,networks_control_mix_rvvpair,477,196,3,greedy_periodic,53.02019,124.044596,46,0.082,,,0,0,0,
wl_sweep_shard,control_mix,rvvpair,networks_control_mix_rvvpair,477,196,3,greedy_reserved,58.589175,129.323025,59,0.094,,,0,0,0,
wl_sweep_shard,control_mix,rvvpair,networks_control_mix_rvvpair,477,196,3,heft,56.709609,124.041082,66,0.06,,,0,0,0,
wl_sweep_shard,control_mix,rvvpair,networks_control_mix_rvvpair,477,196,3,heft_edf,60.409738,124.036037,0,0.843,,,0,0,0,
wl_sweep_shard,control_mix,rvvpair,networks_control_mix_rvvpair,477,196,3,pso,57.81944,124.081381,0,20.016,,,0,0,0,
wl_sweep_shard,control_mix,rvvpair,networks_control_mix_rvvpair,477,196,3,sa,59.343434,124.044596,0,20.006,,,0,0,0,
wl_sweep_shard,depth_chain,gempair,networks_depth_chain_gempair,414,414,3,cheap_portfolio,582.550438,582.550438,0,0.741,,,0,0,0,
wl_sweep_shard,depth_chain,gempair,networks_depth_chain_gempair,414,414,3,cpsat,582.618614,582.618614,0,3.998,OPTIMAL,0.0,0,0,0,
wl_sweep_shard,depth_chain,gempair,networks_depth_chain_gempair,414,414,3,cpsat:warm,582.618614,582.618614,0,1.921,OPTIMAL,0.0,0,0,0,
wl_sweep_shard,depth_chain,gempair,networks_depth_chain_gempair,414,414,3,cpsat:warmbest,582.618614,582.618614,0,1.299,OPTIMAL,0.0,0,0,0,
wl_sweep_shard,depth_chain,gempair,networks_depth_chain_gempair,414,414,3,decomposed,582.972839,582.972839,0,0.048,,,0,0,0,
wl_sweep_shard,depth_chain,gempair,networks_depth_chain_gempair,414,414,3,greedy,582.964561,582.964561,0,0.039,,,0,0,0,
wl_sweep_shard,depth_chain,gempair,networks_depth_chain_gempair,414,414,3,greedy_periodic,582.964561,582.964561,0,0.04,,,0,0,0,
wl_sweep_shard,depth_chain,gempair,networks_depth_chain_gempair,414,414,3,greedy_reserved,582.964561,582.964561,0,0.043,,,0,0,0,
wl_sweep_shard,depth_chain,gempair,networks_depth_chain_gempair,414,414,3,heft,582.550438,582.550438,0,0.039,,,0,0,0,
wl_sweep_shard,depth_chain,gempair,networks_depth_chain_gempair,414,414,3,heft_edf,582.550438,582.550438,0,0.532,,,0,0,0,
wl_sweep_shard,depth_chain,gempair,networks_depth_chain_gempair,414,414,3,pso,582.550438,582.550438,0,8.128,,,0,0,0,
wl_sweep_shard,depth_chain,gempair,networks_depth_chain_gempair,414,414,3,sa,582.550438,582.550438,0,18.983,,,0,0,0,
wl_sweep_shard,depth_chain,hetero,networks_depth_chain_hetero,414,414,2,cheap_portfolio,435.791056,435.791056,0,0.428,,,0,0,0,
wl_sweep_shard,depth_chain,hetero,networks_depth_chain_hetero,414,414,2,cpsat,436.074105,436.074105,0,60.959,FEASIBLE,0.009801,0,0,0,
wl_sweep_shard,depth_chain,hetero,networks_depth_chain_hetero,414,414,2,cpsat:warm,435.876548,435.876548,0,29.42,OPTIMAL,0.0,0,0,0,
wl_sweep_shard,depth_chain,hetero,networks_depth_chain_hetero,414,414,2,cpsat:warmbest,435.877105,435.877105,0,20.006,OPTIMAL,0.0,0,0,0,
wl_sweep_shard,depth_chain,hetero,networks_depth_chain_hetero,414,414,2,decomposed,435.871287,435.871287,0,0.042,,,0,0,0,
wl_sweep_shard,depth_chain,hetero,networks_depth_chain_hetero,414,414,2,greedy,436.234786,436.234786,0,0.034,,,0,0,0,
wl_sweep_shard,depth_chain,hetero,networks_depth_chain_hetero,414,414,2,greedy_periodic,436.234786,436.234786,0,0.035,,,0,0,0,
wl_sweep_shard,depth_chain,hetero,networks_depth_chain_hetero,414,414,2,greedy_reserved,436.234786,436.234786,0,0.037,,,0,0,0,
wl_sweep_shard,depth_chain,hetero,networks_depth_chain_hetero,414,414,2,heft,435.791423,435.791423,0,0.022,,,0,0,0,
wl_sweep_shard,depth_chain,hetero,networks_depth_chain_hetero,414,414,2,heft_edf,435.791056,435.791056,0,0.258,,,0,0,0,
wl_sweep_shard,depth_chain,hetero,networks_depth_chain_hetero,414,414,2,pso,435.791056,435.791056,0,4.391,,,0,0,0,
wl_sweep_shard,depth_chain,hetero,networks_depth_chain_hetero,414,414,2,sa,435.791056,435.791056,0,11.011,,,0,0,0,
wl_sweep_shard,depth_chain,quad,networks_depth_chain_quad,414,414,6,cheap_portfolio,425.976081,425.976081,0,0.869,,,0,0,0,
wl_sweep_shard,depth_chain,quad,networks_depth_chain_quad,414,414,6,cpsat,426.044322,426.044322,0,31.619,OPTIMAL,0.0,0,0,0,
wl_sweep_shard,depth_chain,quad,networks_depth_chain_quad,414,414,6,cpsat:warm,426.044105,426.044105,0,7.891,OPTIMAL,0.0,0,0,0,
wl_sweep_shard,depth_chain,quad,networks_depth_chain_quad,414,414,6,cpsat:warmbest,426.044105,426.044105,0,9.614,OPTIMAL,0.0,0,0,0,
wl_sweep_shard,depth_chain,quad,networks_depth_chain_quad,414,414,6,decomposed,425.976081,425.976081,0,0.067,,,0,0,0,
wl_sweep_shard,depth_chain,quad,networks_depth_chain_quad,414,414,6,greedy,426.016304,426.016304,0,0.055,,,0,0,0,
wl_sweep_shard,depth_chain,quad,networks_depth_chain_quad,414,414,6,greedy_periodic,426.016304,426.016304,0,0.055,,,0,0,0,
wl_sweep_shard,depth_chain,quad,networks_depth_chain_quad,414,414,6,greedy_reserved,426.016304,426.016304,0,0.06,,,0,0,0,
wl_sweep_shard,depth_chain,quad,networks_depth_chain_quad,414,414,6,heft,425.976081,425.976081,0,0.046,,,0,0,0,
wl_sweep_shard,depth_chain,quad,networks_depth_chain_quad,414,414,6,heft_edf,425.976081,425.976081,0,0.586,,,0,0,0,
wl_sweep_shard,depth_chain,quad,networks_depth_chain_quad,414,414,6,pso,425.976081,425.976081,0,9.578,,,0,0,0,
wl_sweep_shard,depth_chain,quad,networks_depth_chain_quad,414,414,6,sa,425.976081,425.976081,0,20.007,,,0,0,0,
wl_sweep_shard,depth_chain,rvvpair,networks_depth_chain_rvvpair,414,414,3,cheap_portfolio,213.899068,213.899068,0,0.735,,,0,0,0,
wl_sweep_shard,depth_chain,rvvpair,networks_depth_chain_rvvpair,414,414,3,cpsat,213.958105,213.958105,0,19.146,OPTIMAL,0.0,0,0,0,
wl_sweep_shard,depth_chain,rvvpair,networks_depth_chain_rvvpair,414,414,3,cpsat:warm,213.958105,213.958105,0,2.46,OPTIMAL,0.0,0,0,0,
wl_sweep_shard,depth_chain,rvvpair,networks_depth_chain_rvvpair,414,414,3,cpsat:warmbest,213.958105,213.958105,0,3.257,OPTIMAL,0.0,0,0,0,
wl_sweep_shard,depth_chain,rvvpair,networks_depth_chain_rvvpair,414,414,3,decomposed,213.910545,213.910545,0,0.049,,,0,0,0,
wl_sweep_shard,depth_chain,rvvpair,networks_depth_chain_rvvpair,414,414,3,greedy,213.910545,213.910545,0,0.041,,,0,0,0,
wl_sweep_shard,depth_chain,rvvpair,networks_depth_chain_rvvpair,414,414,3,greedy_periodic,213.910545,213.910545,0,0.04,,,0,0,0,
wl_sweep_shard,depth_chain,rvvpair,networks_depth_chain_rvvpair,414,414,3,greedy_reserved,213.910545,213.910545,0,0.043,,,0,0,0,
wl_sweep_shard,depth_chain,rvvpair,networks_depth_chain_rvvpair,414,414,3,heft,213.905096,213.905096,0,0.041,,,0,0,0,
wl_sweep_shard,depth_chain,rvvpair,networks_depth_chain_rvvpair,414,414,3,heft_edf,213.899068,213.899068,0,0.521,,,0,0,0,
wl_sweep_shard,depth_chain,rvvpair,networks_depth_chain_rvvpair,414,414,3,pso,213.894154,213.894154,0,14.565,,,0,0,0,
wl_sweep_shard,depth_chain,rvvpair,networks_depth_chain_rvvpair,414,414,3,sa,213.899068,213.899068,0,17.973,,,0,0,0,
wl_sweep_shard,depth_contended,gempair,networks_depth_contended_gempair,695,414,3,cheap_portfolio,35.813025,582.964561,0,1.996,,,0,0,0,
wl_sweep_shard,depth_contended,gempair,networks_depth_contended_gempair,695,414,3,cpsat,35.36,591.320614,0,60.87,FEASIBLE,0.051301,0,0,0,
wl_sweep_shard,depth_contended,gempair,networks_depth_contended_gempair,695,414,3,cpsat:warm,47.122,590.136614,0,61.523,FEASIBLE,0.288103,0,0,0,
wl_sweep_shard,depth_contended,gempair,networks_depth_contended_gempair,695,414,3,cpsat:warmbest,35.330781,583.034614,0,62.921,FEASIBLE,0.050522,0,0,0,
wl_sweep_shard,depth_contended,gempair,networks_depth_contended_gempair,695,414,3,decomposed,80.578978,582.972839,0,0.139,,,0,0,0,
wl_sweep_shard,depth_contended,gempair,networks_depth_contended_gempair,695,414,3,greedy,36.782744,582.964561,0,0.114,,,0,0,0,
wl_sweep_shard,depth_contended,gempair,networks_depth_contended_gempair,695,414,3,greedy_periodic,35.813025,582.964561,0,0.089,,,0,0,0,
wl_sweep_shard,depth_contended,gempair,networks_depth_contended_gempair,695,414,3,greedy_reserved,35.813025,600.755956,0,0.113,,,0,0,0,
wl_sweep_shard,depth_contended,gempair,networks_depth_contended_gempair,695,414,3,heft,80.578192,582.550438,0,0.112,,,0,0,0,
wl_sweep_shard,depth_contended,gempair,networks_depth_contended_gempair,695,414,3,heft_edf,80.578192,582.550438,0,1.429,,,0,0,0,
wl_sweep_shard,depth_contended,gempair,networks_depth_contended_gempair,695,414,3,pso,35.70657,582.550438,0,20.375,,,0,0,0,
wl_sweep_shard,depth_contended,gempair,networks_depth_contended_gempair,695,414,3,sa,35.594593,582.550438,0,20.033,,,0,0,0,
wl_sweep_shard,depth_contended,hetero,networks_depth_contended_hetero,695,414,2,cheap_portfolio,41.833666,436.234786,0,1.074,,,0,0,0,
wl_sweep_shard,depth_contended,hetero,networks_depth_contended_hetero,695,414,2,cpsat,53.97427,444.644614,0,60.865,FEASIBLE,0.518333,0,0,0,
wl_sweep_shard,depth_contended,hetero,networks_depth_contended_hetero,695,414,2,cpsat:warm,54.65627,444.648614,0,61.251,FEASIBLE,0.524764,0,0,0,
wl_sweep_shard,depth_contended,hetero,networks_depth_contended_hetero,695,414,2,cpsat:warmbest,39.51827,438.224105,0,61.968,FEASIBLE,0.342696,0,0,0,
wl_sweep_shard,depth_contended,hetero,networks_depth_contended_hetero,695,414,2,decomposed,82.413398,435.871287,0,0.089,,,0,0,0,
wl_sweep_shard,depth_contended,hetero,networks_depth_contended_hetero,695,414,2,greedy,44.254225,436.234786,0,0.098,,,0,0,0,
wl_sweep_shard,depth_contended,hetero,networks_depth_contended_hetero,695,414,2,greedy_periodic,41.833666,436.234786,0,0.094,,,0,0,0,
wl_sweep_shard,depth_contended,hetero,networks_depth_contended_hetero,695,414,2,greedy_reserved,41.833666,442.022831,0,0.1,,,0,0,0,
wl_sweep_shard,depth_contended,hetero,networks_depth_contended_hetero,695,414,2,heft,80.070798,435.791423,0,0.052,,,0,0,0,
wl_sweep_shard,depth_contended,hetero,networks_depth_contended_hetero,695,414,2,heft_edf,79.9139,435.796584,0,0.641,,,0,0,0,
wl_sweep_shard,depth_contended,hetero,networks_depth_contended_hetero,695,414,2,pso,39.063539,436.159577,0,9.795,,,0,0,0,
wl_sweep_shard,depth_contended,hetero,networks_depth_contended_hetero,695,414,2,sa,38.213975,435.981154,0,20.005,,,0,0,0,
wl_sweep_shard,depth_contended,quad,networks_depth_contended_quad,695,414,6,cheap_portfolio,26.876307,426.016304,0,2.072,,,0,0,0,
wl_sweep_shard,depth_contended,quad,networks_depth_contended_quad,695,414,6,cpsat,40.80427,502.311614,0,61.198,FEASIBLE,0.475628,0,0,0,
wl_sweep_shard,depth_contended,quad,networks_depth_contended_quad,695,414,6,cpsat:warm,34.394946,426.083105,0,62.55,FEASIBLE,0.378136,0,0,0,
wl_sweep_shard,depth_contended,quad,networks_depth_contended_quad,695,414,6,cpsat:warmbest,24.819069,426.084105,0,62.137,FEASIBLE,0.134851,0,0,0,
wl_sweep_shard,depth_contended,quad,networks_depth_contended_quad,695,414,6,decomposed,37.851235,425.976081,0,0.157,,,0,0,0,
wl_sweep_shard,depth_contended,quad,networks_depth_contended_quad,695,414,6,greedy,29.377621,426.016304,0,0.159,,,0,0,0,
wl_sweep_shard,depth_contended,quad,networks_depth_contended_quad,695,414,6,greedy_periodic,26.876307,426.016304,0,0.151,,,0,0,0,
wl_sweep_shard,depth_contended,quad,networks_depth_contended_quad,695,414,6,greedy_reserved,26.876307,436.234786,0,0.158,,,0,0,0,
wl_sweep_shard,depth_contended,quad,networks_depth_contended_quad,695,414,6,heft,36.023469,425.976081,0,0.107,,,0,0,0,
wl_sweep_shard,depth_contended,quad,networks_depth_contended_quad,695,414,6,heft_edf,36.023469,426.0151,0,1.34,,,0,0,0,
wl_sweep_shard,depth_contended,quad,networks_depth_contended_quad,695,414,6,pso,24.382755,426.207629,0,21.138,,,0,0,0,
wl_sweep_shard,depth_contended,quad,networks_depth_contended_quad,695,414,6,sa,24.517887,426.013932,0,20.042,,,0,0,0,
wl_sweep_shard,depth_contended,rvvpair,networks_depth_contended_rvvpair,695,414,3,cheap_portfolio,46.79451,213.910545,0,1.73,,,0,0,0,
wl_sweep_shard,depth_contended,rvvpair,networks_depth_contended_rvvpair,695,414,3,cpsat,58.420946,219.765105,0,61.038,FEASIBLE,0.24409,0,0,0,
wl_sweep_shard,depth_contended,rvvpair,networks_depth_contended_rvvpair,695,414,3,cpsat:warm,46.51227,213.965105,0,61.669,FEASIBLE,0.050567,0,0,0,
wl_sweep_shard,depth_contended,rvvpair,networks_depth_contended_rvvpair,695,414,3,cpsat:warmbest,46.10527,213.975105,0,61.795,FEASIBLE,0.042185,0,0,0,
wl_sweep_shard,depth_contended,rvvpair,networks_depth_contended_rvvpair,695,414,3,decomposed,104.766661,213.910545,0,0.125,,,0,0,0,
wl_sweep_shard,depth_contended,rvvpair,networks_depth_contended_rvvpair,695,414,3,greedy,73.488932,213.910545,0,0.115,,,0,0,0,
wl_sweep_shard,depth_contended,rvvpair,networks_depth_contended_rvvpair,695,414,3,greedy_periodic,46.79451,213.910545,0,0.109,,,0,0,0,
wl_sweep_shard,depth_contended,rvvpair,networks_depth_contended_rvvpair,695,414,3,greedy_reserved,46.79451,258.156143,37,0.12,,,0,0,0,
wl_sweep_shard,depth_contended,rvvpair,networks_depth_contended_rvvpair,695,414,3,heft,104.207658,213.905096,0,0.098,,,0,0,0,
wl_sweep_shard,depth_contended,rvvpair,networks_depth_contended_rvvpair,695,414,3,heft_edf,104.054826,213.899068,0,1.163,,,0,0,0,
wl_sweep_shard,depth_contended,rvvpair,networks_depth_contended_rvvpair,695,414,3,pso,46.698147,214.102966,0,20.2,,,0,0,0,
wl_sweep_shard,depth_contended,rvvpair,networks_depth_contended_rvvpair,695,414,3,sa,46.454888,213.942644,0,20.01,,,0,0,0,
wl_sweep_shard,depth_nav,gempair,networks_depth_nav_gempair,526,526,3,cheap_portfolio,582.550438,582.550438,0,1.265,,,0,0,0,
wl_sweep_shard,depth_nav,gempair,networks_depth_nav_gempair,526,526,3,cpsat,582.618614,582.618614,0,4.192,OPTIMAL,0.0,0,0,0,
wl_sweep_shard,depth_nav,gempair,networks_depth_nav_gempair,526,526,3,cpsat:warm,582.618614,582.618614,0,1.898,OPTIMAL,0.0,0,0,0,
wl_sweep_shard,depth_nav,gempair,networks_depth_nav_gempair,526,526,3,cpsat:warmbest,582.618614,582.618614,0,1.685,OPTIMAL,0.0,0,0,0,
wl_sweep_shard,depth_nav,gempair,networks_depth_nav_gempair,526,526,3,decomposed,582.972839,582.972839,0,0.074,,,0,0,0,
wl_sweep_shard,depth_nav,gempair,networks_depth_nav_gempair,526,526,3,greedy,582.964561,582.964561,0,0.063,,,0,0,0,
wl_sweep_shard,depth_nav,gempair,networks_depth_nav_gempair,526,526,3,greedy_periodic,582.964561,582.964561,0,0.064,,,0,0,0,
wl_sweep_shard,depth_nav,gempair,networks_depth_nav_gempair,526,526,3,greedy_reserved,582.964561,582.964561,0,0.072,,,0,0,0,
wl_sweep_shard,depth_nav,gempair,networks_depth_nav_gempair,526,526,3,heft,582.550438,582.550438,7,0.071,,,0,0,0,
wl_sweep_shard,depth_nav,gempair,networks_depth_nav_gempair,526,526,3,heft_edf,582.550438,582.550438,0,0.921,,,0,0,0,
wl_sweep_shard,depth_nav,gempair,networks_depth_nav_gempair,526,526,3,pso,582.550438,582.550438,0,11.564,,,0,0,0,
wl_sweep_shard,depth_nav,gempair,networks_depth_nav_gempair,526,526,3,sa,582.550438,582.550438,0,20.005,,,0,0,0,
wl_sweep_shard,depth_nav,hetero,networks_depth_nav_hetero,526,526,2,cheap_portfolio,435.791056,435.791056,0,0.694,,,0,0,0,
wl_sweep_shard,depth_nav,hetero,networks_depth_nav_hetero,526,526,2,cpsat,436.559548,436.559548,0,60.912,FEASIBLE,0.012924,0,0,0,
wl_sweep_shard,depth_nav,hetero,networks_depth_nav_hetero,526,526,2,cpsat:warm,435.877105,435.877105,0,17.442,OPTIMAL,0.0,0,0,0,
wl_sweep_shard,depth_nav,hetero,networks_depth_nav_hetero,526,526,2,cpsat:warmbest,435.877105,435.877105,0,10.262,OPTIMAL,0.0,0,0,0,
wl_sweep_shard,depth_nav,hetero,networks_depth_nav_hetero,526,526,2,decomposed,435.871287,435.871287,0,0.065,,,0,0,0,
wl_sweep_shard,depth_nav,hetero,networks_depth_nav_hetero,526,526,2,greedy,436.234786,436.234786,0,0.057,,,0,0,0,
wl_sweep_shard,depth_nav,hetero,networks_depth_nav_hetero,526,526,2,greedy_periodic,436.234786,436.234786,0,0.057,,,0,0,0,
wl_sweep_shard,depth_nav,hetero,networks_depth_nav_hetero,526,526,2,greedy_reserved,436.234786,436.234786,0,0.061,,,0,0,0,
wl_sweep_shard,depth_nav,hetero,networks_depth_nav_hetero,526,526,2,heft,435.791423,435.791423,0,0.031,,,0,0,0,
wl_sweep_shard,depth_nav,hetero,networks_depth_nav_hetero,526,526,2,heft_edf,435.791056,435.791056,0,0.423,,,0,0,0,
wl_sweep_shard,depth_nav,hetero,networks_depth_nav_hetero,526,526,2,pso,435.791056,435.791056,0,6.368,,,0,0,0,
wl_sweep_shard,depth_nav,hetero,networks_depth_nav_hetero,526,526,2,sa,435.791056,435.791056,0,15.53,,,0,0,0,
wl_sweep_shard,depth_nav,quad,networks_depth_nav_quad,526,526,6,cheap_portfolio,425.976081,425.976081,0,1.314,,,0,0,0,
wl_sweep_shard,depth_nav,quad,networks_depth_nav_quad,526,526,6,cpsat,426.044105,426.044105,0,40.185,OPTIMAL,0.0,0,0,0,
wl_sweep_shard,depth_nav,quad,networks_depth_nav_quad,526,526,6,cpsat:warm,426.044105,426.044105,0,6.907,OPTIMAL,0.0,0,0,0,
wl_sweep_shard,depth_nav,quad,networks_depth_nav_quad,526,526,6,cpsat:warmbest,426.044105,426.044105,0,12.755,OPTIMAL,0.0,0,0,0,
wl_sweep_shard,depth_nav,quad,networks_depth_nav_quad,526,526,6,decomposed,425.976081,425.976081,0,0.099,,,0,0,0,
wl_sweep_shard,depth_nav,quad,networks_depth_nav_quad,526,526,6,greedy,426.016304,426.016304,0,0.096,,,0,0,0,
wl_sweep_shard,depth_nav,quad,networks_depth_nav_quad,526,526,6,greedy_periodic,426.016304,426.016304,0,0.096,,,0,0,0,
wl_sweep_shard,depth_nav,quad,networks_depth_nav_quad,526,526,6,greedy_reserved,426.016304,426.016304,0,0.109,,,0,0,0,
wl_sweep_shard,depth_nav,quad,networks_depth_nav_quad,526,526,6,heft,425.976081,425.976081,0,0.065,,,0,0,0,
wl_sweep_shard,depth_nav,quad,networks_depth_nav_quad,526,526,6,heft_edf,425.976081,425.976081,0,0.849,,,0,0,0,
wl_sweep_shard,depth_nav,quad,networks_depth_nav_quad,526,526,6,pso,425.976081,425.976081,0,12.843,,,0,0,0,
wl_sweep_shard,depth_nav,quad,networks_depth_nav_quad,526,526,6,sa,425.976081,425.976081,0,20.008,,,0,0,0,
wl_sweep_shard,depth_nav,rvvpair,networks_depth_nav_rvvpair,526,526,3,cheap_portfolio,213.899068,213.899068,0,1.287,,,0,0,0,
wl_sweep_shard,depth_nav,rvvpair,networks_depth_nav_rvvpair,526,526,3,cpsat,213.958105,213.958105,0,22.651,OPTIMAL,0.0,0,0,0,
wl_sweep_shard,depth_nav,rvvpair,networks_depth_nav_rvvpair,526,526,3,cpsat:warm,213.958105,213.958105,0,4.254,OPTIMAL,0.0,0,0,0,
wl_sweep_shard,depth_nav,rvvpair,networks_depth_nav_rvvpair,526,526,3,cpsat:warmbest,213.958105,213.958105,0,3.556,OPTIMAL,0.0,0,0,0,
wl_sweep_shard,depth_nav,rvvpair,networks_depth_nav_rvvpair,526,526,3,decomposed,213.910545,213.910545,0,0.074,,,0,0,0,
wl_sweep_shard,depth_nav,rvvpair,networks_depth_nav_rvvpair,526,526,3,greedy,213.910545,213.910545,0,0.067,,,0,0,0,
wl_sweep_shard,depth_nav,rvvpair,networks_depth_nav_rvvpair,526,526,3,greedy_periodic,213.910545,213.910545,0,0.068,,,0,0,0,
wl_sweep_shard,depth_nav,rvvpair,networks_depth_nav_rvvpair,526,526,3,greedy_reserved,213.910545,213.910545,0,0.074,,,0,0,0,
wl_sweep_shard,depth_nav,rvvpair,networks_depth_nav_rvvpair,526,526,3,heft,213.905096,213.905096,5,0.067,,,0,0,0,
wl_sweep_shard,depth_nav,rvvpair,networks_depth_nav_rvvpair,526,526,3,heft_edf,213.899068,213.899068,0,0.937,,,0,0,0,
wl_sweep_shard,depth_nav,rvvpair,networks_depth_nav_rvvpair,526,526,3,pso,213.898956,213.898956,0,14.911,,,0,0,0,
wl_sweep_shard,depth_nav,rvvpair,networks_depth_nav_rvvpair,526,526,3,sa,213.899068,213.899068,0,20.012,,,0,0,0,
wl_sweep_shard,perception_heavy,gempair,networks_perception_heavy_gempair,228,28,3,cheap_portfolio,128.172275,128.172275,0,0.176,,,0,0,0,
wl_sweep_shard,perception_heavy,gempair,networks_perception_heavy_gempair,228,28,3,cpsat,122.857316,122.857316,0,60.93,FEASIBLE,0.130655,0,0,0,
wl_sweep_shard,perception_heavy,gempair,networks_perception_heavy_gempair,228,28,3,cpsat:warm,122.857953,122.857953,0,61.015,FEASIBLE,0.133715,0,0,0,
wl_sweep_shard,perception_heavy,gempair,networks_perception_heavy_gempair,228,28,3,cpsat:warmbest,122.857953,122.857953,0,60.765,FEASIBLE,0.129784,0,0,0,
wl_sweep_shard,perception_heavy,gempair,networks_perception_heavy_gempair,228,28,3,decomposed,132.729981,132.729981,0,0.026,,,0,0,0,
wl_sweep_shard,perception_heavy,gempair,networks_perception_heavy_gempair,228,28,3,greedy,132.729981,132.729981,0,0.016,,,0,0,0,
wl_sweep_shard,perception_heavy,gempair,networks_perception_heavy_gempair,228,28,3,greedy_periodic,132.729981,132.729981,0,0.016,,,0,0,0,
wl_sweep_shard,perception_heavy,gempair,networks_perception_heavy_gempair,228,28,3,greedy_reserved,141.055191,141.055191,0,0.017,,,0,0,0,
wl_sweep_shard,perception_heavy,gempair,networks_perception_heavy_gempair,228,28,3,heft,122.857433,122.857433,12,0.019,,,0,0,0,
wl_sweep_shard,perception_heavy,gempair,networks_perception_heavy_gempair,228,28,3,heft_edf,128.172275,128.172275,0,0.082,,,0,0,0,
wl_sweep_shard,perception_heavy,gempair,networks_perception_heavy_gempair,228,28,3,pso,127.613819,127.613819,0,7.575,,,0,0,0,
wl_sweep_shard,perception_heavy,gempair,networks_perception_heavy_gempair,228,28,3,sa,128.172275,128.172275,0,7.715,,,0,0,0,
wl_sweep_shard,perception_heavy,hetero,networks_perception_heavy_hetero,228,28,2,cheap_portfolio,115.88218,115.88218,0,0.094,,,0,0,0,
wl_sweep_shard,perception_heavy,hetero,networks_perception_heavy_hetero,228,28,2,cpsat,108.502065,108.502065,0,61.021,FEASIBLE,0.314074,0,0,0,
wl_sweep_shard,perception_heavy,hetero,networks_perception_heavy_hetero,228,28,2,cpsat:warm,108.360065,108.360065,0,60.931,FEASIBLE,0.269442,0,0,0,
wl_sweep_shard,perception_heavy,hetero,networks_perception_heavy_hetero,228,28,2,cpsat:warmbest,109.590065,109.590065,0,60.636,FEASIBLE,0.163143,0,0,0,
wl_sweep_shard,perception_heavy,hetero,networks_perception_heavy_hetero,228,28,2,decomposed,122.88301,122.88301,0,0.018,,,0,0,0,
wl_sweep_shard,perception_heavy,hetero,networks_perception_heavy_hetero,228,28,2,greedy,122.88301,122.88301,0,0.014,,,0,0,0,
wl_sweep_shard,perception_heavy,hetero,networks_perception_heavy_hetero,228,28,2,greedy_periodic,129.924741,129.924741,0,0.014,,,0,0,0,
wl_sweep_shard,perception_heavy,hetero,networks_perception_heavy_hetero,228,28,2,greedy_reserved,129.412689,129.412689,0,0.014,,,0,0,0,
wl_sweep_shard,perception_heavy,hetero,networks_perception_heavy_hetero,228,28,2,heft,115.88218,115.88218,0,0.009,,,0,0,0,
wl_sweep_shard,perception_heavy,hetero,networks_perception_heavy_hetero,228,28,2,heft_edf,115.88218,115.88218,0,0.025,,,0,0,0,
wl_sweep_shard,perception_heavy,hetero,networks_perception_heavy_hetero,228,28,2,pso,111.551328,111.551328,0,4.067,,,0,0,0,
wl_sweep_shard,perception_heavy,hetero,networks_perception_heavy_hetero,228,28,2,sa,111.403485,111.403485,0,14.142,,,0,0,0,
wl_sweep_shard,perception_heavy,quad,networks_perception_heavy_quad,228,28,6,cheap_portfolio,77.581352,77.581352,0,0.184,,,0,0,0,
wl_sweep_shard,perception_heavy,quad,networks_perception_heavy_quad,228,28,6,cpsat,75.38069,75.38069,0,61.046,FEASIBLE,0.087834,0,0,0,
wl_sweep_shard,perception_heavy,quad,networks_perception_heavy_quad,228,28,6,cpsat:warm,75.242065,75.242065,0,60.957,FEASIBLE,0.086493,0,0,0,
wl_sweep_shard,perception_heavy,quad,networks_perception_heavy_quad,228,28,6,cpsat:warmbest,74.397065,74.397065,0,60.806,FEASIBLE,0.076091,0,0,0,
wl_sweep_shard,perception_heavy,quad,networks_perception_heavy_quad,228,28,6,decomposed,83.014679,83.014679,0,0.032,,,0,0,0,
wl_sweep_shard,perception_heavy,quad,networks_perception_heavy_quad,228,28,6,greedy,83.014679,83.014679,0,0.026,,,0,0,0,
wl_sweep_shard,perception_heavy,quad,networks_perception_heavy_quad,228,28,6,greedy_periodic,82.012946,82.012946,19,0.027,,,0,0,0,
wl_sweep_shard,perception_heavy,quad,networks_perception_heavy_quad,228,28,6,greedy_reserved,82.012946,82.012946,19,0.028,,,0,0,0,
wl_sweep_shard,perception_heavy,quad,networks_perception_heavy_quad,228,28,6,heft,77.581352,77.581352,0,0.018,,,0,0,0,
wl_sweep_shard,perception_heavy,quad,networks_perception_heavy_quad,228,28,6,heft_edf,77.581352,77.581352,0,0.053,,,0,0,0,
wl_sweep_shard,perception_heavy,quad,networks_perception_heavy_quad,228,28,6,pso,75.005507,75.005507,0,11.93,,,0,0,0,
wl_sweep_shard,perception_heavy,quad,networks_perception_heavy_quad,228,28,6,sa,75.529269,75.529269,0,20.003,,,0,0,0,
wl_sweep_shard,perception_heavy,rvvpair,networks_perception_heavy_rvvpair,228,28,3,cheap_portfolio,172.242752,172.242752,0,0.132,,,0,0,0,
wl_sweep_shard,perception_heavy,rvvpair,networks_perception_heavy_rvvpair,228,28,3,cpsat,172.032065,172.032065,0,16.342,OPTIMAL,0.0,0,0,0,
wl_sweep_shard,perception_heavy,rvvpair,networks_perception_heavy_rvvpair,228,28,3,cpsat:warm,172.032065,172.032065,0,21.652,OPTIMAL,0.0,0,0,0,
wl_sweep_shard,perception_heavy,rvvpair,networks_perception_heavy_rvvpair,228,28,3,cpsat:warmbest,172.032184,172.032184,0,28.21,OPTIMAL,0.0,0,0,0,
wl_sweep_shard,perception_heavy,rvvpair,networks_perception_heavy_rvvpair,228,28,3,decomposed,182.215746,182.215746,0,0.025,,,0,0,0,
wl_sweep_shard,perception_heavy,rvvpair,networks_perception_heavy_rvvpair,228,28,3,greedy,182.215746,182.215746,0,0.017,,,0,0,0,
wl_sweep_shard,perception_heavy,rvvpair,networks_perception_heavy_rvvpair,228,28,3,greedy_periodic,178.879386,178.879386,0,0.017,,,0,0,0,
wl_sweep_shard,perception_heavy,rvvpair,networks_perception_heavy_rvvpair,228,28,3,greedy_reserved,178.881389,178.881389,0,0.018,,,0,0,0,
wl_sweep_shard,perception_heavy,rvvpair,networks_perception_heavy_rvvpair,228,28,3,heft,172.242752,172.242752,0,0.018,,,0,0,0,
wl_sweep_shard,perception_heavy,rvvpair,networks_perception_heavy_rvvpair,228,28,3,heft_edf,172.242752,172.242752,0,0.037,,,0,0,0,
wl_sweep_shard,perception_heavy,rvvpair,networks_perception_heavy_rvvpair,228,28,3,pso,172.242752,172.242752,0,3.293,,,0,0,0,
wl_sweep_shard,perception_heavy,rvvpair,networks_perception_heavy_rvvpair,228,28,3,sa,172.05477,172.05477,0,18.246,,,0,0,0,
wl_sweep_shard,saturation,gempair,networks_saturation_gempair,619,338,3,cheap_portfolio,137.134949,137.134949,0,1.851,,,0,0,0,
wl_sweep_shard,saturation,gempair,networks_saturation_gempair,619,338,3,cpsat,122.434839,122.434839,0,61.007,FEASIBLE,0.09249,0,0,0,
wl_sweep_shard,saturation,gempair,networks_saturation_gempair,619,338,3,cpsat:warm,120.152505,120.152505,0,62.372,FEASIBLE,0.075254,0,0,0,
wl_sweep_shard,saturation,gempair,networks_saturation_gempair,619,338,3,cpsat:warmbest,120.265839,120.265839,0,63.006,FEASIBLE,0.076123,0,0,0,
wl_sweep_shard,saturation,gempair,networks_saturation_gempair,619,338,3,decomposed,140.132652,140.132652,130,0.145,,,0,0,0,
wl_sweep_shard,saturation,gempair,networks_saturation_gempair,619,338,3,greedy,138.842047,138.842047,0,0.11,,,0,0,0,
wl_sweep_shard,saturation,gempair,networks_saturation_gempair,619,338,3,greedy_periodic,123.891717,123.891717,291,0.309,,,0,0,0,
wl_sweep_shard,saturation,gempair,networks_saturation_gempair,619,338,3,greedy_reserved,161.819278,161.819278,292,0.307,,,0,0,0,
wl_sweep_shard,saturation,gempair,networks_saturation_gempair,619,338,3,heft,116.272305,116.677678,326,0.11,,,0,0,0,
wl_sweep_shard,saturation,gempair,networks_saturation_gempair,619,338,3,heft_edf,137.134949,137.134949,0,0.87,,,0,0,0,
wl_sweep_shard,saturation,gempair,networks_saturation_gempair,619,338,3,pso,132.444227,132.444227,0,20.132,,,0,0,0,
wl_sweep_shard,saturation,gempair,networks_saturation_gempair,619,338,3,sa,137.134949,137.134949,0,20.007,,,0,0,0,
wl_sweep_shard,saturation,hetero,networks_saturation_hetero,619,338,2,cheap_portfolio,111.488484,111.488484,0,1.336,,,0,0,0,
wl_sweep_shard,saturation,hetero,networks_saturation_hetero,619,338,2,cpsat,125.552964,125.552964,0,60.988,FEASIBLE,0.498443,0,0,0,
wl_sweep_shard,saturation,hetero,networks_saturation_hetero,619,338,2,cpsat:warm,109.760964,111.636105,0,61.775,FEASIBLE,0.426272,0,0,0,
wl_sweep_shard,saturation,hetero,networks_saturation_hetero,619,338,2,cpsat:warmbest,100.157964,104.869548,0,61.355,FEASIBLE,0.371263,0,0,0,
wl_sweep_shard,saturation,hetero,networks_saturation_hetero,619,338,2,decomposed,118.352345,118.352345,0,0.094,,,0,0,0,
wl_sweep_shard,saturation,hetero,networks_saturation_hetero,619,338,2,greedy,115.252498,115.252498,0,0.102,,,0,0,0,
wl_sweep_shard,saturation,hetero,networks_saturation_hetero,619,338,2,greedy_periodic,106.059707,111.384862,227,0.117,,,0,0,0,
wl_sweep_shard,saturation,hetero,networks_saturation_hetero,619,338,2,greedy_reserved,93.987408,153.992794,241,0.117,,,0,0,0,
wl_sweep_shard,saturation,hetero,networks_saturation_hetero,619,338,2,heft,94.52459,100.024648,175,0.049,,,0,0,0,
wl_sweep_shard,saturation,hetero,networks_saturation_hetero,619,338,2,heft_edf,111.488484,111.488484,0,0.857,,,0,0,0,
wl_sweep_shard,saturation,hetero,networks_saturation_hetero,619,338,2,pso,95.876106,100.348796,0,20.382,,,0,0,0,
wl_sweep_shard,saturation,hetero,networks_saturation_hetero,619,338,2,sa,102.324441,102.324441,0,20.007,,,0,0,0,
wl_sweep_shard,saturation,quad,networks_saturation_quad,619,338,6,cheap_portfolio,53.663385,98.667989,0,2.421,,,0,0,0,
wl_sweep_shard,saturation,quad,networks_saturation_quad,619,338,6,cpsat,82.491964,103.575322,0,61.394,FEASIBLE,0.464324,0,0,0,
wl_sweep_shard,saturation,quad,networks_saturation_quad,619,338,6,cpsat:warm,53.464964,98.676105,0,62.564,FEASIBLE,0.173515,0,0,0,
wl_sweep_shard,saturation,quad,networks_saturation_quad,619,338,6,cpsat:warmbest,53.284964,98.676105,0,63.276,FEASIBLE,0.170723,0,0,0,
wl_sweep_shard,saturation,quad,networks_saturation_quad,619,338,6,decomposed,68.341274,98.62897,0,0.181,,,0,0,0,
wl_sweep_shard,saturation,quad,networks_saturation_quad,619,338,6,greedy,68.385591,98.669193,0,0.195,,,0,0,0,
wl_sweep_shard,saturation,quad,networks_saturation_quad,619,338,6,greedy_periodic,59.533314,98.669193,196,0.293,,,0,0,0,
wl_sweep_shard,saturation,quad,networks_saturation_quad,619,338,6,greedy_reserved,61.019636,100.435881,196,0.322,,,0,0,0,
wl_sweep_shard,saturation,quad,networks_saturation_quad,619,338,6,heft,52.478361,98.62897,10,0.094,,,0,0,0,
wl_sweep_shard,saturation,quad,networks_saturation_quad,619,338,6,heft_edf,53.663385,98.667989,0,1.336,,,0,0,0,
wl_sweep_shard,saturation,quad,networks_saturation_quad,619,338,6,pso,53.663385,98.667989,0,20.683,,,0,0,0,
wl_sweep_shard,saturation,quad,networks_saturation_quad,619,338,6,sa,53.663385,98.667989,0,20.014,,,0,0,0,
wl_sweep_shard,saturation,rvvpair,networks_saturation_rvvpair,619,338,3,cheap_portfolio,158.369999,158.369999,0,2.256,,,0,0,0,
wl_sweep_shard,saturation,rvvpair,networks_saturation_rvvpair,619,338,3,cpsat,149.780118,149.780118,0,60.733,FEASIBLE,0.185758,0,0,0,
wl_sweep_shard,saturation,rvvpair,networks_saturation_rvvpair,619,338,3,cpsat:warm,153.793964,153.793964,0,62.406,FEASIBLE,0.207004,0,0,0,
wl_sweep_shard,saturation,rvvpair,networks_saturation_rvvpair,619,338,3,cpsat:warmbest,150.921964,150.921964,0,62.993,FEASIBLE,0.191914,0,0,0,
wl_sweep_shard,saturation,rvvpair,networks_saturation_rvvpair,619,338,3,decomposed,158.369999,158.369999,0,0.141,,,0,0,0,
wl_sweep_shard,saturation,rvvpair,networks_saturation_rvvpair,619,338,3,greedy,161.747921,161.747921,0,0.116,,,0,0,0,
wl_sweep_shard,saturation,rvvpair,networks_saturation_rvvpair,619,338,3,greedy_periodic,145.845059,145.845059,257,0.154,,,0,0,0,
wl_sweep_shard,saturation,rvvpair,networks_saturation_rvvpair,619,338,3,greedy_reserved,186.349951,186.349951,235,0.165,,,0,0,0,
wl_sweep_shard,saturation,rvvpair,networks_saturation_rvvpair,619,338,3,heft,142.541295,142.574299,275,0.108,,,0,0,0,
wl_sweep_shard,saturation,rvvpair,networks_saturation_rvvpair,619,338,3,heft_edf,160.684052,160.684052,0,1.572,,,0,0,0,
wl_sweep_shard,saturation,rvvpair,networks_saturation_rvvpair,619,338,3,pso,154.930163,154.930163,0,20.933,,,0,0,0,
wl_sweep_shard,saturation,rvvpair,networks_saturation_rvvpair,619,338,3,sa,156.364513,156.364513,0,20.009,,,0,0,0,
wl_sweep_shard,scale_ladder,gempair,networks_scale_ladder_gempair,211,0,3,cheap_portfolio,70.961879,70.961879,0,0.141,,,0,0,0,
wl_sweep_shard,scale_ladder,gempair,networks_scale_ladder_gempair,211,0,3,cpsat,70.811893,70.811893,0,2.793,OPTIMAL,0.0,0,0,0,
wl_sweep_shard,scale_ladder,gempair,networks_scale_ladder_gempair,211,0,3,cpsat:warm,70.811893,70.811893,0,3.438,OPTIMAL,0.0,0,0,0,
wl_sweep_shard,scale_ladder,gempair,networks_scale_ladder_gempair,211,0,3,cpsat:warmbest,70.811893,70.811893,0,5.493,OPTIMAL,0.0,0,0,0,
wl_sweep_shard,scale_ladder,gempair,networks_scale_ladder_gempair,211,0,3,decomposed,73.729963,73.729963,0,0.046,,,0,0,0,
wl_sweep_shard,scale_ladder,gempair,networks_scale_ladder_gempair,211,0,3,greedy,73.729963,73.729963,0,0.02,,,0,0,0,
wl_sweep_shard,scale_ladder,gempair,networks_scale_ladder_gempair,211,0,3,greedy_periodic,73.729963,73.729963,0,0.02,,,0,0,0,
wl_sweep_shard,scale_ladder,gempair,networks_scale_ladder_gempair,211,0,3,greedy_reserved,73.729963,73.729963,0,0.02,,,0,0,0,
wl_sweep_shard,scale_ladder,gempair,networks_scale_ladder_gempair,211,0,3,heft,70.961879,70.961879,0,0.018,,,0,0,0,
wl_sweep_shard,scale_ladder,gempair,networks_scale_ladder_gempair,211,0,3,heft_edf,70.961879,70.961879,0,0.017,,,0,0,0,
wl_sweep_shard,scale_ladder,gempair,networks_scale_ladder_gempair,211,0,3,pso,70.775126,70.775126,0,6.529,,,0,0,0,
wl_sweep_shard,scale_ladder,gempair,networks_scale_ladder_gempair,211,0,3,sa,70.816991,70.816991,0,7.926,,,0,0,0,
wl_sweep_shard,scale_ladder,hetero,networks_scale_ladder_hetero,211,0,2,cheap_portfolio,63.981848,63.981848,0,0.098,,,0,0,0,
wl_sweep_shard,scale_ladder,hetero,networks_scale_ladder_hetero,211,0,2,cpsat,62.648163,62.648163,0,60.871,FEASIBLE,0.034206,0,0,0,
wl_sweep_shard,scale_ladder,hetero,networks_scale_ladder_hetero,211,0,2,cpsat:warm,61.777649,61.777649,0,60.624,FEASIBLE,0.019343,0,0,0,
wl_sweep_shard,scale_ladder,hetero,networks_scale_ladder_hetero,211,0,2,cpsat:warmbest,61.505218,61.505218,0,60.564,FEASIBLE,0.014893,0,0,0,
wl_sweep_shard,scale_ladder,hetero,networks_scale_ladder_hetero,211,0,2,decomposed,68.528527,68.528527,0,0.031,,,0,0,0,
wl_sweep_shard,scale_ladder,hetero,networks_scale_ladder_hetero,211,0,2,greedy,68.528527,68.528527,0,0.015,,,0,0,0,
wl_sweep_shard,scale_ladder,hetero,networks_scale_ladder_hetero,211,0,2,greedy_periodic,68.528527,68.528527,0,0.015,,,0,0,0,
wl_sweep_shard,scale_ladder,hetero,networks_scale_ladder_hetero,211,0,2,greedy_reserved,68.528527,68.528527,0,0.016,,,0,0,0,
wl_sweep_shard,scale_ladder,hetero,networks_scale_ladder_hetero,211,0,2,heft,63.981848,63.981848,0,0.011,,,0,0,0,
wl_sweep_shard,scale_ladder,hetero,networks_scale_ladder_hetero,211,0,2,heft_edf,63.981848,63.981848,0,0.01,,,0,0,0,
wl_sweep_shard,scale_ladder,hetero,networks_scale_ladder_hetero,211,0,2,pso,61.931604,61.931604,0,4.367,,,0,0,0,
wl_sweep_shard,scale_ladder,hetero,networks_scale_ladder_hetero,211,0,2,sa,62.327864,62.327864,0,6.377,,,0,0,0,
wl_sweep_shard,scale_ladder,quad,networks_scale_ladder_quad,211,0,6,cheap_portfolio,46.662828,46.662828,0,0.206,,,0,0,0,
wl_sweep_shard,scale_ladder,quad,networks_scale_ladder_quad,211,0,6,cpsat,46.671858,46.671858,0,11.711,OPTIMAL,0.0,0,0,0,
wl_sweep_shard,scale_ladder,quad,networks_scale_ladder_quad,211,0,6,cpsat:warm,46.671858,46.671858,0,3.024,OPTIMAL,0.0,0,0,0,
wl_sweep_shard,scale_ladder,quad,networks_scale_ladder_quad,211,0,6,cpsat:warmbest,46.671858,46.671858,0,4.643,OPTIMAL,0.0,0,0,0,
wl_sweep_shard,scale_ladder,quad,networks_scale_ladder_quad,211,0,6,decomposed,56.632367,56.632367,0,0.062,,,0,0,0,
wl_sweep_shard,scale_ladder,quad,networks_scale_ladder_quad,211,0,6,greedy,56.632367,56.632367,0,0.033,,,0,0,0,
wl_sweep_shard,scale_ladder,quad,networks_scale_ladder_quad,211,0,6,greedy_periodic,56.632367,56.632367,0,0.034,,,0,0,0,
wl_sweep_shard,scale_ladder,quad,networks_scale_ladder_quad,211,0,6,greedy_reserved,56.632367,56.632367,0,0.035,,,0,0,0,
wl_sweep_shard,scale_ladder,quad,networks_scale_ladder_quad,211,0,6,heft,46.662828,46.662828,0,0.021,,,0,0,0,
wl_sweep_shard,scale_ladder,quad,networks_scale_ladder_quad,211,0,6,heft_edf,46.662828,46.662828,0,0.021,,,0,0,0,
wl_sweep_shard,scale_ladder,quad,networks_scale_ladder_quad,211,0,6,pso,46.662828,46.662828,0,4.039,,,0,0,0,
wl_sweep_shard,scale_ladder,quad,networks_scale_ladder_quad,211,0,6,sa,46.662828,46.662828,0,8.516,,,0,0,0,
wl_sweep_shard,scale_ladder,rvvpair,networks_scale_ladder_rvvpair,211,0,3,cheap_portfolio,74.672837,74.672837,0,0.139,,,0,0,0,
wl_sweep_shard,scale_ladder,rvvpair,networks_scale_ladder_rvvpair,211,0,3,cpsat,74.367984,74.367984,0,2.799,OPTIMAL,0.0,0,0,0,
wl_sweep_shard,scale_ladder,rvvpair,networks_scale_ladder_rvvpair,211,0,3,cpsat:warm,74.367984,74.367984,0,3.537,OPTIMAL,0.0,0,0,0,
wl_sweep_shard,scale_ladder,rvvpair,networks_scale_ladder_rvvpair,211,0,3,cpsat:warmbest,74.367993,74.367993,0,1.962,OPTIMAL,0.0,0,0,0,
wl_sweep_shard,scale_ladder,rvvpair,networks_scale_ladder_rvvpair,211,0,3,decomposed,74.792667,74.792667,0,0.048,,,0,0,0,
wl_sweep_shard,scale_ladder,rvvpair,networks_scale_ladder_rvvpair,211,0,3,greedy,74.792667,74.792667,0,0.018,,,0,0,0,
wl_sweep_shard,scale_ladder,rvvpair,networks_scale_ladder_rvvpair,211,0,3,greedy_periodic,74.792667,74.792667,0,0.019,,,0,0,0,
wl_sweep_shard,scale_ladder,rvvpair,networks_scale_ladder_rvvpair,211,0,3,greedy_reserved,74.792667,74.792667,0,0.02,,,0,0,0,
wl_sweep_shard,scale_ladder,rvvpair,networks_scale_ladder_rvvpair,211,0,3,heft,74.672837,74.672837,0,0.017,,,0,0,0,
wl_sweep_shard,scale_ladder,rvvpair,networks_scale_ladder_rvvpair,211,0,3,heft_edf,74.672837,74.672837,0,0.017,,,0,0,0,
wl_sweep_shard,scale_ladder,rvvpair,networks_scale_ladder_rvvpair,211,0,3,pso,74.457999,74.457999,0,3.851,,,0,0,0,
wl_sweep_shard,scale_ladder,rvvpair,networks_scale_ladder_rvvpair,211,0,3,sa,74.365351,74.365351,0,11.844,,,0,0,0,
wl_sweep_shard,tight_loop,gempair,networks_tight_loop_gempair,308,308,3,cheap_portfolio,71.890403,71.890403,140,0.746,,,0,0,0,
wl_sweep_shard,tight_loop,gempair,networks_tight_loop_gempair,308,308,3,cpsat,,,,0.623,,,,,,RuntimeError: cpsat returned INFEASIBLE with no solution
wl_sweep_shard,tight_loop,gempair,networks_tight_loop_gempair,308,308,3,cpsat:warm,,,,1.067,,,,,,RuntimeError: cpsat returned INFEASIBLE with no solution
wl_sweep_shard,tight_loop,gempair,networks_tight_loop_gempair,308,308,3,cpsat:warmbest,,,,1.528,,,,,,RuntimeError: cpsat returned INFEASIBLE with no solution
wl_sweep_shard,tight_loop,gempair,networks_tight_loop_gempair,308,308,3,decomposed,71.058142,71.058142,308,0.137,,,0,0,0,
wl_sweep_shard,tight_loop,gempair,networks_tight_loop_gempair,308,308,3,greedy,71.890403,71.890403,140,0.038,,,0,0,0,
wl_sweep_shard,tight_loop,gempair,networks_tight_loop_gempair,308,308,3,greedy_periodic,71.890403,71.890403,140,0.039,,,0,0,0,
wl_sweep_shard,tight_loop,gempair,networks_tight_loop_gempair,308,308,3,greedy_reserved,71.890403,71.890403,140,0.025,,,0,0,0,
wl_sweep_shard,tight_loop,gempair,networks_tight_loop_gempair,308,308,3,heft,72.248423,72.248423,175,0.032,,,0,0,0,
wl_sweep_shard,tight_loop,gempair,networks_tight_loop_gempair,308,308,3,heft_edf,72.101101,72.101101,140,0.475,,,0,0,0,
wl_sweep_shard,tight_loop,gempair,networks_tight_loop_gempair,308,308,3,pso,71.38226,71.38226,140,12.67,,,0,0,0,
wl_sweep_shard,tight_loop,gempair,networks_tight_loop_gempair,308,308,3,sa,71.890403,71.890403,140,9.906,,,0,0,0,
wl_sweep_shard,tight_loop,hetero,networks_tight_loop_hetero,308,308,2,cheap_portfolio,72.554161,72.554161,140,0.375,,,0,0,0,
wl_sweep_shard,tight_loop,hetero,networks_tight_loop_hetero,308,308,2,cpsat,,,,0.583,,,,,,RuntimeError: cpsat returned INFEASIBLE with no solution
wl_sweep_shard,tight_loop,hetero,networks_tight_loop_hetero,308,308,2,cpsat:warm,,,,0.688,,,,,,RuntimeError: cpsat returned INFEASIBLE with no solution
wl_sweep_shard,tight_loop,hetero,networks_tight_loop_hetero,308,308,2,cpsat:warmbest,,,,1.038,,,,,,RuntimeError: cpsat returned INFEASIBLE with no solution
wl_sweep_shard,tight_loop,hetero,networks_tight_loop_hetero,308,308,2,decomposed,71.080955,71.080955,308,0.079,,,0,0,0,
wl_sweep_shard,tight_loop,hetero,networks_tight_loop_hetero,308,308,2,greedy,77.071199,77.071199,140,0.031,,,0,0,0,
wl_sweep_shard,tight_loop,hetero,networks_tight_loop_hetero,308,308,2,greedy_periodic,77.071199,77.071199,140,0.031,,,0,0,0,
wl_sweep_shard,tight_loop,hetero,networks_tight_loop_hetero,308,308,2,greedy_reserved,77.071199,77.071199,140,0.036,,,0,0,0,
wl_sweep_shard,tight_loop,hetero,networks_tight_loop_hetero,308,308,2,heft,75.160267,75.160267,140,0.014,,,0,0,0,
wl_sweep_shard,tight_loop,hetero,networks_tight_loop_hetero,308,308,2,heft_edf,72.554161,72.554161,140,0.184,,,0,0,0,
wl_sweep_shard,tight_loop,hetero,networks_tight_loop_hetero,308,308,2,pso,71.447866,71.447866,140,12.41,,,0,0,0,
wl_sweep_shard,tight_loop,hetero,networks_tight_loop_hetero,308,308,2,sa,72.554161,72.554161,140,5.572,,,0,0,0,
wl_sweep_shard,tight_loop,quad,networks_tight_loop_quad,308,308,6,cheap_portfolio,38.023942,38.023942,140,0.862,,,0,0,0,
wl_sweep_shard,tight_loop,quad,networks_tight_loop_quad,308,308,6,cpsat,,,,0.659,,,,,,RuntimeError: cpsat returned INFEASIBLE with no solution
wl_sweep_shard,tight_loop,quad,networks_tight_loop_quad,308,308,6,cpsat:warm,,,,0.894,,,,,,RuntimeError: cpsat returned INFEASIBLE with no solution
wl_sweep_shard,tight_loop,quad,networks_tight_loop_quad,308,308,6,cpsat:warmbest,,,,1.714,,,,,,RuntimeError: cpsat returned INFEASIBLE with no solution
wl_sweep_shard,tight_loop,quad,networks_tight_loop_quad,308,308,6,decomposed,46.592763,46.592763,308,0.196,,,0,0,0,
wl_sweep_shard,tight_loop,quad,networks_tight_loop_quad,308,308,6,greedy,43.365896,43.365896,140,0.065,,,0,0,0,
wl_sweep_shard,tight_loop,quad,networks_tight_loop_quad,308,308,6,greedy_periodic,43.365896,43.365896,140,0.068,,,0,0,0,
wl_sweep_shard,tight_loop,quad,networks_tight_loop_quad,308,308,6,greedy_reserved,43.365896,43.365896,140,0.078,,,0,0,0,
wl_sweep_shard,tight_loop,quad,networks_tight_loop_quad,308,308,6,heft,38.023942,38.023942,140,0.03,,,0,0,0,
wl_sweep_shard,tight_loop,quad,networks_tight_loop_quad,308,308,6,heft_edf,38.023942,38.023942,140,0.425,,,0,0,0,
wl_sweep_shard,tight_loop,quad,networks_tight_loop_quad,308,308,6,pso,37.675653,37.675653,140,7.462,,,0,0,0,
wl_sweep_shard,tight_loop,quad,networks_tight_loop_quad,308,308,6,sa,37.833063,37.833063,140,9.825,,,0,0,0,
wl_sweep_shard,tight_loop,rvvpair,networks_tight_loop_rvvpair,308,308,3,cheap_portfolio,71.528877,71.528877,140,0.723,,,0,0,0,
wl_sweep_shard,tight_loop,rvvpair,networks_tight_loop_rvvpair,308,308,3,cpsat,,,,0.595,,,,,,RuntimeError: cpsat returned INFEASIBLE with no solution
wl_sweep_shard,tight_loop,rvvpair,networks_tight_loop_rvvpair,308,308,3,cpsat:warm,,,,0.789,,,,,,RuntimeError: cpsat returned INFEASIBLE with no solution
wl_sweep_shard,tight_loop,rvvpair,networks_tight_loop_rvvpair,308,308,3,cpsat:warmbest,,,,1.034,,,,,,RuntimeError: cpsat returned INFEASIBLE with no solution
wl_sweep_shard,tight_loop,rvvpair,networks_tight_loop_rvvpair,308,308,3,decomposed,70.55112,70.55112,308,0.106,,,0,0,0,
wl_sweep_shard,tight_loop,rvvpair,networks_tight_loop_rvvpair,308,308,3,greedy,71.528877,71.528877,140,0.039,,,0,0,0,
wl_sweep_shard,tight_loop,rvvpair,networks_tight_loop_rvvpair,308,308,3,greedy_periodic,71.528877,71.528877,140,0.039,,,0,0,0,
wl_sweep_shard,tight_loop,rvvpair,networks_tight_loop_rvvpair,308,308,3,greedy_reserved,71.528877,71.528877,140,0.045,,,0,0,0,
wl_sweep_shard,tight_loop,rvvpair,networks_tight_loop_rvvpair,308,308,3,heft,75.103285,75.103285,140,0.033,,,0,0,0,
wl_sweep_shard,tight_loop,rvvpair,networks_tight_loop_rvvpair,308,308,3,heft_edf,71.73372,71.73372,140,0.461,,,0,0,0,
wl_sweep_shard,tight_loop,rvvpair,networks_tight_loop_rvvpair,308,308,3,pso,71.528877,71.528877,140,8.475,,,0,0,0,
wl_sweep_shard,tight_loop,rvvpair,networks_tight_loop_rvvpair,308,308,3,sa,71.528877,71.528877,140,8.117,,,0,0,0,
wl_sweep_shard,vint_intro,gempair,networks_vint_intro_gempair,669,64,3,cheap_portfolio,3837.018173,3837.018173,0,1.189,,,0,0,0,
wl_sweep_shard,vint_intro,gempair,networks_vint_intro_gempair,669,64,3,cpsat,3754.235129,3754.235129,0,2.819,OPTIMAL,0.0,0,0,0,
wl_sweep_shard,vint_intro,gempair,networks_vint_intro_gempair,669,64,3,cpsat:warm,3754.235129,3754.235129,0,3.953,OPTIMAL,0.0,0,0,0,
wl_sweep_shard,vint_intro,gempair,networks_vint_intro_gempair,669,64,3,cpsat:warmbest,3754.235129,3754.235129,0,5.314,OPTIMAL,0.0,0,0,0,
wl_sweep_shard,vint_intro,gempair,networks_vint_intro_gempair,669,64,3,decomposed,4086.603758,4086.603758,0,0.131,,,0,0,0,
wl_sweep_shard,vint_intro,gempair,networks_vint_intro_gempair,669,64,3,greedy,4086.603758,4086.603758,0,0.081,,,0,0,0,
wl_sweep_shard,vint_intro,gempair,networks_vint_intro_gempair,669,64,3,greedy_periodic,4086.603758,4086.603758,5,0.064,,,0,0,0,
wl_sweep_shard,vint_intro,gempair,networks_vint_intro_gempair,669,64,3,greedy_reserved,4072.362943,4072.362943,5,0.084,,,0,0,0,
wl_sweep_shard,vint_intro,gempair,networks_vint_intro_gempair,669,64,3,heft,3754.05146,3754.05146,64,0.145,,,0,0,0,
wl_sweep_shard,vint_intro,gempair,networks_vint_intro_gempair,669,64,3,heft_edf,3837.018173,3837.018173,0,0.684,,,0,0,0,
wl_sweep_shard,vint_intro,gempair,networks_vint_intro_gempair,669,64,3,pso,3824.579173,3824.579173,0,16.33,,,0,0,0,
wl_sweep_shard,vint_intro,gempair,networks_vint_intro_gempair,669,64,3,sa,3837.018173,3837.018173,0,20.046,,,0,0,0,
wl_sweep_shard,vint_intro,hetero,networks_vint_intro_hetero,669,64,2,cheap_portfolio,4160.689464,4160.689464,0,0.585,,,0,0,0,
wl_sweep_shard,vint_intro,hetero,networks_vint_intro_hetero,669,64,2,cpsat,3925.954175,3925.954175,0,60.795,FEASIBLE,0.041895,0,0,0,
wl_sweep_shard,vint_intro,hetero,networks_vint_intro_hetero,669,64,2,cpsat:warm,3942.295175,3942.295175,0,60.864,FEASIBLE,0.045863,0,0,0,
wl_sweep_shard,vint_intro,hetero,networks_vint_intro_hetero,669,64,2,cpsat:warmbest,3874.853175,3874.853175,0,61.39,FEASIBLE,0.029263,0,0,0,
wl_sweep_shard,vint_intro,hetero,networks_vint_intro_hetero,669,64,2,decomposed,4472.274222,4472.274222,0,0.097,,,0,0,0,
wl_sweep_shard,vint_intro,hetero,networks_vint_intro_hetero,669,64,2,greedy,4472.274222,4472.274222,0,0.078,,,0,0,0,
wl_sweep_shard,vint_intro,hetero,networks_vint_intro_hetero,669,64,2,greedy_periodic,4472.389937,4472.389937,0,0.078,,,0,0,0,
wl_sweep_shard,vint_intro,hetero,networks_vint_intro_hetero,669,64,2,greedy_reserved,4472.274222,4472.274222,0,0.077,,,0,0,0,
wl_sweep_shard,vint_intro,hetero,networks_vint_intro_hetero,669,64,2,heft,4160.689464,4160.689464,0,0.051,,,0,0,0,
wl_sweep_shard,vint_intro,hetero,networks_vint_intro_hetero,669,64,2,heft_edf,4160.689464,4160.689464,0,0.204,,,0,0,0,
wl_sweep_shard,vint_intro,hetero,networks_vint_intro_hetero,669,64,2,pso,3979.52547,3979.52547,0,20.355,,,0,0,0,
wl_sweep_shard,vint_intro,hetero,networks_vint_intro_hetero,669,64,2,sa,4016.718946,4016.718946,0,20.015,,,0,0,0,
wl_sweep_shard,vint_intro,quad,networks_vint_intro_quad,669,64,6,cheap_portfolio,3750.824959,3750.824959,0,1.04,,,0,0,0,
wl_sweep_shard,vint_intro,quad,networks_vint_intro_quad,669,64,6,cpsat,4243.634129,4243.634129,0,60.997,FEASIBLE,0.116086,0,0,0,
wl_sweep_shard,vint_intro,quad,networks_vint_intro_quad,669,64,6,cpsat:warm,3751.009129,3751.009129,0,17.876,OPTIMAL,0.0,0,0,0,
wl_sweep_shard,vint_intro,quad,networks_vint_intro_quad,669,64,6,cpsat:warmbest,3751.009129,3751.009129,0,14.765,OPTIMAL,0.0,0,0,0,
wl_sweep_shard,vint_intro,quad,networks_vint_intro_quad,669,64,6,decomposed,3844.685993,3844.685993,0,0.139,,,0,0,0,
wl_sweep_shard,vint_intro,quad,networks_vint_intro_quad,669,64,6,greedy,3844.685993,3844.685993,0,0.104,,,0,0,0,
wl_sweep_shard,vint_intro,quad,networks_vint_intro_quad,669,64,6,greedy_periodic,3844.685993,3844.685993,0,0.106,,,0,0,0,
wl_sweep_shard,vint_intro,quad,networks_vint_intro_quad,669,64,6,greedy_reserved,3844.685993,3844.685993,0,0.106,,,0,0,0,
wl_sweep_shard,vint_intro,quad,networks_vint_intro_quad,669,64,6,heft,3750.824959,3750.824959,0,0.117,,,0,0,0,
wl_sweep_shard,vint_intro,quad,networks_vint_intro_quad,669,64,6,heft_edf,3750.824959,3750.824959,0,0.468,,,0,0,0,
wl_sweep_shard,vint_intro,quad,networks_vint_intro_quad,669,64,6,pso,3750.824959,3750.824959,0,13.71,,,0,0,0,
wl_sweep_shard,vint_intro,quad,networks_vint_intro_quad,669,64,6,sa,3750.824959,3750.824959,0,20.039,,,0,0,0,
wl_sweep_shard,vint_intro,rvvpair,networks_vint_intro_rvvpair,669,64,3,cheap_portfolio,11068.077718,11068.077718,0,1.137,,,0,0,0,
wl_sweep_shard,vint_intro,rvvpair,networks_vint_intro_rvvpair,669,64,3,cpsat,11068.233175,11068.233175,0,4.934,OPTIMAL,0.0,0,0,0,
wl_sweep_shard,vint_intro,rvvpair,networks_vint_intro_rvvpair,669,64,3,cpsat:warm,11068.233175,11068.233175,0,2.117,OPTIMAL,0.0,0,0,0,
wl_sweep_shard,vint_intro,rvvpair,networks_vint_intro_rvvpair,669,64,3,cpsat:warmbest,11068.233175,11068.233175,0,3.041,OPTIMAL,0.0,0,0,0,
wl_sweep_shard,vint_intro,rvvpair,networks_vint_intro_rvvpair,669,64,3,decomposed,12234.593212,12234.593212,0,0.134,,,0,0,0,
wl_sweep_shard,vint_intro,rvvpair,networks_vint_intro_rvvpair,669,64,3,greedy,12234.593212,12234.593212,0,0.083,,,0,0,0,
wl_sweep_shard,vint_intro,rvvpair,networks_vint_intro_rvvpair,669,64,3,greedy_periodic,12234.593212,12234.593212,0,0.083,,,0,0,0,
wl_sweep_shard,vint_intro,rvvpair,networks_vint_intro_rvvpair,669,64,3,greedy_reserved,12187.946129,12187.946129,0,0.085,,,0,0,0,
wl_sweep_shard,vint_intro,rvvpair,networks_vint_intro_rvvpair,669,64,3,heft,11068.077718,11068.077718,64,0.131,,,0,0,0,
wl_sweep_shard,vint_intro,rvvpair,networks_vint_intro_rvvpair,669,64,3,heft_edf,11068.077718,11068.077718,0,0.621,,,0,0,0,
wl_sweep_shard,vint_intro,rvvpair,networks_vint_intro_rvvpair,669,64,3,pso,11068.077718,11068.077718,0,17.9,,,0,0,0,
wl_sweep_shard,vint_intro,rvvpair,networks_vint_intro_rvvpair,669,64,3,sa,11068.077718,11068.077718,0,20.03,,,0,0,0,
wl_sweep_shard,vint_multi,gempair,networks_vint_multi_gempair,801,196,3,cheap_portfolio,3754.817321,3754.817321,0,3.215,,,0,0,0,
wl_sweep_shard,vint_multi,gempair,networks_vint_multi_gempair,801,196,3,cpsat,3754.235129,3754.235129,0,8.474,OPTIMAL,0.0,0,0,0,
wl_sweep_shard,vint_multi,gempair,networks_vint_multi_gempair,801,196,3,cpsat:warm,3754.235129,3754.235129,0,8.255,OPTIMAL,0.0,0,0,0,
wl_sweep_shard,vint_multi,gempair,networks_vint_multi_gempair,801,196,3,cpsat:warmbest,3754.235129,3754.235129,0,8.209,OPTIMAL,0.0,0,0,0,
wl_sweep_shard,vint_multi,gempair,networks_vint_multi_gempair,801,196,3,decomposed,4106.569822,4106.569822,0,0.167,,,0,0,0,
wl_sweep_shard,vint_multi,gempair,networks_vint_multi_gempair,801,196,3,greedy,4106.564548,4106.564548,0,0.119,,,0,0,0,
wl_sweep_shard,vint_multi,gempair,networks_vint_multi_gempair,801,196,3,greedy_periodic,4106.564548,4106.564548,19,0.12,,,0,0,0,
wl_sweep_shard,vint_multi,gempair,networks_vint_multi_gempair,801,196,3,greedy_reserved,4108.924757,4108.924757,0,0.124,,,0,0,0,
wl_sweep_shard,vint_multi,gempair,networks_vint_multi_gempair,801,196,3,heft,3754.05146,3754.05146,196,0.208,,,0,0,0,
wl_sweep_shard,vint_multi,gempair,networks_vint_multi_gempair,801,196,3,heft_edf,3754.817321,3754.817321,0,2.477,,,0,0,0,
wl_sweep_shard,vint_multi,gempair,networks_vint_multi_gempair,801,196,3,pso,3754.817321,3754.817321,0,21.713,,,0,0,0,
wl_sweep_shard,vint_multi,gempair,networks_vint_multi_gempair,801,196,3,sa,3754.817321,3754.817321,0,20.009,,,0,0,0,
wl_sweep_shard,vint_multi,hetero,networks_vint_multi_hetero,801,196,2,cheap_portfolio,4160.689464,4160.689464,0,1.597,,,0,0,0,
wl_sweep_shard,vint_multi,hetero,networks_vint_multi_hetero,801,196,2,cpsat,4300.858175,4300.858175,0,60.924,FEASIBLE,0.12539,0,0,0,
wl_sweep_shard,vint_multi,hetero,networks_vint_multi_hetero,801,196,2,cpsat:warm,4120.099175,4120.099175,0,61.21,FEASIBLE,0.087019,0,0,0,
wl_sweep_shard,vint_multi,hetero,networks_vint_multi_hetero,801,196,2,cpsat:warmbest,4122.112175,4122.112175,0,62.525,FEASIBLE,0.087465,0,0,0,
wl_sweep_shard,vint_multi,hetero,networks_vint_multi_hetero,801,196,2,decomposed,4546.672448,4546.672448,0,0.122,,,0,0,0,
wl_sweep_shard,vint_multi,hetero,networks_vint_multi_hetero,801,196,2,greedy,4546.946559,4546.946559,0,0.106,,,0,0,0,
wl_sweep_shard,vint_multi,hetero,networks_vint_multi_hetero,801,196,2,greedy_periodic,4546.946559,4546.946559,77,0.11,,,0,0,0,
wl_sweep_shard,vint_multi,hetero,networks_vint_multi_hetero,801,196,2,greedy_reserved,4548.022351,4548.022351,77,0.114,,,0,0,0,
wl_sweep_shard,vint_multi,hetero,networks_vint_multi_hetero,801,196,2,heft,4160.689464,4160.689464,35,0.063,,,0,0,0,
wl_sweep_shard,vint_multi,hetero,networks_vint_multi_hetero,801,196,2,heft_edf,4160.689464,4160.689464,0,1.082,,,0,0,0,
wl_sweep_shard,vint_multi,hetero,networks_vint_multi_hetero,801,196,2,pso,4089.551693,4089.551693,0,20.26,,,0,0,0,
wl_sweep_shard,vint_multi,hetero,networks_vint_multi_hetero,801,196,2,sa,4160.689464,4160.689464,0,20.004,,,0,0,0,
wl_sweep_shard,vint_multi,quad,networks_vint_multi_quad,801,196,6,cheap_portfolio,3750.824959,3750.824959,0,2.565,,,0,0,0,
wl_sweep_shard,vint_multi,quad,networks_vint_multi_quad,801,196,6,cpsat,4365.088175,4365.088175,0,60.77,FEASIBLE,0.14068,0,0,0,
wl_sweep_shard,vint_multi,quad,networks_vint_multi_quad,801,196,6,cpsat:warm,3751.009129,3751.009129,0,29.621,OPTIMAL,0.0,0,0,0,
wl_sweep_shard,vint_multi,quad,networks_vint_multi_quad,801,196,6,cpsat:warmbest,3751.009129,3751.009129,0,18.255,OPTIMAL,0.0,0,0,0,
wl_sweep_shard,vint_multi,quad,networks_vint_multi_quad,801,196,6,decomposed,4010.540059,4010.540059,0,0.18,,,0,0,0,
wl_sweep_shard,vint_multi,quad,networks_vint_multi_quad,801,196,6,greedy,4010.631018,4010.631018,0,0.158,,,0,0,0,
wl_sweep_shard,vint_multi,quad,networks_vint_multi_quad,801,196,6,greedy_periodic,4010.631018,4010.631018,0,0.161,,,0,0,0,
wl_sweep_shard,vint_multi,quad,networks_vint_multi_quad,801,196,6,greedy_reserved,4011.99921,4011.99921,0,0.167,,,0,0,0,
wl_sweep_shard,vint_multi,quad,networks_vint_multi_quad,801,196,6,heft,3750.824959,3750.824959,0,0.152,,,0,0,0,
wl_sweep_shard,vint_multi,quad,networks_vint_multi_quad,801,196,6,heft_edf,3750.824959,3750.824959,0,1.747,,,0,0,0,
wl_sweep_shard,vint_multi,quad,networks_vint_multi_quad,801,196,6,pso,3750.824959,3750.824959,0,17.457,,,0,0,0,
wl_sweep_shard,vint_multi,quad,networks_vint_multi_quad,801,196,6,sa,3750.824959,3750.824959,0,20.074,,,0,0,0,
wl_sweep_shard,vint_multi,rvvpair,networks_vint_multi_rvvpair,801,196,3,cheap_portfolio,11068.225771,11068.225771,0,3.039,,,0,0,0,
wl_sweep_shard,vint_multi,rvvpair,networks_vint_multi_rvvpair,801,196,3,cpsat,11068.233175,11068.233175,0,22.555,OPTIMAL,0.0,0,0,0,
wl_sweep_shard,vint_multi,rvvpair,networks_vint_multi_rvvpair,801,196,3,cpsat:warm,11068.233175,11068.233175,0,6.894,OPTIMAL,0.0,0,0,0,
wl_sweep_shard,vint_multi,rvvpair,networks_vint_multi_rvvpair,801,196,3,cpsat:warmbest,11068.233175,11068.233175,0,8.64,OPTIMAL,0.0,0,0,0,
wl_sweep_shard,vint_multi,rvvpair,networks_vint_multi_rvvpair,801,196,3,decomposed,12334.900278,12334.900278,0,0.167,,,0,0,0,
wl_sweep_shard,vint_multi,rvvpair,networks_vint_multi_rvvpair,801,196,3,greedy,12334.900278,12334.900278,0,0.123,,,0,0,0,
wl_sweep_shard,vint_multi,rvvpair,networks_vint_multi_rvvpair,801,196,3,greedy_periodic,12334.900278,12334.900278,0,0.12,,,0,0,0,
wl_sweep_shard,vint_multi,rvvpair,networks_vint_multi_rvvpair,801,196,3,greedy_reserved,12293.142127,12293.142127,0,0.129,,,0,0,0,
wl_sweep_shard,vint_multi,rvvpair,networks_vint_multi_rvvpair,801,196,3,heft,11068.077718,11068.077718,196,0.193,,,0,0,0,
wl_sweep_shard,vint_multi,rvvpair,networks_vint_multi_rvvpair,801,196,3,heft_edf,11068.225771,11068.225771,0,2.307,,,0,0,0,
wl_sweep_shard,vint_multi,rvvpair,networks_vint_multi_rvvpair,801,196,3,pso,11068.225771,11068.225771,0,19.159,,,0,0,0,
wl_sweep_shard,vint_multi,rvvpair,networks_vint_multi_rvvpair,801,196,3,sa,11068.225771,11068.225771,0,20.025,,,0,0,0,
