dispatch_id,module_name,vmfb_path,mlir_path,mean_time,mean_unit,mean_time_ns,returncode,log_path,source,op,shape,cycles,cycles_n,cycles_cv_pct,implementation
0,vint_kcov$dispatch_0_gemmini_q31_cast_i8_to_f16_n97920,,,6.826196,ms,6826196.000000,0,,spike,cast_i8_to_f16,n=97920,6826196,1,,
1,vint_kcov$dispatch_1_gemmini_q31_slice_c_f16_N1xIC18xC_start15xC_end18xH64xW85,,,0.195942,ms,195942.000000,0,,spike,slice_c_f16,N=1;IC=18;C_start=15;C_end=18;H=64;W=85,195942,1,,
2,vint_kcov$dispatch_2_gemmini_q31_cast_i8_to_f16_n16320,,,1.137965,ms,1137965.000000,0,,spike,cast_i8_to_f16,n=16320,1137965,1,,
3,vint_kcov$dispatch_3_gemmini_q31_cat2_c1_f16_N1xH64xW85xC_total6xC_inputs3|3,,,0.391751,ms,391751.000000,0,,spike,cat2_c1_f16,N=1;H=64;W=85;C_total=6;C_inputs=3|3,391751,1,,
4,vint_kcov$dispatch_4_gemmini_q31_pad_f16_N1xC6xIH64xIW85xpad_left0xpad_right1xpad_top0xpad_bottom1,,,0.670529,ms,670529.000000,0,,spike,pad_f16,N=1;C=6;IH=64;IW=85;pad_left=0;pad_right=1;pad_top=0;pad_bottom=1,670529,1,,
5,vint_kcov$dispatch_5_gemmini_q31_conv2d_f16_N1xIC6xIH65xIW86xOC32xKH3xKW3xSH2xSW2xPH0xPW0xDH1xDW1xgroups1,,,297.656414,ms,297656414.000000,0,,spike,conv2d_f16,N=1;IC=6;IH=65;IW=86;OC=32;KH=3;KW=3;SH=2;SW=2;PH=0;PW=0;DH=1;DW=1;groups=1,297656414,1,,
6,vint_kcov$dispatch_6_gemmini_q31_batchnorm2d_f16_N1xC32xH32xW42,,,5.128091,ms,5128091.000000,0,,spike,batchnorm2d_f16,N=1;C=32;H=32;W=42,5128091,1,,
7,vint_kcov$dispatch_7_gemmini_q31_sigmoid_f16_n43008,,,7.762336,ms,7762336.000000,0,,spike,sigmoid_f16,n=43008,7762336,1,,
8,vint_kcov$dispatch_8_gemmini_q31_mul_f16_n43008,,,6.706717,ms,6706717.000000,0,,spike,mul_f16,n=43008,6706717,1,,
9,vint_kcov$dispatch_9_gemmini_q31_depthwise_conv2d_f16_N1xIC1xIH32xIW42xOC32xKH3xKW3xSH1xSW1xPH1xPW1xDH1xDW1xgroups32,,,48.046074,ms,48046074.000000,0,,spike,depthwise_conv2d_f16,N=1;IC=1;IH=32;IW=42;OC=32;KH=3;KW=3;SH=1;SW=1;PH=1;PW=1;DH=1;DW=1;groups=32,48046074,1,,
10,vint_kcov$dispatch_10_gemmini_q31_batchnorm2d_f16_N1xC32xH32xW42,,,5.123801,ms,5123801.000000,0,,spike,batchnorm2d_f16,N=1;C=32;H=32;W=42,5123801,1,,
11,vint_kcov$dispatch_11_gemmini_q31_sigmoid_f16_n43008,,,7.776254,ms,7776254.000000,0,,spike,sigmoid_f16,n=43008,7776254,1,,
12,vint_kcov$dispatch_12_gemmini_q31_mul_f16_n43008,,,6.706958,ms,6706958.000000,0,,spike,mul_f16,n=43008,6706958,1,,
13,vint_kcov$dispatch_13_gemmini_q31_adaptive_avg_pool2d_f16_N1xC32xIH32xIW42xOH1xOW1,,,3.283266,ms,3283266.000000,0,,spike,adaptive_avg_pool2d_f16,N=1;C=32;IH=32;IW=42;OH=1;OW=1,3283266,1,,
14,vint_kcov$dispatch_14_gemmini_q31_conv2d_f16_N1xIC32xIH1xIW1xOC8xKH1xKW1xSH1xSW1xPH0xPW0xDH1xDW1xgroups1,,,0.038591,ms,38591.000000,0,,spike,conv2d_f16,N=1;IC=32;IH=1;IW=1;OC=8;KH=1;KW=1;SH=1;SW=1;PH=0;PW=0;DH=1;DW=1;groups=1,38591,1,,
15,vint_kcov$dispatch_15_gemmini_q31_sigmoid_f16_n8,,,0.001490,ms,1490.000000,0,,spike,sigmoid_f16,n=8,1490,1,,
16,vint_kcov$dispatch_16_gemmini_q31_mul_f16_n8,,,0.001288,ms,1288.000000,0,,spike,mul_f16,n=8,1288,1,,
17,vint_kcov$dispatch_17_gemmini_q31_conv2d_f16_N1xIC8xIH1xIW1xOC32xKH1xKW1xSH1xSW1xPH0xPW0xDH1xDW1xgroups1,,,0.042575,ms,42575.000000,0,,spike,conv2d_f16,N=1;IC=8;IH=1;IW=1;OC=32;KH=1;KW=1;SH=1;SW=1;PH=0;PW=0;DH=1;DW=1;groups=1,42575,1,,
18,vint_kcov$dispatch_18_gemmini_q31_sigmoid_f16_n32,,,0.005575,ms,5575.000000,0,,spike,sigmoid_f16,n=32,5575,1,,
19,vint_kcov$dispatch_19_gemmini_q31_mul_c1_f16_N1xC32xHW1344,,,4.946895,ms,4946895.000000,0,,spike,mul_c1_f16,N=1;C=32;HW=1344,4946895,1,,
20,vint_kcov$dispatch_20_gemmini_q31_conv2d_f16_N1xIC32xIH32xIW42xOC16xKH1xKW1xSH1xSW1xPH0xPW0xDH1xDW1xgroups1,,,101.390849,ms,101390849.000000,0,,spike,conv2d_f16,N=1;IC=32;IH=32;IW=42;OC=16;KH=1;KW=1;SH=1;SW=1;PH=0;PW=0;DH=1;DW=1;groups=1,101390849,1,,
21,vint_kcov$dispatch_21_gemmini_q31_batchnorm2d_f16_N1xC16xH32xW42,,,2.564151,ms,2564151.000000,0,,spike,batchnorm2d_f16,N=1;C=16;H=32;W=42,2564151,1,,
22,vint_kcov$dispatch_22_gemmini_q31_conv2d_f16_N1xIC16xIH32xIW42xOC96xKH1xKW1xSH1xSW1xPH0xPW0xDH1xDW1xgroups1,,,308.950532,ms,308950532.000000,0,,spike,conv2d_f16,N=1;IC=16;IH=32;IW=42;OC=96;KH=1;KW=1;SH=1;SW=1;PH=0;PW=0;DH=1;DW=1;groups=1,308950532,1,,
23,vint_kcov$dispatch_23_gemmini_q31_batchnorm2d_f16_N1xC96xH32xW42,,,15.378493,ms,15378493.000000,0,,spike,batchnorm2d_f16,N=1;C=96;H=32;W=42,15378493,1,,
24,vint_kcov$dispatch_24_gemmini_q31_sigmoid_f16_n129024,,,23.533257,ms,23533257.000000,0,,spike,sigmoid_f16,n=129024,23533257,1,,
25,vint_kcov$dispatch_25_gemmini_q31_mul_f16_n129024,,,20.120936,ms,20120936.000000,0,,spike,mul_f16,n=129024,20120936,1,,
26,vint_kcov$dispatch_26_gemmini_q31_pad_f16_N1xC96xIH32xIW42xpad_left0xpad_right1xpad_top0xpad_bottom1,,,2.722265,ms,2722265.000000,0,,spike,pad_f16,N=1;C=96;IH=32;IW=42;pad_left=0;pad_right=1;pad_top=0;pad_bottom=1,2722265,1,,
27,vint_kcov$dispatch_27_gemmini_q31_depthwise_conv2d_f16_N1xIC1xIH33xIW43xOC96xKH3xKW3xSH2xSW2xPH0xPW0xDH1xDW1xgroups96,,,37.246724,ms,37246724.000000,0,,spike,depthwise_conv2d_f16,N=1;IC=1;IH=33;IW=43;OC=96;KH=3;KW=3;SH=2;SW=2;PH=0;PW=0;DH=1;DW=1;groups=96,37246724,1,,
28,vint_kcov$dispatch_28_gemmini_q31_batchnorm2d_f16_N1xC96xH16xW21,,,3.859528,ms,3859528.000000,0,,spike,batchnorm2d_f16,N=1;C=96;H=16;W=21,3859528,1,,
29,vint_kcov$dispatch_29_gemmini_q31_sigmoid_f16_n32256,,,5.824900,ms,5824900.000000,0,,spike,sigmoid_f16,n=32256,5824900,1,,
30,vint_kcov$dispatch_30_gemmini_q31_mul_f16_n32256,,,5.030538,ms,5030538.000000,0,,spike,mul_f16,n=32256,5030538,1,,
31,vint_kcov$dispatch_31_gemmini_q31_adaptive_avg_pool2d_f16_N1xC96xIH16xIW21xOH1xOW1,,,2.479198,ms,2479198.000000,0,,spike,adaptive_avg_pool2d_f16,N=1;C=96;IH=16;IW=21;OH=1;OW=1,2479198,1,,
32,vint_kcov$dispatch_32_gemmini_q31_conv2d_f16_N1xIC96xIH1xIW1xOC4xKH1xKW1xSH1xSW1xPH0xPW0xDH1xDW1xgroups1,,,0.056487,ms,56487.000000,0,,spike,conv2d_f16,N=1;IC=96;IH=1;IW=1;OC=4;KH=1;KW=1;SH=1;SW=1;PH=0;PW=0;DH=1;DW=1;groups=1,56487,1,,
33,vint_kcov$dispatch_33_gemmini_q31_sigmoid_f16_n4,,,0.000802,ms,802.000000,0,,spike,sigmoid_f16,n=4,802,1,,
34,vint_kcov$dispatch_34_gemmini_q31_mul_f16_n4,,,0.000664,ms,664.000000,0,,spike,mul_f16,n=4,664,1,,
35,vint_kcov$dispatch_35_gemmini_q31_conv2d_f16_N1xIC4xIH1xIW1xOC96xKH1xKW1xSH1xSW1xPH0xPW0xDH1xDW1xgroups1,,,0.071759,ms,71759.000000,0,,spike,conv2d_f16,N=1;IC=4;IH=1;IW=1;OC=96;KH=1;KW=1;SH=1;SW=1;PH=0;PW=0;DH=1;DW=1;groups=1,71759,1,,
36,vint_kcov$dispatch_36_gemmini_q31_sigmoid_f16_n96,,,0.017051,ms,17051.000000,0,,spike,sigmoid_f16,n=96,17051,1,,
37,vint_kcov$dispatch_37_gemmini_q31_mul_c1_f16_N1xC96xHW336,,,3.714143,ms,3714143.000000,0,,spike,mul_c1_f16,N=1;C=96;HW=336,3714143,1,,
38,vint_kcov$dispatch_38_gemmini_q31_conv2d_f16_N1xIC96xIH16xIW21xOC24xKH1xKW1xSH1xSW1xPH0xPW0xDH1xDW1xgroups1,,,112.921367,ms,112921367.000000,0,,spike,conv2d_f16,N=1;IC=96;IH=16;IW=21;OC=24;KH=1;KW=1;SH=1;SW=1;PH=0;PW=0;DH=1;DW=1;groups=1,112921367,1,,
39,vint_kcov$dispatch_39_gemmini_q31_batchnorm2d_f16_N1xC24xH16xW21,,,0.965200,ms,965200.000000,0,,spike,batchnorm2d_f16,N=1;C=24;H=16;W=21,965200,1,,
40,vint_kcov$dispatch_40_gemmini_q31_conv2d_f16_N1xIC24xIH16xIW21xOC144xKH1xKW1xSH1xSW1xPH0xPW0xDH1xDW1xgroups1,,,172.042543,ms,172042543.000000,0,,spike,conv2d_f16,N=1;IC=24;IH=16;IW=21;OC=144;KH=1;KW=1;SH=1;SW=1;PH=0;PW=0;DH=1;DW=1;groups=1,172042543,1,,
41,vint_kcov$dispatch_41_gemmini_q31_batchnorm2d_f16_N1xC144xH16xW21,,,5.787229,ms,5787229.000000,0,,spike,batchnorm2d_f16,N=1;C=144;H=16;W=21,5787229,1,,
42,vint_kcov$dispatch_42_gemmini_q31_sigmoid_f16_n48384,,,8.830210,ms,8830210.000000,0,,spike,sigmoid_f16,n=48384,8830210,1,,
43,vint_kcov$dispatch_43_gemmini_q31_mul_f16_n48384,,,7.545149,ms,7545149.000000,0,,spike,mul_f16,n=48384,7545149,1,,
44,vint_kcov$dispatch_44_gemmini_q31_depthwise_conv2d_f16_N1xIC1xIH16xIW21xOC144xKH3xKW3xSH1xSW1xPH1xPW1xDH1xDW1xgroups144,,,52.297130,ms,52297130.000000,0,,spike,depthwise_conv2d_f16,N=1;IC=1;IH=16;IW=21;OC=144;KH=3;KW=3;SH=1;SW=1;PH=1;PW=1;DH=1;DW=1;groups=144,52297130,1,,
45,vint_kcov$dispatch_45_gemmini_q31_batchnorm2d_f16_N1xC144xH16xW21,,,5.787490,ms,5787490.000000,0,,spike,batchnorm2d_f16,N=1;C=144;H=16;W=21,5787490,1,,
46,vint_kcov$dispatch_46_gemmini_q31_sigmoid_f16_n48384,,,8.718129,ms,8718129.000000,0,,spike,sigmoid_f16,n=48384,8718129,1,,
47,vint_kcov$dispatch_47_gemmini_q31_mul_f16_n48384,,,7.545395,ms,7545395.000000,0,,spike,mul_f16,n=48384,7545395,1,,
48,vint_kcov$dispatch_48_gemmini_q31_adaptive_avg_pool2d_f16_N1xC144xIH16xIW21xOH1xOW1,,,3.718854,ms,3718854.000000,0,,spike,adaptive_avg_pool2d_f16,N=1;C=144;IH=16;IW=21;OH=1;OW=1,3718854,1,,
49,vint_kcov$dispatch_49_gemmini_q31_conv2d_f16_N1xIC144xIH1xIW1xOC6xKH1xKW1xSH1xSW1xPH0xPW0xDH1xDW1xgroups1,,,0.126469,ms,126469.000000,0,,spike,conv2d_f16,N=1;IC=144;IH=1;IW=1;OC=6;KH=1;KW=1;SH=1;SW=1;PH=0;PW=0;DH=1;DW=1;groups=1,126469,1,,
50,vint_kcov$dispatch_50_gemmini_q31_sigmoid_f16_n6,,,0.001182,ms,1182.000000,0,,spike,sigmoid_f16,n=6,1182,1,,
51,vint_kcov$dispatch_51_gemmini_q31_mul_f16_n6,,,0.000976,ms,976.000000,0,,spike,mul_f16,n=6,976,1,,
52,vint_kcov$dispatch_52_gemmini_q31_conv2d_f16_N1xIC6xIH1xIW1xOC144xKH1xKW1xSH1xSW1xPH0xPW0xDH1xDW1xgroups1,,,0.149327,ms,149327.000000,0,,spike,conv2d_f16,N=1;IC=6;IH=1;IW=1;OC=144;KH=1;KW=1;SH=1;SW=1;PH=0;PW=0;DH=1;DW=1;groups=1,149327,1,,
53,vint_kcov$dispatch_53_gemmini_q31_sigmoid_f16_n144,,,0.026168,ms,26168.000000,0,,spike,sigmoid_f16,n=144,26168,1,,
54,vint_kcov$dispatch_54_gemmini_q31_mul_c1_f16_N1xC144xHW336,,,5.570258,ms,5570258.000000,0,,spike,mul_c1_f16,N=1;C=144;HW=336,5570258,1,,
55,vint_kcov$dispatch_55_gemmini_q31_conv2d_f16_N1xIC144xIH16xIW21xOC24xKH1xKW1xSH1xSW1xPH0xPW0xDH1xDW1xgroups1,,,169.052689,ms,169052689.000000,0,,spike,conv2d_f16,N=1;IC=144;IH=16;IW=21;OC=24;KH=1;KW=1;SH=1;SW=1;PH=0;PW=0;DH=1;DW=1;groups=1,169052689,1,,
56,vint_kcov$dispatch_56_gemmini_q31_batchnorm2d_f16_N1xC24xH16xW21,,,0.964620,ms,964620.000000,0,,spike,batchnorm2d_f16,N=1;C=24;H=16;W=21,964620,1,,
57,vint_kcov$dispatch_57_gemmini_q31_add_f16_n8064,,,1.216072,ms,1216072.000000,0,,spike,add_f16,n=8064,1216072,1,,
58,vint_kcov$dispatch_58_gemmini_q31_conv2d_f16_N1xIC24xIH16xIW21xOC144xKH1xKW1xSH1xSW1xPH0xPW0xDH1xDW1xgroups1,,,172.025427,ms,172025427.000000,0,,spike,conv2d_f16,N=1;IC=24;IH=16;IW=21;OC=144;KH=1;KW=1;SH=1;SW=1;PH=0;PW=0;DH=1;DW=1;groups=1,172025427,1,,
59,vint_kcov$dispatch_59_gemmini_q31_batchnorm2d_f16_N1xC144xH16xW21,,,5.788104,ms,5788104.000000,0,,spike,batchnorm2d_f16,N=1;C=144;H=16;W=21,5788104,1,,
60,vint_kcov$dispatch_60_gemmini_q31_sigmoid_f16_n48384,,,8.720985,ms,8720985.000000,0,,spike,sigmoid_f16,n=48384,8720985,1,,
61,vint_kcov$dispatch_61_gemmini_q31_mul_f16_n48384,,,7.545397,ms,7545397.000000,0,,spike,mul_f16,n=48384,7545397,1,,
62,vint_kcov$dispatch_62_gemmini_q31_pad_f16_N1xC144xIH16xIW21xpad_left1xpad_right2xpad_top1xpad_bottom2,,,1.169945,ms,1169945.000000,0,,spike,pad_f16,N=1;C=144;IH=16;IW=21;pad_left=1;pad_right=2;pad_top=1;pad_bottom=2,1169945,1,,
63,vint_kcov$dispatch_63_gemmini_q31_depthwise_conv2d_f16_N1xIC1xIH19xIW24xOC144xKH5xKW5xSH2xSW2xPH0xPW0xDH1xDW1xgroups144,,,34.950901,ms,34950901.000000,0,,spike,depthwise_conv2d_f16,N=1;IC=1;IH=19;IW=24;OC=144;KH=5;KW=5;SH=2;SW=2;PH=0;PW=0;DH=1;DW=1;groups=144,34950901,1,,
64,vint_kcov$dispatch_64_gemmini_q31_batchnorm2d_f16_N1xC144xH8xW10,,,1.393757,ms,1393757.000000,0,,spike,batchnorm2d_f16,N=1;C=144;H=8;W=10,1393757,1,,
65,vint_kcov$dispatch_65_gemmini_q31_sigmoid_f16_n11520,,,2.075338,ms,2075338.000000,0,,spike,sigmoid_f16,n=11520,2075338,1,,
66,vint_kcov$dispatch_66_gemmini_q31_mul_f16_n11520,,,1.796455,ms,1796455.000000,0,,spike,mul_f16,n=11520,1796455,1,,
67,vint_kcov$dispatch_67_gemmini_q31_adaptive_avg_pool2d_f16_N1xC144xIH8xIW10xOH1xOW1,,,0.905370,ms,905370.000000,0,,spike,adaptive_avg_pool2d_f16,N=1;C=144;IH=8;IW=10;OH=1;OW=1,905370,1,,
68,vint_kcov$dispatch_68_gemmini_q31_conv2d_f16_N1xIC144xIH1xIW1xOC6xKH1xKW1xSH1xSW1xPH0xPW0xDH1xDW1xgroups1,,,0.126419,ms,126419.000000,0,,spike,conv2d_f16,N=1;IC=144;IH=1;IW=1;OC=6;KH=1;KW=1;SH=1;SW=1;PH=0;PW=0;DH=1;DW=1;groups=1,126419,1,,
69,vint_kcov$dispatch_69_gemmini_q31_sigmoid_f16_n6,,,0.001134,ms,1134.000000,0,,spike,sigmoid_f16,n=6,1134,1,,
70,vint_kcov$dispatch_70_gemmini_q31_mul_f16_n6,,,0.000976,ms,976.000000,0,,spike,mul_f16,n=6,976,1,,
71,vint_kcov$dispatch_71_gemmini_q31_conv2d_f16_N1xIC6xIH1xIW1xOC144xKH1xKW1xSH1xSW1xPH0xPW0xDH1xDW1xgroups1,,,0.149327,ms,149327.000000,0,,spike,conv2d_f16,N=1;IC=6;IH=1;IW=1;OC=144;KH=1;KW=1;SH=1;SW=1;PH=0;PW=0;DH=1;DW=1;groups=1,149327,1,,
72,vint_kcov$dispatch_72_gemmini_q31_sigmoid_f16_n144,,,0.025139,ms,25139.000000,0,,spike,sigmoid_f16,n=144,25139,1,,
73,vint_kcov$dispatch_73_gemmini_q31_mul_c1_f16_N1xC144xHW80,,,1.332512,ms,1332512.000000,0,,spike,mul_c1_f16,N=1;C=144;HW=80,1332512,1,,
74,vint_kcov$dispatch_74_gemmini_q31_conv2d_f16_N1xIC144xIH8xIW10xOC40xKH1xKW1xSH1xSW1xPH0xPW0xDH1xDW1xgroups1,,,67.066675,ms,67066675.000000,0,,spike,conv2d_f16,N=1;IC=144;IH=8;IW=10;OC=40;KH=1;KW=1;SH=1;SW=1;PH=0;PW=0;DH=1;DW=1;groups=1,67066675,1,,
75,vint_kcov$dispatch_75_gemmini_q31_batchnorm2d_f16_N1xC40xH8xW10,,,0.387226,ms,387226.000000,0,,spike,batchnorm2d_f16,N=1;C=40;H=8;W=10,387226,1,,
76,vint_kcov$dispatch_76_gemmini_q31_conv2d_f16_N1xIC40xIH8xIW10xOC240xKH1xKW1xSH1xSW1xPH0xPW0xDH1xDW1xgroups1,,,112.871234,ms,112871234.000000,0,,spike,conv2d_f16,N=1;IC=40;IH=8;IW=10;OC=240;KH=1;KW=1;SH=1;SW=1;PH=0;PW=0;DH=1;DW=1;groups=1,112871234,1,,
77,vint_kcov$dispatch_77_gemmini_q31_batchnorm2d_f16_N1xC240xH8xW10,,,2.322746,ms,2322746.000000,0,,spike,batchnorm2d_f16,N=1;C=240;H=8;W=10,2322746,1,,
78,vint_kcov$dispatch_78_gemmini_q31_sigmoid_f16_n19200,,,3.501520,ms,3501520.000000,0,,spike,sigmoid_f16,n=19200,3501520,1,,
79,vint_kcov$dispatch_79_gemmini_q31_mul_f16_n19200,,,2.994364,ms,2994364.000000,0,,spike,mul_f16,n=19200,2994364,1,,
80,vint_kcov$dispatch_80_gemmini_q31_depthwise_conv2d_f16_N1xIC1xIH8xIW10xOC240xKH5xKW5xSH1xSW1xPH2xPW2xDH1xDW1xgroups240,,,44.487176,ms,44487176.000000,0,,spike,depthwise_conv2d_f16,N=1;IC=1;IH=8;IW=10;OC=240;KH=5;KW=5;SH=1;SW=1;PH=2;PW=2;DH=1;DW=1;groups=240,44487176,1,,
81,vint_kcov$dispatch_81_gemmini_q31_batchnorm2d_f16_N1xC240xH8xW10,,,2.323990,ms,2323990.000000,0,,spike,batchnorm2d_f16,N=1;C=240;H=8;W=10,2323990,1,,
82,vint_kcov$dispatch_82_gemmini_q31_sigmoid_f16_n19200,,,3.458323,ms,3458323.000000,0,,spike,sigmoid_f16,n=19200,3458323,1,,
83,vint_kcov$dispatch_83_gemmini_q31_mul_f16_n19200,,,2.994111,ms,2994111.000000,0,,spike,mul_f16,n=19200,2994111,1,,
84,vint_kcov$dispatch_84_gemmini_q31_adaptive_avg_pool2d_f16_N1xC240xIH8xIW10xOH1xOW1,,,1.508808,ms,1508808.000000,0,,spike,adaptive_avg_pool2d_f16,N=1;C=240;IH=8;IW=10;OH=1;OW=1,1508808,1,,
85,vint_kcov$dispatch_85_gemmini_q31_conv2d_f16_N1xIC240xIH1xIW1xOC10xKH1xKW1xSH1xSW1xPH0xPW0xDH1xDW1xgroups1,,,0.349803,ms,349803.000000,0,,spike,conv2d_f16,N=1;IC=240;IH=1;IW=1;OC=10;KH=1;KW=1;SH=1;SW=1;PH=0;PW=0;DH=1;DW=1;groups=1,349803,1,,
86,vint_kcov$dispatch_86_gemmini_q31_sigmoid_f16_n10,,,0.001900,ms,1900.000000,0,,spike,sigmoid_f16,n=10,1900,1,,
87,vint_kcov$dispatch_87_gemmini_q31_mul_f16_n10,,,0.001600,ms,1600.000000,0,,spike,mul_f16,n=10,1600,1,,
88,vint_kcov$dispatch_88_gemmini_q31_conv2d_f16_N1xIC10xIH1xIW1xOC240xKH1xKW1xSH1xSW1xPH0xPW0xDH1xDW1xgroups1,,,0.388033,ms,388033.000000,0,,spike,conv2d_f16,N=1;IC=10;IH=1;IW=1;OC=240;KH=1;KW=1;SH=1;SW=1;PH=0;PW=0;DH=1;DW=1;groups=1,388033,1,,
89,vint_kcov$dispatch_89_gemmini_q31_sigmoid_f16_n240,,,0.042391,ms,42391.000000,0,,spike,sigmoid_f16,n=240,42391,1,,
90,vint_kcov$dispatch_90_gemmini_q31_mul_c1_f16_N1xC240xHW80,,,2.220351,ms,2220351.000000,0,,spike,mul_c1_f16,N=1;C=240;HW=80,2220351,1,,
91,vint_kcov$dispatch_91_gemmini_q31_conv2d_f16_N1xIC240xIH8xIW10xOC40xKH1xKW1xSH1xSW1xPH0xPW0xDH1xDW1xgroups1,,,111.626669,ms,111626669.000000,0,,spike,conv2d_f16,N=1;IC=240;IH=8;IW=10;OC=40;KH=1;KW=1;SH=1;SW=1;PH=0;PW=0;DH=1;DW=1;groups=1,111626669,1,,
92,vint_kcov$dispatch_92_gemmini_q31_batchnorm2d_f16_N1xC40xH8xW10,,,0.387326,ms,387326.000000,0,,spike,batchnorm2d_f16,N=1;C=40;H=8;W=10,387326,1,,
93,vint_kcov$dispatch_93_gemmini_q31_add_f16_n3200,,,0.482487,ms,482487.000000,0,,spike,add_f16,n=3200,482487,1,,
94,vint_kcov$dispatch_94_gemmini_q31_conv2d_f16_N1xIC40xIH8xIW10xOC240xKH1xKW1xSH1xSW1xPH0xPW0xDH1xDW1xgroups1,,,112.834787,ms,112834787.000000,0,,spike,conv2d_f16,N=1;IC=40;IH=8;IW=10;OC=240;KH=1;KW=1;SH=1;SW=1;PH=0;PW=0;DH=1;DW=1;groups=1,112834787,1,,
95,vint_kcov$dispatch_95_gemmini_q31_batchnorm2d_f16_N1xC240xH8xW10,,,2.323162,ms,2323162.000000,0,,spike,batchnorm2d_f16,N=1;C=240;H=8;W=10,2323162,1,,
96,vint_kcov$dispatch_96_gemmini_q31_sigmoid_f16_n19200,,,3.499356,ms,3499356.000000,0,,spike,sigmoid_f16,n=19200,3499356,1,,
97,vint_kcov$dispatch_97_gemmini_q31_mul_f16_n19200,,,2.994073,ms,2994073.000000,0,,spike,mul_f16,n=19200,2994073,1,,
98,vint_kcov$dispatch_98_gemmini_q31_pad_f16_N1xC240xIH8xIW10xpad_left0xpad_right1xpad_top0xpad_bottom1,,,0.475289,ms,475289.000000,0,,spike,pad_f16,N=1;C=240;IH=8;IW=10;pad_left=0;pad_right=1;pad_top=0;pad_bottom=1,475289,1,,
99,vint_kcov$dispatch_99_gemmini_q31_depthwise_conv2d_f16_N1xIC1xIH9xIW11xOC240xKH3xKW3xSH2xSW2xPH0xPW0xDH1xDW1xgroups240,,,5.558266,ms,5558266.000000,0,,spike,depthwise_conv2d_f16,N=1;IC=1;IH=9;IW=11;OC=240;KH=3;KW=3;SH=2;SW=2;PH=0;PW=0;DH=1;DW=1;groups=240,5558266,1,,
100,vint_kcov$dispatch_100_gemmini_q31_batchnorm2d_f16_N1xC240xH4xW5,,,0.602945,ms,602945.000000,0,,spike,batchnorm2d_f16,N=1;C=240;H=4;W=5,602945,1,,
101,vint_kcov$dispatch_101_gemmini_q31_sigmoid_f16_n4800,,,0.866934,ms,866934.000000,0,,spike,sigmoid_f16,n=4800,866934,1,,
102,vint_kcov$dispatch_102_gemmini_q31_mul_f16_n4800,,,0.748623,ms,748623.000000,0,,spike,mul_f16,n=4800,748623,1,,
103,vint_kcov$dispatch_103_gemmini_q31_adaptive_avg_pool2d_f16_N1xC240xIH4xIW5xOH1xOW1,,,0.404814,ms,404814.000000,0,,spike,adaptive_avg_pool2d_f16,N=1;C=240;IH=4;IW=5;OH=1;OW=1,404814,1,,
104,vint_kcov$dispatch_104_gemmini_q31_conv2d_f16_N1xIC240xIH1xIW1xOC10xKH1xKW1xSH1xSW1xPH0xPW0xDH1xDW1xgroups1,,,0.349903,ms,349903.000000,0,,spike,conv2d_f16,N=1;IC=240;IH=1;IW=1;OC=10;KH=1;KW=1;SH=1;SW=1;PH=0;PW=0;DH=1;DW=1;groups=1,349903,1,,
105,vint_kcov$dispatch_105_gemmini_q31_sigmoid_f16_n10,,,0.001925,ms,1925.000000,0,,spike,sigmoid_f16,n=10,1925,1,,
106,vint_kcov$dispatch_106_gemmini_q31_mul_f16_n10,,,0.001600,ms,1600.000000,0,,spike,mul_f16,n=10,1600,1,,
107,vint_kcov$dispatch_107_gemmini_q31_conv2d_f16_N1xIC10xIH1xIW1xOC240xKH1xKW1xSH1xSW1xPH0xPW0xDH1xDW1xgroups1,,,0.388033,ms,388033.000000,0,,spike,conv2d_f16,N=1;IC=10;IH=1;IW=1;OC=240;KH=1;KW=1;SH=1;SW=1;PH=0;PW=0;DH=1;DW=1;groups=1,388033,1,,
108,vint_kcov$dispatch_108_gemmini_q31_sigmoid_f16_n240,,,0.042851,ms,42851.000000,0,,spike,sigmoid_f16,n=240,42851,1,,
109,vint_kcov$dispatch_109_gemmini_q31_mul_c1_f16_N1xC240xHW20,,,0.564657,ms,564657.000000,0,,spike,mul_c1_f16,N=1;C=240;HW=20,564657,1,,
110,vint_kcov$dispatch_110_gemmini_q31_conv2d_f16_N1xIC240xIH4xIW5xOC80xKH1xKW1xSH1xSW1xPH0xPW0xDH1xDW1xgroups1,,,55.827312,ms,55827312.000000,0,,spike,conv2d_f16,N=1;IC=240;IH=4;IW=5;OC=80;KH=1;KW=1;SH=1;SW=1;PH=0;PW=0;DH=1;DW=1;groups=1,55827312,1,,
111,vint_kcov$dispatch_111_gemmini_q31_batchnorm2d_f16_N1xC80xH4xW5,,,0.201092,ms,201092.000000,0,,spike,batchnorm2d_f16,N=1;C=80;H=4;W=5,201092,1,,
112,vint_kcov$dispatch_112_gemmini_q31_conv2d_f16_N1xIC80xIH4xIW5xOC480xKH1xKW1xSH1xSW1xPH0xPW0xDH1xDW1xgroups1,,,112.163904,ms,112163904.000000,0,,spike,conv2d_f16,N=1;IC=80;IH=4;IW=5;OC=480;KH=1;KW=1;SH=1;SW=1;PH=0;PW=0;DH=1;DW=1;groups=1,112163904,1,,
113,vint_kcov$dispatch_113_gemmini_q31_batchnorm2d_f16_N1xC480xH4xW5,,,1.205620,ms,1205620.000000,0,,spike,batchnorm2d_f16,N=1;C=480;H=4;W=5,1205620,1,,
114,vint_kcov$dispatch_114_gemmini_q31_sigmoid_f16_n9600,,,1.764389,ms,1764389.000000,0,,spike,sigmoid_f16,n=9600,1764389,1,,
115,vint_kcov$dispatch_115_gemmini_q31_mul_f16_n9600,,,1.497209,ms,1497209.000000,0,,spike,mul_f16,n=9600,1497209,1,,
116,vint_kcov$dispatch_116_gemmini_q31_depthwise_conv2d_f16_N1xIC1xIH4xIW5xOC480xKH3xKW3xSH1xSW1xPH1xPW1xDH1xDW1xgroups480,,,8.381581,ms,8381581.000000,0,,spike,depthwise_conv2d_f16,N=1;IC=1;IH=4;IW=5;OC=480;KH=3;KW=3;SH=1;SW=1;PH=1;PW=1;DH=1;DW=1;groups=480,8381581,1,,
117,vint_kcov$dispatch_117_gemmini_q31_batchnorm2d_f16_N1xC480xH4xW5,,,1.205694,ms,1205694.000000,0,,spike,batchnorm2d_f16,N=1;C=480;H=4;W=5,1205694,1,,
118,vint_kcov$dispatch_118_gemmini_q31_sigmoid_f16_n9600,,,1.735980,ms,1735980.000000,0,,spike,sigmoid_f16,n=9600,1735980,1,,
119,vint_kcov$dispatch_119_gemmini_q31_mul_f16_n9600,,,1.497112,ms,1497112.000000,0,,spike,mul_f16,n=9600,1497112,1,,
120,vint_kcov$dispatch_120_gemmini_q31_adaptive_avg_pool2d_f16_N1xC480xIH4xIW5xOH1xOW1,,,0.809321,ms,809321.000000,0,,spike,adaptive_avg_pool2d_f16,N=1;C=480;IH=4;IW=5;OH=1;OW=1,809321,1,,
121,vint_kcov$dispatch_121_gemmini_q31_conv2d_f16_N1xIC480xIH1xIW1xOC20xKH1xKW1xSH1xSW1xPH0xPW0xDH1xDW1xgroups1,,,1.396613,ms,1396613.000000,0,,spike,conv2d_f16,N=1;IC=480;IH=1;IW=1;OC=20;KH=1;KW=1;SH=1;SW=1;PH=0;PW=0;DH=1;DW=1;groups=1,1396613,1,,
122,vint_kcov$dispatch_122_gemmini_q31_sigmoid_f16_n20,,,0.003840,ms,3840.000000,0,,spike,sigmoid_f16,n=20,3840,1,,
123,vint_kcov$dispatch_123_gemmini_q31_mul_f16_n20,,,0.003160,ms,3160.000000,0,,spike,mul_f16,n=20,3160,1,,
124,vint_kcov$dispatch_124_gemmini_q31_conv2d_f16_N1xIC20xIH1xIW1xOC480xKH1xKW1xSH1xSW1xPH0xPW0xDH1xDW1xgroups1,,,1.472023,ms,1472023.000000,0,,spike,conv2d_f16,N=1;IC=20;IH=1;IW=1;OC=480;KH=1;KW=1;SH=1;SW=1;PH=0;PW=0;DH=1;DW=1;groups=1,1472023,1,,
125,vint_kcov$dispatch_125_gemmini_q31_sigmoid_f16_n480,,,0.091059,ms,91059.000000,0,,spike,sigmoid_f16,n=480,91059,1,,
126,vint_kcov$dispatch_126_gemmini_q31_mul_c1_f16_N1xC480xHW20,,,1.129650,ms,1129650.000000,0,,spike,mul_c1_f16,N=1;C=480;HW=20,1129650,1,,
127,vint_kcov$dispatch_127_gemmini_q31_conv2d_f16_N1xIC480xIH4xIW5xOC80xKH1xKW1xSH1xSW1xPH0xPW0xDH1xDW1xgroups1,,,111.561276,ms,111561276.000000,0,,spike,conv2d_f16,N=1;IC=480;IH=4;IW=5;OC=80;KH=1;KW=1;SH=1;SW=1;PH=0;PW=0;DH=1;DW=1;groups=1,111561276,1,,
128,vint_kcov$dispatch_128_gemmini_q31_batchnorm2d_f16_N1xC80xH4xW5,,,0.201019,ms,201019.000000,0,,spike,batchnorm2d_f16,N=1;C=80;H=4;W=5,201019,1,,
129,vint_kcov$dispatch_129_gemmini_q31_add_f16_n1600,,,0.241666,ms,241666.000000,0,,spike,add_f16,n=1600,241666,1,,
130,vint_kcov$dispatch_130_gemmini_q31_conv2d_f16_N1xIC80xIH4xIW5xOC480xKH1xKW1xSH1xSW1xPH0xPW0xDH1xDW1xgroups1,,,112.133846,ms,112133846.000000,0,,spike,conv2d_f16,N=1;IC=80;IH=4;IW=5;OC=480;KH=1;KW=1;SH=1;SW=1;PH=0;PW=0;DH=1;DW=1;groups=1,112133846,1,,
131,vint_kcov$dispatch_131_gemmini_q31_batchnorm2d_f16_N1xC480xH4xW5,,,1.205460,ms,1205460.000000,0,,spike,batchnorm2d_f16,N=1;C=480;H=4;W=5,1205460,1,,
132,vint_kcov$dispatch_132_gemmini_q31_sigmoid_f16_n9600,,,1.770794,ms,1770794.000000,0,,spike,sigmoid_f16,n=9600,1770794,1,,
133,vint_kcov$dispatch_133_gemmini_q31_mul_f16_n9600,,,1.497143,ms,1497143.000000,0,,spike,mul_f16,n=9600,1497143,1,,
134,vint_kcov$dispatch_134_gemmini_q31_depthwise_conv2d_f16_N1xIC1xIH4xIW5xOC480xKH3xKW3xSH1xSW1xPH1xPW1xDH1xDW1xgroups480,,,8.380807,ms,8380807.000000,0,,spike,depthwise_conv2d_f16,N=1;IC=1;IH=4;IW=5;OC=480;KH=3;KW=3;SH=1;SW=1;PH=1;PW=1;DH=1;DW=1;groups=480,8380807,1,,
135,vint_kcov$dispatch_135_gemmini_q31_batchnorm2d_f16_N1xC480xH4xW5,,,1.205729,ms,1205729.000000,0,,spike,batchnorm2d_f16,N=1;C=480;H=4;W=5,1205729,1,,
136,vint_kcov$dispatch_136_gemmini_q31_sigmoid_f16_n9600,,,1.734184,ms,1734184.000000,0,,spike,sigmoid_f16,n=9600,1734184,1,,
137,vint_kcov$dispatch_137_gemmini_q31_mul_f16_n9600,,,1.496989,ms,1496989.000000,0,,spike,mul_f16,n=9600,1496989,1,,
138,vint_kcov$dispatch_138_gemmini_q31_adaptive_avg_pool2d_f16_N1xC480xIH4xIW5xOH1xOW1,,,0.809341,ms,809341.000000,0,,spike,adaptive_avg_pool2d_f16,N=1;C=480;IH=4;IW=5;OH=1;OW=1,809341,1,,
139,vint_kcov$dispatch_139_gemmini_q31_conv2d_f16_N1xIC480xIH1xIW1xOC20xKH1xKW1xSH1xSW1xPH0xPW0xDH1xDW1xgroups1,,,1.395513,ms,1395513.000000,0,,spike,conv2d_f16,N=1;IC=480;IH=1;IW=1;OC=20;KH=1;KW=1;SH=1;SW=1;PH=0;PW=0;DH=1;DW=1;groups=1,1395513,1,,
140,vint_kcov$dispatch_140_gemmini_q31_sigmoid_f16_n20,,,0.003876,ms,3876.000000,0,,spike,sigmoid_f16,n=20,3876,1,,
141,vint_kcov$dispatch_141_gemmini_q31_mul_f16_n20,,,0.003148,ms,3148.000000,0,,spike,mul_f16,n=20,3148,1,,
142,vint_kcov$dispatch_142_gemmini_q31_conv2d_f16_N1xIC20xIH1xIW1xOC480xKH1xKW1xSH1xSW1xPH0xPW0xDH1xDW1xgroups1,,,1.471973,ms,1471973.000000,0,,spike,conv2d_f16,N=1;IC=20;IH=1;IW=1;OC=480;KH=1;KW=1;SH=1;SW=1;PH=0;PW=0;DH=1;DW=1;groups=1,1471973,1,,
143,vint_kcov$dispatch_143_gemmini_q31_sigmoid_f16_n480,,,0.089521,ms,89521.000000,0,,spike,sigmoid_f16,n=480,89521,1,,
144,vint_kcov$dispatch_144_gemmini_q31_mul_c1_f16_N1xC480xHW20,,,1.129499,ms,1129499.000000,0,,spike,mul_c1_f16,N=1;C=480;HW=20,1129499,1,,
145,vint_kcov$dispatch_145_gemmini_q31_conv2d_f16_N1xIC480xIH4xIW5xOC80xKH1xKW1xSH1xSW1xPH0xPW0xDH1xDW1xgroups1,,,111.510262,ms,111510262.000000,0,,spike,conv2d_f16,N=1;IC=480;IH=4;IW=5;OC=80;KH=1;KW=1;SH=1;SW=1;PH=0;PW=0;DH=1;DW=1;groups=1,111510262,1,,
146,vint_kcov$dispatch_146_gemmini_q31_batchnorm2d_f16_N1xC80xH4xW5,,,0.201113,ms,201113.000000,0,,spike,batchnorm2d_f16,N=1;C=80;H=4;W=5,201113,1,,
147,vint_kcov$dispatch_147_gemmini_q31_add_f16_n1600,,,0.241089,ms,241089.000000,0,,spike,add_f16,n=1600,241089,1,,
148,vint_kcov$dispatch_148_gemmini_q31_conv2d_f16_N1xIC80xIH4xIW5xOC480xKH1xKW1xSH1xSW1xPH0xPW0xDH1xDW1xgroups1,,,112.139366,ms,112139366.000000,0,,spike,conv2d_f16,N=1;IC=80;IH=4;IW=5;OC=480;KH=1;KW=1;SH=1;SW=1;PH=0;PW=0;DH=1;DW=1;groups=1,112139366,1,,
149,vint_kcov$dispatch_149_gemmini_q31_batchnorm2d_f16_N1xC480xH4xW5,,,1.205643,ms,1205643.000000,0,,spike,batchnorm2d_f16,N=1;C=480;H=4;W=5,1205643,1,,
150,vint_kcov$dispatch_150_gemmini_q31_sigmoid_f16_n9600,,,1.768085,ms,1768085.000000,0,,spike,sigmoid_f16,n=9600,1768085,1,,
151,vint_kcov$dispatch_151_gemmini_q31_mul_f16_n9600,,,1.497022,ms,1497022.000000,0,,spike,mul_f16,n=9600,1497022,1,,
152,vint_kcov$dispatch_152_gemmini_q31_depthwise_conv2d_f16_N1xIC1xIH4xIW5xOC480xKH5xKW5xSH1xSW1xPH2xPW2xDH1xDW1xgroups480,,,16.320405,ms,16320405.000000,0,,spike,depthwise_conv2d_f16,N=1;IC=1;IH=4;IW=5;OC=480;KH=5;KW=5;SH=1;SW=1;PH=2;PW=2;DH=1;DW=1;groups=480,16320405,1,,
153,vint_kcov$dispatch_153_gemmini_q31_batchnorm2d_f16_N1xC480xH4xW5,,,1.205673,ms,1205673.000000,0,,spike,batchnorm2d_f16,N=1;C=480;H=4;W=5,1205673,1,,
154,vint_kcov$dispatch_154_gemmini_q31_sigmoid_f16_n9600,,,1.734919,ms,1734919.000000,0,,spike,sigmoid_f16,n=9600,1734919,1,,
155,vint_kcov$dispatch_155_gemmini_q31_mul_f16_n9600,,,1.497054,ms,1497054.000000,0,,spike,mul_f16,n=9600,1497054,1,,
156,vint_kcov$dispatch_156_gemmini_q31_adaptive_avg_pool2d_f16_N1xC480xIH4xIW5xOH1xOW1,,,0.809269,ms,809269.000000,0,,spike,adaptive_avg_pool2d_f16,N=1;C=480;IH=4;IW=5;OH=1;OW=1,809269,1,,
157,vint_kcov$dispatch_157_gemmini_q31_conv2d_f16_N1xIC480xIH1xIW1xOC20xKH1xKW1xSH1xSW1xPH0xPW0xDH1xDW1xgroups1,,,1.396563,ms,1396563.000000,0,,spike,conv2d_f16,N=1;IC=480;IH=1;IW=1;OC=20;KH=1;KW=1;SH=1;SW=1;PH=0;PW=0;DH=1;DW=1;groups=1,1396563,1,,
158,vint_kcov$dispatch_158_gemmini_q31_sigmoid_f16_n20,,,0.003804,ms,3804.000000,0,,spike,sigmoid_f16,n=20,3804,1,,
159,vint_kcov$dispatch_159_gemmini_q31_mul_f16_n20,,,0.003160,ms,3160.000000,0,,spike,mul_f16,n=20,3160,1,,
160,vint_kcov$dispatch_160_gemmini_q31_conv2d_f16_N1xIC20xIH1xIW1xOC480xKH1xKW1xSH1xSW1xPH0xPW0xDH1xDW1xgroups1,,,1.471873,ms,1471873.000000,0,,spike,conv2d_f16,N=1;IC=20;IH=1;IW=1;OC=480;KH=1;KW=1;SH=1;SW=1;PH=0;PW=0;DH=1;DW=1;groups=1,1471873,1,,
161,vint_kcov$dispatch_161_gemmini_q31_sigmoid_f16_n480,,,0.087033,ms,87033.000000,0,,spike,sigmoid_f16,n=480,87033,1,,
162,vint_kcov$dispatch_162_gemmini_q31_mul_c1_f16_N1xC480xHW20,,,1.129765,ms,1129765.000000,0,,spike,mul_c1_f16,N=1;C=480;HW=20,1129765,1,,
163,vint_kcov$dispatch_163_gemmini_q31_conv2d_f16_N1xIC480xIH4xIW5xOC112xKH1xKW1xSH1xSW1xPH0xPW0xDH1xDW1xgroups1,,,156.122310,ms,156122310.000000,0,,spike,conv2d_f16,N=1;IC=480;IH=4;IW=5;OC=112;KH=1;KW=1;SH=1;SW=1;PH=0;PW=0;DH=1;DW=1;groups=1,156122310,1,,
164,vint_kcov$dispatch_164_gemmini_q31_batchnorm2d_f16_N1xC112xH4xW5,,,0.281410,ms,281410.000000,0,,spike,batchnorm2d_f16,N=1;C=112;H=4;W=5,281410,1,,
165,vint_kcov$dispatch_165_gemmini_q31_conv2d_f16_N1xIC112xIH4xIW5xOC672xKH1xKW1xSH1xSW1xPH0xPW0xDH1xDW1xgroups1,,,219.363552,ms,219363552.000000,0,,spike,conv2d_f16,N=1;IC=112;IH=4;IW=5;OC=672;KH=1;KW=1;SH=1;SW=1;PH=0;PW=0;DH=1;DW=1;groups=1,219363552,1,,
166,vint_kcov$dispatch_166_gemmini_q31_batchnorm2d_f16_N1xC672xH4xW5,,,1.687706,ms,1687706.000000,0,,spike,batchnorm2d_f16,N=1;C=672;H=4;W=5,1687706,1,,
167,vint_kcov$dispatch_167_gemmini_q31_sigmoid_f16_n13440,,,2.472167,ms,2472167.000000,0,,spike,sigmoid_f16,n=13440,2472167,1,,
168,vint_kcov$dispatch_168_gemmini_q31_mul_f16_n13440,,,2.095915,ms,2095915.000000,0,,spike,mul_f16,n=13440,2095915,1,,
169,vint_kcov$dispatch_169_gemmini_q31_depthwise_conv2d_f16_N1xIC1xIH4xIW5xOC672xKH5xKW5xSH1xSW1xPH2xPW2xDH1xDW1xgroups672,,,22.846948,ms,22846948.000000,0,,spike,depthwise_conv2d_f16,N=1;IC=1;IH=4;IW=5;OC=672;KH=5;KW=5;SH=1;SW=1;PH=2;PW=2;DH=1;DW=1;groups=672,22846948,1,,
170,vint_kcov$dispatch_170_gemmini_q31_batchnorm2d_f16_N1xC672xH4xW5,,,1.687771,ms,1687771.000000,0,,spike,batchnorm2d_f16,N=1;C=672;H=4;W=5,1687771,1,,
171,vint_kcov$dispatch_171_gemmini_q31_sigmoid_f16_n13440,,,2.429796,ms,2429796.000000,0,,spike,sigmoid_f16,n=13440,2429796,1,,
172,vint_kcov$dispatch_172_gemmini_q31_mul_f16_n13440,,,2.095874,ms,2095874.000000,0,,spike,mul_f16,n=13440,2095874,1,,
173,vint_kcov$dispatch_173_gemmini_q31_adaptive_avg_pool2d_f16_N1xC672xIH4xIW5xOH1xOW1,,,1.132966,ms,1132966.000000,0,,spike,adaptive_avg_pool2d_f16,N=1;C=672;IH=4;IW=5;OH=1;OW=1,1132966,1,,
174,vint_kcov$dispatch_174_gemmini_q31_conv2d_f16_N1xIC672xIH1xIW1xOC28xKH1xKW1xSH1xSW1xPH0xPW0xDH1xDW1xgroups1,,,2.733418,ms,2733418.000000,0,,spike,conv2d_f16,N=1;IC=672;IH=1;IW=1;OC=28;KH=1;KW=1;SH=1;SW=1;PH=0;PW=0;DH=1;DW=1;groups=1,2733418,1,,
175,vint_kcov$dispatch_175_gemmini_q31_sigmoid_f16_n28,,,0.005339,ms,5339.000000,0,,spike,sigmoid_f16,n=28,5339,1,,
176,vint_kcov$dispatch_176_gemmini_q31_mul_f16_n28,,,0.004396,ms,4396.000000,0,,spike,mul_f16,n=28,4396,1,,
177,vint_kcov$dispatch_177_gemmini_q31_conv2d_f16_N1xIC28xIH1xIW1xOC672xKH1xKW1xSH1xSW1xPH0xPW0xDH1xDW1xgroups1,,,2.840602,ms,2840602.000000,0,,spike,conv2d_f16,N=1;IC=28;IH=1;IW=1;OC=672;KH=1;KW=1;SH=1;SW=1;PH=0;PW=0;DH=1;DW=1;groups=1,2840602,1,,
178,vint_kcov$dispatch_178_gemmini_q31_sigmoid_f16_n672,,,0.123875,ms,123875.000000,0,,spike,sigmoid_f16,n=672,123875,1,,
179,vint_kcov$dispatch_179_gemmini_q31_mul_c1_f16_N1xC672xHW20,,,1.580772,ms,1580772.000000,0,,spike,mul_c1_f16,N=1;C=672;HW=20,1580772,1,,
180,vint_kcov$dispatch_180_gemmini_q31_conv2d_f16_N1xIC672xIH4xIW5xOC112xKH1xKW1xSH1xSW1xPH0xPW0xDH1xDW1xgroups1,,,218.491109,ms,218491109.000000,0,,spike,conv2d_f16,N=1;IC=672;IH=4;IW=5;OC=112;KH=1;KW=1;SH=1;SW=1;PH=0;PW=0;DH=1;DW=1;groups=1,218491109,1,,
181,vint_kcov$dispatch_181_gemmini_q31_batchnorm2d_f16_N1xC112xH4xW5,,,0.281448,ms,281448.000000,0,,spike,batchnorm2d_f16,N=1;C=112;H=4;W=5,281448,1,,
182,vint_kcov$dispatch_182_gemmini_q31_add_f16_n2240,,,0.340291,ms,340291.000000,0,,spike,add_f16,n=2240,340291,1,,
183,vint_kcov$dispatch_183_gemmini_q31_conv2d_f16_N1xIC112xIH4xIW5xOC672xKH1xKW1xSH1xSW1xPH0xPW0xDH1xDW1xgroups1,,,219.370517,ms,219370517.000000,0,,spike,conv2d_f16,N=1;IC=112;IH=4;IW=5;OC=672;KH=1;KW=1;SH=1;SW=1;PH=0;PW=0;DH=1;DW=1;groups=1,219370517,1,,
184,vint_kcov$dispatch_184_gemmini_q31_batchnorm2d_f16_N1xC672xH4xW5,,,1.687639,ms,1687639.000000,0,,spike,batchnorm2d_f16,N=1;C=672;H=4;W=5,1687639,1,,
185,vint_kcov$dispatch_185_gemmini_q31_sigmoid_f16_n13440,,,2.462476,ms,2462476.000000,0,,spike,sigmoid_f16,n=13440,2462476,1,,
186,vint_kcov$dispatch_186_gemmini_q31_mul_f16_n13440,,,2.096018,ms,2096018.000000,0,,spike,mul_f16,n=13440,2096018,1,,
187,vint_kcov$dispatch_187_gemmini_q31_depthwise_conv2d_f16_N1xIC1xIH4xIW5xOC672xKH5xKW5xSH1xSW1xPH2xPW2xDH1xDW1xgroups672,,,22.848941,ms,22848941.000000,0,,spike,depthwise_conv2d_f16,N=1;IC=1;IH=4;IW=5;OC=672;KH=5;KW=5;SH=1;SW=1;PH=2;PW=2;DH=1;DW=1;groups=672,22848941,1,,
188,vint_kcov$dispatch_188_gemmini_q31_batchnorm2d_f16_N1xC672xH4xW5,,,1.688079,ms,1688079.000000,0,,spike,batchnorm2d_f16,N=1;C=672;H=4;W=5,1688079,1,,
189,vint_kcov$dispatch_189_gemmini_q31_sigmoid_f16_n13440,,,2.424426,ms,2424426.000000,0,,spike,sigmoid_f16,n=13440,2424426,1,,
190,vint_kcov$dispatch_190_gemmini_q31_mul_f16_n13440,,,2.096293,ms,2096293.000000,0,,spike,mul_f16,n=13440,2096293,1,,
191,vint_kcov$dispatch_191_gemmini_q31_adaptive_avg_pool2d_f16_N1xC672xIH4xIW5xOH1xOW1,,,1.133097,ms,1133097.000000,0,,spike,adaptive_avg_pool2d_f16,N=1;C=672;IH=4;IW=5;OH=1;OW=1,1133097,1,,
192,vint_kcov$dispatch_192_gemmini_q31_conv2d_f16_N1xIC672xIH1xIW1xOC28xKH1xKW1xSH1xSW1xPH0xPW0xDH1xDW1xgroups1,,,2.733361,ms,2733361.000000,0,,spike,conv2d_f16,N=1;IC=672;IH=1;IW=1;OC=28;KH=1;KW=1;SH=1;SW=1;PH=0;PW=0;DH=1;DW=1;groups=1,2733361,1,,
193,vint_kcov$dispatch_193_gemmini_q31_sigmoid_f16_n28,,,0.005346,ms,5346.000000,0,,spike,sigmoid_f16,n=28,5346,1,,
194,vint_kcov$dispatch_194_gemmini_q31_mul_f16_n28,,,0.004396,ms,4396.000000,0,,spike,mul_f16,n=28,4396,1,,
195,vint_kcov$dispatch_195_gemmini_q31_conv2d_f16_N1xIC28xIH1xIW1xOC672xKH1xKW1xSH1xSW1xPH0xPW0xDH1xDW1xgroups1,,,2.840260,ms,2840260.000000,0,,spike,conv2d_f16,N=1;IC=28;IH=1;IW=1;OC=672;KH=1;KW=1;SH=1;SW=1;PH=0;PW=0;DH=1;DW=1;groups=1,2840260,1,,
196,vint_kcov$dispatch_196_gemmini_q31_sigmoid_f16_n672,,,0.129181,ms,129181.000000,0,,spike,sigmoid_f16,n=672,129181,1,,
197,vint_kcov$dispatch_197_gemmini_q31_mul_c1_f16_N1xC672xHW20,,,1.604268,ms,1604268.000000,0,,spike,mul_c1_f16,N=1;C=672;HW=20,1604268,1,,
198,vint_kcov$dispatch_198_gemmini_q31_conv2d_f16_N1xIC672xIH4xIW5xOC112xKH1xKW1xSH1xSW1xPH0xPW0xDH1xDW1xgroups1,,,223.400710,ms,223400710.000000,0,,spike,conv2d_f16,N=1;IC=672;IH=4;IW=5;OC=112;KH=1;KW=1;SH=1;SW=1;PH=0;PW=0;DH=1;DW=1;groups=1,223400710,1,,
199,vint_kcov$dispatch_199_gemmini_q31_batchnorm2d_f16_N1xC112xH4xW5,,,0.281417,ms,281417.000000,0,,spike,batchnorm2d_f16,N=1;C=112;H=4;W=5,281417,1,,
200,vint_kcov$dispatch_200_gemmini_q31_add_f16_n2240,,,0.340123,ms,340123.000000,0,,spike,add_f16,n=2240,340123,1,,
201,vint_kcov$dispatch_201_gemmini_q31_conv2d_f16_N1xIC112xIH4xIW5xOC672xKH1xKW1xSH1xSW1xPH0xPW0xDH1xDW1xgroups1,,,219.367533,ms,219367533.000000,0,,spike,conv2d_f16,N=1;IC=112;IH=4;IW=5;OC=672;KH=1;KW=1;SH=1;SW=1;PH=0;PW=0;DH=1;DW=1;groups=1,219367533,1,,
202,vint_kcov$dispatch_202_gemmini_q31_batchnorm2d_f16_N1xC672xH4xW5,,,1.687792,ms,1687792.000000,0,,spike,batchnorm2d_f16,N=1;C=672;H=4;W=5,1687792,1,,
203,vint_kcov$dispatch_203_gemmini_q31_sigmoid_f16_n13440,,,2.465000,ms,2465000.000000,0,,spike,sigmoid_f16,n=13440,2465000,1,,
204,vint_kcov$dispatch_204_gemmini_q31_mul_f16_n13440,,,2.095987,ms,2095987.000000,0,,spike,mul_f16,n=13440,2095987,1,,
205,vint_kcov$dispatch_205_gemmini_q31_pad_f16_N1xC672xIH4xIW5xpad_left1xpad_right2xpad_top1xpad_bottom2,,,0.543065,ms,543065.000000,0,,spike,pad_f16,N=1;C=672;IH=4;IW=5;pad_left=1;pad_right=2;pad_top=1;pad_bottom=2,543065,1,,
206,vint_kcov$dispatch_206_gemmini_q31_depthwise_conv2d_f16_N1xIC1xIH7xIW8xOC672xKH5xKW5xSH2xSW2xPH0xPW0xDH1xDW1xgroups672,,,8.170788,ms,8170788.000000,0,,spike,depthwise_conv2d_f16,N=1;IC=1;IH=7;IW=8;OC=672;KH=5;KW=5;SH=2;SW=2;PH=0;PW=0;DH=1;DW=1;groups=672,8170788,1,,
207,vint_kcov$dispatch_207_gemmini_q31_batchnorm2d_f16_N1xC672xH2xW2,,,0.398409,ms,398409.000000,0,,spike,batchnorm2d_f16,N=1;C=672;H=2;W=2,398409,1,,
208,vint_kcov$dispatch_208_gemmini_q31_sigmoid_f16_n2688,,,0.486481,ms,486481.000000,0,,spike,sigmoid_f16,n=2688,486481,1,,
209,vint_kcov$dispatch_209_gemmini_q31_mul_f16_n2688,,,0.419201,ms,419201.000000,0,,spike,mul_f16,n=2688,419201,1,,
210,vint_kcov$dispatch_210_gemmini_q31_adaptive_avg_pool2d_f16_N1xC672xIH2xIW2xOH1xOW1,,,0.300426,ms,300426.000000,0,,spike,adaptive_avg_pool2d_f16,N=1;C=672;IH=2;IW=2;OH=1;OW=1,300426,1,,
211,vint_kcov$dispatch_211_gemmini_q31_conv2d_f16_N1xIC672xIH1xIW1xOC28xKH1xKW1xSH1xSW1xPH0xPW0xDH1xDW1xgroups1,,,2.734711,ms,2734711.000000,0,,spike,conv2d_f16,N=1;IC=672;IH=1;IW=1;OC=28;KH=1;KW=1;SH=1;SW=1;PH=0;PW=0;DH=1;DW=1;groups=1,2734711,1,,
212,vint_kcov$dispatch_212_gemmini_q31_sigmoid_f16_n28,,,0.005315,ms,5315.000000,0,,spike,sigmoid_f16,n=28,5315,1,,
213,vint_kcov$dispatch_213_gemmini_q31_mul_f16_n28,,,0.004408,ms,4408.000000,0,,spike,mul_f16,n=28,4408,1,,
214,vint_kcov$dispatch_214_gemmini_q31_conv2d_f16_N1xIC28xIH1xIW1xOC672xKH1xKW1xSH1xSW1xPH0xPW0xDH1xDW1xgroups1,,,2.840264,ms,2840264.000000,0,,spike,conv2d_f16,N=1;IC=28;IH=1;IW=1;OC=672;KH=1;KW=1;SH=1;SW=1;PH=0;PW=0;DH=1;DW=1;groups=1,2840264,1,,
215,vint_kcov$dispatch_215_gemmini_q31_sigmoid_f16_n672,,,0.126097,ms,126097.000000,0,,spike,sigmoid_f16,n=672,126097,1,,
216,vint_kcov$dispatch_216_gemmini_q31_mul_c1_f16_N1xC672xHW4,,,0.345319,ms,345319.000000,0,,spike,mul_c1_f16,N=1;C=672;HW=4,345319,1,,
217,vint_kcov$dispatch_217_gemmini_q31_conv2d_f16_N1xIC672xIH2xIW2xOC192xKH1xKW1xSH1xSW1xPH0xPW0xDH1xDW1xgroups1,,,74.933954,ms,74933954.000000,0,,spike,conv2d_f16,N=1;IC=672;IH=2;IW=2;OC=192;KH=1;KW=1;SH=1;SW=1;PH=0;PW=0;DH=1;DW=1;groups=1,74933954,1,,
218,vint_kcov$dispatch_218_gemmini_q31_batchnorm2d_f16_N1xC192xH2xW2,,,0.113914,ms,113914.000000,0,,spike,batchnorm2d_f16,N=1;C=192;H=2;W=2,113914,1,,
219,vint_kcov$dispatch_219_gemmini_q31_conv2d_f16_N1xIC192xIH2xIW2xOC1152xKH1xKW1xSH1xSW1xPH0xPW0xDH1xDW1xgroups1,,,128.726451,ms,128726451.000000,0,,spike,conv2d_f16,N=1;IC=192;IH=2;IW=2;OC=1152;KH=1;KW=1;SH=1;SW=1;PH=0;PW=0;DH=1;DW=1;groups=1,128726451,1,,
220,vint_kcov$dispatch_220_gemmini_q31_batchnorm2d_f16_N1xC1152xH2xW2,,,0.682996,ms,682996.000000,0,,spike,batchnorm2d_f16,N=1;C=1152;H=2;W=2,682996,1,,
221,vint_kcov$dispatch_221_gemmini_q31_sigmoid_f16_n4608,,,0.832978,ms,832978.000000,0,,spike,sigmoid_f16,n=4608,832978,1,,
222,vint_kcov$dispatch_222_gemmini_q31_mul_f16_n4608,,,0.718655,ms,718655.000000,0,,spike,mul_f16,n=4608,718655,1,,
223,vint_kcov$dispatch_223_gemmini_q31_depthwise_conv2d_f16_N1xIC1xIH2xIW2xOC1152xKH5xKW5xSH1xSW1xPH2xPW2xDH1xDW1xgroups1152,,,2.935088,ms,2935088.000000,0,,spike,depthwise_conv2d_f16,N=1;IC=1;IH=2;IW=2;OC=1152;KH=5;KW=5;SH=1;SW=1;PH=2;PW=2;DH=1;DW=1;groups=1152,2935088,1,,
224,vint_kcov$dispatch_224_gemmini_q31_batchnorm2d_f16_N1xC1152xH2xW2,,,0.683155,ms,683155.000000,0,,spike,batchnorm2d_f16,N=1;C=1152;H=2;W=2,683155,1,,
225,vint_kcov$dispatch_225_gemmini_q31_sigmoid_f16_n4608,,,0.814204,ms,814204.000000,0,,spike,sigmoid_f16,n=4608,814204,1,,
226,vint_kcov$dispatch_226_gemmini_q31_mul_f16_n4608,,,0.718662,ms,718662.000000,0,,spike,mul_f16,n=4608,718662,1,,
227,vint_kcov$dispatch_227_gemmini_q31_adaptive_avg_pool2d_f16_N1xC1152xIH2xIW2xOH1xOW1,,,0.514948,ms,514948.000000,0,,spike,adaptive_avg_pool2d_f16,N=1;C=1152;IH=2;IW=2;OH=1;OW=1,514948,1,,
228,vint_kcov$dispatch_228_gemmini_q31_conv2d_f16_N1xIC1152xIH1xIW1xOC48xKH1xKW1xSH1xSW1xPH0xPW0xDH1xDW1xgroups1,,,8.027681,ms,8027681.000000,0,,spike,conv2d_f16,N=1;IC=1152;IH=1;IW=1;OC=48;KH=1;KW=1;SH=1;SW=1;PH=0;PW=0;DH=1;DW=1;groups=1,8027681,1,,
229,vint_kcov$dispatch_229_gemmini_q31_sigmoid_f16_n48,,,0.009316,ms,9316.000000,0,,spike,sigmoid_f16,n=48,9316,1,,
230,vint_kcov$dispatch_230_gemmini_q31_mul_f16_n48,,,0.007504,ms,7504.000000,0,,spike,mul_f16,n=48,7504,1,,
231,vint_kcov$dispatch_231_gemmini_q31_conv2d_f16_N1xIC48xIH1xIW1xOC1152xKH1xKW1xSH1xSW1xPH0xPW0xDH1xDW1xgroups1,,,8.210333,ms,8210333.000000,0,,spike,conv2d_f16,N=1;IC=48;IH=1;IW=1;OC=1152;KH=1;KW=1;SH=1;SW=1;PH=0;PW=0;DH=1;DW=1;groups=1,8210333,1,,
232,vint_kcov$dispatch_232_gemmini_q31_sigmoid_f16_n1152,,,0.226878,ms,226878.000000,0,,spike,sigmoid_f16,n=1152,226878,1,,
233,vint_kcov$dispatch_233_gemmini_q31_mul_c1_f16_N1xC1152xHW4,,,0.633292,ms,633292.000000,0,,spike,mul_c1_f16,N=1;C=1152;HW=4,633292,1,,
234,vint_kcov$dispatch_234_gemmini_q31_conv2d_f16_N1xIC1152xIH2xIW2xOC192xKH1xKW1xSH1xSW1xPH0xPW0xDH1xDW1xgroups1,,,141.391618,ms,141391618.000000,0,,spike,conv2d_f16,N=1;IC=1152;IH=2;IW=2;OC=192;KH=1;KW=1;SH=1;SW=1;PH=0;PW=0;DH=1;DW=1;groups=1,141391618,1,,
235,vint_kcov$dispatch_235_gemmini_q31_batchnorm2d_f16_N1xC192xH2xW2,,,0.113890,ms,113890.000000,0,,spike,batchnorm2d_f16,N=1;C=192;H=2;W=2,113890,1,,
236,vint_kcov$dispatch_236_gemmini_q31_add_f16_n768,,,0.118623,ms,118623.000000,0,,spike,add_f16,n=768,118623,1,,
237,vint_kcov$dispatch_237_gemmini_q31_conv2d_f16_N1xIC192xIH2xIW2xOC1152xKH1xKW1xSH1xSW1xPH0xPW0xDH1xDW1xgroups1,,,128.724459,ms,128724459.000000,0,,spike,conv2d_f16,N=1;IC=192;IH=2;IW=2;OC=1152;KH=1;KW=1;SH=1;SW=1;PH=0;PW=0;DH=1;DW=1;groups=1,128724459,1,,
238,vint_kcov$dispatch_238_gemmini_q31_batchnorm2d_f16_N1xC1152xH2xW2,,,0.682959,ms,682959.000000,0,,spike,batchnorm2d_f16,N=1;C=1152;H=2;W=2,682959,1,,
239,vint_kcov$dispatch_239_gemmini_q31_sigmoid_f16_n4608,,,0.816776,ms,816776.000000,0,,spike,sigmoid_f16,n=4608,816776,1,,
240,vint_kcov$dispatch_240_gemmini_q31_mul_f16_n4608,,,0.718505,ms,718505.000000,0,,spike,mul_f16,n=4608,718505,1,,
241,vint_kcov$dispatch_241_gemmini_q31_depthwise_conv2d_f16_N1xIC1xIH2xIW2xOC1152xKH5xKW5xSH1xSW1xPH2xPW2xDH1xDW1xgroups1152,,,2.934975,ms,2934975.000000,0,,spike,depthwise_conv2d_f16,N=1;IC=1;IH=2;IW=2;OC=1152;KH=5;KW=5;SH=1;SW=1;PH=2;PW=2;DH=1;DW=1;groups=1152,2934975,1,,
242,vint_kcov$dispatch_242_gemmini_q31_batchnorm2d_f16_N1xC1152xH2xW2,,,0.682835,ms,682835.000000,0,,spike,batchnorm2d_f16,N=1;C=1152;H=2;W=2,682835,1,,
243,vint_kcov$dispatch_243_gemmini_q31_sigmoid_f16_n4608,,,0.793386,ms,793386.000000,0,,spike,sigmoid_f16,n=4608,793386,1,,
244,vint_kcov$dispatch_244_gemmini_q31_mul_f16_n4608,,,0.718503,ms,718503.000000,0,,spike,mul_f16,n=4608,718503,1,,
245,vint_kcov$dispatch_245_gemmini_q31_adaptive_avg_pool2d_f16_N1xC1152xIH2xIW2xOH1xOW1,,,0.515299,ms,515299.000000,0,,spike,adaptive_avg_pool2d_f16,N=1;C=1152;IH=2;IW=2;OH=1;OW=1,515299,1,,
246,vint_kcov$dispatch_246_gemmini_q31_conv2d_f16_N1xIC1152xIH1xIW1xOC48xKH1xKW1xSH1xSW1xPH0xPW0xDH1xDW1xgroups1,,,8.032831,ms,8032831.000000,0,,spike,conv2d_f16,N=1;IC=1152;IH=1;IW=1;OC=48;KH=1;KW=1;SH=1;SW=1;PH=0;PW=0;DH=1;DW=1;groups=1,8032831,1,,
247,vint_kcov$dispatch_247_gemmini_q31_sigmoid_f16_n48,,,0.009193,ms,9193.000000,0,,spike,sigmoid_f16,n=48,9193,1,,
248,vint_kcov$dispatch_248_gemmini_q31_mul_f16_n48,,,0.007528,ms,7528.000000,0,,spike,mul_f16,n=48,7528,1,,
249,vint_kcov$dispatch_249_gemmini_q31_conv2d_f16_N1xIC48xIH1xIW1xOC1152xKH1xKW1xSH1xSW1xPH0xPW0xDH1xDW1xgroups1,,,8.210752,ms,8210752.000000,0,,spike,conv2d_f16,N=1;IC=48;IH=1;IW=1;OC=1152;KH=1;KW=1;SH=1;SW=1;PH=0;PW=0;DH=1;DW=1;groups=1,8210752,1,,
250,vint_kcov$dispatch_250_gemmini_q31_sigmoid_f16_n1152,,,0.221751,ms,221751.000000,0,,spike,sigmoid_f16,n=1152,221751,1,,
251,vint_kcov$dispatch_251_gemmini_q31_mul_c1_f16_N1xC1152xHW4,,,0.594374,ms,594374.000000,0,,spike,mul_c1_f16,N=1;C=1152;HW=4,594374,1,,
252,vint_kcov$dispatch_252_gemmini_q31_conv2d_f16_N1xIC1152xIH2xIW2xOC192xKH1xKW1xSH1xSW1xPH0xPW0xDH1xDW1xgroups1,,,129.216558,ms,129216558.000000,0,,spike,conv2d_f16,N=1;IC=1152;IH=2;IW=2;OC=192;KH=1;KW=1;SH=1;SW=1;PH=0;PW=0;DH=1;DW=1;groups=1,129216558,1,,
253,vint_kcov$dispatch_253_gemmini_q31_batchnorm2d_f16_N1xC192xH2xW2,,,0.113907,ms,113907.000000,0,,spike,batchnorm2d_f16,N=1;C=192;H=2;W=2,113907,1,,
254,vint_kcov$dispatch_254_gemmini_q31_add_f16_n768,,,0.118613,ms,118613.000000,0,,spike,add_f16,n=768,118613,1,,
255,vint_kcov$dispatch_255_gemmini_q31_conv2d_f16_N1xIC192xIH2xIW2xOC1152xKH1xKW1xSH1xSW1xPH0xPW0xDH1xDW1xgroups1,,,128.724636,ms,128724636.000000,0,,spike,conv2d_f16,N=1;IC=192;IH=2;IW=2;OC=1152;KH=1;KW=1;SH=1;SW=1;PH=0;PW=0;DH=1;DW=1;groups=1,128724636,1,,
256,vint_kcov$dispatch_256_gemmini_q31_batchnorm2d_f16_N1xC1152xH2xW2,,,0.682780,ms,682780.000000,0,,spike,batchnorm2d_f16,N=1;C=1152;H=2;W=2,682780,1,,
257,vint_kcov$dispatch_257_gemmini_q31_sigmoid_f16_n4608,,,0.797719,ms,797719.000000,0,,spike,sigmoid_f16,n=4608,797719,1,,
258,vint_kcov$dispatch_258_gemmini_q31_mul_f16_n4608,,,0.718592,ms,718592.000000,0,,spike,mul_f16,n=4608,718592,1,,
259,vint_kcov$dispatch_259_gemmini_q31_depthwise_conv2d_f16_N1xIC1xIH2xIW2xOC1152xKH5xKW5xSH1xSW1xPH2xPW2xDH1xDW1xgroups1152,,,2.935834,ms,2935834.000000,0,,spike,depthwise_conv2d_f16,N=1;IC=1;IH=2;IW=2;OC=1152;KH=5;KW=5;SH=1;SW=1;PH=2;PW=2;DH=1;DW=1;groups=1152,2935834,1,,
260,vint_kcov$dispatch_260_gemmini_q31_batchnorm2d_f16_N1xC1152xH2xW2,,,0.683391,ms,683391.000000,0,,spike,batchnorm2d_f16,N=1;C=1152;H=2;W=2,683391,1,,
261,vint_kcov$dispatch_261_gemmini_q31_sigmoid_f16_n4608,,,0.791314,ms,791314.000000,0,,spike,sigmoid_f16,n=4608,791314,1,,
262,vint_kcov$dispatch_262_gemmini_q31_mul_f16_n4608,,,0.718489,ms,718489.000000,0,,spike,mul_f16,n=4608,718489,1,,
263,vint_kcov$dispatch_263_gemmini_q31_adaptive_avg_pool2d_f16_N1xC1152xIH2xIW2xOH1xOW1,,,0.515224,ms,515224.000000,0,,spike,adaptive_avg_pool2d_f16,N=1;C=1152;IH=2;IW=2;OH=1;OW=1,515224,1,,
264,vint_kcov$dispatch_264_gemmini_q31_conv2d_f16_N1xIC1152xIH1xIW1xOC48xKH1xKW1xSH1xSW1xPH0xPW0xDH1xDW1xgroups1,,,8.032081,ms,8032081.000000,0,,spike,conv2d_f16,N=1;IC=1152;IH=1;IW=1;OC=48;KH=1;KW=1;SH=1;SW=1;PH=0;PW=0;DH=1;DW=1;groups=1,8032081,1,,
265,vint_kcov$dispatch_265_gemmini_q31_sigmoid_f16_n48,,,0.008851,ms,8851.000000,0,,spike,sigmoid_f16,n=48,8851,1,,
266,vint_kcov$dispatch_266_gemmini_q31_mul_f16_n48,,,0.007528,ms,7528.000000,0,,spike,mul_f16,n=48,7528,1,,
267,vint_kcov$dispatch_267_gemmini_q31_conv2d_f16_N1xIC48xIH1xIW1xOC1152xKH1xKW1xSH1xSW1xPH0xPW0xDH1xDW1xgroups1,,,8.210601,ms,8210601.000000,0,,spike,conv2d_f16,N=1;IC=48;IH=1;IW=1;OC=1152;KH=1;KW=1;SH=1;SW=1;PH=0;PW=0;DH=1;DW=1;groups=1,8210601,1,,
268,vint_kcov$dispatch_268_gemmini_q31_sigmoid_f16_n1152,,,0.221733,ms,221733.000000,0,,spike,sigmoid_f16,n=1152,221733,1,,
269,vint_kcov$dispatch_269_gemmini_q31_mul_c1_f16_N1xC1152xHW4,,,0.594656,ms,594656.000000,0,,spike,mul_c1_f16,N=1;C=1152;HW=4,594656,1,,
270,vint_kcov$dispatch_270_gemmini_q31_conv2d_f16_N1xIC1152xIH2xIW2xOC192xKH1xKW1xSH1xSW1xPH0xPW0xDH1xDW1xgroups1,,,129.407958,ms,129407958.000000,0,,spike,conv2d_f16,N=1;IC=1152;IH=2;IW=2;OC=192;KH=1;KW=1;SH=1;SW=1;PH=0;PW=0;DH=1;DW=1;groups=1,129407958,1,,
271,vint_kcov$dispatch_271_gemmini_q31_batchnorm2d_f16_N1xC192xH2xW2,,,0.113904,ms,113904.000000,0,,spike,batchnorm2d_f16,N=1;C=192;H=2;W=2,113904,1,,
272,vint_kcov$dispatch_272_gemmini_q31_add_f16_n768,,,0.118616,ms,118616.000000,0,,spike,add_f16,n=768,118616,1,,
273,vint_kcov$dispatch_273_gemmini_q31_conv2d_f16_N1xIC192xIH2xIW2xOC1152xKH1xKW1xSH1xSW1xPH0xPW0xDH1xDW1xgroups1,,,128.719252,ms,128719252.000000,0,,spike,conv2d_f16,N=1;IC=192;IH=2;IW=2;OC=1152;KH=1;KW=1;SH=1;SW=1;PH=0;PW=0;DH=1;DW=1;groups=1,128719252,1,,
274,vint_kcov$dispatch_274_gemmini_q31_batchnorm2d_f16_N1xC1152xH2xW2,,,0.682975,ms,682975.000000,0,,spike,batchnorm2d_f16,N=1;C=1152;H=2;W=2,682975,1,,
275,vint_kcov$dispatch_275_gemmini_q31_sigmoid_f16_n4608,,,0.832873,ms,832873.000000,0,,spike,sigmoid_f16,n=4608,832873,1,,
276,vint_kcov$dispatch_276_gemmini_q31_mul_f16_n4608,,,0.718744,ms,718744.000000,0,,spike,mul_f16,n=4608,718744,1,,
277,vint_kcov$dispatch_277_gemmini_q31_depthwise_conv2d_f16_N1xIC1xIH2xIW2xOC1152xKH3xKW3xSH1xSW1xPH1xPW1xDH1xDW1xgroups1152,,,2.755045,ms,2755045.000000,0,,spike,depthwise_conv2d_f16,N=1;IC=1;IH=2;IW=2;OC=1152;KH=3;KW=3;SH=1;SW=1;PH=1;PW=1;DH=1;DW=1;groups=1152,2755045,1,,
278,vint_kcov$dispatch_278_gemmini_q31_batchnorm2d_f16_N1xC1152xH2xW2,,,0.683159,ms,683159.000000,0,,spike,batchnorm2d_f16,N=1;C=1152;H=2;W=2,683159,1,,
279,vint_kcov$dispatch_279_gemmini_q31_sigmoid_f16_n4608,,,0.802983,ms,802983.000000,0,,spike,sigmoid_f16,n=4608,802983,1,,
280,vint_kcov$dispatch_280_gemmini_q31_mul_f16_n4608,,,0.718451,ms,718451.000000,0,,spike,mul_f16,n=4608,718451,1,,
281,vint_kcov$dispatch_281_gemmini_q31_adaptive_avg_pool2d_f16_N1xC1152xIH2xIW2xOH1xOW1,,,0.514173,ms,514173.000000,0,,spike,adaptive_avg_pool2d_f16,N=1;C=1152;IH=2;IW=2;OH=1;OW=1,514173,1,,
282,vint_kcov$dispatch_282_gemmini_q31_conv2d_f16_N1xIC1152xIH1xIW1xOC48xKH1xKW1xSH1xSW1xPH0xPW0xDH1xDW1xgroups1,,,8.032381,ms,8032381.000000,0,,spike,conv2d_f16,N=1;IC=1152;IH=1;IW=1;OC=48;KH=1;KW=1;SH=1;SW=1;PH=0;PW=0;DH=1;DW=1;groups=1,8032381,1,,
283,vint_kcov$dispatch_283_gemmini_q31_sigmoid_f16_n48,,,0.009137,ms,9137.000000,0,,spike,sigmoid_f16,n=48,9137,1,,
284,vint_kcov$dispatch_284_gemmini_q31_mul_f16_n48,,,0.007528,ms,7528.000000,0,,spike,mul_f16,n=48,7528,1,,
285,vint_kcov$dispatch_285_gemmini_q31_conv2d_f16_N1xIC48xIH1xIW1xOC1152xKH1xKW1xSH1xSW1xPH0xPW0xDH1xDW1xgroups1,,,8.210047,ms,8210047.000000,0,,spike,conv2d_f16,N=1;IC=48;IH=1;IW=1;OC=1152;KH=1;KW=1;SH=1;SW=1;PH=0;PW=0;DH=1;DW=1;groups=1,8210047,1,,
286,vint_kcov$dispatch_286_gemmini_q31_sigmoid_f16_n1152,,,0.222242,ms,222242.000000,0,,spike,sigmoid_f16,n=1152,222242,1,,
287,vint_kcov$dispatch_287_gemmini_q31_mul_c1_f16_N1xC1152xHW4,,,0.595207,ms,595207.000000,0,,spike,mul_c1_f16,N=1;C=1152;HW=4,595207,1,,
288,vint_kcov$dispatch_288_gemmini_q31_conv2d_f16_N1xIC1152xIH2xIW2xOC320xKH1xKW1xSH1xSW1xPH0xPW0xDH1xDW1xgroups1,,,216.016709,ms,216016709.000000,0,,spike,conv2d_f16,N=1;IC=1152;IH=2;IW=2;OC=320;KH=1;KW=1;SH=1;SW=1;PH=0;PW=0;DH=1;DW=1;groups=1,216016709,1,,
289,vint_kcov$dispatch_289_gemmini_q31_batchnorm2d_f16_N1xC320xH2xW2,,,0.189712,ms,189712.000000,0,,spike,batchnorm2d_f16,N=1;C=320;H=2;W=2,189712,1,,
290,vint_kcov$dispatch_290_gemmini_q31_conv2d_f16_N1xIC320xIH2xIW2xOC1280xKH1xKW1xSH1xSW1xPH0xPW0xDH1xDW1xgroups1,,,238.087168,ms,238087168.000000,0,,spike,conv2d_f16,N=1;IC=320;IH=2;IW=2;OC=1280;KH=1;KW=1;SH=1;SW=1;PH=0;PW=0;DH=1;DW=1;groups=1,238087168,1,,
291,vint_kcov$dispatch_291_gemmini_q31_batchnorm2d_f16_N1xC1280xH2xW2,,,0.758694,ms,758694.000000,0,,spike,batchnorm2d_f16,N=1;C=1280;H=2;W=2,758694,1,,
292,vint_kcov$dispatch_292_gemmini_q31_sigmoid_f16_n5120,,,0.956281,ms,956281.000000,0,,spike,sigmoid_f16,n=5120,956281,1,,
293,vint_kcov$dispatch_293_gemmini_q31_mul_f16_n5120,,,0.798385,ms,798385.000000,0,,spike,mul_f16,n=5120,798385,1,,
294,vint_kcov$dispatch_294_gemmini_q31_adaptive_avg_pool2d_f16_N1xC1280xIH2xIW2xOH1xOW1,,,0.573714,ms,573714.000000,0,,spike,adaptive_avg_pool2d_f16,N=1;C=1280;IH=2;IW=2;OH=1;OW=1,573714,1,,
295,vint_kcov$dispatch_295_gemmini_q31_linear_f16_M1xK1280xN512,,,64.962904,ms,64962904.000000,0,,spike,linear_f16,M=1;K=1280;N=512,64962904,1,,
296,vint_kcov$dispatch_296_gemmini_q31_pad_s8_N6xC3xIH64xIW85xpad_left0xpad_right1xpad_top0xpad_bottom1,,,1.406774,ms,1406774.000000,0,,spike,pad_s8,N=6;C=3;IH=64;IW=85;pad_left=0;pad_right=1;pad_top=0;pad_bottom=1,1406774,1,,
297,vint_kcov$dispatch_297_gemmini_q31_conv2d_s8_pc_N6xIC3xIH65xIW86xOC32xKH3xKW3xSH2xSW2xPH0xPW0xDH1xDW1xgroups1,,,11.096719,ms,11096719.000000,0,,spike,conv2d_s8_pc,N=6;IC=3;IH=65;IW=86;OC=32;KH=3;KW=3;SH=2;SW=2;PH=0;PW=0;DH=1;DW=1;groups=1,11096719,1,,
298,vint_kcov$dispatch_298_gemmini_q31_sigmoid_s8_n258048,,,27.053251,ms,27053251.000000,0,,spike,sigmoid_s8,n=258048,27053251,1,,
299,vint_kcov$dispatch_299_gemmini_q31_mul_s8_n258048,,,11.254783,ms,11254783.000000,0,,spike,mul_s8,n=258048,11254783,1,,
300,vint_kcov$dispatch_300_gemmini_q31_depthwise_conv2d_s8_N6xIC1xIH32xIW42xOC32xKH3xKW3xSH1xSW1xPH1xPW1xDH1xDW1xgroups32,,,68.556535,ms,68556535.000000,0,,spike,depthwise_conv2d_s8,N=6;IC=1;IH=32;IW=42;OC=32;KH=3;KW=3;SH=1;SW=1;PH=1;PW=1;DH=1;DW=1;groups=32,68556535,1,,
301,vint_kcov$dispatch_301_gemmini_q31_sigmoid_s8_n258048,,,26.787559,ms,26787559.000000,0,,spike,sigmoid_s8,n=258048,26787559,1,,
302,vint_kcov$dispatch_302_gemmini_q31_mul_s8_n258048,,,11.252539,ms,11252539.000000,0,,spike,mul_s8,n=258048,11252539,1,,
303,vint_kcov$dispatch_303_gemmini_q31_adaptive_avg_pool2d_s8_N6xC32xIH32xIW42xOH1xOW1,,,2.140203,ms,2140203.000000,0,,spike,adaptive_avg_pool2d_s8,N=6;C=32;IH=32;IW=42;OH=1;OW=1,2140203,1,,
304,vint_kcov$dispatch_304_gemmini_q31_conv2d_s8_pc_N6xIC32xIH1xIW1xOC8xKH1xKW1xSH1xSW1xPH0xPW0xDH1xDW1xgroups1,,,0.012487,ms,12487.000000,0,,spike,conv2d_s8_pc,N=6;IC=32;IH=1;IW=1;OC=8;KH=1;KW=1;SH=1;SW=1;PH=0;PW=0;DH=1;DW=1;groups=1,12487,1,,
305,vint_kcov$dispatch_305_gemmini_q31_sigmoid_s8_n48,,,0.004705,ms,4705.000000,0,,spike,sigmoid_s8,n=48,4705,1,,
306,vint_kcov$dispatch_306_gemmini_q31_mul_s8_n48,,,0.002173,ms,2173.000000,0,,spike,mul_s8,n=48,2173,1,,
307,vint_kcov$dispatch_307_gemmini_q31_conv2d_s8_pc_N6xIC8xIH1xIW1xOC32xKH1xKW1xSH1xSW1xPH0xPW0xDH1xDW1xgroups1,,,0.012343,ms,12343.000000,0,,spike,conv2d_s8_pc,N=6;IC=8;IH=1;IW=1;OC=32;KH=1;KW=1;SH=1;SW=1;PH=0;PW=0;DH=1;DW=1;groups=1,12343,1,,
308,vint_kcov$dispatch_308_gemmini_q31_sigmoid_s8_n192,,,0.018751,ms,18751.000000,0,,spike,sigmoid_s8,n=192,18751,1,,
309,vint_kcov$dispatch_309_gemmini_q31_mul_c1_s8_N6xC32xHW1344,,,5.272102,ms,5272102.000000,0,,spike,mul_c1_s8,N=6;C=32;HW=1344,5272102,1,,
310,vint_kcov$dispatch_310_gemmini_q31_conv2d_s8_pc_N6xIC32xIH32xIW42xOC16xKH1xKW1xSH1xSW1xPH0xPW0xDH1xDW1xgroups1,,,244.926894,ms,244926894.000000,0,,spike,conv2d_s8_pc,N=6;IC=32;IH=32;IW=42;OC=16;KH=1;KW=1;SH=1;SW=1;PH=0;PW=0;DH=1;DW=1;groups=1,244926894,1,,
311,vint_kcov$dispatch_311_gemmini_q31_conv2d_s8_pc_N6xIC16xIH32xIW42xOC96xKH1xKW1xSH1xSW1xPH0xPW0xDH1xDW1xgroups1,,,29.823722,ms,29823722.000000,0,,spike,conv2d_s8_pc,N=6;IC=16;IH=32;IW=42;OC=96;KH=1;KW=1;SH=1;SW=1;PH=0;PW=0;DH=1;DW=1;groups=1,29823722,1,,
312,vint_kcov$dispatch_312_gemmini_q31_sigmoid_s8_n774144,,,79.399387,ms,79399387.000000,0,,spike,sigmoid_s8,n=774144,79399387,1,,
313,vint_kcov$dispatch_313_gemmini_q31_mul_s8_n774144,,,33.754459,ms,33754459.000000,0,,spike,mul_s8,n=774144,33754459,1,,
314,vint_kcov$dispatch_314_gemmini_q31_pad_s8_N6xC96xIH32xIW42xpad_left0xpad_right1xpad_top0xpad_bottom1,,,11.415873,ms,11415873.000000,0,,spike,pad_s8,N=6;C=96;IH=32;IW=42;pad_left=0;pad_right=1;pad_top=0;pad_bottom=1,11415873,1,,
315,vint_kcov$dispatch_315_gemmini_q31_depthwise_conv2d_s8_N6xIC1xIH33xIW43xOC96xKH3xKW3xSH2xSW2xPH0xPW0xDH1xDW1xgroups96,,,52.773374,ms,52773374.000000,0,,spike,depthwise_conv2d_s8,N=6;IC=1;IH=33;IW=43;OC=96;KH=3;KW=3;SH=2;SW=2;PH=0;PW=0;DH=1;DW=1;groups=96,52773374,1,,
316,vint_kcov$dispatch_316_gemmini_q31_sigmoid_s8_n193536,,,21.526694,ms,21526694.000000,0,,spike,sigmoid_s8,n=193536,21526694,1,,
317,vint_kcov$dispatch_317_gemmini_q31_mul_s8_n193536,,,8.474666,ms,8474666.000000,0,,spike,mul_s8,n=193536,8474666,1,,
318,vint_kcov$dispatch_318_gemmini_q31_adaptive_avg_pool2d_s8_N6xC96xIH16xIW21xOH1xOW1,,,1.692375,ms,1692375.000000,0,,spike,adaptive_avg_pool2d_s8,N=6;C=96;IH=16;IW=21;OH=1;OW=1,1692375,1,,
319,vint_kcov$dispatch_319_gemmini_q31_conv2d_s8_pc_N6xIC96xIH1xIW1xOC4xKH1xKW1xSH1xSW1xPH0xPW0xDH1xDW1xgroups1,,,0.025831,ms,25831.000000,0,,spike,conv2d_s8_pc,N=6;IC=96;IH=1;IW=1;OC=4;KH=1;KW=1;SH=1;SW=1;PH=0;PW=0;DH=1;DW=1;groups=1,25831,1,,
320,vint_kcov$dispatch_320_gemmini_q31_sigmoid_s8_n24,,,0.002791,ms,2791.000000,0,,spike,sigmoid_s8,n=24,2791,1,,
321,vint_kcov$dispatch_321_gemmini_q31_mul_s8_n24,,,0.001123,ms,1123.000000,0,,spike,mul_s8,n=24,1123,1,,
322,vint_kcov$dispatch_322_gemmini_q31_conv2d_s8_pc_N6xIC4xIH1xIW1xOC96xKH1xKW1xSH1xSW1xPH0xPW0xDH1xDW1xgroups1,,,0.025429,ms,25429.000000,0,,spike,conv2d_s8_pc,N=6;IC=4;IH=1;IW=1;OC=96;KH=1;KW=1;SH=1;SW=1;PH=0;PW=0;DH=1;DW=1;groups=1,25429,1,,
323,vint_kcov$dispatch_323_gemmini_q31_sigmoid_s8_n576,,,0.057103,ms,57103.000000,0,,spike,sigmoid_s8,n=576,57103,1,,
324,vint_kcov$dispatch_324_gemmini_q31_mul_c1_s8_N6xC96xHW336,,,3.964912,ms,3964912.000000,0,,spike,mul_c1_s8,N=6;C=96;HW=336,3964912,1,,
325,vint_kcov$dispatch_325_gemmini_q31_conv2d_s8_pc_N6xIC96xIH16xIW21xOC24xKH1xKW1xSH1xSW1xPH0xPW0xDH1xDW1xgroups1,,,4.475156,ms,4475156.000000,0,,spike,conv2d_s8_pc,N=6;IC=96;IH=16;IW=21;OC=24;KH=1;KW=1;SH=1;SW=1;PH=0;PW=0;DH=1;DW=1;groups=1,4475156,1,,
326,vint_kcov$dispatch_326_gemmini_q31_conv2d_s8_pc_N6xIC24xIH16xIW21xOC144xKH1xKW1xSH1xSW1xPH0xPW0xDH1xDW1xgroups1,,,11.186180,ms,11186180.000000,0,,spike,conv2d_s8_pc,N=6;IC=24;IH=16;IW=21;OC=144;KH=1;KW=1;SH=1;SW=1;PH=0;PW=0;DH=1;DW=1;groups=1,11186180,1,,
327,vint_kcov$dispatch_327_gemmini_q31_sigmoid_s8_n290304,,,33.027440,ms,33027440.000000,0,,spike,sigmoid_s8,n=290304,33027440,1,,
328,vint_kcov$dispatch_328_gemmini_q31_mul_s8_n290304,,,12.757130,ms,12757130.000000,0,,spike,mul_s8,n=290304,12757130,1,,
329,vint_kcov$dispatch_329_gemmini_q31_depthwise_conv2d_s8_N6xIC1xIH16xIW21xOC144xKH3xKW3xSH1xSW1xPH1xPW1xDH1xDW1xgroups144,,,75.326360,ms,75326360.000000,0,,spike,depthwise_conv2d_s8,N=6;IC=1;IH=16;IW=21;OC=144;KH=3;KW=3;SH=1;SW=1;PH=1;PW=1;DH=1;DW=1;groups=144,75326360,1,,
330,vint_kcov$dispatch_330_gemmini_q31_sigmoid_s8_n290304,,,31.766648,ms,31766648.000000,0,,spike,sigmoid_s8,n=290304,31766648,1,,
331,vint_kcov$dispatch_331_gemmini_q31_mul_s8_n290304,,,12.708560,ms,12708560.000000,0,,spike,mul_s8,n=290304,12708560,1,,
332,vint_kcov$dispatch_332_gemmini_q31_adaptive_avg_pool2d_s8_N6xC144xIH16xIW21xOH1xOW1,,,2.538513,ms,2538513.000000,0,,spike,adaptive_avg_pool2d_s8,N=6;C=144;IH=16;IW=21;OH=1;OW=1,2538513,1,,
333,vint_kcov$dispatch_333_gemmini_q31_conv2d_s8_pc_N6xIC144xIH1xIW1xOC6xKH1xKW1xSH1xSW1xPH0xPW0xDH1xDW1xgroups1,,,0.036924,ms,36924.000000,0,,spike,conv2d_s8_pc,N=6;IC=144;IH=1;IW=1;OC=6;KH=1;KW=1;SH=1;SW=1;PH=0;PW=0;DH=1;DW=1;groups=1,36924,1,,
334,vint_kcov$dispatch_334_gemmini_q31_sigmoid_s8_n36,,,0.004159,ms,4159.000000,0,,spike,sigmoid_s8,n=36,4159,1,,
335,vint_kcov$dispatch_335_gemmini_q31_mul_s8_n36,,,0.001651,ms,1651.000000,0,,spike,mul_s8,n=36,1651,1,,
336,vint_kcov$dispatch_336_gemmini_q31_conv2d_s8_pc_N6xIC6xIH1xIW1xOC144xKH1xKW1xSH1xSW1xPH0xPW0xDH1xDW1xgroups1,,,0.036727,ms,36727.000000,0,,spike,conv2d_s8_pc,N=6;IC=6;IH=1;IW=1;OC=144;KH=1;KW=1;SH=1;SW=1;PH=0;PW=0;DH=1;DW=1;groups=1,36727,1,,
337,vint_kcov$dispatch_337_gemmini_q31_sigmoid_s8_n864,,,0.086059,ms,86059.000000,0,,spike,sigmoid_s8,n=864,86059,1,,
338,vint_kcov$dispatch_338_gemmini_q31_mul_c1_s8_N6xC144xHW336,,,5.954698,ms,5954698.000000,0,,spike,mul_c1_s8,N=6;C=144;HW=336,5954698,1,,
339,vint_kcov$dispatch_339_gemmini_q31_conv2d_s8_pc_N6xIC144xIH16xIW21xOC24xKH1xKW1xSH1xSW1xPH0xPW0xDH1xDW1xgroups1,,,406.166526,ms,406166526.000000,0,,spike,conv2d_s8_pc,N=6;IC=144;IH=16;IW=21;OC=24;KH=1;KW=1;SH=1;SW=1;PH=0;PW=0;DH=1;DW=1;groups=1,406166526,1,,
340,vint_kcov$dispatch_340_gemmini_q31_add_s8_n48384,,,1.285658,ms,1285658.000000,0,,spike,add_s8,n=48384,1285658,1,,
341,vint_kcov$dispatch_341_gemmini_q31_conv2d_s8_pc_N6xIC24xIH16xIW21xOC144xKH1xKW1xSH1xSW1xPH0xPW0xDH1xDW1xgroups1,,,11.186186,ms,11186186.000000,0,,spike,conv2d_s8_pc,N=6;IC=24;IH=16;IW=21;OC=144;KH=1;KW=1;SH=1;SW=1;PH=0;PW=0;DH=1;DW=1;groups=1,11186186,1,,
342,vint_kcov$dispatch_342_gemmini_q31_sigmoid_s8_n290304,,,32.639732,ms,32639732.000000,0,,spike,sigmoid_s8,n=290304,32639732,1,,
343,vint_kcov$dispatch_343_gemmini_q31_mul_s8_n290304,,,12.759200,ms,12759200.000000,0,,spike,mul_s8,n=290304,12759200,1,,
344,vint_kcov$dispatch_344_gemmini_q31_pad_s8_N6xC144xIH16xIW21xpad_left1xpad_right2xpad_top1xpad_bottom2,,,5.202273,ms,5202273.000000,0,,spike,pad_s8,N=6;C=144;IH=16;IW=21;pad_left=1;pad_right=2;pad_top=1;pad_bottom=2,5202273,1,,
345,vint_kcov$dispatch_345_gemmini_q31_depthwise_conv2d_s8_N6xIC1xIH19xIW24xOC144xKH5xKW5xSH2xSW2xPH0xPW0xDH1xDW1xgroups144,,,44.900606,ms,44900606.000000,0,,spike,depthwise_conv2d_s8,N=6;IC=1;IH=19;IW=24;OC=144;KH=5;KW=5;SH=2;SW=2;PH=0;PW=0;DH=1;DW=1;groups=144,44900606,1,,
346,vint_kcov$dispatch_346_gemmini_q31_sigmoid_s8_n69120,,,8.114336,ms,8114336.000000,0,,spike,sigmoid_s8,n=69120,8114336,1,,
347,vint_kcov$dispatch_347_gemmini_q31_mul_s8_n69120,,,3.030710,ms,3030710.000000,0,,spike,mul_s8,n=69120,3030710,1,,
348,vint_kcov$dispatch_348_gemmini_q31_adaptive_avg_pool2d_s8_N6xC144xIH8xIW10xOH1xOW1,,,0.707187,ms,707187.000000,0,,spike,adaptive_avg_pool2d_s8,N=6;C=144;IH=8;IW=10;OH=1;OW=1,707187,1,,
349,vint_kcov$dispatch_349_gemmini_q31_conv2d_s8_pc_N6xIC144xIH1xIW1xOC6xKH1xKW1xSH1xSW1xPH0xPW0xDH1xDW1xgroups1,,,0.036936,ms,36936.000000,0,,spike,conv2d_s8_pc,N=6;IC=144;IH=1;IW=1;OC=6;KH=1;KW=1;SH=1;SW=1;PH=0;PW=0;DH=1;DW=1;groups=1,36936,1,,
350,vint_kcov$dispatch_350_gemmini_q31_sigmoid_s8_n36,,,0.004111,ms,4111.000000,0,,spike,sigmoid_s8,n=36,4111,1,,
351,vint_kcov$dispatch_351_gemmini_q31_mul_s8_n36,,,0.001651,ms,1651.000000,0,,spike,mul_s8,n=36,1651,1,,
352,vint_kcov$dispatch_352_gemmini_q31_conv2d_s8_pc_N6xIC6xIH1xIW1xOC144xKH1xKW1xSH1xSW1xPH0xPW0xDH1xDW1xgroups1,,,0.036727,ms,36727.000000,0,,spike,conv2d_s8_pc,N=6;IC=6;IH=1;IW=1;OC=144;KH=1;KW=1;SH=1;SW=1;PH=0;PW=0;DH=1;DW=1;groups=1,36727,1,,
353,vint_kcov$dispatch_353_gemmini_q31_sigmoid_s8_n864,,,0.085129,ms,85129.000000,0,,spike,sigmoid_s8,n=864,85129,1,,
354,vint_kcov$dispatch_354_gemmini_q31_mul_c1_s8_N6xC144xHW80,,,1.424500,ms,1424500.000000,0,,spike,mul_c1_s8,N=6;C=144;HW=80,1424500,1,,
355,vint_kcov$dispatch_355_gemmini_q31_conv2d_s8_pc_N6xIC144xIH8xIW10xOC40xKH1xKW1xSH1xSW1xPH0xPW0xDH1xDW1xgroups1,,,1.729982,ms,1729982.000000,0,,spike,conv2d_s8_pc,N=6;IC=144;IH=8;IW=10;OC=40;KH=1;KW=1;SH=1;SW=1;PH=0;PW=0;DH=1;DW=1;groups=1,1729982,1,,
356,vint_kcov$dispatch_356_gemmini_q31_conv2d_s8_pc_N6xIC40xIH8xIW10xOC240xKH1xKW1xSH1xSW1xPH0xPW0xDH1xDW1xgroups1,,,4.452716,ms,4452716.000000,0,,spike,conv2d_s8_pc,N=6;IC=40;IH=8;IW=10;OC=240;KH=1;KW=1;SH=1;SW=1;PH=0;PW=0;DH=1;DW=1;groups=1,4452716,1,,
357,vint_kcov$dispatch_357_gemmini_q31_sigmoid_s8_n115200,,,13.464866,ms,13464866.000000,0,,spike,sigmoid_s8,n=115200,13464866,1,,
358,vint_kcov$dispatch_358_gemmini_q31_mul_s8_n115200,,,5.079194,ms,5079194.000000,0,,spike,mul_s8,n=115200,5079194,1,,
359,vint_kcov$dispatch_359_gemmini_q31_depthwise_conv2d_s8_N6xIC1xIH8xIW10xOC240xKH5xKW5xSH1xSW1xPH2xPW2xDH1xDW1xgroups240,,,60.174968,ms,60174968.000000,0,,spike,depthwise_conv2d_s8,N=6;IC=1;IH=8;IW=10;OC=240;KH=5;KW=5;SH=1;SW=1;PH=2;PW=2;DH=1;DW=1;groups=240,60174968,1,,
360,vint_kcov$dispatch_360_gemmini_q31_sigmoid_s8_n115200,,,12.975824,ms,12975824.000000,0,,spike,sigmoid_s8,n=115200,12975824,1,,
361,vint_kcov$dispatch_361_gemmini_q31_mul_s8_n115200,,,5.055830,ms,5055830.000000,0,,spike,mul_s8,n=115200,5055830,1,,
362,vint_kcov$dispatch_362_gemmini_q31_adaptive_avg_pool2d_s8_N6xC240xIH8xIW10xOH1xOW1,,,1.178115,ms,1178115.000000,0,,spike,adaptive_avg_pool2d_s8,N=6;C=240;IH=8;IW=10;OH=1;OW=1,1178115,1,,
363,vint_kcov$dispatch_363_gemmini_q31_conv2d_s8_pc_N6xIC240xIH1xIW1xOC10xKH1xKW1xSH1xSW1xPH0xPW0xDH1xDW1xgroups1,,,0.059107,ms,59107.000000,0,,spike,conv2d_s8_pc,N=6;IC=240;IH=1;IW=1;OC=10;KH=1;KW=1;SH=1;SW=1;PH=0;PW=0;DH=1;DW=1;groups=1,59107,1,,
364,vint_kcov$dispatch_364_gemmini_q31_sigmoid_s8_n60,,,0.007405,ms,7405.000000,0,,spike,sigmoid_s8,n=60,7405,1,,
365,vint_kcov$dispatch_365_gemmini_q31_mul_s8_n60,,,0.002719,ms,2719.000000,0,,spike,mul_s8,n=60,2719,1,,
366,vint_kcov$dispatch_366_gemmini_q31_conv2d_s8_pc_N6xIC10xIH1xIW1xOC240xKH1xKW1xSH1xSW1xPH0xPW0xDH1xDW1xgroups1,,,0.059323,ms,59323.000000,0,,spike,conv2d_s8_pc,N=6;IC=10;IH=1;IW=1;OC=240;KH=1;KW=1;SH=1;SW=1;PH=0;PW=0;DH=1;DW=1;groups=1,59323,1,,
367,vint_kcov$dispatch_367_gemmini_q31_sigmoid_s8_n1440,,,0.157477,ms,157477.000000,0,,spike,sigmoid_s8,n=1440,157477,1,,
368,vint_kcov$dispatch_368_gemmini_q31_mul_c1_s8_N6xC240xHW80,,,2.369080,ms,2369080.000000,0,,spike,mul_c1_s8,N=6;C=240;HW=80,2369080,1,,
369,vint_kcov$dispatch_369_gemmini_q31_conv2d_s8_pc_N6xIC240xIH8xIW10xOC40xKH1xKW1xSH1xSW1xPH0xPW0xDH1xDW1xgroups1,,,2.413118,ms,2413118.000000,0,,spike,conv2d_s8_pc,N=6;IC=240;IH=8;IW=10;OC=40;KH=1;KW=1;SH=1;SW=1;PH=0;PW=0;DH=1;DW=1;groups=1,2413118,1,,
370,vint_kcov$dispatch_370_gemmini_q31_add_s8_n19200,,,0.511603,ms,511603.000000,0,,spike,add_s8,n=19200,511603,1,,
371,vint_kcov$dispatch_371_gemmini_q31_conv2d_s8_pc_N6xIC40xIH8xIW10xOC240xKH1xKW1xSH1xSW1xPH0xPW0xDH1xDW1xgroups1,,,4.452716,ms,4452716.000000,0,,spike,conv2d_s8_pc,N=6;IC=40;IH=8;IW=10;OC=240;KH=1;KW=1;SH=1;SW=1;PH=0;PW=0;DH=1;DW=1;groups=1,4452716,1,,
372,vint_kcov$dispatch_372_gemmini_q31_sigmoid_s8_n115200,,,13.346588,ms,13346588.000000,0,,spike,sigmoid_s8,n=115200,13346588,1,,
373,vint_kcov$dispatch_373_gemmini_q31_mul_s8_n115200,,,5.081342,ms,5081342.000000,0,,spike,mul_s8,n=115200,5081342,1,,
374,vint_kcov$dispatch_374_gemmini_q31_pad_s8_N6xC240xIH8xIW10xpad_left0xpad_right1xpad_top0xpad_bottom1,,,1.997409,ms,1997409.000000,0,,spike,pad_s8,N=6;C=240;IH=8;IW=10;pad_left=0;pad_right=1;pad_top=0;pad_bottom=1,1997409,1,,
375,vint_kcov$dispatch_375_gemmini_q31_depthwise_conv2d_s8_N6xIC1xIH9xIW11xOC240xKH3xKW3xSH2xSW2xPH0xPW0xDH1xDW1xgroups240,,,7.941818,ms,7941818.000000,0,,spike,depthwise_conv2d_s8,N=6;IC=1;IH=9;IW=11;OC=240;KH=3;KW=3;SH=2;SW=2;PH=0;PW=0;DH=1;DW=1;groups=240,7941818,1,,
376,vint_kcov$dispatch_376_gemmini_q31_sigmoid_s8_n28800,,,3.426182,ms,3426182.000000,0,,spike,sigmoid_s8,n=28800,3426182,1,,
377,vint_kcov$dispatch_377_gemmini_q31_mul_s8_n28800,,,1.273106,ms,1273106.000000,0,,spike,mul_s8,n=28800,1273106,1,,
378,vint_kcov$dispatch_378_gemmini_q31_adaptive_avg_pool2d_s8_N6xC240xIH4xIW5xOH1xOW1,,,0.435393,ms,435393.000000,0,,spike,adaptive_avg_pool2d_s8,N=6;C=240;IH=4;IW=5;OH=1;OW=1,435393,1,,
379,vint_kcov$dispatch_379_gemmini_q31_conv2d_s8_pc_N6xIC240xIH1xIW1xOC10xKH1xKW1xSH1xSW1xPH0xPW0xDH1xDW1xgroups1,,,0.059143,ms,59143.000000,0,,spike,conv2d_s8_pc,N=6;IC=240;IH=1;IW=1;OC=10;KH=1;KW=1;SH=1;SW=1;PH=0;PW=0;DH=1;DW=1;groups=1,59143,1,,
380,vint_kcov$dispatch_380_gemmini_q31_sigmoid_s8_n60,,,0.007429,ms,7429.000000,0,,spike,sigmoid_s8,n=60,7429,1,,
381,vint_kcov$dispatch_381_gemmini_q31_mul_s8_n60,,,0.002719,ms,2719.000000,0,,spike,mul_s8,n=60,2719,1,,
382,vint_kcov$dispatch_382_gemmini_q31_conv2d_s8_pc_N6xIC10xIH1xIW1xOC240xKH1xKW1xSH1xSW1xPH0xPW0xDH1xDW1xgroups1,,,0.059323,ms,59323.000000,0,,spike,conv2d_s8_pc,N=6;IC=10;IH=1;IW=1;OC=240;KH=1;KW=1;SH=1;SW=1;PH=0;PW=0;DH=1;DW=1;groups=1,59323,1,,
383,vint_kcov$dispatch_383_gemmini_q31_sigmoid_s8_n1440,,,0.146149,ms,146149.000000,0,,spike,sigmoid_s8,n=1440,146149,1,,
384,vint_kcov$dispatch_384_gemmini_q31_mul_c1_s8_N6xC240xHW20,,,0.607024,ms,607024.000000,0,,spike,mul_c1_s8,N=6;C=240;HW=20,607024,1,,
385,vint_kcov$dispatch_385_gemmini_q31_conv2d_s8_pc_N6xIC240xIH4xIW5xOC80xKH1xKW1xSH1xSW1xPH0xPW0xDH1xDW1xgroups1,,,0.837032,ms,837032.000000,0,,spike,conv2d_s8_pc,N=6;IC=240;IH=4;IW=5;OC=80;KH=1;KW=1;SH=1;SW=1;PH=0;PW=0;DH=1;DW=1;groups=1,837032,1,,
386,vint_kcov$dispatch_386_gemmini_q31_conv2d_s8_pc_N6xIC80xIH4xIW5xOC480xKH1xKW1xSH1xSW1xPH0xPW0xDH1xDW1xgroups1,,,2.244290,ms,2244290.000000,0,,spike,conv2d_s8_pc,N=6;IC=80;IH=4;IW=5;OC=480;KH=1;KW=1;SH=1;SW=1;PH=0;PW=0;DH=1;DW=1;groups=1,2244290,1,,
387,vint_kcov$dispatch_387_gemmini_q31_sigmoid_s8_n57600,,,6.557078,ms,6557078.000000,0,,spike,sigmoid_s8,n=57600,6557078,1,,
388,vint_kcov$dispatch_388_gemmini_q31_mul_s8_n57600,,,2.531750,ms,2531750.000000,0,,spike,mul_s8,n=57600,2531750,1,,
389,vint_kcov$dispatch_389_gemmini_q31_depthwise_conv2d_s8_N6xIC1xIH4xIW5xOC480xKH3xKW3xSH1xSW1xPH1xPW1xDH1xDW1xgroups480,,,12.922808,ms,12922808.000000,0,,spike,depthwise_conv2d_s8,N=6;IC=1;IH=4;IW=5;OC=480;KH=3;KW=3;SH=1;SW=1;PH=1;PW=1;DH=1;DW=1;groups=480,12922808,1,,
390,vint_kcov$dispatch_390_gemmini_q31_sigmoid_s8_n57600,,,6.149858,ms,6149858.000000,0,,spike,sigmoid_s8,n=57600,6149858,1,,
391,vint_kcov$dispatch_391_gemmini_q31_mul_s8_n57600,,,2.524514,ms,2524514.000000,0,,spike,mul_s8,n=57600,2524514,1,,
392,vint_kcov$dispatch_392_gemmini_q31_adaptive_avg_pool2d_s8_N6xC480xIH4xIW5xOH1xOW1,,,0.869415,ms,869415.000000,0,,spike,adaptive_avg_pool2d_s8,N=6;C=480;IH=4;IW=5;OH=1;OW=1,869415,1,,
393,vint_kcov$dispatch_393_gemmini_q31_conv2d_s8_pc_N6xIC480xIH1xIW1xOC20xKH1xKW1xSH1xSW1xPH0xPW0xDH1xDW1xgroups1,,,0.114535,ms,114535.000000,0,,spike,conv2d_s8_pc,N=6;IC=480;IH=1;IW=1;OC=20;KH=1;KW=1;SH=1;SW=1;PH=0;PW=0;DH=1;DW=1;groups=1,114535,1,,
394,vint_kcov$dispatch_394_gemmini_q31_sigmoid_s8_n120,,,0.014419,ms,14419.000000,0,,spike,sigmoid_s8,n=120,14419,1,,
395,vint_kcov$dispatch_395_gemmini_q31_mul_s8_n120,,,0.005365,ms,5365.000000,0,,spike,mul_s8,n=120,5365,1,,
396,vint_kcov$dispatch_396_gemmini_q31_conv2d_s8_pc_N6xIC20xIH1xIW1xOC480xKH1xKW1xSH1xSW1xPH0xPW0xDH1xDW1xgroups1,,,0.115723,ms,115723.000000,0,,spike,conv2d_s8_pc,N=6;IC=20;IH=1;IW=1;OC=480;KH=1;KW=1;SH=1;SW=1;PH=0;PW=0;DH=1;DW=1;groups=1,115723,1,,
397,vint_kcov$dispatch_397_gemmini_q31_sigmoid_s8_n2880,,,0.320498,ms,320498.000000,0,,spike,sigmoid_s8,n=2880,320498,1,,
398,vint_kcov$dispatch_398_gemmini_q31_mul_c1_s8_N6xC480xHW20,,,1.214536,ms,1214536.000000,0,,spike,mul_c1_s8,N=6;C=480;HW=20,1214536,1,,
399,vint_kcov$dispatch_399_gemmini_q31_conv2d_s8_pc_N6xIC480xIH4xIW5xOC80xKH1xKW1xSH1xSW1xPH0xPW0xDH1xDW1xgroups1,,,1.322312,ms,1322312.000000,0,,spike,conv2d_s8_pc,N=6;IC=480;IH=4;IW=5;OC=80;KH=1;KW=1;SH=1;SW=1;PH=0;PW=0;DH=1;DW=1;groups=1,1322312,1,,
400,vint_kcov$dispatch_400_gemmini_q31_add_s8_n9600,,,0.256543,ms,256543.000000,0,,spike,add_s8,n=9600,256543,1,,
401,vint_kcov$dispatch_401_gemmini_q31_conv2d_s8_pc_N6xIC80xIH4xIW5xOC480xKH1xKW1xSH1xSW1xPH0xPW0xDH1xDW1xgroups1,,,2.244290,ms,2244290.000000,0,,spike,conv2d_s8_pc,N=6;IC=80;IH=4;IW=5;OC=480;KH=1;KW=1;SH=1;SW=1;PH=0;PW=0;DH=1;DW=1;groups=1,2244290,1,,
402,vint_kcov$dispatch_402_gemmini_q31_sigmoid_s8_n57600,,,6.407126,ms,6407126.000000,0,,spike,sigmoid_s8,n=57600,6407126,1,,
403,vint_kcov$dispatch_403_gemmini_q31_mul_s8_n57600,,,2.531336,ms,2531336.000000,0,,spike,mul_s8,n=57600,2531336,1,,
404,vint_kcov$dispatch_404_gemmini_q31_depthwise_conv2d_s8_N6xIC1xIH4xIW5xOC480xKH3xKW3xSH1xSW1xPH1xPW1xDH1xDW1xgroups480,,,12.922808,ms,12922808.000000,0,,spike,depthwise_conv2d_s8,N=6;IC=1;IH=4;IW=5;OC=480;KH=3;KW=3;SH=1;SW=1;PH=1;PW=1;DH=1;DW=1;groups=480,12922808,1,,
405,vint_kcov$dispatch_405_gemmini_q31_sigmoid_s8_n57600,,,6.169250,ms,6169250.000000,0,,spike,sigmoid_s8,n=57600,6169250,1,,
406,vint_kcov$dispatch_406_gemmini_q31_mul_s8_n57600,,,2.525696,ms,2525696.000000,0,,spike,mul_s8,n=57600,2525696,1,,
407,vint_kcov$dispatch_407_gemmini_q31_adaptive_avg_pool2d_s8_N6xC480xIH4xIW5xOH1xOW1,,,0.869145,ms,869145.000000,0,,spike,adaptive_avg_pool2d_s8,N=6;C=480;IH=4;IW=5;OH=1;OW=1,869145,1,,
408,vint_kcov$dispatch_408_gemmini_q31_conv2d_s8_pc_N6xIC480xIH1xIW1xOC20xKH1xKW1xSH1xSW1xPH0xPW0xDH1xDW1xgroups1,,,0.114535,ms,114535.000000,0,,spike,conv2d_s8_pc,N=6;IC=480;IH=1;IW=1;OC=20;KH=1;KW=1;SH=1;SW=1;PH=0;PW=0;DH=1;DW=1;groups=1,114535,1,,
409,vint_kcov$dispatch_409_gemmini_q31_sigmoid_s8_n120,,,0.014329,ms,14329.000000,0,,spike,sigmoid_s8,n=120,14329,1,,
410,vint_kcov$dispatch_410_gemmini_q31_mul_s8_n120,,,0.005305,ms,5305.000000,0,,spike,mul_s8,n=120,5305,1,,
411,vint_kcov$dispatch_411_gemmini_q31_conv2d_s8_pc_N6xIC20xIH1xIW1xOC480xKH1xKW1xSH1xSW1xPH0xPW0xDH1xDW1xgroups1,,,0.115723,ms,115723.000000,0,,spike,conv2d_s8_pc,N=6;IC=20;IH=1;IW=1;OC=480;KH=1;KW=1;SH=1;SW=1;PH=0;PW=0;DH=1;DW=1;groups=1,115723,1,,
412,vint_kcov$dispatch_412_gemmini_q31_sigmoid_s8_n2880,,,0.336284,ms,336284.000000,0,,spike,sigmoid_s8,n=2880,336284,1,,
413,vint_kcov$dispatch_413_gemmini_q31_mul_c1_s8_N6xC480xHW20,,,1.211116,ms,1211116.000000,0,,spike,mul_c1_s8,N=6;C=480;HW=20,1211116,1,,
414,vint_kcov$dispatch_414_gemmini_q31_conv2d_s8_pc_N6xIC480xIH4xIW5xOC80xKH1xKW1xSH1xSW1xPH0xPW0xDH1xDW1xgroups1,,,1.322312,ms,1322312.000000,0,,spike,conv2d_s8_pc,N=6;IC=480;IH=4;IW=5;OC=80;KH=1;KW=1;SH=1;SW=1;PH=0;PW=0;DH=1;DW=1;groups=1,1322312,1,,
415,vint_kcov$dispatch_415_gemmini_q31_add_s8_n9600,,,0.256615,ms,256615.000000,0,,spike,add_s8,n=9600,256615,1,,
416,vint_kcov$dispatch_416_gemmini_q31_conv2d_s8_pc_N6xIC80xIH4xIW5xOC480xKH1xKW1xSH1xSW1xPH0xPW0xDH1xDW1xgroups1,,,2.244290,ms,2244290.000000,0,,spike,conv2d_s8_pc,N=6;IC=80;IH=4;IW=5;OC=480;KH=1;KW=1;SH=1;SW=1;PH=0;PW=0;DH=1;DW=1;groups=1,2244290,1,,
417,vint_kcov$dispatch_417_gemmini_q31_sigmoid_s8_n57600,,,6.339170,ms,6339170.000000,0,,spike,sigmoid_s8,n=57600,6339170,1,,
418,vint_kcov$dispatch_418_gemmini_q31_mul_s8_n57600,,,2.531138,ms,2531138.000000,0,,spike,mul_s8,n=57600,2531138,1,,
419,vint_kcov$dispatch_419_gemmini_q31_depthwise_conv2d_s8_N6xIC1xIH4xIW5xOC480xKH5xKW5xSH1xSW1xPH2xPW2xDH1xDW1xgroups480,,,23.734328,ms,23734328.000000,0,,spike,depthwise_conv2d_s8,N=6;IC=1;IH=4;IW=5;OC=480;KH=5;KW=5;SH=1;SW=1;PH=2;PW=2;DH=1;DW=1;groups=480,23734328,1,,
420,vint_kcov$dispatch_420_gemmini_q31_sigmoid_s8_n57600,,,6.112226,ms,6112226.000000,0,,spike,sigmoid_s8,n=57600,6112226,1,,
421,vint_kcov$dispatch_421_gemmini_q31_mul_s8_n57600,,,2.525114,ms,2525114.000000,0,,spike,mul_s8,n=57600,2525114,1,,
422,vint_kcov$dispatch_422_gemmini_q31_adaptive_avg_pool2d_s8_N6xC480xIH4xIW5xOH1xOW1,,,0.868893,ms,868893.000000,0,,spike,adaptive_avg_pool2d_s8,N=6;C=480;IH=4;IW=5;OH=1;OW=1,868893,1,,
423,vint_kcov$dispatch_423_gemmini_q31_conv2d_s8_pc_N6xIC480xIH1xIW1xOC20xKH1xKW1xSH1xSW1xPH0xPW0xDH1xDW1xgroups1,,,0.114535,ms,114535.000000,0,,spike,conv2d_s8_pc,N=6;IC=480;IH=1;IW=1;OC=20;KH=1;KW=1;SH=1;SW=1;PH=0;PW=0;DH=1;DW=1;groups=1,114535,1,,
424,vint_kcov$dispatch_424_gemmini_q31_sigmoid_s8_n120,,,0.014455,ms,14455.000000,0,,spike,sigmoid_s8,n=120,14455,1,,
425,vint_kcov$dispatch_425_gemmini_q31_mul_s8_n120,,,0.005347,ms,5347.000000,0,,spike,mul_s8,n=120,5347,1,,
426,vint_kcov$dispatch_426_gemmini_q31_conv2d_s8_pc_N6xIC20xIH1xIW1xOC480xKH1xKW1xSH1xSW1xPH0xPW0xDH1xDW1xgroups1,,,0.115723,ms,115723.000000,0,,spike,conv2d_s8_pc,N=6;IC=20;IH=1;IW=1;OC=480;KH=1;KW=1;SH=1;SW=1;PH=0;PW=0;DH=1;DW=1;groups=1,115723,1,,
427,vint_kcov$dispatch_427_gemmini_q31_sigmoid_s8_n2880,,,0.293462,ms,293462.000000,0,,spike,sigmoid_s8,n=2880,293462,1,,
428,vint_kcov$dispatch_428_gemmini_q31_mul_c1_s8_N6xC480xHW20,,,1.213276,ms,1213276.000000,0,,spike,mul_c1_s8,N=6;C=480;HW=20,1213276,1,,
429,vint_kcov$dispatch_429_gemmini_q31_conv2d_s8_pc_N6xIC480xIH4xIW5xOC112xKH1xKW1xSH1xSW1xPH0xPW0xDH1xDW1xgroups1,,,1.460876,ms,1460876.000000,0,,spike,conv2d_s8_pc,N=6;IC=480;IH=4;IW=5;OC=112;KH=1;KW=1;SH=1;SW=1;PH=0;PW=0;DH=1;DW=1;groups=1,1460876,1,,
430,vint_kcov$dispatch_430_gemmini_q31_conv2d_s8_pc_N6xIC112xIH4xIW5xOC672xKH1xKW1xSH1xSW1xPH0xPW0xDH1xDW1xgroups1,,,3.139376,ms,3139376.000000,0,,spike,conv2d_s8_pc,N=6;IC=112;IH=4;IW=5;OC=672;KH=1;KW=1;SH=1;SW=1;PH=0;PW=0;DH=1;DW=1;groups=1,3139376,1,,
431,vint_kcov$dispatch_431_gemmini_q31_sigmoid_s8_n80640,,,8.495264,ms,8495264.000000,0,,spike,sigmoid_s8,n=80640,8495264,1,,
432,vint_kcov$dispatch_432_gemmini_q31_mul_s8_n80640,,,3.545960,ms,3545960.000000,0,,spike,mul_s8,n=80640,3545960,1,,
433,vint_kcov$dispatch_433_gemmini_q31_depthwise_conv2d_s8_N6xIC1xIH4xIW5xOC672xKH5xKW5xSH1xSW1xPH2xPW2xDH1xDW1xgroups672,,,33.227960,ms,33227960.000000,0,,spike,depthwise_conv2d_s8,N=6;IC=1;IH=4;IW=5;OC=672;KH=5;KW=5;SH=1;SW=1;PH=2;PW=2;DH=1;DW=1;groups=672,33227960,1,,
434,vint_kcov$dispatch_434_gemmini_q31_sigmoid_s8_n80640,,,8.131460,ms,8131460.000000,0,,spike,sigmoid_s8,n=80640,8131460,1,,
435,vint_kcov$dispatch_435_gemmini_q31_mul_s8_n80640,,,3.528566,ms,3528566.000000,0,,spike,mul_s8,n=80640,3528566,1,,
436,vint_kcov$dispatch_436_gemmini_q31_adaptive_avg_pool2d_s8_N6xC672xIH4xIW5xOH1xOW1,,,1.214451,ms,1214451.000000,0,,spike,adaptive_avg_pool2d_s8,N=6;C=672;IH=4;IW=5;OH=1;OW=1,1214451,1,,
437,vint_kcov$dispatch_437_gemmini_q31_conv2d_s8_pc_N6xIC672xIH1xIW1xOC28xKH1xKW1xSH1xSW1xPH0xPW0xDH1xDW1xgroups1,,,0.158887,ms,158887.000000,0,,spike,conv2d_s8_pc,N=6;IC=672;IH=1;IW=1;OC=28;KH=1;KW=1;SH=1;SW=1;PH=0;PW=0;DH=1;DW=1;groups=1,158887,1,,
438,vint_kcov$dispatch_438_gemmini_q31_sigmoid_s8_n168,,,0.017485,ms,17485.000000,0,,spike,sigmoid_s8,n=168,17485,1,,
439,vint_kcov$dispatch_439_gemmini_q31_mul_s8_n168,,,0.007243,ms,7243.000000,0,,spike,mul_s8,n=168,7243,1,,
440,vint_kcov$dispatch_440_gemmini_q31_conv2d_s8_pc_N6xIC28xIH1xIW1xOC672xKH1xKW1xSH1xSW1xPH0xPW0xDH1xDW1xgroups1,,,0.160321,ms,160321.000000,0,,spike,conv2d_s8_pc,N=6;IC=28;IH=1;IW=1;OC=672;KH=1;KW=1;SH=1;SW=1;PH=0;PW=0;DH=1;DW=1;groups=1,160321,1,,
441,vint_kcov$dispatch_441_gemmini_q31_sigmoid_s8_n4032,,,0.384224,ms,384224.000000,0,,spike,sigmoid_s8,n=4032,384224,1,,
442,vint_kcov$dispatch_442_gemmini_q31_mul_c1_s8_N6xC672xHW20,,,1.699144,ms,1699144.000000,0,,spike,mul_c1_s8,N=6;C=672;HW=20,1699144,1,,
443,vint_kcov$dispatch_443_gemmini_q31_conv2d_s8_pc_N6xIC672xIH4xIW5xOC112xKH1xKW1xSH1xSW1xPH0xPW0xDH1xDW1xgroups1,,,1.849100,ms,1849100.000000,0,,spike,conv2d_s8_pc,N=6;IC=672;IH=4;IW=5;OC=112;KH=1;KW=1;SH=1;SW=1;PH=0;PW=0;DH=1;DW=1;groups=1,1849100,1,,
444,vint_kcov$dispatch_444_gemmini_q31_add_s8_n13440,,,0.358934,ms,358934.000000,0,,spike,add_s8,n=13440,358934,1,,
445,vint_kcov$dispatch_445_gemmini_q31_conv2d_s8_pc_N6xIC112xIH4xIW5xOC672xKH1xKW1xSH1xSW1xPH0xPW0xDH1xDW1xgroups1,,,3.139376,ms,3139376.000000,0,,spike,conv2d_s8_pc,N=6;IC=112;IH=4;IW=5;OC=672;KH=1;KW=1;SH=1;SW=1;PH=0;PW=0;DH=1;DW=1;groups=1,3139376,1,,
446,vint_kcov$dispatch_446_gemmini_q31_sigmoid_s8_n80640,,,8.102432,ms,8102432.000000,0,,spike,sigmoid_s8,n=80640,8102432,1,,
447,vint_kcov$dispatch_447_gemmini_q31_mul_s8_n80640,,,3.533570,ms,3533570.000000,0,,spike,mul_s8,n=80640,3533570,1,,
448,vint_kcov$dispatch_448_gemmini_q31_depthwise_conv2d_s8_N6xIC1xIH4xIW5xOC672xKH5xKW5xSH1xSW1xPH2xPW2xDH1xDW1xgroups672,,,33.227960,ms,33227960.000000,0,,spike,depthwise_conv2d_s8,N=6;IC=1;IH=4;IW=5;OC=672;KH=5;KW=5;SH=1;SW=1;PH=2;PW=2;DH=1;DW=1;groups=672,33227960,1,,
449,vint_kcov$dispatch_449_gemmini_q31_sigmoid_s8_n80640,,,7.924136,ms,7924136.000000,0,,spike,sigmoid_s8,n=80640,7924136,1,,
450,vint_kcov$dispatch_450_gemmini_q31_mul_s8_n80640,,,3.518180,ms,3518180.000000,0,,spike,mul_s8,n=80640,3518180,1,,
451,vint_kcov$dispatch_451_gemmini_q31_adaptive_avg_pool2d_s8_N6xC672xIH4xIW5xOH1xOW1,,,1.214481,ms,1214481.000000,0,,spike,adaptive_avg_pool2d_s8,N=6;C=672;IH=4;IW=5;OH=1;OW=1,1214481,1,,
452,vint_kcov$dispatch_452_gemmini_q31_conv2d_s8_pc_N6xIC672xIH1xIW1xOC28xKH1xKW1xSH1xSW1xPH0xPW0xDH1xDW1xgroups1,,,0.158887,ms,158887.000000,0,,spike,conv2d_s8_pc,N=6;IC=672;IH=1;IW=1;OC=28;KH=1;KW=1;SH=1;SW=1;PH=0;PW=0;DH=1;DW=1;groups=1,158887,1,,
453,vint_kcov$dispatch_453_gemmini_q31_sigmoid_s8_n168,,,0.018559,ms,18559.000000,0,,spike,sigmoid_s8,n=168,18559,1,,
454,vint_kcov$dispatch_454_gemmini_q31_mul_s8_n168,,,0.007285,ms,7285.000000,0,,spike,mul_s8,n=168,7285,1,,
455,vint_kcov$dispatch_455_gemmini_q31_conv2d_s8_pc_N6xIC28xIH1xIW1xOC672xKH1xKW1xSH1xSW1xPH0xPW0xDH1xDW1xgroups1,,,0.160321,ms,160321.000000,0,,spike,conv2d_s8_pc,N=6;IC=28;IH=1;IW=1;OC=672;KH=1;KW=1;SH=1;SW=1;PH=0;PW=0;DH=1;DW=1;groups=1,160321,1,,
456,vint_kcov$dispatch_456_gemmini_q31_sigmoid_s8_n4032,,,0.453956,ms,453956.000000,0,,spike,sigmoid_s8,n=4032,453956,1,,
457,vint_kcov$dispatch_457_gemmini_q31_mul_c1_s8_N6xC672xHW20,,,1.695916,ms,1695916.000000,0,,spike,mul_c1_s8,N=6;C=672;HW=20,1695916,1,,
458,vint_kcov$dispatch_458_gemmini_q31_conv2d_s8_pc_N6xIC672xIH4xIW5xOC112xKH1xKW1xSH1xSW1xPH0xPW0xDH1xDW1xgroups1,,,1.849100,ms,1849100.000000,0,,spike,conv2d_s8_pc,N=6;IC=672;IH=4;IW=5;OC=112;KH=1;KW=1;SH=1;SW=1;PH=0;PW=0;DH=1;DW=1;groups=1,1849100,1,,
459,vint_kcov$dispatch_459_gemmini_q31_add_s8_n13440,,,0.358975,ms,358975.000000,0,,spike,add_s8,n=13440,358975,1,,
460,vint_kcov$dispatch_460_gemmini_q31_conv2d_s8_pc_N6xIC112xIH4xIW5xOC672xKH1xKW1xSH1xSW1xPH0xPW0xDH1xDW1xgroups1,,,3.139376,ms,3139376.000000,0,,spike,conv2d_s8_pc,N=6;IC=112;IH=4;IW=5;OC=672;KH=1;KW=1;SH=1;SW=1;PH=0;PW=0;DH=1;DW=1;groups=1,3139376,1,,
461,vint_kcov$dispatch_461_gemmini_q31_sigmoid_s8_n80640,,,8.072744,ms,8072744.000000,0,,spike,sigmoid_s8,n=80640,8072744,1,,
462,vint_kcov$dispatch_462_gemmini_q31_mul_s8_n80640,,,3.532022,ms,3532022.000000,0,,spike,mul_s8,n=80640,3532022,1,,
463,vint_kcov$dispatch_463_gemmini_q31_pad_s8_N6xC672xIH4xIW5xpad_left1xpad_right2xpad_top1xpad_bottom2,,,2.778177,ms,2778177.000000,0,,spike,pad_s8,N=6;C=672;IH=4;IW=5;pad_left=1;pad_right=2;pad_top=1;pad_bottom=2,2778177,1,,
464,vint_kcov$dispatch_464_gemmini_q31_depthwise_conv2d_s8_N6xIC1xIH7xIW8xOC672xKH5xKW5xSH2xSW2xPH0xPW0xDH1xDW1xgroups672,,,10.637251,ms,10637251.000000,0,,spike,depthwise_conv2d_s8,N=6;IC=1;IH=7;IW=8;OC=672;KH=5;KW=5;SH=2;SW=2;PH=0;PW=0;DH=1;DW=1;groups=672,10637251,1,,
465,vint_kcov$dispatch_465_gemmini_q31_sigmoid_s8_n16128,,,1.801022,ms,1801022.000000,0,,spike,sigmoid_s8,n=16128,1801022,1,,
466,vint_kcov$dispatch_466_gemmini_q31_mul_s8_n16128,,,0.710756,ms,710756.000000,0,,spike,mul_s8,n=16128,710756,1,,
467,vint_kcov$dispatch_467_gemmini_q31_adaptive_avg_pool2d_s8_N6xC672xIH2xIW2xOH1xOW1,,,0.628101,ms,628101.000000,0,,spike,adaptive_avg_pool2d_s8,N=6;C=672;IH=2;IW=2;OH=1;OW=1,628101,1,,
468,vint_kcov$dispatch_468_gemmini_q31_conv2d_s8_pc_N6xIC672xIH1xIW1xOC28xKH1xKW1xSH1xSW1xPH0xPW0xDH1xDW1xgroups1,,,0.158887,ms,158887.000000,0,,spike,conv2d_s8_pc,N=6;IC=672;IH=1;IW=1;OC=28;KH=1;KW=1;SH=1;SW=1;PH=0;PW=0;DH=1;DW=1;groups=1,158887,1,,
469,vint_kcov$dispatch_469_gemmini_q31_sigmoid_s8_n168,,,0.020413,ms,20413.000000,0,,spike,sigmoid_s8,n=168,20413,1,,
470,vint_kcov$dispatch_470_gemmini_q31_mul_s8_n168,,,0.007507,ms,7507.000000,0,,spike,mul_s8,n=168,7507,1,,
471,vint_kcov$dispatch_471_gemmini_q31_conv2d_s8_pc_N6xIC28xIH1xIW1xOC672xKH1xKW1xSH1xSW1xPH0xPW0xDH1xDW1xgroups1,,,0.160321,ms,160321.000000,0,,spike,conv2d_s8_pc,N=6;IC=28;IH=1;IW=1;OC=672;KH=1;KW=1;SH=1;SW=1;PH=0;PW=0;DH=1;DW=1;groups=1,160321,1,,
472,vint_kcov$dispatch_472_gemmini_q31_sigmoid_s8_n4032,,,0.478694,ms,478694.000000,0,,spike,sigmoid_s8,n=4032,478694,1,,
473,vint_kcov$dispatch_473_gemmini_q31_mul_c1_s8_N6xC672xHW4,,,0.375808,ms,375808.000000,0,,spike,mul_c1_s8,N=6;C=672;HW=4,375808,1,,
474,vint_kcov$dispatch_474_gemmini_q31_conv2d_s8_pc_N6xIC672xIH2xIW2xOC192xKH1xKW1xSH1xSW1xPH0xPW0xDH1xDW1xgroups1,,,0.542804,ms,542804.000000,0,,spike,conv2d_s8_pc,N=6;IC=672;IH=2;IW=2;OC=192;KH=1;KW=1;SH=1;SW=1;PH=0;PW=0;DH=1;DW=1;groups=1,542804,1,,
475,vint_kcov$dispatch_475_gemmini_q31_conv2d_s8_pc_N6xIC192xIH2xIW2xOC1152xKH1xKW1xSH1xSW1xPH0xPW0xDH1xDW1xgroups1,,,1.111604,ms,1111604.000000,0,,spike,conv2d_s8_pc,N=6;IC=192;IH=2;IW=2;OC=1152;KH=1;KW=1;SH=1;SW=1;PH=0;PW=0;DH=1;DW=1;groups=1,1111604,1,,
476,vint_kcov$dispatch_476_gemmini_q31_sigmoid_s8_n27648,,,3.147380,ms,3147380.000000,0,,spike,sigmoid_s8,n=27648,3147380,1,,
477,vint_kcov$dispatch_477_gemmini_q31_mul_s8_n27648,,,1.226654,ms,1226654.000000,0,,spike,mul_s8,n=27648,1226654,1,,
478,vint_kcov$dispatch_478_gemmini_q31_depthwise_conv2d_s8_N6xIC1xIH2xIW2xOC1152xKH5xKW5xSH1xSW1xPH2xPW2xDH1xDW1xgroups1152,,,6.082808,ms,6082808.000000,0,,spike,depthwise_conv2d_s8,N=6;IC=1;IH=2;IW=2;OC=1152;KH=5;KW=5;SH=1;SW=1;PH=2;PW=2;DH=1;DW=1;groups=1152,6082808,1,,
479,vint_kcov$dispatch_479_gemmini_q31_sigmoid_s8_n27648,,,2.944736,ms,2944736.000000,0,,spike,sigmoid_s8,n=27648,2944736,1,,
480,vint_kcov$dispatch_480_gemmini_q31_mul_s8_n27648,,,1.212566,ms,1212566.000000,0,,spike,mul_s8,n=27648,1212566,1,,
481,vint_kcov$dispatch_481_gemmini_q31_adaptive_avg_pool2d_s8_N6xC1152xIH2xIW2xOH1xOW1,,,1.077051,ms,1077051.000000,0,,spike,adaptive_avg_pool2d_s8,N=6;C=1152;IH=2;IW=2;OH=1;OW=1,1077051,1,,
482,vint_kcov$dispatch_482_gemmini_q31_conv2d_s8_pc_N6xIC1152xIH1xIW1xOC48xKH1xKW1xSH1xSW1xPH0xPW0xDH1xDW1xgroups1,,,0.273031,ms,273031.000000,0,,spike,conv2d_s8_pc,N=6;IC=1152;IH=1;IW=1;OC=48;KH=1;KW=1;SH=1;SW=1;PH=0;PW=0;DH=1;DW=1;groups=1,273031,1,,
483,vint_kcov$dispatch_483_gemmini_q31_sigmoid_s8_n288,,,0.034861,ms,34861.000000,0,,spike,sigmoid_s8,n=288,34861,1,,
484,vint_kcov$dispatch_484_gemmini_q31_mul_s8_n288,,,0.012463,ms,12463.000000,0,,spike,mul_s8,n=288,12463,1,,
485,vint_kcov$dispatch_485_gemmini_q31_conv2d_s8_pc_N6xIC48xIH1xIW1xOC1152xKH1xKW1xSH1xSW1xPH0xPW0xDH1xDW1xgroups1,,,0.269383,ms,269383.000000,0,,spike,conv2d_s8_pc,N=6;IC=48;IH=1;IW=1;OC=1152;KH=1;KW=1;SH=1;SW=1;PH=0;PW=0;DH=1;DW=1;groups=1,269383,1,,
486,vint_kcov$dispatch_486_gemmini_q31_sigmoid_s8_n6912,,,0.842060,ms,842060.000000,0,,spike,sigmoid_s8,n=6912,842060,1,,
487,vint_kcov$dispatch_487_gemmini_q31_mul_c1_s8_N6xC1152xHW4,,,0.641842,ms,641842.000000,0,,spike,mul_c1_s8,N=6;C=1152;HW=4,641842,1,,
488,vint_kcov$dispatch_488_gemmini_q31_conv2d_s8_pc_N6xIC1152xIH2xIW2xOC192xKH1xKW1xSH1xSW1xPH0xPW0xDH1xDW1xgroups1,,,0.809054,ms,809054.000000,0,,spike,conv2d_s8_pc,N=6;IC=1152;IH=2;IW=2;OC=192;KH=1;KW=1;SH=1;SW=1;PH=0;PW=0;DH=1;DW=1;groups=1,809054,1,,
489,vint_kcov$dispatch_489_gemmini_q31_add_s8_n4608,,,0.124736,ms,124736.000000,0,,spike,add_s8,n=4608,124736,1,,
490,vint_kcov$dispatch_490_gemmini_q31_conv2d_s8_pc_N6xIC192xIH2xIW2xOC1152xKH1xKW1xSH1xSW1xPH0xPW0xDH1xDW1xgroups1,,,1.111604,ms,1111604.000000,0,,spike,conv2d_s8_pc,N=6;IC=192;IH=2;IW=2;OC=1152;KH=1;KW=1;SH=1;SW=1;PH=0;PW=0;DH=1;DW=1;groups=1,1111604,1,,
491,vint_kcov$dispatch_491_gemmini_q31_sigmoid_s8_n27648,,,3.068774,ms,3068774.000000,0,,spike,sigmoid_s8,n=27648,3068774,1,,
492,vint_kcov$dispatch_492_gemmini_q31_mul_s8_n27648,,,1.224752,ms,1224752.000000,0,,spike,mul_s8,n=27648,1224752,1,,
493,vint_kcov$dispatch_493_gemmini_q31_depthwise_conv2d_s8_N6xIC1xIH2xIW2xOC1152xKH5xKW5xSH1xSW1xPH2xPW2xDH1xDW1xgroups1152,,,6.082808,ms,6082808.000000,0,,spike,depthwise_conv2d_s8,N=6;IC=1;IH=2;IW=2;OC=1152;KH=5;KW=5;SH=1;SW=1;PH=2;PW=2;DH=1;DW=1;groups=1152,6082808,1,,
494,vint_kcov$dispatch_494_gemmini_q31_sigmoid_s8_n27648,,,2.880506,ms,2880506.000000,0,,spike,sigmoid_s8,n=27648,2880506,1,,
495,vint_kcov$dispatch_495_gemmini_q31_mul_s8_n27648,,,1.214252,ms,1214252.000000,0,,spike,mul_s8,n=27648,1214252,1,,
496,vint_kcov$dispatch_496_gemmini_q31_adaptive_avg_pool2d_s8_N6xC1152xIH2xIW2xOH1xOW1,,,1.077261,ms,1077261.000000,0,,spike,adaptive_avg_pool2d_s8,N=6;C=1152;IH=2;IW=2;OH=1;OW=1,1077261,1,,
497,vint_kcov$dispatch_497_gemmini_q31_conv2d_s8_pc_N6xIC1152xIH1xIW1xOC48xKH1xKW1xSH1xSW1xPH0xPW0xDH1xDW1xgroups1,,,0.273031,ms,273031.000000,0,,spike,conv2d_s8_pc,N=6;IC=1152;IH=1;IW=1;OC=48;KH=1;KW=1;SH=1;SW=1;PH=0;PW=0;DH=1;DW=1;groups=1,273031,1,,
498,vint_kcov$dispatch_498_gemmini_q31_sigmoid_s8_n288,,,0.033913,ms,33913.000000,0,,spike,sigmoid_s8,n=288,33913,1,,
499,vint_kcov$dispatch_499_gemmini_q31_mul_s8_n288,,,0.011755,ms,11755.000000,0,,spike,mul_s8,n=288,11755,1,,
500,vint_kcov$dispatch_500_gemmini_q31_conv2d_s8_pc_N6xIC48xIH1xIW1xOC1152xKH1xKW1xSH1xSW1xPH0xPW0xDH1xDW1xgroups1,,,0.269383,ms,269383.000000,0,,spike,conv2d_s8_pc,N=6;IC=48;IH=1;IW=1;OC=1152;KH=1;KW=1;SH=1;SW=1;PH=0;PW=0;DH=1;DW=1;groups=1,269383,1,,
501,vint_kcov$dispatch_501_gemmini_q31_sigmoid_s8_n6912,,,0.834296,ms,834296.000000,0,,spike,sigmoid_s8,n=6912,834296,1,,
502,vint_kcov$dispatch_502_gemmini_q31_mul_c1_s8_N6xC1152xHW4,,,0.640936,ms,640936.000000,0,,spike,mul_c1_s8,N=6;C=1152;HW=4,640936,1,,
503,vint_kcov$dispatch_503_gemmini_q31_conv2d_s8_pc_N6xIC1152xIH2xIW2xOC192xKH1xKW1xSH1xSW1xPH0xPW0xDH1xDW1xgroups1,,,0.809054,ms,809054.000000,0,,spike,conv2d_s8_pc,N=6;IC=1152;IH=2;IW=2;OC=192;KH=1;KW=1;SH=1;SW=1;PH=0;PW=0;DH=1;DW=1;groups=1,809054,1,,
504,vint_kcov$dispatch_504_gemmini_q31_add_s8_n4608,,,0.124729,ms,124729.000000,0,,spike,add_s8,n=4608,124729,1,,
505,vint_kcov$dispatch_505_gemmini_q31_conv2d_s8_pc_N6xIC192xIH2xIW2xOC1152xKH1xKW1xSH1xSW1xPH0xPW0xDH1xDW1xgroups1,,,1.111604,ms,1111604.000000,0,,spike,conv2d_s8_pc,N=6;IC=192;IH=2;IW=2;OC=1152;KH=1;KW=1;SH=1;SW=1;PH=0;PW=0;DH=1;DW=1;groups=1,1111604,1,,
506,vint_kcov$dispatch_506_gemmini_q31_sigmoid_s8_n27648,,,2.897912,ms,2897912.000000,0,,spike,sigmoid_s8,n=27648,2897912,1,,
507,vint_kcov$dispatch_507_gemmini_q31_mul_s8_n27648,,,1.217648,ms,1217648.000000,0,,spike,mul_s8,n=27648,1217648,1,,
508,vint_kcov$dispatch_508_gemmini_q31_depthwise_conv2d_s8_N6xIC1xIH2xIW2xOC1152xKH5xKW5xSH1xSW1xPH2xPW2xDH1xDW1xgroups1152,,,6.082808,ms,6082808.000000,0,,spike,depthwise_conv2d_s8,N=6;IC=1;IH=2;IW=2;OC=1152;KH=5;KW=5;SH=1;SW=1;PH=2;PW=2;DH=1;DW=1;groups=1152,6082808,1,,
509,vint_kcov$dispatch_509_gemmini_q31_sigmoid_s8_n27648,,,2.807402,ms,2807402.000000,0,,spike,sigmoid_s8,n=27648,2807402,1,,
510,vint_kcov$dispatch_510_gemmini_q31_mul_s8_n27648,,,1.209842,ms,1209842.000000,0,,spike,mul_s8,n=27648,1209842,1,,
511,vint_kcov$dispatch_511_gemmini_q31_adaptive_avg_pool2d_s8_N6xC1152xIH2xIW2xOH1xOW1,,,1.074699,ms,1074699.000000,0,,spike,adaptive_avg_pool2d_s8,N=6;C=1152;IH=2;IW=2;OH=1;OW=1,1074699,1,,
512,vint_kcov$dispatch_512_gemmini_q31_conv2d_s8_pc_N6xIC1152xIH1xIW1xOC48xKH1xKW1xSH1xSW1xPH0xPW0xDH1xDW1xgroups1,,,0.273031,ms,273031.000000,0,,spike,conv2d_s8_pc,N=6;IC=1152;IH=1;IW=1;OC=48;KH=1;KW=1;SH=1;SW=1;PH=0;PW=0;DH=1;DW=1;groups=1,273031,1,,
513,vint_kcov$dispatch_513_gemmini_q31_sigmoid_s8_n288,,,0.034687,ms,34687.000000,0,,spike,sigmoid_s8,n=288,34687,1,,
514,vint_kcov$dispatch_514_gemmini_q31_mul_s8_n288,,,0.012751,ms,12751.000000,0,,spike,mul_s8,n=288,12751,1,,
515,vint_kcov$dispatch_515_gemmini_q31_conv2d_s8_pc_N6xIC48xIH1xIW1xOC1152xKH1xKW1xSH1xSW1xPH0xPW0xDH1xDW1xgroups1,,,0.269383,ms,269383.000000,0,,spike,conv2d_s8_pc,N=6;IC=48;IH=1;IW=1;OC=1152;KH=1;KW=1;SH=1;SW=1;PH=0;PW=0;DH=1;DW=1;groups=1,269383,1,,
516,vint_kcov$dispatch_516_gemmini_q31_sigmoid_s8_n6912,,,0.839930,ms,839930.000000,0,,spike,sigmoid_s8,n=6912,839930,1,,
517,vint_kcov$dispatch_517_gemmini_q31_mul_c1_s8_N6xC1152xHW4,,,0.641494,ms,641494.000000,0,,spike,mul_c1_s8,N=6;C=1152;HW=4,641494,1,,
518,vint_kcov$dispatch_518_gemmini_q31_conv2d_s8_pc_N6xIC1152xIH2xIW2xOC192xKH1xKW1xSH1xSW1xPH0xPW0xDH1xDW1xgroups1,,,0.809054,ms,809054.000000,0,,spike,conv2d_s8_pc,N=6;IC=1152;IH=2;IW=2;OC=192;KH=1;KW=1;SH=1;SW=1;PH=0;PW=0;DH=1;DW=1;groups=1,809054,1,,
519,vint_kcov$dispatch_519_gemmini_q31_add_s8_n4608,,,0.124663,ms,124663.000000,0,,spike,add_s8,n=4608,124663,1,,
520,vint_kcov$dispatch_520_gemmini_q31_conv2d_s8_pc_N6xIC192xIH2xIW2xOC1152xKH1xKW1xSH1xSW1xPH0xPW0xDH1xDW1xgroups1,,,1.111604,ms,1111604.000000,0,,spike,conv2d_s8_pc,N=6;IC=192;IH=2;IW=2;OC=1152;KH=1;KW=1;SH=1;SW=1;PH=0;PW=0;DH=1;DW=1;groups=1,1111604,1,,
521,vint_kcov$dispatch_521_gemmini_q31_sigmoid_s8_n27648,,,2.840204,ms,2840204.000000,0,,spike,sigmoid_s8,n=27648,2840204,1,,
522,vint_kcov$dispatch_522_gemmini_q31_mul_s8_n27648,,,1.215188,ms,1215188.000000,0,,spike,mul_s8,n=27648,1215188,1,,
523,vint_kcov$dispatch_523_gemmini_q31_depthwise_conv2d_s8_N6xIC1xIH2xIW2xOC1152xKH3xKW3xSH1xSW1xPH1xPW1xDH1xDW1xgroups1152,,,5.004535,ms,5004535.000000,0,,spike,depthwise_conv2d_s8,N=6;IC=1;IH=2;IW=2;OC=1152;KH=3;KW=3;SH=1;SW=1;PH=1;PW=1;DH=1;DW=1;groups=1152,5004535,1,,
524,vint_kcov$dispatch_524_gemmini_q31_sigmoid_s8_n27648,,,2.750132,ms,2750132.000000,0,,spike,sigmoid_s8,n=27648,2750132,1,,
525,vint_kcov$dispatch_525_gemmini_q31_mul_s8_n27648,,,1.210226,ms,1210226.000000,0,,spike,mul_s8,n=27648,1210226,1,,
526,vint_kcov$dispatch_526_gemmini_q31_adaptive_avg_pool2d_s8_N6xC1152xIH2xIW2xOH1xOW1,,,1.074747,ms,1074747.000000,0,,spike,adaptive_avg_pool2d_s8,N=6;C=1152;IH=2;IW=2;OH=1;OW=1,1074747,1,,
527,vint_kcov$dispatch_527_gemmini_q31_conv2d_s8_pc_N6xIC1152xIH1xIW1xOC48xKH1xKW1xSH1xSW1xPH0xPW0xDH1xDW1xgroups1,,,0.273031,ms,273031.000000,0,,spike,conv2d_s8_pc,N=6;IC=1152;IH=1;IW=1;OC=48;KH=1;KW=1;SH=1;SW=1;PH=0;PW=0;DH=1;DW=1;groups=1,273031,1,,
528,vint_kcov$dispatch_528_gemmini_q31_sigmoid_s8_n288,,,0.034633,ms,34633.000000,0,,spike,sigmoid_s8,n=288,34633,1,,
529,vint_kcov$dispatch_529_gemmini_q31_mul_s8_n288,,,0.012697,ms,12697.000000,0,,spike,mul_s8,n=288,12697,1,,
530,vint_kcov$dispatch_530_gemmini_q31_conv2d_s8_pc_N6xIC48xIH1xIW1xOC1152xKH1xKW1xSH1xSW1xPH0xPW0xDH1xDW1xgroups1,,,0.269383,ms,269383.000000,0,,spike,conv2d_s8_pc,N=6;IC=48;IH=1;IW=1;OC=1152;KH=1;KW=1;SH=1;SW=1;PH=0;PW=0;DH=1;DW=1;groups=1,269383,1,,
531,vint_kcov$dispatch_531_gemmini_q31_sigmoid_s8_n6912,,,0.831716,ms,831716.000000,0,,spike,sigmoid_s8,n=6912,831716,1,,
532,vint_kcov$dispatch_532_gemmini_q31_mul_c1_s8_N6xC1152xHW4,,,0.642742,ms,642742.000000,0,,spike,mul_c1_s8,N=6;C=1152;HW=4,642742,1,,
533,vint_kcov$dispatch_533_gemmini_q31_conv2d_s8_pc_N6xIC1152xIH2xIW2xOC320xKH1xKW1xSH1xSW1xPH0xPW0xDH1xDW1xgroups1,,,0.921434,ms,921434.000000,0,,spike,conv2d_s8_pc,N=6;IC=1152;IH=2;IW=2;OC=320;KH=1;KW=1;SH=1;SW=1;PH=0;PW=0;DH=1;DW=1;groups=1,921434,1,,
534,vint_kcov$dispatch_534_gemmini_q31_conv2d_s8_pc_N6xIC320xIH2xIW2xOC1280xKH1xKW1xSH1xSW1xPH0xPW0xDH1xDW1xgroups1,,,1.292534,ms,1292534.000000,0,,spike,conv2d_s8_pc,N=6;IC=320;IH=2;IW=2;OC=1280;KH=1;KW=1;SH=1;SW=1;PH=0;PW=0;DH=1;DW=1;groups=1,1292534,1,,
535,vint_kcov$dispatch_535_gemmini_q31_sigmoid_s8_n30720,,,2.947514,ms,2947514.000000,0,,spike,sigmoid_s8,n=30720,2947514,1,,
536,vint_kcov$dispatch_536_gemmini_q31_mul_s8_n30720,,,1.340066,ms,1340066.000000,0,,spike,mul_s8,n=30720,1340066,1,,
537,vint_kcov$dispatch_537_gemmini_q31_adaptive_avg_pool2d_s8_N6xC1280xIH2xIW2xOH1xOW1,,,1.195959,ms,1195959.000000,0,,spike,adaptive_avg_pool2d_s8,N=6;C=1280;IH=2;IW=2;OH=1;OW=1,1195959,1,,
538,vint_kcov$dispatch_538_gemmini_q31_linear_s8_pc_M6xK1280xN512,,,0.106696,ms,106696.000000,0,,spike,linear_s8_pc,M=6;K=1280;N=512,106696,1,,
539,vint_kcov$dispatch_539_gemmini_q31_cast_f16_to_i8_n512,,,0.031488,ms,31488.000000,0,,spike,cast_f16_to_i8,n=512,31488,1,,
540,vint_kcov$dispatch_540_gemmini_q31_cat2_c1_s8_N1xH1xW512xC_total7xC_inputs6|1,,,0.028647,ms,28647.000000,0,,spike,cat2_c1_s8,N=1;H=1;W=512;C_total=7;C_inputs=6|1,28647,1,,
541,vint_kcov$dispatch_541_gemmini_q31_add_s8_n3584,,,0.096484,ms,96484.000000,0,,spike,add_s8,n=3584,96484,1,,
542,vint_kcov$dispatch_542_gemmini_q31_layer_norm_s8_M7xK512,,,0.269305,ms,269305.000000,0,,spike,layer_norm_s8,M=7;K=512,269305,1,,
543,vint_kcov$dispatch_543_gemmini_q31_linear_s8_pc_M7xK512xN1536,,,0.367425,ms,367425.000000,0,,spike,linear_s8_pc,M=7;K=512;N=1536,367425,1,,
544,vint_kcov$dispatch_544_gemmini_q31_matmul_s8_M7xK128xN7,,,0.077854,ms,77854.000000,0,,spike,matmul_s8,M=7;K=128;N=7,77854,1,,
545,vint_kcov$dispatch_545_gemmini_q31_softmax_s8_M7xK7,,,0.010413,ms,10413.000000,0,,spike,softmax_s8,M=7;K=7,10413,1,,
546,vint_kcov$dispatch_546_gemmini_q31_matmul_s8_M7xK7xN128,,,0.120328,ms,120328.000000,0,,spike,matmul_s8,M=7;K=7;N=128,120328,1,,
547,vint_kcov$dispatch_547_gemmini_q31_linear_s8_pc_M7xK512xN512,,,0.123045,ms,123045.000000,0,,spike,linear_s8_pc,M=7;K=512;N=512,123045,1,,
548,vint_kcov$dispatch_548_gemmini_q31_add_s8_n3584,,,0.096957,ms,96957.000000,0,,spike,add_s8,n=3584,96957,1,,
549,vint_kcov$dispatch_549_gemmini_q31_layer_norm_s8_M7xK512,,,0.263806,ms,263806.000000,0,,spike,layer_norm_s8,M=7;K=512,263806,1,,
550,vint_kcov$dispatch_550_gemmini_q31_linear_s8_pc_M7xK512xN2048,,,0.489616,ms,489616.000000,0,,spike,linear_s8_pc,M=7;K=512;N=2048,489616,1,,
551,vint_kcov$dispatch_551_gemmini_q31_gelu_s8_n14336,,,4.174732,ms,4174732.000000,0,,spike,gelu_s8,n=14336,4174732,1,,
552,vint_kcov$dispatch_552_gemmini_q31_linear_s8_pc_M7xK2048xN512,,,0.124083,ms,124083.000000,0,,spike,linear_s8_pc,M=7;K=2048;N=512,124083,1,,
553,vint_kcov$dispatch_553_gemmini_q31_add_s8_n3584,,,0.097380,ms,97380.000000,0,,spike,add_s8,n=3584,97380,1,,
554,vint_kcov$dispatch_554_gemmini_q31_layer_norm_s8_M7xK512,,,0.268525,ms,268525.000000,0,,spike,layer_norm_s8,M=7;K=512,268525,1,,
555,vint_kcov$dispatch_555_gemmini_q31_linear_s8_pc_M7xK512xN1536,,,0.367425,ms,367425.000000,0,,spike,linear_s8_pc,M=7;K=512;N=1536,367425,1,,
556,vint_kcov$dispatch_556_gemmini_q31_matmul_s8_M7xK128xN7,,,0.077758,ms,77758.000000,0,,spike,matmul_s8,M=7;K=128;N=7,77758,1,,
557,vint_kcov$dispatch_557_gemmini_q31_softmax_s8_M7xK7,,,0.009514,ms,9514.000000,0,,spike,softmax_s8,M=7;K=7,9514,1,,
558,vint_kcov$dispatch_558_gemmini_q31_matmul_s8_M7xK7xN128,,,0.120505,ms,120505.000000,0,,spike,matmul_s8,M=7;K=7;N=128,120505,1,,
559,vint_kcov$dispatch_559_gemmini_q31_linear_s8_pc_M7xK512xN512,,,0.123045,ms,123045.000000,0,,spike,linear_s8_pc,M=7;K=512;N=512,123045,1,,
560,vint_kcov$dispatch_560_gemmini_q31_add_s8_n3584,,,0.097012,ms,97012.000000,0,,spike,add_s8,n=3584,97012,1,,
561,vint_kcov$dispatch_561_gemmini_q31_layer_norm_s8_M7xK512,,,0.263736,ms,263736.000000,0,,spike,layer_norm_s8,M=7;K=512,263736,1,,
562,vint_kcov$dispatch_562_gemmini_q31_linear_s8_pc_M7xK512xN2048,,,0.489616,ms,489616.000000,0,,spike,linear_s8_pc,M=7;K=512;N=2048,489616,1,,
563,vint_kcov$dispatch_563_gemmini_q31_gelu_s8_n14336,,,4.147743,ms,4147743.000000,0,,spike,gelu_s8,n=14336,4147743,1,,
564,vint_kcov$dispatch_564_gemmini_q31_linear_s8_pc_M7xK2048xN512,,,0.124083,ms,124083.000000,0,,spike,linear_s8_pc,M=7;K=2048;N=512,124083,1,,
565,vint_kcov$dispatch_565_gemmini_q31_add_s8_n3584,,,0.097280,ms,97280.000000,0,,spike,add_s8,n=3584,97280,1,,
566,vint_kcov$dispatch_566_gemmini_q31_layer_norm_s8_M7xK512,,,0.267810,ms,267810.000000,0,,spike,layer_norm_s8,M=7;K=512,267810,1,,
567,vint_kcov$dispatch_567_gemmini_q31_linear_s8_pc_M7xK512xN1536,,,0.367425,ms,367425.000000,0,,spike,linear_s8_pc,M=7;K=512;N=1536,367425,1,,
568,vint_kcov$dispatch_568_gemmini_q31_matmul_s8_M7xK128xN7,,,0.077727,ms,77727.000000,0,,spike,matmul_s8,M=7;K=128;N=7,77727,1,,
569,vint_kcov$dispatch_569_gemmini_q31_softmax_s8_M7xK7,,,0.009445,ms,9445.000000,0,,spike,softmax_s8,M=7;K=7,9445,1,,
570,vint_kcov$dispatch_570_gemmini_q31_matmul_s8_M7xK7xN128,,,0.120494,ms,120494.000000,0,,spike,matmul_s8,M=7;K=7;N=128,120494,1,,
571,vint_kcov$dispatch_571_gemmini_q31_linear_s8_pc_M7xK512xN512,,,0.123045,ms,123045.000000,0,,spike,linear_s8_pc,M=7;K=512;N=512,123045,1,,
572,vint_kcov$dispatch_572_gemmini_q31_add_s8_n3584,,,0.097019,ms,97019.000000,0,,spike,add_s8,n=3584,97019,1,,
573,vint_kcov$dispatch_573_gemmini_q31_layer_norm_s8_M7xK512,,,0.258758,ms,258758.000000,0,,spike,layer_norm_s8,M=7;K=512,258758,1,,
574,vint_kcov$dispatch_574_gemmini_q31_linear_s8_pc_M7xK512xN2048,,,0.489616,ms,489616.000000,0,,spike,linear_s8_pc,M=7;K=512;N=2048,489616,1,,
575,vint_kcov$dispatch_575_gemmini_q31_gelu_s8_n14336,,,3.454374,ms,3454374.000000,0,,spike,gelu_s8,n=14336,3454374,1,,
576,vint_kcov$dispatch_576_gemmini_q31_linear_s8_pc_M7xK2048xN512,,,0.124083,ms,124083.000000,0,,spike,linear_s8_pc,M=7;K=2048;N=512,124083,1,,
577,vint_kcov$dispatch_577_gemmini_q31_add_s8_n3584,,,0.097193,ms,97193.000000,0,,spike,add_s8,n=3584,97193,1,,
578,vint_kcov$dispatch_578_gemmini_q31_layer_norm_s8_M7xK512,,,0.268225,ms,268225.000000,0,,spike,layer_norm_s8,M=7;K=512,268225,1,,
579,vint_kcov$dispatch_579_gemmini_q31_linear_s8_pc_M7xK512xN1536,,,0.367425,ms,367425.000000,0,,spike,linear_s8_pc,M=7;K=512;N=1536,367425,1,,
580,vint_kcov$dispatch_580_gemmini_q31_matmul_s8_M7xK128xN7,,,0.077785,ms,77785.000000,0,,spike,matmul_s8,M=7;K=128;N=7,77785,1,,
581,vint_kcov$dispatch_581_gemmini_q31_softmax_s8_M7xK7,,,0.010067,ms,10067.000000,0,,spike,softmax_s8,M=7;K=7,10067,1,,
582,vint_kcov$dispatch_582_gemmini_q31_matmul_s8_M7xK7xN128,,,0.120565,ms,120565.000000,0,,spike,matmul_s8,M=7;K=7;N=128,120565,1,,
583,vint_kcov$dispatch_583_gemmini_q31_linear_s8_pc_M7xK512xN512,,,0.123046,ms,123046.000000,0,,spike,linear_s8_pc,M=7;K=512;N=512,123046,1,,
584,vint_kcov$dispatch_584_gemmini_q31_add_s8_n3584,,,0.097093,ms,97093.000000,0,,spike,add_s8,n=3584,97093,1,,
585,vint_kcov$dispatch_585_gemmini_q31_layer_norm_s8_M7xK512,,,0.259435,ms,259435.000000,0,,spike,layer_norm_s8,M=7;K=512,259435,1,,
586,vint_kcov$dispatch_586_gemmini_q31_linear_s8_pc_M7xK512xN2048,,,0.489616,ms,489616.000000,0,,spike,linear_s8_pc,M=7;K=512;N=2048,489616,1,,
587,vint_kcov$dispatch_587_gemmini_q31_gelu_s8_n14336,,,3.218926,ms,3218926.000000,0,,spike,gelu_s8,n=14336,3218926,1,,
588,vint_kcov$dispatch_588_gemmini_q31_linear_s8_pc_M7xK2048xN512,,,0.124083,ms,124083.000000,0,,spike,linear_s8_pc,M=7;K=2048;N=512,124083,1,,
589,vint_kcov$dispatch_589_gemmini_q31_add_s8_n3584,,,0.097703,ms,97703.000000,0,,spike,add_s8,n=3584,97703,1,,
590,vint_kcov$dispatch_590_gemmini_q31_linear_s8_pc_M1xK3584xN512,,,0.023183,ms,23183.000000,0,,spike,linear_s8_pc,M=1;K=3584;N=512,23183,1,,
591,vint_kcov$dispatch_591_gemmini_q31_cast_i8_to_f16_n512,,,0.035874,ms,35874.000000,0,,spike,cast_i8_to_f16,n=512,35874,1,,
592,vint_kcov$dispatch_592_gemmini_q31_relu_f16_n512,,,0.048173,ms,48173.000000,0,,spike,relu_f16,n=512,48173,1,,
593,vint_kcov$dispatch_593_gemmini_q31_linear_f16_M1xK512xN256,,,12.891205,ms,12891205.000000,0,,spike,linear_f16,M=1;K=512;N=256,12891205,1,,
594,vint_kcov$dispatch_594_gemmini_q31_relu_f16_n256,,,0.024109,ms,24109.000000,0,,spike,relu_f16,n=256,24109,1,,
595,vint_kcov$dispatch_595_gemmini_q31_linear_f16_M1xK256xN128,,,3.230351,ms,3230351.000000,0,,spike,linear_f16,M=1;K=256;N=128,3230351,1,,
596,vint_kcov$dispatch_596_gemmini_q31_relu_f16_n128,,,0.012077,ms,12077.000000,0,,spike,relu_f16,n=128,12077,1,,
597,vint_kcov$dispatch_597_gemmini_q31_linear_f16_M1xK128xN64,,,0.811597,ms,811597.000000,0,,spike,linear_f16,M=1;K=128;N=64,811597,1,,
598,vint_kcov$dispatch_598_gemmini_q31_relu_f16_n64,,,0.006062,ms,6062.000000,0,,spike,relu_f16,n=64,6062,1,,
599,vint_kcov$dispatch_599_gemmini_q31_linear_f16_M1xK64xN32,,,0.205039,ms,205039.000000,0,,spike,linear_f16,M=1;K=64;N=32,205039,1,,
600,vint_kcov$dispatch_600_gemmini_q31_relu_f16_n32,,,0.003055,ms,3055.000000,0,,spike,relu_f16,n=32,3055,1,,
601,vint_kcov$dispatch_601_gemmini_q31_cast_f16_to_i8_n32,,,0.001976,ms,1976.000000,0,,spike,cast_f16_to_i8,n=32,1976,1,,
602,vint_kcov$dispatch_602_gemmini_q31_linear_s8_pc_M1xK32xN1,,,0.000592,ms,592.000000,0,,spike,linear_s8_pc,M=1;K=32;N=1,592,1,,
603,vint_kcov$dispatch_603_gemmini_q31_linear_s8_pc_M1xK32xN20,,,0.001366,ms,1366.000000,0,,spike,linear_s8_pc,M=1;K=32;N=20,1366,1,,
604,vint_kcov$dispatch_604_gemmini_q31_vint_action_post_n_wp5xn_dim4,,,0.000172,ms,172.000000,0,,spike,vint_action_post,n_wp=5;n_dim=4,172,1,,
