dispatch_id,module_name,vmfb_path,mlir_path,mean_time,mean_unit,mean_time_ns,returncode,log_path,source,op,shape,cycles,cycles_n,cycles_cv_pct,implementation
0,vint_kcov$dispatch_0_gemmini_q31_cast_i8_to_f16_n97920,,,4.011630,ms,4011630.000000,0,,spike,cast_i8_to_f16,n=97920,4011630,1,,
1,vint_kcov$dispatch_1_gemmini_q31_slice_c_f16_N1xIC18xC_start15xC_end18xH64xW85,,,0.195942,ms,195942.000000,0,,spike,slice_c_f16,N=1;IC=18;C_start=15;C_end=18;H=64;W=85,195942,1,,
2,vint_kcov$dispatch_2_gemmini_q31_cast_i8_to_f16_n16320,,,0.668639,ms,668639.000000,0,,spike,cast_i8_to_f16,n=16320,668639,1,,
3,vint_kcov$dispatch_3_gemmini_q31_cat2_c1_f16_N1xH64xW85xC_total6xC_inputs3|3,,,0.391751,ms,391751.000000,0,,spike,cat2_c1_f16,N=1;H=64;W=85;C_total=6;C_inputs=3|3,391751,1,,
4,vint_kcov$dispatch_4_gemmini_q31_pad_f16_N1xC6xIH64xIW85xpad_left0xpad_right1xpad_top0xpad_bottom1,,,0.670529,ms,670529.000000,0,,spike,pad_f16,N=1;C=6;IH=64;IW=85;pad_left=0;pad_right=1;pad_top=0;pad_bottom=1,670529,1,,
5,vint_kcov$dispatch_5_gemmini_q31_conv2d_f16_N1xIC6xIH65xIW86xOC32xKH3xKW3xSH2xSW2xPH0xPW0xDH1xDW1xgroups1,,,217.296497,ms,217296497.000000,0,,spike,conv2d_f16,N=1;IC=6;IH=65;IW=86;OC=32;KH=3;KW=3;SH=2;SW=2;PH=0;PW=0;DH=1;DW=1;groups=1,217296497,1,,
6,vint_kcov$dispatch_6_gemmini_q31_batchnorm2d_f16_N1xC32xH32xW42,,,2.797574,ms,2797574.000000,0,,spike,batchnorm2d_f16,N=1;C=32;H=32;W=42,2797574,1,,
7,vint_kcov$dispatch_7_gemmini_q31_sigmoid_f16_n43008,,,5.697627,ms,5697627.000000,0,,spike,sigmoid_f16,n=43008,5697627,1,,
8,vint_kcov$dispatch_8_gemmini_q31_mul_f16_n43008,,,3.870763,ms,3870763.000000,0,,spike,mul_f16,n=43008,3870763,1,,
9,vint_kcov$dispatch_9_gemmini_q31_depthwise_conv2d_f16_N1xIC1xIH32xIW42xOC32xKH3xKW3xSH1xSW1xPH1xPW1xDH1xDW1xgroups32,,,35.016320,ms,35016320.000000,0,,spike,depthwise_conv2d_f16,N=1;IC=1;IH=32;IW=42;OC=32;KH=3;KW=3;SH=1;SW=1;PH=1;PW=1;DH=1;DW=1;groups=32,35016320,1,,
10,vint_kcov$dispatch_10_gemmini_q31_batchnorm2d_f16_N1xC32xH32xW42,,,2.797697,ms,2797697.000000,0,,spike,batchnorm2d_f16,N=1;C=32;H=32;W=42,2797697,1,,
11,vint_kcov$dispatch_11_gemmini_q31_sigmoid_f16_n43008,,,5.711594,ms,5711594.000000,0,,spike,sigmoid_f16,n=43008,5711594,1,,
12,vint_kcov$dispatch_12_gemmini_q31_mul_f16_n43008,,,3.870763,ms,3870763.000000,0,,spike,mul_f16,n=43008,3870763,1,,
13,vint_kcov$dispatch_13_gemmini_q31_adaptive_avg_pool2d_f16_N1xC32xIH32xIW42xOH1xOW1,,,2.123060,ms,2123060.000000,0,,spike,adaptive_avg_pool2d_f16,N=1;C=32;IH=32;IW=42;OH=1;OW=1,2123060,1,,
14,vint_kcov$dispatch_14_gemmini_q31_conv2d_f16_N1xIC32xIH1xIW1xOC8xKH1xKW1xSH1xSW1xPH0xPW0xDH1xDW1xgroups1,,,0.030065,ms,30065.000000,0,,spike,conv2d_f16,N=1;IC=32;IH=1;IW=1;OC=8;KH=1;KW=1;SH=1;SW=1;PH=0;PW=0;DH=1;DW=1;groups=1,30065,1,,
15,vint_kcov$dispatch_15_gemmini_q31_sigmoid_f16_n8,,,0.001106,ms,1106.000000,0,,spike,sigmoid_f16,n=8,1106,1,,
16,vint_kcov$dispatch_16_gemmini_q31_mul_f16_n8,,,0.000756,ms,756.000000,0,,spike,mul_f16,n=8,756,1,,
17,vint_kcov$dispatch_17_gemmini_q31_conv2d_f16_N1xIC8xIH1xIW1xOC32xKH1xKW1xSH1xSW1xPH0xPW0xDH1xDW1xgroups1,,,0.033113,ms,33113.000000,0,,spike,conv2d_f16,N=1;IC=8;IH=1;IW=1;OC=32;KH=1;KW=1;SH=1;SW=1;PH=0;PW=0;DH=1;DW=1;groups=1,33113,1,,
18,vint_kcov$dispatch_18_gemmini_q31_sigmoid_f16_n32,,,0.004039,ms,4039.000000,0,,spike,sigmoid_f16,n=32,4039,1,,
19,vint_kcov$dispatch_19_gemmini_q31_mul_c1_f16_N1xC32xHW1344,,,2.710685,ms,2710685.000000,0,,spike,mul_c1_f16,N=1;C=32;HW=1344,2710685,1,,
20,vint_kcov$dispatch_20_gemmini_q31_conv2d_f16_N1xIC32xIH32xIW42xOC16xKH1xKW1xSH1xSW1xPH0xPW0xDH1xDW1xgroups1,,,79.039011,ms,79039011.000000,0,,spike,conv2d_f16,N=1;IC=32;IH=32;IW=42;OC=16;KH=1;KW=1;SH=1;SW=1;PH=0;PW=0;DH=1;DW=1;groups=1,79039011,1,,
21,vint_kcov$dispatch_21_gemmini_q31_batchnorm2d_f16_N1xC16xH32xW42,,,1.398861,ms,1398861.000000,0,,spike,batchnorm2d_f16,N=1;C=16;H=32;W=42,1398861,1,,
22,vint_kcov$dispatch_22_gemmini_q31_conv2d_f16_N1xIC16xIH32xIW42xOC96xKH1xKW1xSH1xSW1xPH0xPW0xDH1xDW1xgroups1,,,240.951231,ms,240951231.000000,0,,spike,conv2d_f16,N=1;IC=16;IH=32;IW=42;OC=96;KH=1;KW=1;SH=1;SW=1;PH=0;PW=0;DH=1;DW=1;groups=1,240951231,1,,
23,vint_kcov$dispatch_23_gemmini_q31_batchnorm2d_f16_N1xC96xH32xW42,,,8.392672,ms,8392672.000000,0,,spike,batchnorm2d_f16,N=1;C=96;H=32;W=42,8392672,1,,
24,vint_kcov$dispatch_24_gemmini_q31_sigmoid_f16_n129024,,,17.339225,ms,17339225.000000,0,,spike,sigmoid_f16,n=129024,17339225,1,,
25,vint_kcov$dispatch_25_gemmini_q31_mul_f16_n129024,,,11.612230,ms,11612230.000000,0,,spike,mul_f16,n=129024,11612230,1,,
26,vint_kcov$dispatch_26_gemmini_q31_pad_f16_N1xC96xIH32xIW42xpad_left0xpad_right1xpad_top0xpad_bottom1,,,2.722265,ms,2722265.000000,0,,spike,pad_f16,N=1;C=96;IH=32;IW=42;pad_left=0;pad_right=1;pad_top=0;pad_bottom=1,2722265,1,,
27,vint_kcov$dispatch_27_gemmini_q31_depthwise_conv2d_f16_N1xIC1xIH33xIW43xOC96xKH3xKW3xSH2xSW2xPH0xPW0xDH1xDW1xgroups96,,,27.189698,ms,27189698.000000,0,,spike,depthwise_conv2d_f16,N=1;IC=1;IH=33;IW=43;OC=96;KH=3;KW=3;SH=2;SW=2;PH=0;PW=0;DH=1;DW=1;groups=96,27189698,1,,
28,vint_kcov$dispatch_28_gemmini_q31_batchnorm2d_f16_N1xC96xH16xW21,,,2.102728,ms,2102728.000000,0,,spike,batchnorm2d_f16,N=1;C=96;H=16;W=21,2102728,1,,
29,vint_kcov$dispatch_29_gemmini_q31_sigmoid_f16_n32256,,,4.276354,ms,4276354.000000,0,,spike,sigmoid_f16,n=32256,4276354,1,,
30,vint_kcov$dispatch_30_gemmini_q31_mul_f16_n32256,,,2.903095,ms,2903095.000000,0,,spike,mul_f16,n=32256,2903095,1,,
31,vint_kcov$dispatch_31_gemmini_q31_adaptive_avg_pool2d_f16_N1xC96xIH16xIW21xOH1xOW1,,,1.608872,ms,1608872.000000,0,,spike,adaptive_avg_pool2d_f16,N=1;C=96;IH=16;IW=21;OH=1;OW=1,1608872,1,,
32,vint_kcov$dispatch_32_gemmini_q31_conv2d_f16_N1xIC96xIH1xIW1xOC4xKH1xKW1xSH1xSW1xPH0xPW0xDH1xDW1xgroups1,,,0.044021,ms,44021.000000,0,,spike,conv2d_f16,N=1;IC=96;IH=1;IW=1;OC=4;KH=1;KW=1;SH=1;SW=1;PH=0;PW=0;DH=1;DW=1;groups=1,44021,1,,
33,vint_kcov$dispatch_33_gemmini_q31_sigmoid_f16_n4,,,0.000610,ms,610.000000,0,,spike,sigmoid_f16,n=4,610,1,,
34,vint_kcov$dispatch_34_gemmini_q31_mul_f16_n4,,,0.000396,ms,396.000000,0,,spike,mul_f16,n=4,396,1,,
35,vint_kcov$dispatch_35_gemmini_q31_conv2d_f16_N1xIC4xIH1xIW1xOC96xKH1xKW1xSH1xSW1xPH0xPW0xDH1xDW1xgroups1,,,0.055705,ms,55705.000000,0,,spike,conv2d_f16,N=1;IC=4;IH=1;IW=1;OC=96;KH=1;KW=1;SH=1;SW=1;PH=0;PW=0;DH=1;DW=1;groups=1,55705,1,,
36,vint_kcov$dispatch_36_gemmini_q31_sigmoid_f16_n96,,,0.012443,ms,12443.000000,0,,spike,sigmoid_f16,n=96,12443,1,,
37,vint_kcov$dispatch_37_gemmini_q31_mul_c1_f16_N1xC96xHW336,,,2.035537,ms,2035537.000000,0,,spike,mul_c1_f16,N=1;C=96;HW=336,2035537,1,,
38,vint_kcov$dispatch_38_gemmini_q31_conv2d_f16_N1xIC96xIH16xIW21xOC24xKH1xKW1xSH1xSW1xPH0xPW0xDH1xDW1xgroups1,,,87.970086,ms,87970086.000000,0,,spike,conv2d_f16,N=1;IC=96;IH=16;IW=21;OC=24;KH=1;KW=1;SH=1;SW=1;PH=0;PW=0;DH=1;DW=1;groups=1,87970086,1,,
39,vint_kcov$dispatch_39_gemmini_q31_batchnorm2d_f16_N1xC24xH16xW21,,,0.525751,ms,525751.000000,0,,spike,batchnorm2d_f16,N=1;C=24;H=16;W=21,525751,1,,
40,vint_kcov$dispatch_40_gemmini_q31_conv2d_f16_N1xIC24xIH16xIW21xOC144xKH1xKW1xSH1xSW1xPH0xPW0xDH1xDW1xgroups1,,,134.125161,ms,134125161.000000,0,,spike,conv2d_f16,N=1;IC=24;IH=16;IW=21;OC=144;KH=1;KW=1;SH=1;SW=1;PH=0;PW=0;DH=1;DW=1;groups=1,134125161,1,,
41,vint_kcov$dispatch_41_gemmini_q31_batchnorm2d_f16_N1xC144xH16xW21,,,3.153967,ms,3153967.000000,0,,spike,batchnorm2d_f16,N=1;C=144;H=16;W=21,3153967,1,,
42,vint_kcov$dispatch_42_gemmini_q31_sigmoid_f16_n48384,,,6.507363,ms,6507363.000000,0,,spike,sigmoid_f16,n=48384,6507363,1,,
43,vint_kcov$dispatch_43_gemmini_q31_mul_f16_n48384,,,4.354609,ms,4354609.000000,0,,spike,mul_f16,n=48384,4354609,1,,
44,vint_kcov$dispatch_44_gemmini_q31_depthwise_conv2d_f16_N1xIC1xIH16xIW21xOC144xKH3xKW3xSH1xSW1xPH1xPW1xDH1xDW1xgroups144,,,38.166376,ms,38166376.000000,0,,spike,depthwise_conv2d_f16,N=1;IC=1;IH=16;IW=21;OC=144;KH=3;KW=3;SH=1;SW=1;PH=1;PW=1;DH=1;DW=1;groups=144,38166376,1,,
45,vint_kcov$dispatch_45_gemmini_q31_batchnorm2d_f16_N1xC144xH16xW21,,,3.154099,ms,3154099.000000,0,,spike,batchnorm2d_f16,N=1;C=144;H=16;W=21,3154099,1,,
46,vint_kcov$dispatch_46_gemmini_q31_sigmoid_f16_n48384,,,6.395417,ms,6395417.000000,0,,spike,sigmoid_f16,n=48384,6395417,1,,
47,vint_kcov$dispatch_47_gemmini_q31_mul_f16_n48384,,,4.354597,ms,4354597.000000,0,,spike,mul_f16,n=48384,4354597,1,,
48,vint_kcov$dispatch_48_gemmini_q31_adaptive_avg_pool2d_f16_N1xC144xIH16xIW21xOH1xOW1,,,2.413280,ms,2413280.000000,0,,spike,adaptive_avg_pool2d_f16,N=1;C=144;IH=16;IW=21;OH=1;OW=1,2413280,1,,
49,vint_kcov$dispatch_49_gemmini_q31_conv2d_f16_N1xIC144xIH1xIW1xOC6xKH1xKW1xSH1xSW1xPH0xPW0xDH1xDW1xgroups1,,,0.098521,ms,98521.000000,0,,spike,conv2d_f16,N=1;IC=144;IH=1;IW=1;OC=6;KH=1;KW=1;SH=1;SW=1;PH=0;PW=0;DH=1;DW=1;groups=1,98521,1,,
50,vint_kcov$dispatch_50_gemmini_q31_sigmoid_f16_n6,,,0.000894,ms,894.000000,0,,spike,sigmoid_f16,n=6,894,1,,
51,vint_kcov$dispatch_51_gemmini_q31_mul_f16_n6,,,0.000576,ms,576.000000,0,,spike,mul_f16,n=6,576,1,,
52,vint_kcov$dispatch_52_gemmini_q31_conv2d_f16_N1xIC6xIH1xIW1xOC144xKH1xKW1xSH1xSW1xPH0xPW0xDH1xDW1xgroups1,,,0.116041,ms,116041.000000,0,,spike,conv2d_f16,N=1;IC=6;IH=1;IW=1;OC=144;KH=1;KW=1;SH=1;SW=1;PH=0;PW=0;DH=1;DW=1;groups=1,116041,1,,
53,vint_kcov$dispatch_53_gemmini_q31_sigmoid_f16_n144,,,0.019256,ms,19256.000000,0,,spike,sigmoid_f16,n=144,19256,1,,
54,vint_kcov$dispatch_54_gemmini_q31_mul_c1_f16_N1xC144xHW336,,,3.053290,ms,3053290.000000,0,,spike,mul_c1_f16,N=1;C=144;HW=336,3053290,1,,
55,vint_kcov$dispatch_55_gemmini_q31_conv2d_f16_N1xIC144xIH16xIW21xOC24xKH1xKW1xSH1xSW1xPH0xPW0xDH1xDW1xgroups1,,,131.709957,ms,131709957.000000,0,,spike,conv2d_f16,N=1;IC=144;IH=16;IW=21;OC=24;KH=1;KW=1;SH=1;SW=1;PH=0;PW=0;DH=1;DW=1;groups=1,131709957,1,,
56,vint_kcov$dispatch_56_gemmini_q31_batchnorm2d_f16_N1xC24xH16xW21,,,0.525718,ms,525718.000000,0,,spike,batchnorm2d_f16,N=1;C=24;H=16;W=21,525718,1,,
57,vint_kcov$dispatch_57_gemmini_q31_add_f16_n8064,,,0.725800,ms,725800.000000,0,,spike,add_f16,n=8064,725800,1,,
58,vint_kcov$dispatch_58_gemmini_q31_conv2d_f16_N1xIC24xIH16xIW21xOC144xKH1xKW1xSH1xSW1xPH0xPW0xDH1xDW1xgroups1,,,134.124021,ms,134124021.000000,0,,spike,conv2d_f16,N=1;IC=24;IH=16;IW=21;OC=144;KH=1;KW=1;SH=1;SW=1;PH=0;PW=0;DH=1;DW=1;groups=1,134124021,1,,
59,vint_kcov$dispatch_59_gemmini_q31_batchnorm2d_f16_N1xC144xH16xW21,,,3.153949,ms,3153949.000000,0,,spike,batchnorm2d_f16,N=1;C=144;H=16;W=21,3153949,1,,
60,vint_kcov$dispatch_60_gemmini_q31_sigmoid_f16_n48384,,,6.398233,ms,6398233.000000,0,,spike,sigmoid_f16,n=48384,6398233,1,,
61,vint_kcov$dispatch_61_gemmini_q31_mul_f16_n48384,,,4.354600,ms,4354600.000000,0,,spike,mul_f16,n=48384,4354600,1,,
62,vint_kcov$dispatch_62_gemmini_q31_pad_f16_N1xC144xIH16xIW21xpad_left1xpad_right2xpad_top1xpad_bottom2,,,1.169945,ms,1169945.000000,0,,spike,pad_f16,N=1;C=144;IH=16;IW=21;pad_left=1;pad_right=2;pad_top=1;pad_bottom=2,1169945,1,,
63,vint_kcov$dispatch_63_gemmini_q31_depthwise_conv2d_f16_N1xIC1xIH19xIW24xOC144xKH5xKW5xSH2xSW2xPH0xPW0xDH1xDW1xgroups144,,,25.355582,ms,25355582.000000,0,,spike,depthwise_conv2d_f16,N=1;IC=1;IH=19;IW=24;OC=144;KH=5;KW=5;SH=2;SW=2;PH=0;PW=0;DH=1;DW=1;groups=144,25355582,1,,
64,vint_kcov$dispatch_64_gemmini_q31_batchnorm2d_f16_N1xC144xH8xW10,,,0.757801,ms,757801.000000,0,,spike,batchnorm2d_f16,N=1;C=144;H=8;W=10,757801,1,,
65,vint_kcov$dispatch_65_gemmini_q31_sigmoid_f16_n11520,,,1.522362,ms,1522362.000000,0,,spike,sigmoid_f16,n=11520,1522362,1,,
66,vint_kcov$dispatch_66_gemmini_q31_mul_f16_n11520,,,1.036831,ms,1036831.000000,0,,spike,mul_f16,n=11520,1036831,1,,
67,vint_kcov$dispatch_67_gemmini_q31_adaptive_avg_pool2d_f16_N1xC144xIH8xIW10xOH1xOW1,,,0.593084,ms,593084.000000,0,,spike,adaptive_avg_pool2d_f16,N=1;C=144;IH=8;IW=10;OH=1;OW=1,593084,1,,
68,vint_kcov$dispatch_68_gemmini_q31_conv2d_f16_N1xIC144xIH1xIW1xOC6xKH1xKW1xSH1xSW1xPH0xPW0xDH1xDW1xgroups1,,,0.098515,ms,98515.000000,0,,spike,conv2d_f16,N=1;IC=144;IH=1;IW=1;OC=6;KH=1;KW=1;SH=1;SW=1;PH=0;PW=0;DH=1;DW=1;groups=1,98515,1,,
69,vint_kcov$dispatch_69_gemmini_q31_sigmoid_f16_n6,,,0.000846,ms,846.000000,0,,spike,sigmoid_f16,n=6,846,1,,
70,vint_kcov$dispatch_70_gemmini_q31_mul_f16_n6,,,0.000576,ms,576.000000,0,,spike,mul_f16,n=6,576,1,,
71,vint_kcov$dispatch_71_gemmini_q31_conv2d_f16_N1xIC6xIH1xIW1xOC144xKH1xKW1xSH1xSW1xPH0xPW0xDH1xDW1xgroups1,,,0.116041,ms,116041.000000,0,,spike,conv2d_f16,N=1;IC=6;IH=1;IW=1;OC=144;KH=1;KW=1;SH=1;SW=1;PH=0;PW=0;DH=1;DW=1;groups=1,116041,1,,
72,vint_kcov$dispatch_72_gemmini_q31_sigmoid_f16_n144,,,0.018227,ms,18227.000000,0,,spike,sigmoid_f16,n=144,18227,1,,
73,vint_kcov$dispatch_73_gemmini_q31_mul_c1_f16_N1xC144xHW80,,,0.730864,ms,730864.000000,0,,spike,mul_c1_f16,N=1;C=144;HW=80,730864,1,,
74,vint_kcov$dispatch_74_gemmini_q31_conv2d_f16_N1xIC144xIH8xIW10xOC40xKH1xKW1xSH1xSW1xPH0xPW0xDH1xDW1xgroups1,,,52.267240,ms,52267240.000000,0,,spike,conv2d_f16,N=1;IC=144;IH=8;IW=10;OC=40;KH=1;KW=1;SH=1;SW=1;PH=0;PW=0;DH=1;DW=1;groups=1,52267240,1,,
75,vint_kcov$dispatch_75_gemmini_q31_batchnorm2d_f16_N1xC40xH8xW10,,,0.210544,ms,210544.000000,0,,spike,batchnorm2d_f16,N=1;C=40;H=8;W=10,210544,1,,
76,vint_kcov$dispatch_76_gemmini_q31_conv2d_f16_N1xIC40xIH8xIW10xOC240xKH1xKW1xSH1xSW1xPH0xPW0xDH1xDW1xgroups1,,,87.965400,ms,87965400.000000,0,,spike,conv2d_f16,N=1;IC=40;IH=8;IW=10;OC=240;KH=1;KW=1;SH=1;SW=1;PH=0;PW=0;DH=1;DW=1;groups=1,87965400,1,,
77,vint_kcov$dispatch_77_gemmini_q31_batchnorm2d_f16_N1xC240xH8xW10,,,1.262944,ms,1262944.000000,0,,spike,batchnorm2d_f16,N=1;C=240;H=8;W=10,1262944,1,,
78,vint_kcov$dispatch_78_gemmini_q31_sigmoid_f16_n19200,,,2.579811,ms,2579811.000000,0,,spike,sigmoid_f16,n=19200,2579811,1,,
79,vint_kcov$dispatch_79_gemmini_q31_mul_f16_n19200,,,1.728031,ms,1728031.000000,0,,spike,mul_f16,n=19200,1728031,1,,
80,vint_kcov$dispatch_80_gemmini_q31_depthwise_conv2d_f16_N1xIC1xIH8xIW10xOC240xKH5xKW5xSH1xSW1xPH2xPW2xDH1xDW1xgroups240,,,32.269226,ms,32269226.000000,0,,spike,depthwise_conv2d_f16,N=1;IC=1;IH=8;IW=10;OC=240;KH=5;KW=5;SH=1;SW=1;PH=2;PW=2;DH=1;DW=1;groups=240,32269226,1,,
81,vint_kcov$dispatch_81_gemmini_q31_batchnorm2d_f16_N1xC240xH8xW10,,,1.263013,ms,1263013.000000,0,,spike,batchnorm2d_f16,N=1;C=240;H=8;W=10,1263013,1,,
82,vint_kcov$dispatch_82_gemmini_q31_sigmoid_f16_n19200,,,2.536654,ms,2536654.000000,0,,spike,sigmoid_f16,n=19200,2536654,1,,
83,vint_kcov$dispatch_83_gemmini_q31_mul_f16_n19200,,,1.728031,ms,1728031.000000,0,,spike,mul_f16,n=19200,1728031,1,,
84,vint_kcov$dispatch_84_gemmini_q31_adaptive_avg_pool2d_f16_N1xC240xIH8xIW10xOH1xOW1,,,0.988412,ms,988412.000000,0,,spike,adaptive_avg_pool2d_f16,N=1;C=240;IH=8;IW=10;OH=1;OW=1,988412,1,,
85,vint_kcov$dispatch_85_gemmini_q31_conv2d_f16_N1xIC240xIH1xIW1xOC10xKH1xKW1xSH1xSW1xPH0xPW0xDH1xDW1xgroups1,,,0.272591,ms,272591.000000,0,,spike,conv2d_f16,N=1;IC=240;IH=1;IW=1;OC=10;KH=1;KW=1;SH=1;SW=1;PH=0;PW=0;DH=1;DW=1;groups=1,272591,1,,
86,vint_kcov$dispatch_86_gemmini_q31_sigmoid_f16_n10,,,0.001420,ms,1420.000000,0,,spike,sigmoid_f16,n=10,1420,1,,
87,vint_kcov$dispatch_87_gemmini_q31_mul_f16_n10,,,0.000936,ms,936.000000,0,,spike,mul_f16,n=10,936,1,,
88,vint_kcov$dispatch_88_gemmini_q31_conv2d_f16_N1xIC10xIH1xIW1xOC240xKH1xKW1xSH1xSW1xPH0xPW0xDH1xDW1xgroups1,,,0.301807,ms,301807.000000,0,,spike,conv2d_f16,N=1;IC=10;IH=1;IW=1;OC=240;KH=1;KW=1;SH=1;SW=1;PH=0;PW=0;DH=1;DW=1;groups=1,301807,1,,
89,vint_kcov$dispatch_89_gemmini_q31_sigmoid_f16_n240,,,0.030871,ms,30871.000000,0,,spike,sigmoid_f16,n=240,30871,1,,
90,vint_kcov$dispatch_90_gemmini_q31_mul_c1_f16_N1xC240xHW80,,,1.218058,ms,1218058.000000,0,,spike,mul_c1_f16,N=1;C=240;HW=80,1218058,1,,
91,vint_kcov$dispatch_91_gemmini_q31_conv2d_f16_N1xIC240xIH8xIW10xOC40xKH1xKW1xSH1xSW1xPH0xPW0xDH1xDW1xgroups1,,,86.982760,ms,86982760.000000,0,,spike,conv2d_f16,N=1;IC=240;IH=8;IW=10;OC=40;KH=1;KW=1;SH=1;SW=1;PH=0;PW=0;DH=1;DW=1;groups=1,86982760,1,,
92,vint_kcov$dispatch_92_gemmini_q31_batchnorm2d_f16_N1xC40xH8xW10,,,0.210547,ms,210547.000000,0,,spike,batchnorm2d_f16,N=1;C=40;H=8;W=10,210547,1,,
93,vint_kcov$dispatch_93_gemmini_q31_add_f16_n3200,,,0.288037,ms,288037.000000,0,,spike,add_f16,n=3200,288037,1,,
94,vint_kcov$dispatch_94_gemmini_q31_conv2d_f16_N1xIC40xIH8xIW10xOC240xKH1xKW1xSH1xSW1xPH0xPW0xDH1xDW1xgroups1,,,87.963951,ms,87963951.000000,0,,spike,conv2d_f16,N=1;IC=40;IH=8;IW=10;OC=240;KH=1;KW=1;SH=1;SW=1;PH=0;PW=0;DH=1;DW=1;groups=1,87963951,1,,
95,vint_kcov$dispatch_95_gemmini_q31_batchnorm2d_f16_N1xC240xH8xW10,,,1.262965,ms,1262965.000000,0,,spike,batchnorm2d_f16,N=1;C=240;H=8;W=10,1262965,1,,
96,vint_kcov$dispatch_96_gemmini_q31_sigmoid_f16_n19200,,,2.577689,ms,2577689.000000,0,,spike,sigmoid_f16,n=19200,2577689,1,,
97,vint_kcov$dispatch_97_gemmini_q31_mul_f16_n19200,,,1.728028,ms,1728028.000000,0,,spike,mul_f16,n=19200,1728028,1,,
98,vint_kcov$dispatch_98_gemmini_q31_pad_f16_N1xC240xIH8xIW10xpad_left0xpad_right1xpad_top0xpad_bottom1,,,0.475289,ms,475289.000000,0,,spike,pad_f16,N=1;C=240;IH=8;IW=10;pad_left=0;pad_right=1;pad_top=0;pad_bottom=1,475289,1,,
99,vint_kcov$dispatch_99_gemmini_q31_depthwise_conv2d_f16_N1xIC1xIH9xIW11xOC240xKH3xKW3xSH2xSW2xPH0xPW0xDH1xDW1xgroups240,,,4.092392,ms,4092392.000000,0,,spike,depthwise_conv2d_f16,N=1;IC=1;IH=9;IW=11;OC=240;KH=3;KW=3;SH=2;SW=2;PH=0;PW=0;DH=1;DW=1;groups=240,4092392,1,,
100,vint_kcov$dispatch_100_gemmini_q31_batchnorm2d_f16_N1xC240xH4xW5,,,0.326962,ms,326962.000000,0,,spike,batchnorm2d_f16,N=1;C=240;H=4;W=5,326962,1,,
101,vint_kcov$dispatch_101_gemmini_q31_sigmoid_f16_n4800,,,0.636476,ms,636476.000000,0,,spike,sigmoid_f16,n=4800,636476,1,,
102,vint_kcov$dispatch_102_gemmini_q31_mul_f16_n4800,,,0.432037,ms,432037.000000,0,,spike,mul_f16,n=4800,432037,1,,
103,vint_kcov$dispatch_103_gemmini_q31_adaptive_avg_pool2d_f16_N1xC240xIH4xIW5xOH1xOW1,,,0.271292,ms,271292.000000,0,,spike,adaptive_avg_pool2d_f16,N=1;C=240;IH=4;IW=5;OH=1;OW=1,271292,1,,
104,vint_kcov$dispatch_104_gemmini_q31_conv2d_f16_N1xIC240xIH1xIW1xOC10xKH1xKW1xSH1xSW1xPH0xPW0xDH1xDW1xgroups1,,,0.272603,ms,272603.000000,0,,spike,conv2d_f16,N=1;IC=240;IH=1;IW=1;OC=10;KH=1;KW=1;SH=1;SW=1;PH=0;PW=0;DH=1;DW=1;groups=1,272603,1,,
105,vint_kcov$dispatch_105_gemmini_q31_sigmoid_f16_n10,,,0.001445,ms,1445.000000,0,,spike,sigmoid_f16,n=10,1445,1,,
106,vint_kcov$dispatch_106_gemmini_q31_mul_f16_n10,,,0.000936,ms,936.000000,0,,spike,mul_f16,n=10,936,1,,
107,vint_kcov$dispatch_107_gemmini_q31_conv2d_f16_N1xIC10xIH1xIW1xOC240xKH1xKW1xSH1xSW1xPH0xPW0xDH1xDW1xgroups1,,,0.301807,ms,301807.000000,0,,spike,conv2d_f16,N=1;IC=10;IH=1;IW=1;OC=240;KH=1;KW=1;SH=1;SW=1;PH=0;PW=0;DH=1;DW=1;groups=1,301807,1,,
108,vint_kcov$dispatch_108_gemmini_q31_sigmoid_f16_n240,,,0.031331,ms,31331.000000,0,,spike,sigmoid_f16,n=240,31331,1,,
109,vint_kcov$dispatch_109_gemmini_q31_mul_c1_f16_N1xC240xHW20,,,0.310867,ms,310867.000000,0,,spike,mul_c1_f16,N=1;C=240;HW=20,310867,1,,
110,vint_kcov$dispatch_110_gemmini_q31_conv2d_f16_N1xIC240xIH4xIW5xOC80xKH1xKW1xSH1xSW1xPH0xPW0xDH1xDW1xgroups1,,,43.496914,ms,43496914.000000,0,,spike,conv2d_f16,N=1;IC=240;IH=4;IW=5;OC=80;KH=1;KW=1;SH=1;SW=1;PH=0;PW=0;DH=1;DW=1;groups=1,43496914,1,,
111,vint_kcov$dispatch_111_gemmini_q31_batchnorm2d_f16_N1xC80xH4xW5,,,0.109036,ms,109036.000000,0,,spike,batchnorm2d_f16,N=1;C=80;H=4;W=5,109036,1,,
112,vint_kcov$dispatch_112_gemmini_q31_conv2d_f16_N1xIC80xIH4xIW5xOC480xKH1xKW1xSH1xSW1xPH0xPW0xDH1xDW1xgroups1,,,87.403440,ms,87403440.000000,0,,spike,conv2d_f16,N=1;IC=80;IH=4;IW=5;OC=480;KH=1;KW=1;SH=1;SW=1;PH=0;PW=0;DH=1;DW=1;groups=1,87403440,1,,
113,vint_kcov$dispatch_113_gemmini_q31_batchnorm2d_f16_N1xC480xH4xW5,,,0.653827,ms,653827.000000,0,,spike,batchnorm2d_f16,N=1;C=480;H=4;W=5,653827,1,,
114,vint_kcov$dispatch_114_gemmini_q31_sigmoid_f16_n9600,,,1.303554,ms,1303554.000000,0,,spike,sigmoid_f16,n=9600,1303554,1,,
115,vint_kcov$dispatch_115_gemmini_q31_mul_f16_n9600,,,0.864034,ms,864034.000000,0,,spike,mul_f16,n=9600,864034,1,,
116,vint_kcov$dispatch_116_gemmini_q31_depthwise_conv2d_f16_N1xIC1xIH4xIW5xOC480xKH3xKW3xSH1xSW1xPH1xPW1xDH1xDW1xgroups480,,,6.175516,ms,6175516.000000,0,,spike,depthwise_conv2d_f16,N=1;IC=1;IH=4;IW=5;OC=480;KH=3;KW=3;SH=1;SW=1;PH=1;PW=1;DH=1;DW=1;groups=480,6175516,1,,
117,vint_kcov$dispatch_117_gemmini_q31_batchnorm2d_f16_N1xC480xH4xW5,,,0.653827,ms,653827.000000,0,,spike,batchnorm2d_f16,N=1;C=480;H=4;W=5,653827,1,,
118,vint_kcov$dispatch_118_gemmini_q31_sigmoid_f16_n9600,,,1.275159,ms,1275159.000000,0,,spike,sigmoid_f16,n=9600,1275159,1,,
119,vint_kcov$dispatch_119_gemmini_q31_mul_f16_n9600,,,0.864037,ms,864037.000000,0,,spike,mul_f16,n=9600,864037,1,,
120,vint_kcov$dispatch_120_gemmini_q31_adaptive_avg_pool2d_f16_N1xC480xIH4xIW5xOH1xOW1,,,0.542477,ms,542477.000000,0,,spike,adaptive_avg_pool2d_f16,N=1;C=480;IH=4;IW=5;OH=1;OW=1,542477,1,,
121,vint_kcov$dispatch_121_gemmini_q31_conv2d_f16_N1xIC480xIH1xIW1xOC20xKH1xKW1xSH1xSW1xPH0xPW0xDH1xDW1xgroups1,,,1.087599,ms,1087599.000000,0,,spike,conv2d_f16,N=1;IC=480;IH=1;IW=1;OC=20;KH=1;KW=1;SH=1;SW=1;PH=0;PW=0;DH=1;DW=1;groups=1,1087599,1,,
122,vint_kcov$dispatch_122_gemmini_q31_sigmoid_f16_n20,,,0.002880,ms,2880.000000,0,,spike,sigmoid_f16,n=20,2880,1,,
123,vint_kcov$dispatch_123_gemmini_q31_mul_f16_n20,,,0.001836,ms,1836.000000,0,,spike,mul_f16,n=20,1836,1,,
124,vint_kcov$dispatch_124_gemmini_q31_conv2d_f16_N1xIC20xIH1xIW1xOC480xKH1xKW1xSH1xSW1xPH0xPW0xDH1xDW1xgroups1,,,1.145905,ms,1145905.000000,0,,spike,conv2d_f16,N=1;IC=20;IH=1;IW=1;OC=480;KH=1;KW=1;SH=1;SW=1;PH=0;PW=0;DH=1;DW=1;groups=1,1145905,1,,
125,vint_kcov$dispatch_125_gemmini_q31_sigmoid_f16_n480,,,0.068012,ms,68012.000000,0,,spike,sigmoid_f16,n=480,68012,1,,
126,vint_kcov$dispatch_126_gemmini_q31_mul_c1_f16_N1xC480xHW20,,,0.621616,ms,621616.000000,0,,spike,mul_c1_f16,N=1;C=480;HW=20,621616,1,,
127,vint_kcov$dispatch_127_gemmini_q31_conv2d_f16_N1xIC480xIH4xIW5xOC80xKH1xKW1xSH1xSW1xPH0xPW0xDH1xDW1xgroups1,,,86.895400,ms,86895400.000000,0,,spike,conv2d_f16,N=1;IC=480;IH=4;IW=5;OC=80;KH=1;KW=1;SH=1;SW=1;PH=0;PW=0;DH=1;DW=1;groups=1,86895400,1,,
128,vint_kcov$dispatch_128_gemmini_q31_batchnorm2d_f16_N1xC80xH4xW5,,,0.109027,ms,109027.000000,0,,spike,batchnorm2d_f16,N=1;C=80;H=4;W=5,109027,1,,
129,vint_kcov$dispatch_129_gemmini_q31_add_f16_n1600,,,0.144042,ms,144042.000000,0,,spike,add_f16,n=1600,144042,1,,
130,vint_kcov$dispatch_130_gemmini_q31_conv2d_f16_N1xIC80xIH4xIW5xOC480xKH1xKW1xSH1xSW1xPH0xPW0xDH1xDW1xgroups1,,,87.399840,ms,87399840.000000,0,,spike,conv2d_f16,N=1;IC=80;IH=4;IW=5;OC=480;KH=1;KW=1;SH=1;SW=1;PH=0;PW=0;DH=1;DW=1;groups=1,87399840,1,,
131,vint_kcov$dispatch_131_gemmini_q31_batchnorm2d_f16_N1xC480xH4xW5,,,0.653824,ms,653824.000000,0,,spike,batchnorm2d_f16,N=1;C=480;H=4;W=5,653824,1,,
132,vint_kcov$dispatch_132_gemmini_q31_sigmoid_f16_n9600,,,1.309929,ms,1309929.000000,0,,spike,sigmoid_f16,n=9600,1309929,1,,
133,vint_kcov$dispatch_133_gemmini_q31_mul_f16_n9600,,,0.864040,ms,864040.000000,0,,spike,mul_f16,n=9600,864040,1,,
134,vint_kcov$dispatch_134_gemmini_q31_depthwise_conv2d_f16_N1xIC1xIH4xIW5xOC480xKH3xKW3xSH1xSW1xPH1xPW1xDH1xDW1xgroups480,,,6.175408,ms,6175408.000000,0,,spike,depthwise_conv2d_f16,N=1;IC=1;IH=4;IW=5;OC=480;KH=3;KW=3;SH=1;SW=1;PH=1;PW=1;DH=1;DW=1;groups=480,6175408,1,,
135,vint_kcov$dispatch_135_gemmini_q31_batchnorm2d_f16_N1xC480xH4xW5,,,0.653836,ms,653836.000000,0,,spike,batchnorm2d_f16,N=1;C=480;H=4;W=5,653836,1,,
136,vint_kcov$dispatch_136_gemmini_q31_sigmoid_f16_n9600,,,1.273312,ms,1273312.000000,0,,spike,sigmoid_f16,n=9600,1273312,1,,
137,vint_kcov$dispatch_137_gemmini_q31_mul_f16_n9600,,,0.864037,ms,864037.000000,0,,spike,mul_f16,n=9600,864037,1,,
138,vint_kcov$dispatch_138_gemmini_q31_adaptive_avg_pool2d_f16_N1xC480xIH4xIW5xOH1xOW1,,,0.542492,ms,542492.000000,0,,spike,adaptive_avg_pool2d_f16,N=1;C=480;IH=4;IW=5;OH=1;OW=1,542492,1,,
139,vint_kcov$dispatch_139_gemmini_q31_conv2d_f16_N1xIC480xIH1xIW1xOC20xKH1xKW1xSH1xSW1xPH0xPW0xDH1xDW1xgroups1,,,1.087467,ms,1087467.000000,0,,spike,conv2d_f16,N=1;IC=480;IH=1;IW=1;OC=20;KH=1;KW=1;SH=1;SW=1;PH=0;PW=0;DH=1;DW=1;groups=1,1087467,1,,
140,vint_kcov$dispatch_140_gemmini_q31_sigmoid_f16_n20,,,0.002916,ms,2916.000000,0,,spike,sigmoid_f16,n=20,2916,1,,
141,vint_kcov$dispatch_141_gemmini_q31_mul_f16_n20,,,0.001836,ms,1836.000000,0,,spike,mul_f16,n=20,1836,1,,
142,vint_kcov$dispatch_142_gemmini_q31_conv2d_f16_N1xIC20xIH1xIW1xOC480xKH1xKW1xSH1xSW1xPH0xPW0xDH1xDW1xgroups1,,,1.145899,ms,1145899.000000,0,,spike,conv2d_f16,N=1;IC=20;IH=1;IW=1;OC=480;KH=1;KW=1;SH=1;SW=1;PH=0;PW=0;DH=1;DW=1;groups=1,1145899,1,,
143,vint_kcov$dispatch_143_gemmini_q31_sigmoid_f16_n480,,,0.066474,ms,66474.000000,0,,spike,sigmoid_f16,n=480,66474,1,,
144,vint_kcov$dispatch_144_gemmini_q31_mul_c1_f16_N1xC480xHW20,,,0.621667,ms,621667.000000,0,,spike,mul_c1_f16,N=1;C=480;HW=20,621667,1,,
145,vint_kcov$dispatch_145_gemmini_q31_conv2d_f16_N1xIC480xIH4xIW5xOC80xKH1xKW1xSH1xSW1xPH0xPW0xDH1xDW1xgroups1,,,86.889280,ms,86889280.000000,0,,spike,conv2d_f16,N=1;IC=480;IH=4;IW=5;OC=80;KH=1;KW=1;SH=1;SW=1;PH=0;PW=0;DH=1;DW=1;groups=1,86889280,1,,
146,vint_kcov$dispatch_146_gemmini_q31_batchnorm2d_f16_N1xC80xH4xW5,,,0.109033,ms,109033.000000,0,,spike,batchnorm2d_f16,N=1;C=80;H=4;W=5,109033,1,,
147,vint_kcov$dispatch_147_gemmini_q31_add_f16_n1600,,,0.144033,ms,144033.000000,0,,spike,add_f16,n=1600,144033,1,,
148,vint_kcov$dispatch_148_gemmini_q31_conv2d_f16_N1xIC80xIH4xIW5xOC480xKH1xKW1xSH1xSW1xPH0xPW0xDH1xDW1xgroups1,,,87.403440,ms,87403440.000000,0,,spike,conv2d_f16,N=1;IC=80;IH=4;IW=5;OC=480;KH=1;KW=1;SH=1;SW=1;PH=0;PW=0;DH=1;DW=1;groups=1,87403440,1,,
149,vint_kcov$dispatch_149_gemmini_q31_batchnorm2d_f16_N1xC480xH4xW5,,,0.653833,ms,653833.000000,0,,spike,batchnorm2d_f16,N=1;C=480;H=4;W=5,653833,1,,
150,vint_kcov$dispatch_150_gemmini_q31_sigmoid_f16_n9600,,,1.307257,ms,1307257.000000,0,,spike,sigmoid_f16,n=9600,1307257,1,,
151,vint_kcov$dispatch_151_gemmini_q31_mul_f16_n9600,,,0.864037,ms,864037.000000,0,,spike,mul_f16,n=9600,864037,1,,
152,vint_kcov$dispatch_152_gemmini_q31_depthwise_conv2d_f16_N1xIC1xIH4xIW5xOC480xKH5xKW5xSH1xSW1xPH2xPW2xDH1xDW1xgroups480,,,11.970139,ms,11970139.000000,0,,spike,depthwise_conv2d_f16,N=1;IC=1;IH=4;IW=5;OC=480;KH=5;KW=5;SH=1;SW=1;PH=2;PW=2;DH=1;DW=1;groups=480,11970139,1,,
153,vint_kcov$dispatch_153_gemmini_q31_batchnorm2d_f16_N1xC480xH4xW5,,,0.653830,ms,653830.000000,0,,spike,batchnorm2d_f16,N=1;C=480;H=4;W=5,653830,1,,
154,vint_kcov$dispatch_154_gemmini_q31_sigmoid_f16_n9600,,,1.274052,ms,1274052.000000,0,,spike,sigmoid_f16,n=9600,1274052,1,,
155,vint_kcov$dispatch_155_gemmini_q31_mul_f16_n9600,,,0.864037,ms,864037.000000,0,,spike,mul_f16,n=9600,864037,1,,
156,vint_kcov$dispatch_156_gemmini_q31_adaptive_avg_pool2d_f16_N1xC480xIH4xIW5xOH1xOW1,,,0.542489,ms,542489.000000,0,,spike,adaptive_avg_pool2d_f16,N=1;C=480;IH=4;IW=5;OH=1;OW=1,542489,1,,
157,vint_kcov$dispatch_157_gemmini_q31_conv2d_f16_N1xIC480xIH1xIW1xOC20xKH1xKW1xSH1xSW1xPH0xPW0xDH1xDW1xgroups1,,,1.087593,ms,1087593.000000,0,,spike,conv2d_f16,N=1;IC=480;IH=1;IW=1;OC=20;KH=1;KW=1;SH=1;SW=1;PH=0;PW=0;DH=1;DW=1;groups=1,1087593,1,,
158,vint_kcov$dispatch_158_gemmini_q31_sigmoid_f16_n20,,,0.002844,ms,2844.000000,0,,spike,sigmoid_f16,n=20,2844,1,,
159,vint_kcov$dispatch_159_gemmini_q31_mul_f16_n20,,,0.001836,ms,1836.000000,0,,spike,mul_f16,n=20,1836,1,,
160,vint_kcov$dispatch_160_gemmini_q31_conv2d_f16_N1xIC20xIH1xIW1xOC480xKH1xKW1xSH1xSW1xPH0xPW0xDH1xDW1xgroups1,,,1.145887,ms,1145887.000000,0,,spike,conv2d_f16,N=1;IC=20;IH=1;IW=1;OC=480;KH=1;KW=1;SH=1;SW=1;PH=0;PW=0;DH=1;DW=1;groups=1,1145887,1,,
161,vint_kcov$dispatch_161_gemmini_q31_sigmoid_f16_n480,,,0.063993,ms,63993.000000,0,,spike,sigmoid_f16,n=480,63993,1,,
162,vint_kcov$dispatch_162_gemmini_q31_mul_c1_f16_N1xC480xHW20,,,0.621667,ms,621667.000000,0,,spike,mul_c1_f16,N=1;C=480;HW=20,621667,1,,
163,vint_kcov$dispatch_163_gemmini_q31_conv2d_f16_N1xIC480xIH4xIW5xOC112xKH1xKW1xSH1xSW1xPH0xPW0xDH1xDW1xgroups1,,,121.645904,ms,121645904.000000,0,,spike,conv2d_f16,N=1;IC=480;IH=4;IW=5;OC=112;KH=1;KW=1;SH=1;SW=1;PH=0;PW=0;DH=1;DW=1;groups=1,121645904,1,,
164,vint_kcov$dispatch_164_gemmini_q31_batchnorm2d_f16_N1xC112xH4xW5,,,0.152611,ms,152611.000000,0,,spike,batchnorm2d_f16,N=1;C=112;H=4;W=5,152611,1,,
165,vint_kcov$dispatch_165_gemmini_q31_conv2d_f16_N1xIC112xIH4xIW5xOC672xKH1xKW1xSH1xSW1xPH0xPW0xDH1xDW1xgroups1,,,170.960520,ms,170960520.000000,0,,spike,conv2d_f16,N=1;IC=112;IH=4;IW=5;OC=672;KH=1;KW=1;SH=1;SW=1;PH=0;PW=0;DH=1;DW=1;groups=1,170960520,1,,
166,vint_kcov$dispatch_166_gemmini_q31_batchnorm2d_f16_N1xC672xH4xW5,,,0.915331,ms,915331.000000,0,,spike,batchnorm2d_f16,N=1;C=672;H=4;W=5,915331,1,,
167,vint_kcov$dispatch_167_gemmini_q31_sigmoid_f16_n13440,,,1.826998,ms,1826998.000000,0,,spike,sigmoid_f16,n=13440,1826998,1,,
168,vint_kcov$dispatch_168_gemmini_q31_mul_f16_n13440,,,1.209637,ms,1209637.000000,0,,spike,mul_f16,n=13440,1209637,1,,
169,vint_kcov$dispatch_169_gemmini_q31_depthwise_conv2d_f16_N1xIC1xIH4xIW5xOC672xKH5xKW5xSH1xSW1xPH2xPW2xDH1xDW1xgroups672,,,16.757935,ms,16757935.000000,0,,spike,depthwise_conv2d_f16,N=1;IC=1;IH=4;IW=5;OC=672;KH=5;KW=5;SH=1;SW=1;PH=2;PW=2;DH=1;DW=1;groups=672,16757935,1,,
170,vint_kcov$dispatch_170_gemmini_q31_batchnorm2d_f16_N1xC672xH4xW5,,,0.915358,ms,915358.000000,0,,spike,batchnorm2d_f16,N=1;C=672;H=4;W=5,915358,1,,
171,vint_kcov$dispatch_171_gemmini_q31_sigmoid_f16_n13440,,,1.784576,ms,1784576.000000,0,,spike,sigmoid_f16,n=13440,1784576,1,,
172,vint_kcov$dispatch_172_gemmini_q31_mul_f16_n13440,,,1.209637,ms,1209637.000000,0,,spike,mul_f16,n=13440,1209637,1,,
173,vint_kcov$dispatch_173_gemmini_q31_adaptive_avg_pool2d_f16_N1xC672xIH4xIW5xOH1xOW1,,,0.759452,ms,759452.000000,0,,spike,adaptive_avg_pool2d_f16,N=1;C=672;IH=4;IW=5;OH=1;OW=1,759452,1,,
174,vint_kcov$dispatch_174_gemmini_q31_conv2d_f16_N1xIC672xIH1xIW1xOC28xKH1xKW1xSH1xSW1xPH0xPW0xDH1xDW1xgroups1,,,2.129921,ms,2129921.000000,0,,spike,conv2d_f16,N=1;IC=672;IH=1;IW=1;OC=28;KH=1;KW=1;SH=1;SW=1;PH=0;PW=0;DH=1;DW=1;groups=1,2129921,1,,
175,vint_kcov$dispatch_175_gemmini_q31_sigmoid_f16_n28,,,0.003995,ms,3995.000000,0,,spike,sigmoid_f16,n=28,3995,1,,
176,vint_kcov$dispatch_176_gemmini_q31_mul_f16_n28,,,0.002556,ms,2556.000000,0,,spike,mul_f16,n=28,2556,1,,
177,vint_kcov$dispatch_177_gemmini_q31_conv2d_f16_N1xIC28xIH1xIW1xOC672xKH1xKW1xSH1xSW1xPH0xPW0xDH1xDW1xgroups1,,,2.211745,ms,2211745.000000,0,,spike,conv2d_f16,N=1;IC=28;IH=1;IW=1;OC=672;KH=1;KW=1;SH=1;SW=1;PH=0;PW=0;DH=1;DW=1;groups=1,2211745,1,,
178,vint_kcov$dispatch_178_gemmini_q31_sigmoid_f16_n672,,,0.091605,ms,91605.000000,0,,spike,sigmoid_f16,n=672,91605,1,,
179,vint_kcov$dispatch_179_gemmini_q31_mul_c1_f16_N1xC672xHW20,,,0.870301,ms,870301.000000,0,,spike,mul_c1_f16,N=1;C=672;HW=20,870301,1,,
180,vint_kcov$dispatch_180_gemmini_q31_conv2d_f16_N1xIC672xIH4xIW5xOC112xKH1xKW1xSH1xSW1xPH0xPW0xDH1xDW1xgroups1,,,170.245808,ms,170245808.000000,0,,spike,conv2d_f16,N=1;IC=672;IH=4;IW=5;OC=112;KH=1;KW=1;SH=1;SW=1;PH=0;PW=0;DH=1;DW=1;groups=1,170245808,1,,
181,vint_kcov$dispatch_181_gemmini_q31_batchnorm2d_f16_N1xC112xH4xW5,,,0.152611,ms,152611.000000,0,,spike,batchnorm2d_f16,N=1;C=112;H=4;W=5,152611,1,,
182,vint_kcov$dispatch_182_gemmini_q31_add_f16_n2240,,,0.201637,ms,201637.000000,0,,spike,add_f16,n=2240,201637,1,,
183,vint_kcov$dispatch_183_gemmini_q31_conv2d_f16_N1xIC112xIH4xIW5xOC672xKH1xKW1xSH1xSW1xPH0xPW0xDH1xDW1xgroups1,,,170.961360,ms,170961360.000000,0,,spike,conv2d_f16,N=1;IC=112;IH=4;IW=5;OC=672;KH=1;KW=1;SH=1;SW=1;PH=0;PW=0;DH=1;DW=1;groups=1,170961360,1,,
184,vint_kcov$dispatch_184_gemmini_q31_batchnorm2d_f16_N1xC672xH4xW5,,,0.915328,ms,915328.000000,0,,spike,batchnorm2d_f16,N=1;C=672;H=4;W=5,915328,1,,
185,vint_kcov$dispatch_185_gemmini_q31_sigmoid_f16_n13440,,,1.817282,ms,1817282.000000,0,,spike,sigmoid_f16,n=13440,1817282,1,,
186,vint_kcov$dispatch_186_gemmini_q31_mul_f16_n13440,,,1.209640,ms,1209640.000000,0,,spike,mul_f16,n=13440,1209640,1,,
187,vint_kcov$dispatch_187_gemmini_q31_depthwise_conv2d_f16_N1xIC1xIH4xIW5xOC672xKH5xKW5xSH1xSW1xPH2xPW2xDH1xDW1xgroups672,,,16.758187,ms,16758187.000000,0,,spike,depthwise_conv2d_f16,N=1;IC=1;IH=4;IW=5;OC=672;KH=5;KW=5;SH=1;SW=1;PH=2;PW=2;DH=1;DW=1;groups=672,16758187,1,,
188,vint_kcov$dispatch_188_gemmini_q31_batchnorm2d_f16_N1xC672xH4xW5,,,0.915334,ms,915334.000000,0,,spike,batchnorm2d_f16,N=1;C=672;H=4;W=5,915334,1,,
189,vint_kcov$dispatch_189_gemmini_q31_sigmoid_f16_n13440,,,1.779058,ms,1779058.000000,0,,spike,sigmoid_f16,n=13440,1779058,1,,
190,vint_kcov$dispatch_190_gemmini_q31_mul_f16_n13440,,,1.209652,ms,1209652.000000,0,,spike,mul_f16,n=13440,1209652,1,,
191,vint_kcov$dispatch_191_gemmini_q31_adaptive_avg_pool2d_f16_N1xC672xIH4xIW5xOH1xOW1,,,0.759470,ms,759470.000000,0,,spike,adaptive_avg_pool2d_f16,N=1;C=672;IH=4;IW=5;OH=1;OW=1,759470,1,,
192,vint_kcov$dispatch_192_gemmini_q31_conv2d_f16_N1xIC672xIH1xIW1xOC28xKH1xKW1xSH1xSW1xPH0xPW0xDH1xDW1xgroups1,,,2.129915,ms,2129915.000000,0,,spike,conv2d_f16,N=1;IC=672;IH=1;IW=1;OC=28;KH=1;KW=1;SH=1;SW=1;PH=0;PW=0;DH=1;DW=1;groups=1,2129915,1,,
193,vint_kcov$dispatch_193_gemmini_q31_sigmoid_f16_n28,,,0.003995,ms,3995.000000,0,,spike,sigmoid_f16,n=28,3995,1,,
194,vint_kcov$dispatch_194_gemmini_q31_mul_f16_n28,,,0.002556,ms,2556.000000,0,,spike,mul_f16,n=28,2556,1,,
195,vint_kcov$dispatch_195_gemmini_q31_conv2d_f16_N1xIC28xIH1xIW1xOC672xKH1xKW1xSH1xSW1xPH0xPW0xDH1xDW1xgroups1,,,2.211703,ms,2211703.000000,0,,spike,conv2d_f16,N=1;IC=28;IH=1;IW=1;OC=672;KH=1;KW=1;SH=1;SW=1;PH=0;PW=0;DH=1;DW=1;groups=1,2211703,1,,
196,vint_kcov$dispatch_196_gemmini_q31_sigmoid_f16_n672,,,0.096505,ms,96505.000000,0,,spike,sigmoid_f16,n=672,96505,1,,
197,vint_kcov$dispatch_197_gemmini_q31_mul_c1_f16_N1xC672xHW20,,,0.867781,ms,867781.000000,0,,spike,mul_c1_f16,N=1;C=672;HW=20,867781,1,,
198,vint_kcov$dispatch_198_gemmini_q31_conv2d_f16_N1xIC672xIH4xIW5xOC112xKH1xKW1xSH1xSW1xPH0xPW0xDH1xDW1xgroups1,,,170.834960,ms,170834960.000000,0,,spike,conv2d_f16,N=1;IC=672;IH=4;IW=5;OC=112;KH=1;KW=1;SH=1;SW=1;PH=0;PW=0;DH=1;DW=1;groups=1,170834960,1,,
199,vint_kcov$dispatch_199_gemmini_q31_batchnorm2d_f16_N1xC112xH4xW5,,,0.152608,ms,152608.000000,0,,spike,batchnorm2d_f16,N=1;C=112;H=4;W=5,152608,1,,
200,vint_kcov$dispatch_200_gemmini_q31_add_f16_n2240,,,0.201643,ms,201643.000000,0,,spike,add_f16,n=2240,201643,1,,
201,vint_kcov$dispatch_201_gemmini_q31_conv2d_f16_N1xIC112xIH4xIW5xOC672xKH1xKW1xSH1xSW1xPH0xPW0xDH1xDW1xgroups1,,,170.961120,ms,170961120.000000,0,,spike,conv2d_f16,N=1;IC=112;IH=4;IW=5;OC=672;KH=1;KW=1;SH=1;SW=1;PH=0;PW=0;DH=1;DW=1;groups=1,170961120,1,,
202,vint_kcov$dispatch_202_gemmini_q31_batchnorm2d_f16_N1xC672xH4xW5,,,0.915337,ms,915337.000000,0,,spike,batchnorm2d_f16,N=1;C=672;H=4;W=5,915337,1,,
203,vint_kcov$dispatch_203_gemmini_q31_sigmoid_f16_n13440,,,1.819836,ms,1819836.000000,0,,spike,sigmoid_f16,n=13440,1819836,1,,
204,vint_kcov$dispatch_204_gemmini_q31_mul_f16_n13440,,,1.209625,ms,1209625.000000,0,,spike,mul_f16,n=13440,1209625,1,,
205,vint_kcov$dispatch_205_gemmini_q31_pad_f16_N1xC672xIH4xIW5xpad_left1xpad_right2xpad_top1xpad_bottom2,,,0.543065,ms,543065.000000,0,,spike,pad_f16,N=1;C=672;IH=4;IW=5;pad_left=1;pad_right=2;pad_top=1;pad_bottom=2,543065,1,,
206,vint_kcov$dispatch_206_gemmini_q31_depthwise_conv2d_f16_N1xIC1xIH7xIW8xOC672xKH5xKW5xSH2xSW2xPH0xPW0xDH1xDW1xgroups672,,,6.081185,ms,6081185.000000,0,,spike,depthwise_conv2d_f16,N=1;IC=1;IH=7;IW=8;OC=672;KH=5;KW=5;SH=2;SW=2;PH=0;PW=0;DH=1;DW=1;groups=672,6081185,1,,
207,vint_kcov$dispatch_207_gemmini_q31_batchnorm2d_f16_N1xC672xH2xW2,,,0.216451,ms,216451.000000,0,,spike,batchnorm2d_f16,N=1;C=672;H=2;W=2,216451,1,,
208,vint_kcov$dispatch_208_gemmini_q31_sigmoid_f16_n2688,,,0.357450,ms,357450.000000,0,,spike,sigmoid_f16,n=2688,357450,1,,
209,vint_kcov$dispatch_209_gemmini_q31_mul_f16_n2688,,,0.241957,ms,241957.000000,0,,spike,mul_f16,n=2688,241957,1,,
210,vint_kcov$dispatch_210_gemmini_q31_adaptive_avg_pool2d_f16_N1xC672xIH2xIW2xOH1xOW1,,,0.216461,ms,216461.000000,0,,spike,adaptive_avg_pool2d_f16,N=1;C=672;IH=2;IW=2;OH=1;OW=1,216461,1,,
211,vint_kcov$dispatch_211_gemmini_q31_conv2d_f16_N1xIC672xIH1xIW1xOC28xKH1xKW1xSH1xSW1xPH0xPW0xDH1xDW1xgroups1,,,2.130077,ms,2130077.000000,0,,spike,conv2d_f16,N=1;IC=672;IH=1;IW=1;OC=28;KH=1;KW=1;SH=1;SW=1;PH=0;PW=0;DH=1;DW=1;groups=1,2130077,1,,
212,vint_kcov$dispatch_212_gemmini_q31_sigmoid_f16_n28,,,0.003971,ms,3971.000000,0,,spike,sigmoid_f16,n=28,3971,1,,
213,vint_kcov$dispatch_213_gemmini_q31_mul_f16_n28,,,0.002556,ms,2556.000000,0,,spike,mul_f16,n=28,2556,1,,
214,vint_kcov$dispatch_214_gemmini_q31_conv2d_f16_N1xIC28xIH1xIW1xOC672xKH1xKW1xSH1xSW1xPH0xPW0xDH1xDW1xgroups1,,,2.211703,ms,2211703.000000,0,,spike,conv2d_f16,N=1;IC=28;IH=1;IW=1;OC=672;KH=1;KW=1;SH=1;SW=1;PH=0;PW=0;DH=1;DW=1;groups=1,2211703,1,,
215,vint_kcov$dispatch_215_gemmini_q31_sigmoid_f16_n672,,,0.093841,ms,93841.000000,0,,spike,sigmoid_f16,n=672,93841,1,,
216,vint_kcov$dispatch_216_gemmini_q31_mul_c1_f16_N1xC672xHW4,,,0.192919,ms,192919.000000,0,,spike,mul_c1_f16,N=1;C=672;HW=4,192919,1,,
217,vint_kcov$dispatch_217_gemmini_q31_conv2d_f16_N1xIC672xIH2xIW2xOC192xKH1xKW1xSH1xSW1xPH0xPW0xDH1xDW1xgroups1,,,58.379448,ms,58379448.000000,0,,spike,conv2d_f16,N=1;IC=672;IH=2;IW=2;OC=192;KH=1;KW=1;SH=1;SW=1;PH=0;PW=0;DH=1;DW=1;groups=1,58379448,1,,
218,vint_kcov$dispatch_218_gemmini_q31_batchnorm2d_f16_N1xC192xH2xW2,,,0.061891,ms,61891.000000,0,,spike,batchnorm2d_f16,N=1;C=192;H=2;W=2,61891,1,,
219,vint_kcov$dispatch_219_gemmini_q31_conv2d_f16_N1xIC192xIH2xIW2xOC1152xKH1xKW1xSH1xSW1xPH0xPW0xDH1xDW1xgroups1,,,100.318848,ms,100318848.000000,0,,spike,conv2d_f16,N=1;IC=192;IH=2;IW=2;OC=1152;KH=1;KW=1;SH=1;SW=1;PH=0;PW=0;DH=1;DW=1;groups=1,100318848,1,,
220,vint_kcov$dispatch_220_gemmini_q31_batchnorm2d_f16_N1xC1152xH2xW2,,,0.371020,ms,371020.000000,0,,spike,batchnorm2d_f16,N=1;C=1152;H=2;W=2,371020,1,,
221,vint_kcov$dispatch_221_gemmini_q31_sigmoid_f16_n4608,,,0.611708,ms,611708.000000,0,,spike,sigmoid_f16,n=4608,611708,1,,
222,vint_kcov$dispatch_222_gemmini_q31_mul_f16_n4608,,,0.414757,ms,414757.000000,0,,spike,mul_f16,n=4608,414757,1,,
223,vint_kcov$dispatch_223_gemmini_q31_depthwise_conv2d_f16_N1xIC1xIH2xIW2xOC1152xKH5xKW5xSH1xSW1xPH2xPW2xDH1xDW1xgroups1152,,,2.282311,ms,2282311.000000,0,,spike,depthwise_conv2d_f16,N=1;IC=1;IH=2;IW=2;OC=1152;KH=5;KW=5;SH=1;SW=1;PH=2;PW=2;DH=1;DW=1;groups=1152,2282311,1,,
224,vint_kcov$dispatch_224_gemmini_q31_batchnorm2d_f16_N1xC1152xH2xW2,,,0.371041,ms,371041.000000,0,,spike,batchnorm2d_f16,N=1;C=1152;H=2;W=2,371041,1,,
225,vint_kcov$dispatch_225_gemmini_q31_sigmoid_f16_n4608,,,0.592999,ms,592999.000000,0,,spike,sigmoid_f16,n=4608,592999,1,,
226,vint_kcov$dispatch_226_gemmini_q31_mul_f16_n4608,,,0.414754,ms,414754.000000,0,,spike,mul_f16,n=4608,414754,1,,
227,vint_kcov$dispatch_227_gemmini_q31_adaptive_avg_pool2d_f16_N1xC1152xIH2xIW2xOH1xOW1,,,0.371030,ms,371030.000000,0,,spike,adaptive_avg_pool2d_f16,N=1;C=1152;IH=2;IW=2;OH=1;OW=1,371030,1,,
228,vint_kcov$dispatch_228_gemmini_q31_conv2d_f16_N1xIC1152xIH1xIW1xOC48xKH1xKW1xSH1xSW1xPH0xPW0xDH1xDW1xgroups1,,,6.254863,ms,6254863.000000,0,,spike,conv2d_f16,N=1;IC=1152;IH=1;IW=1;OC=48;KH=1;KW=1;SH=1;SW=1;PH=0;PW=0;DH=1;DW=1;groups=1,6254863,1,,
229,vint_kcov$dispatch_229_gemmini_q31_sigmoid_f16_n48,,,0.007005,ms,7005.000000,0,,spike,sigmoid_f16,n=48,7005,1,,
230,vint_kcov$dispatch_230_gemmini_q31_mul_f16_n48,,,0.004356,ms,4356.000000,0,,spike,mul_f16,n=48,4356,1,,
231,vint_kcov$dispatch_231_gemmini_q31_conv2d_f16_N1xIC48xIH1xIW1xOC1152xKH1xKW1xSH1xSW1xPH0xPW0xDH1xDW1xgroups1,,,6.394999,ms,6394999.000000,0,,spike,conv2d_f16,N=1;IC=48;IH=1;IW=1;OC=1152;KH=1;KW=1;SH=1;SW=1;PH=0;PW=0;DH=1;DW=1;groups=1,6394999,1,,
232,vint_kcov$dispatch_232_gemmini_q31_sigmoid_f16_n1152,,,0.167452,ms,167452.000000,0,,spike,sigmoid_f16,n=1152,167452,1,,
233,vint_kcov$dispatch_233_gemmini_q31_mul_c1_f16_N1xC1152xHW4,,,0.327478,ms,327478.000000,0,,spike,mul_c1_f16,N=1;C=1152;HW=4,327478,1,,
234,vint_kcov$dispatch_234_gemmini_q31_conv2d_f16_N1xIC1152xIH2xIW2xOC192xKH1xKW1xSH1xSW1xPH0xPW0xDH1xDW1xgroups1,,,101.606904,ms,101606904.000000,0,,spike,conv2d_f16,N=1;IC=1152;IH=2;IW=2;OC=192;KH=1;KW=1;SH=1;SW=1;PH=0;PW=0;DH=1;DW=1;groups=1,101606904,1,,
235,vint_kcov$dispatch_235_gemmini_q31_batchnorm2d_f16_N1xC192xH2xW2,,,0.061891,ms,61891.000000,0,,spike,batchnorm2d_f16,N=1;C=192;H=2;W=2,61891,1,,
236,vint_kcov$dispatch_236_gemmini_q31_add_f16_n768,,,0.069156,ms,69156.000000,0,,spike,add_f16,n=768,69156,1,,
237,vint_kcov$dispatch_237_gemmini_q31_conv2d_f16_N1xIC192xIH2xIW2xOC1152xKH1xKW1xSH1xSW1xPH0xPW0xDH1xDW1xgroups1,,,100.318608,ms,100318608.000000,0,,spike,conv2d_f16,N=1;IC=192;IH=2;IW=2;OC=1152;KH=1;KW=1;SH=1;SW=1;PH=0;PW=0;DH=1;DW=1;groups=1,100318608,1,,
238,vint_kcov$dispatch_238_gemmini_q31_batchnorm2d_f16_N1xC1152xH2xW2,,,0.371011,ms,371011.000000,0,,spike,batchnorm2d_f16,N=1;C=1152;H=2;W=2,371011,1,,
239,vint_kcov$dispatch_239_gemmini_q31_sigmoid_f16_n4608,,,0.595576,ms,595576.000000,0,,spike,sigmoid_f16,n=4608,595576,1,,
240,vint_kcov$dispatch_240_gemmini_q31_mul_f16_n4608,,,0.414754,ms,414754.000000,0,,spike,mul_f16,n=4608,414754,1,,
241,vint_kcov$dispatch_241_gemmini_q31_depthwise_conv2d_f16_N1xIC1xIH2xIW2xOC1152xKH5xKW5xSH1xSW1xPH2xPW2xDH1xDW1xgroups1152,,,2.282287,ms,2282287.000000,0,,spike,depthwise_conv2d_f16,N=1;IC=1;IH=2;IW=2;OC=1152;KH=5;KW=5;SH=1;SW=1;PH=2;PW=2;DH=1;DW=1;groups=1152,2282287,1,,
242,vint_kcov$dispatch_242_gemmini_q31_batchnorm2d_f16_N1xC1152xH2xW2,,,0.371053,ms,371053.000000,0,,spike,batchnorm2d_f16,N=1;C=1152;H=2;W=2,371053,1,,
243,vint_kcov$dispatch_243_gemmini_q31_sigmoid_f16_n4608,,,0.572054,ms,572054.000000,0,,spike,sigmoid_f16,n=4608,572054,1,,
244,vint_kcov$dispatch_244_gemmini_q31_mul_f16_n4608,,,0.414754,ms,414754.000000,0,,spike,mul_f16,n=4608,414754,1,,
245,vint_kcov$dispatch_245_gemmini_q31_adaptive_avg_pool2d_f16_N1xC1152xIH2xIW2xOH1xOW1,,,0.371048,ms,371048.000000,0,,spike,adaptive_avg_pool2d_f16,N=1;C=1152;IH=2;IW=2;OH=1;OW=1,371048,1,,
246,vint_kcov$dispatch_246_gemmini_q31_conv2d_f16_N1xIC1152xIH1xIW1xOC48xKH1xKW1xSH1xSW1xPH0xPW0xDH1xDW1xgroups1,,,6.255481,ms,6255481.000000,0,,spike,conv2d_f16,N=1;IC=1152;IH=1;IW=1;OC=48;KH=1;KW=1;SH=1;SW=1;PH=0;PW=0;DH=1;DW=1;groups=1,6255481,1,,
247,vint_kcov$dispatch_247_gemmini_q31_sigmoid_f16_n48,,,0.006889,ms,6889.000000,0,,spike,sigmoid_f16,n=48,6889,1,,
248,vint_kcov$dispatch_248_gemmini_q31_mul_f16_n48,,,0.004356,ms,4356.000000,0,,spike,mul_f16,n=48,4356,1,,
249,vint_kcov$dispatch_249_gemmini_q31_conv2d_f16_N1xIC48xIH1xIW1xOC1152xKH1xKW1xSH1xSW1xPH0xPW0xDH1xDW1xgroups1,,,6.395047,ms,6395047.000000,0,,spike,conv2d_f16,N=1;IC=48;IH=1;IW=1;OC=1152;KH=1;KW=1;SH=1;SW=1;PH=0;PW=0;DH=1;DW=1;groups=1,6395047,1,,
250,vint_kcov$dispatch_250_gemmini_q31_sigmoid_f16_n1152,,,0.166455,ms,166455.000000,0,,spike,sigmoid_f16,n=1152,166455,1,,
251,vint_kcov$dispatch_251_gemmini_q31_mul_c1_f16_N1xC1152xHW4,,,0.330454,ms,330454.000000,0,,spike,mul_c1_f16,N=1;C=1152;HW=4,330454,1,,
252,vint_kcov$dispatch_252_gemmini_q31_conv2d_f16_N1xIC1152xIH2xIW2xOC192xKH1xKW1xSH1xSW1xPH0xPW0xDH1xDW1xgroups1,,,100.135320,ms,100135320.000000,0,,spike,conv2d_f16,N=1;IC=1152;IH=2;IW=2;OC=192;KH=1;KW=1;SH=1;SW=1;PH=0;PW=0;DH=1;DW=1;groups=1,100135320,1,,
253,vint_kcov$dispatch_253_gemmini_q31_batchnorm2d_f16_N1xC192xH2xW2,,,0.061885,ms,61885.000000,0,,spike,batchnorm2d_f16,N=1;C=192;H=2;W=2,61885,1,,
254,vint_kcov$dispatch_254_gemmini_q31_add_f16_n768,,,0.069168,ms,69168.000000,0,,spike,add_f16,n=768,69168,1,,
255,vint_kcov$dispatch_255_gemmini_q31_conv2d_f16_N1xIC192xIH2xIW2xOC1152xKH1xKW1xSH1xSW1xPH0xPW0xDH1xDW1xgroups1,,,100.318632,ms,100318632.000000,0,,spike,conv2d_f16,N=1;IC=192;IH=2;IW=2;OC=1152;KH=1;KW=1;SH=1;SW=1;PH=0;PW=0;DH=1;DW=1;groups=1,100318632,1,,
256,vint_kcov$dispatch_256_gemmini_q31_batchnorm2d_f16_N1xC1152xH2xW2,,,0.371005,ms,371005.000000,0,,spike,batchnorm2d_f16,N=1;C=1152;H=2;W=2,371005,1,,
257,vint_kcov$dispatch_257_gemmini_q31_sigmoid_f16_n4608,,,0.576412,ms,576412.000000,0,,spike,sigmoid_f16,n=4608,576412,1,,
258,vint_kcov$dispatch_258_gemmini_q31_mul_f16_n4608,,,0.414757,ms,414757.000000,0,,spike,mul_f16,n=4608,414757,1,,
259,vint_kcov$dispatch_259_gemmini_q31_depthwise_conv2d_f16_N1xIC1xIH2xIW2xOC1152xKH5xKW5xSH1xSW1xPH2xPW2xDH1xDW1xgroups1152,,,2.282368,ms,2282368.000000,0,,spike,depthwise_conv2d_f16,N=1;IC=1;IH=2;IW=2;OC=1152;KH=5;KW=5;SH=1;SW=1;PH=2;PW=2;DH=1;DW=1;groups=1152,2282368,1,,
260,vint_kcov$dispatch_260_gemmini_q31_batchnorm2d_f16_N1xC1152xH2xW2,,,0.371071,ms,371071.000000,0,,spike,batchnorm2d_f16,N=1;C=1152;H=2;W=2,371071,1,,
261,vint_kcov$dispatch_261_gemmini_q31_sigmoid_f16_n4608,,,0.569966,ms,569966.000000,0,,spike,sigmoid_f16,n=4608,569966,1,,
262,vint_kcov$dispatch_262_gemmini_q31_mul_f16_n4608,,,0.414754,ms,414754.000000,0,,spike,mul_f16,n=4608,414754,1,,
263,vint_kcov$dispatch_263_gemmini_q31_adaptive_avg_pool2d_f16_N1xC1152xIH2xIW2xOH1xOW1,,,0.371048,ms,371048.000000,0,,spike,adaptive_avg_pool2d_f16,N=1;C=1152;IH=2;IW=2;OH=1;OW=1,371048,1,,
264,vint_kcov$dispatch_264_gemmini_q31_conv2d_f16_N1xIC1152xIH1xIW1xOC48xKH1xKW1xSH1xSW1xPH0xPW0xDH1xDW1xgroups1,,,6.255391,ms,6255391.000000,0,,spike,conv2d_f16,N=1;IC=1152;IH=1;IW=1;OC=48;KH=1;KW=1;SH=1;SW=1;PH=0;PW=0;DH=1;DW=1;groups=1,6255391,1,,
265,vint_kcov$dispatch_265_gemmini_q31_sigmoid_f16_n48,,,0.006547,ms,6547.000000,0,,spike,sigmoid_f16,n=48,6547,1,,
266,vint_kcov$dispatch_266_gemmini_q31_mul_f16_n48,,,0.004356,ms,4356.000000,0,,spike,mul_f16,n=48,4356,1,,
267,vint_kcov$dispatch_267_gemmini_q31_conv2d_f16_N1xIC48xIH1xIW1xOC1152xKH1xKW1xSH1xSW1xPH0xPW0xDH1xDW1xgroups1,,,6.395035,ms,6395035.000000,0,,spike,conv2d_f16,N=1;IC=48;IH=1;IW=1;OC=1152;KH=1;KW=1;SH=1;SW=1;PH=0;PW=0;DH=1;DW=1;groups=1,6395035,1,,
268,vint_kcov$dispatch_268_gemmini_q31_sigmoid_f16_n1152,,,0.166437,ms,166437.000000,0,,spike,sigmoid_f16,n=1152,166437,1,,
269,vint_kcov$dispatch_269_gemmini_q31_mul_c1_f16_N1xC1152xHW4,,,0.330397,ms,330397.000000,0,,spike,mul_c1_f16,N=1;C=1152;HW=4,330397,1,,
270,vint_kcov$dispatch_270_gemmini_q31_conv2d_f16_N1xIC1152xIH2xIW2xOC192xKH1xKW1xSH1xSW1xPH0xPW0xDH1xDW1xgroups1,,,100.158288,ms,100158288.000000,0,,spike,conv2d_f16,N=1;IC=1152;IH=2;IW=2;OC=192;KH=1;KW=1;SH=1;SW=1;PH=0;PW=0;DH=1;DW=1;groups=1,100158288,1,,
271,vint_kcov$dispatch_271_gemmini_q31_batchnorm2d_f16_N1xC192xH2xW2,,,0.061897,ms,61897.000000,0,,spike,batchnorm2d_f16,N=1;C=192;H=2;W=2,61897,1,,
272,vint_kcov$dispatch_272_gemmini_q31_add_f16_n768,,,0.069156,ms,69156.000000,0,,spike,add_f16,n=768,69156,1,,
273,vint_kcov$dispatch_273_gemmini_q31_conv2d_f16_N1xIC192xIH2xIW2xOC1152xKH1xKW1xSH1xSW1xPH0xPW0xDH1xDW1xgroups1,,,100.317984,ms,100317984.000000,0,,spike,conv2d_f16,N=1;IC=192;IH=2;IW=2;OC=1152;KH=1;KW=1;SH=1;SW=1;PH=0;PW=0;DH=1;DW=1;groups=1,100317984,1,,
274,vint_kcov$dispatch_274_gemmini_q31_batchnorm2d_f16_N1xC1152xH2xW2,,,0.371005,ms,371005.000000,0,,spike,batchnorm2d_f16,N=1;C=1152;H=2;W=2,371005,1,,
275,vint_kcov$dispatch_275_gemmini_q31_sigmoid_f16_n4608,,,0.611587,ms,611587.000000,0,,spike,sigmoid_f16,n=4608,611587,1,,
276,vint_kcov$dispatch_276_gemmini_q31_mul_f16_n4608,,,0.414763,ms,414763.000000,0,,spike,mul_f16,n=4608,414763,1,,
277,vint_kcov$dispatch_277_gemmini_q31_depthwise_conv2d_f16_N1xIC1xIH2xIW2xOC1152xKH3xKW3xSH1xSW1xPH1xPW1xDH1xDW1xgroups1152,,,2.079523,ms,2079523.000000,0,,spike,depthwise_conv2d_f16,N=1;IC=1;IH=2;IW=2;OC=1152;KH=3;KW=3;SH=1;SW=1;PH=1;PW=1;DH=1;DW=1;groups=1152,2079523,1,,
278,vint_kcov$dispatch_278_gemmini_q31_batchnorm2d_f16_N1xC1152xH2xW2,,,0.371038,ms,371038.000000,0,,spike,batchnorm2d_f16,N=1;C=1152;H=2;W=2,371038,1,,
279,vint_kcov$dispatch_279_gemmini_q31_sigmoid_f16_n4608,,,0.581704,ms,581704.000000,0,,spike,sigmoid_f16,n=4608,581704,1,,
280,vint_kcov$dispatch_280_gemmini_q31_mul_f16_n4608,,,0.414757,ms,414757.000000,0,,spike,mul_f16,n=4608,414757,1,,
281,vint_kcov$dispatch_281_gemmini_q31_adaptive_avg_pool2d_f16_N1xC1152xIH2xIW2xOH1xOW1,,,0.371030,ms,371030.000000,0,,spike,adaptive_avg_pool2d_f16,N=1;C=1152;IH=2;IW=2;OH=1;OW=1,371030,1,,
282,vint_kcov$dispatch_282_gemmini_q31_conv2d_f16_N1xIC1152xIH1xIW1xOC48xKH1xKW1xSH1xSW1xPH0xPW0xDH1xDW1xgroups1,,,6.255427,ms,6255427.000000,0,,spike,conv2d_f16,N=1;IC=1152;IH=1;IW=1;OC=48;KH=1;KW=1;SH=1;SW=1;PH=0;PW=0;DH=1;DW=1;groups=1,6255427,1,,
283,vint_kcov$dispatch_283_gemmini_q31_sigmoid_f16_n48,,,0.006833,ms,6833.000000,0,,spike,sigmoid_f16,n=48,6833,1,,
284,vint_kcov$dispatch_284_gemmini_q31_mul_f16_n48,,,0.004356,ms,4356.000000,0,,spike,mul_f16,n=48,4356,1,,
285,vint_kcov$dispatch_285_gemmini_q31_conv2d_f16_N1xIC48xIH1xIW1xOC1152xKH1xKW1xSH1xSW1xPH0xPW0xDH1xDW1xgroups1,,,6.394963,ms,6394963.000000,0,,spike,conv2d_f16,N=1;IC=48;IH=1;IW=1;OC=1152;KH=1;KW=1;SH=1;SW=1;PH=0;PW=0;DH=1;DW=1;groups=1,6394963,1,,
286,vint_kcov$dispatch_286_gemmini_q31_sigmoid_f16_n1152,,,0.166946,ms,166946.000000,0,,spike,sigmoid_f16,n=1152,166946,1,,
287,vint_kcov$dispatch_287_gemmini_q31_mul_c1_f16_N1xC1152xHW4,,,0.330313,ms,330313.000000,0,,spike,mul_c1_f16,N=1;C=1152;HW=4,330313,1,,
288,vint_kcov$dispatch_288_gemmini_q31_conv2d_f16_N1xIC1152xIH2xIW2xOC320xKH1xKW1xSH1xSW1xPH0xPW0xDH1xDW1xgroups1,,,166.970824,ms,166970824.000000,0,,spike,conv2d_f16,N=1;IC=1152;IH=2;IW=2;OC=320;KH=1;KW=1;SH=1;SW=1;PH=0;PW=0;DH=1;DW=1;groups=1,166970824,1,,
289,vint_kcov$dispatch_289_gemmini_q31_batchnorm2d_f16_N1xC320xH2xW2,,,0.103107,ms,103107.000000,0,,spike,batchnorm2d_f16,N=1;C=320;H=2;W=2,103107,1,,
290,vint_kcov$dispatch_290_gemmini_q31_conv2d_f16_N1xIC320xIH2xIW2xOC1280xKH1xKW1xSH1xSW1xPH0xPW0xDH1xDW1xgroups1,,,185.524728,ms,185524728.000000,0,,spike,conv2d_f16,N=1;IC=320;IH=2;IW=2;OC=1280;KH=1;KW=1;SH=1;SW=1;PH=0;PW=0;DH=1;DW=1;groups=1,185524728,1,,
291,vint_kcov$dispatch_291_gemmini_q31_batchnorm2d_f16_N1xC1280xH2xW2,,,0.412227,ms,412227.000000,0,,spike,batchnorm2d_f16,N=1;C=1280;H=2;W=2,412227,1,,
292,vint_kcov$dispatch_292_gemmini_q31_sigmoid_f16_n5120,,,0.710508,ms,710508.000000,0,,spike,sigmoid_f16,n=5120,710508,1,,
293,vint_kcov$dispatch_293_gemmini_q31_mul_f16_n5120,,,0.460837,ms,460837.000000,0,,spike,mul_f16,n=5120,460837,1,,
294,vint_kcov$dispatch_294_gemmini_q31_adaptive_avg_pool2d_f16_N1xC1280xIH2xIW2xOH1xOW1,,,0.412240,ms,412240.000000,0,,spike,adaptive_avg_pool2d_f16,N=1;C=1280;IH=2;IW=2;OH=1;OW=1,412240,1,,
295,vint_kcov$dispatch_295_gemmini_q31_linear_f16_M1xK1280xN512,,,41.328650,ms,41328650.000000,0,,spike,linear_f16,M=1;K=1280;N=512,41328650,1,,
296,vint_kcov$dispatch_296_gemmini_q31_pad_s8_N6xC3xIH64xIW85xpad_left0xpad_right1xpad_top0xpad_bottom1,,,0.630065,ms,630065.000000,0,,spike,pad_s8,N=6;C=3;IH=64;IW=85;pad_left=0;pad_right=1;pad_top=0;pad_bottom=1,630065,1,,
297,vint_kcov$dispatch_297_gemmini_q31_conv2d_s8_pc_N6xIC3xIH65xIW86xOC32xKH3xKW3xSH2xSW2xPH0xPW0xDH1xDW1xgroups1,,,11.096719,ms,11096719.000000,0,,spike,conv2d_s8_pc,N=6;IC=3;IH=65;IW=86;OC=32;KH=3;KW=3;SH=2;SW=2;PH=0;PW=0;DH=1;DW=1;groups=1,11096719,1,,
298,vint_kcov$dispatch_298_gemmini_q31_sigmoid_s8_n258048,,,3.369458,ms,3369458.000000,0,,spike,sigmoid_s8,n=258048,3369458,1,,
299,vint_kcov$dispatch_299_gemmini_q31_mul_s8_n258048,,,6.712355,ms,6712355.000000,0,,spike,mul_s8,n=258048,6712355,1,,
300,vint_kcov$dispatch_300_gemmini_q31_depthwise_conv2d_s8_N6xIC1xIH32xIW42xOC32xKH3xKW3xSH1xSW1xPH1xPW1xDH1xDW1xgroups32,,,61.786819,ms,61786819.000000,0,,spike,depthwise_conv2d_s8,N=6;IC=1;IH=32;IW=42;OC=32;KH=3;KW=3;SH=1;SW=1;PH=1;PW=1;DH=1;DW=1;groups=32,61786819,1,,
301,vint_kcov$dispatch_301_gemmini_q31_sigmoid_s8_n258048,,,3.366272,ms,3366272.000000,0,,spike,sigmoid_s8,n=258048,3366272,1,,
302,vint_kcov$dispatch_302_gemmini_q31_mul_s8_n258048,,,6.712361,ms,6712361.000000,0,,spike,mul_s8,n=258048,6712361,1,,
303,vint_kcov$dispatch_303_gemmini_q31_adaptive_avg_pool2d_s8_N6xC32xIH32xIW42xOH1xOW1,,,2.145733,ms,2145733.000000,0,,spike,adaptive_avg_pool2d_s8,N=6;C=32;IH=32;IW=42;OH=1;OW=1,2145733,1,,
304,vint_kcov$dispatch_304_gemmini_q31_conv2d_s8_pc_N6xIC32xIH1xIW1xOC8xKH1xKW1xSH1xSW1xPH0xPW0xDH1xDW1xgroups1,,,0.012487,ms,12487.000000,0,,spike,conv2d_s8_pc,N=6;IC=32;IH=1;IW=1;OC=8;KH=1;KW=1;SH=1;SW=1;PH=0;PW=0;DH=1;DW=1;groups=1,12487,1,,
305,vint_kcov$dispatch_305_gemmini_q31_sigmoid_s8_n48,,,0.002466,ms,2466.000000,0,,spike,sigmoid_s8,n=48,2466,1,,
306,vint_kcov$dispatch_306_gemmini_q31_mul_s8_n48,,,0.000985,ms,985.000000,0,,spike,mul_s8,n=48,985,1,,
307,vint_kcov$dispatch_307_gemmini_q31_conv2d_s8_pc_N6xIC8xIH1xIW1xOC32xKH1xKW1xSH1xSW1xPH0xPW0xDH1xDW1xgroups1,,,0.012343,ms,12343.000000,0,,spike,conv2d_s8_pc,N=6;IC=8;IH=1;IW=1;OC=32;KH=1;KW=1;SH=1;SW=1;PH=0;PW=0;DH=1;DW=1;groups=1,12343,1,,
308,vint_kcov$dispatch_308_gemmini_q31_sigmoid_s8_n192,,,0.006328,ms,6328.000000,0,,spike,sigmoid_s8,n=192,6328,1,,
309,vint_kcov$dispatch_309_gemmini_q31_mul_c1_s8_N6xC32xHW1344,,,3.654350,ms,3654350.000000,0,,spike,mul_c1_s8,N=6;C=32;HW=1344,3654350,1,,
310,vint_kcov$dispatch_310_gemmini_q31_conv2d_s8_pc_N6xIC32xIH32xIW42xOC16xKH1xKW1xSH1xSW1xPH0xPW0xDH1xDW1xgroups1,,,244.926894,ms,244926894.000000,0,,spike,conv2d_s8_pc,N=6;IC=32;IH=32;IW=42;OC=16;KH=1;KW=1;SH=1;SW=1;PH=0;PW=0;DH=1;DW=1;groups=1,244926894,1,,
311,vint_kcov$dispatch_311_gemmini_q31_conv2d_s8_pc_N6xIC16xIH32xIW42xOC96xKH1xKW1xSH1xSW1xPH0xPW0xDH1xDW1xgroups1,,,29.823722,ms,29823722.000000,0,,spike,conv2d_s8_pc,N=6;IC=16;IH=32;IW=42;OC=96;KH=1;KW=1;SH=1;SW=1;PH=0;PW=0;DH=1;DW=1;groups=1,29823722,1,,
312,vint_kcov$dispatch_312_gemmini_q31_sigmoid_s8_n774144,,,10.072244,ms,10072244.000000,0,,spike,sigmoid_s8,n=774144,10072244,1,,
313,vint_kcov$dispatch_313_gemmini_q31_mul_s8_n774144,,,20.130857,ms,20130857.000000,0,,spike,mul_s8,n=774144,20130857,1,,
314,vint_kcov$dispatch_314_gemmini_q31_pad_s8_N6xC96xIH32xIW42xpad_left0xpad_right1xpad_top0xpad_bottom1,,,5.329920,ms,5329920.000000,0,,spike,pad_s8,N=6;C=96;IH=32;IW=42;pad_left=0;pad_right=1;pad_top=0;pad_bottom=1,5329920,1,,
315,vint_kcov$dispatch_315_gemmini_q31_depthwise_conv2d_s8_N6xIC1xIH33xIW43xOC96xKH3xKW3xSH2xSW2xPH0xPW0xDH1xDW1xgroups96,,,47.825546,ms,47825546.000000,0,,spike,depthwise_conv2d_s8,N=6;IC=1;IH=33;IW=43;OC=96;KH=3;KW=3;SH=2;SW=2;PH=0;PW=0;DH=1;DW=1;groups=96,47825546,1,,
316,vint_kcov$dispatch_316_gemmini_q31_sigmoid_s8_n193536,,,2.541378,ms,2541378.000000,0,,spike,sigmoid_s8,n=193536,2541378,1,,
317,vint_kcov$dispatch_317_gemmini_q31_mul_s8_n193536,,,5.038038,ms,5038038.000000,0,,spike,mul_s8,n=193536,5038038,1,,
318,vint_kcov$dispatch_318_gemmini_q31_adaptive_avg_pool2d_s8_N6xC96xIH16xIW21xOH1xOW1,,,1.690723,ms,1690723.000000,0,,spike,adaptive_avg_pool2d_s8,N=6;C=96;IH=16;IW=21;OH=1;OW=1,1690723,1,,
319,vint_kcov$dispatch_319_gemmini_q31_conv2d_s8_pc_N6xIC96xIH1xIW1xOC4xKH1xKW1xSH1xSW1xPH0xPW0xDH1xDW1xgroups1,,,0.025831,ms,25831.000000,0,,spike,conv2d_s8_pc,N=6;IC=96;IH=1;IW=1;OC=4;KH=1;KW=1;SH=1;SW=1;PH=0;PW=0;DH=1;DW=1;groups=1,25831,1,,
320,vint_kcov$dispatch_320_gemmini_q31_sigmoid_s8_n24,,,0.001847,ms,1847.000000,0,,spike,sigmoid_s8,n=24,1847,1,,
321,vint_kcov$dispatch_321_gemmini_q31_mul_s8_n24,,,0.000511,ms,511.000000,0,,spike,mul_s8,n=24,511,1,,
322,vint_kcov$dispatch_322_gemmini_q31_conv2d_s8_pc_N6xIC4xIH1xIW1xOC96xKH1xKW1xSH1xSW1xPH0xPW0xDH1xDW1xgroups1,,,0.025429,ms,25429.000000,0,,spike,conv2d_s8_pc,N=6;IC=4;IH=1;IW=1;OC=96;KH=1;KW=1;SH=1;SW=1;PH=0;PW=0;DH=1;DW=1;groups=1,25429,1,,
323,vint_kcov$dispatch_323_gemmini_q31_sigmoid_s8_n576,,,0.016075,ms,16075.000000,0,,spike,sigmoid_s8,n=576,16075,1,,
324,vint_kcov$dispatch_324_gemmini_q31_mul_c1_s8_N6xC96xHW336,,,3.526274,ms,3526274.000000,0,,spike,mul_c1_s8,N=6;C=96;HW=336,3526274,1,,
325,vint_kcov$dispatch_325_gemmini_q31_conv2d_s8_pc_N6xIC96xIH16xIW21xOC24xKH1xKW1xSH1xSW1xPH0xPW0xDH1xDW1xgroups1,,,4.475156,ms,4475156.000000,0,,spike,conv2d_s8_pc,N=6;IC=96;IH=16;IW=21;OC=24;KH=1;KW=1;SH=1;SW=1;PH=0;PW=0;DH=1;DW=1;groups=1,4475156,1,,
326,vint_kcov$dispatch_326_gemmini_q31_conv2d_s8_pc_N6xIC24xIH16xIW21xOC144xKH1xKW1xSH1xSW1xPH0xPW0xDH1xDW1xgroups1,,,11.186180,ms,11186180.000000,0,,spike,conv2d_s8_pc,N=6;IC=24;IH=16;IW=21;OC=144;KH=1;KW=1;SH=1;SW=1;PH=0;PW=0;DH=1;DW=1;groups=1,11186180,1,,
327,vint_kcov$dispatch_327_gemmini_q31_sigmoid_s8_n290304,,,3.803353,ms,3803353.000000,0,,spike,sigmoid_s8,n=290304,3803353,1,,
328,vint_kcov$dispatch_328_gemmini_q31_mul_s8_n290304,,,7.556922,ms,7556922.000000,0,,spike,mul_s8,n=290304,7556922,1,,
329,vint_kcov$dispatch_329_gemmini_q31_depthwise_conv2d_s8_N6xIC1xIH16xIW21xOC144xKH3xKW3xSH1xSW1xPH1xPW1xDH1xDW1xgroups144,,,67.940900,ms,67940900.000000,0,,spike,depthwise_conv2d_s8,N=6;IC=1;IH=16;IW=21;OC=144;KH=3;KW=3;SH=1;SW=1;PH=1;PW=1;DH=1;DW=1;groups=144,67940900,1,,
330,vint_kcov$dispatch_330_gemmini_q31_sigmoid_s8_n290304,,,3.795025,ms,3795025.000000,0,,spike,sigmoid_s8,n=290304,3795025,1,,
331,vint_kcov$dispatch_331_gemmini_q31_mul_s8_n290304,,,7.553166,ms,7553166.000000,0,,spike,mul_s8,n=290304,7553166,1,,
332,vint_kcov$dispatch_332_gemmini_q31_adaptive_avg_pool2d_s8_N6xC144xIH16xIW21xOH1xOW1,,,2.536027,ms,2536027.000000,0,,spike,adaptive_avg_pool2d_s8,N=6;C=144;IH=16;IW=21;OH=1;OW=1,2536027,1,,
333,vint_kcov$dispatch_333_gemmini_q31_conv2d_s8_pc_N6xIC144xIH1xIW1xOC6xKH1xKW1xSH1xSW1xPH0xPW0xDH1xDW1xgroups1,,,0.036924,ms,36924.000000,0,,spike,conv2d_s8_pc,N=6;IC=144;IH=1;IW=1;OC=6;KH=1;KW=1;SH=1;SW=1;PH=0;PW=0;DH=1;DW=1;groups=1,36924,1,,
334,vint_kcov$dispatch_334_gemmini_q31_sigmoid_s8_n36,,,0.002225,ms,2225.000000,0,,spike,sigmoid_s8,n=36,2225,1,,
335,vint_kcov$dispatch_335_gemmini_q31_mul_s8_n36,,,0.000751,ms,751.000000,0,,spike,mul_s8,n=36,751,1,,
336,vint_kcov$dispatch_336_gemmini_q31_conv2d_s8_pc_N6xIC6xIH1xIW1xOC144xKH1xKW1xSH1xSW1xPH0xPW0xDH1xDW1xgroups1,,,0.036727,ms,36727.000000,0,,spike,conv2d_s8_pc,N=6;IC=6;IH=1;IW=1;OC=144;KH=1;KW=1;SH=1;SW=1;PH=0;PW=0;DH=1;DW=1;groups=1,36727,1,,
337,vint_kcov$dispatch_337_gemmini_q31_sigmoid_s8_n864,,,0.021784,ms,21784.000000,0,,spike,sigmoid_s8,n=864,21784,1,,
338,vint_kcov$dispatch_338_gemmini_q31_mul_c1_s8_N6xC144xHW336,,,5.233898,ms,5233898.000000,0,,spike,mul_c1_s8,N=6;C=144;HW=336,5233898,1,,
339,vint_kcov$dispatch_339_gemmini_q31_conv2d_s8_pc_N6xIC144xIH16xIW21xOC24xKH1xKW1xSH1xSW1xPH0xPW0xDH1xDW1xgroups1,,,406.166526,ms,406166526.000000,0,,spike,conv2d_s8_pc,N=6;IC=144;IH=16;IW=21;OC=24;KH=1;KW=1;SH=1;SW=1;PH=0;PW=0;DH=1;DW=1;groups=1,406166526,1,,
340,vint_kcov$dispatch_340_gemmini_q31_add_s8_n48384,,,1.285658,ms,1285658.000000,0,,spike,add_s8,n=48384,1285658,1,,
341,vint_kcov$dispatch_341_gemmini_q31_conv2d_s8_pc_N6xIC24xIH16xIW21xOC144xKH1xKW1xSH1xSW1xPH0xPW0xDH1xDW1xgroups1,,,11.186186,ms,11186186.000000,0,,spike,conv2d_s8_pc,N=6;IC=24;IH=16;IW=21;OC=144;KH=1;KW=1;SH=1;SW=1;PH=0;PW=0;DH=1;DW=1;groups=1,11186186,1,,
342,vint_kcov$dispatch_342_gemmini_q31_sigmoid_s8_n290304,,,3.802192,ms,3802192.000000,0,,spike,sigmoid_s8,n=290304,3802192,1,,
343,vint_kcov$dispatch_343_gemmini_q31_mul_s8_n290304,,,7.566468,ms,7566468.000000,0,,spike,mul_s8,n=290304,7566468,1,,
344,vint_kcov$dispatch_344_gemmini_q31_pad_s8_N6xC144xIH16xIW21xpad_left1xpad_right2xpad_top1xpad_bottom2,,,2.669088,ms,2669088.000000,0,,spike,pad_s8,N=6;C=144;IH=16;IW=21;pad_left=1;pad_right=2;pad_top=1;pad_bottom=2,2669088,1,,
345,vint_kcov$dispatch_345_gemmini_q31_depthwise_conv2d_s8_N6xIC1xIH19xIW24xOC144xKH5xKW5xSH2xSW2xPH0xPW0xDH1xDW1xgroups144,,,38.280650,ms,38280650.000000,0,,spike,depthwise_conv2d_s8,N=6;IC=1;IH=19;IW=24;OC=144;KH=5;KW=5;SH=2;SW=2;PH=0;PW=0;DH=1;DW=1;groups=144,38280650,1,,
346,vint_kcov$dispatch_346_gemmini_q31_sigmoid_s8_n69120,,,0.929680,ms,929680.000000,0,,spike,sigmoid_s8,n=69120,929680,1,,
347,vint_kcov$dispatch_347_gemmini_q31_mul_s8_n69120,,,1.810638,ms,1810638.000000,0,,spike,mul_s8,n=69120,1810638,1,,
348,vint_kcov$dispatch_348_gemmini_q31_adaptive_avg_pool2d_s8_N6xC144xIH8xIW10xOH1xOW1,,,0.690733,ms,690733.000000,0,,spike,adaptive_avg_pool2d_s8,N=6;C=144;IH=8;IW=10;OH=1;OW=1,690733,1,,
349,vint_kcov$dispatch_349_gemmini_q31_conv2d_s8_pc_N6xIC144xIH1xIW1xOC6xKH1xKW1xSH1xSW1xPH0xPW0xDH1xDW1xgroups1,,,0.036936,ms,36936.000000,0,,spike,conv2d_s8_pc,N=6;IC=144;IH=1;IW=1;OC=6;KH=1;KW=1;SH=1;SW=1;PH=0;PW=0;DH=1;DW=1;groups=1,36936,1,,
350,vint_kcov$dispatch_350_gemmini_q31_sigmoid_s8_n36,,,0.002098,ms,2098.000000,0,,spike,sigmoid_s8,n=36,2098,1,,
351,vint_kcov$dispatch_351_gemmini_q31_mul_s8_n36,,,0.000751,ms,751.000000,0,,spike,mul_s8,n=36,751,1,,
352,vint_kcov$dispatch_352_gemmini_q31_conv2d_s8_pc_N6xIC6xIH1xIW1xOC144xKH1xKW1xSH1xSW1xPH0xPW0xDH1xDW1xgroups1,,,0.036727,ms,36727.000000,0,,spike,conv2d_s8_pc,N=6;IC=6;IH=1;IW=1;OC=144;KH=1;KW=1;SH=1;SW=1;PH=0;PW=0;DH=1;DW=1;groups=1,36727,1,,
353,vint_kcov$dispatch_353_gemmini_q31_sigmoid_s8_n864,,,0.021562,ms,21562.000000,0,,spike,sigmoid_s8,n=864,21562,1,,
354,vint_kcov$dispatch_354_gemmini_q31_mul_c1_s8_N6xC144xHW80,,,2.302616,ms,2302616.000000,0,,spike,mul_c1_s8,N=6;C=144;HW=80,2302616,1,,
355,vint_kcov$dispatch_355_gemmini_q31_conv2d_s8_pc_N6xIC144xIH8xIW10xOC40xKH1xKW1xSH1xSW1xPH0xPW0xDH1xDW1xgroups1,,,1.729982,ms,1729982.000000,0,,spike,conv2d_s8_pc,N=6;IC=144;IH=8;IW=10;OC=40;KH=1;KW=1;SH=1;SW=1;PH=0;PW=0;DH=1;DW=1;groups=1,1729982,1,,
356,vint_kcov$dispatch_356_gemmini_q31_conv2d_s8_pc_N6xIC40xIH8xIW10xOC240xKH1xKW1xSH1xSW1xPH0xPW0xDH1xDW1xgroups1,,,4.452716,ms,4452716.000000,0,,spike,conv2d_s8_pc,N=6;IC=40;IH=8;IW=10;OC=240;KH=1;KW=1;SH=1;SW=1;PH=0;PW=0;DH=1;DW=1;groups=1,4452716,1,,
357,vint_kcov$dispatch_357_gemmini_q31_sigmoid_s8_n115200,,,1.520996,ms,1520996.000000,0,,spike,sigmoid_s8,n=115200,1520996,1,,
358,vint_kcov$dispatch_358_gemmini_q31_mul_s8_n115200,,,3.014016,ms,3014016.000000,0,,spike,mul_s8,n=115200,3014016,1,,
359,vint_kcov$dispatch_359_gemmini_q31_depthwise_conv2d_s8_N6xIC1xIH8xIW10xOC240xKH5xKW5xSH1xSW1xPH2xPW2xDH1xDW1xgroups240,,,50.037380,ms,50037380.000000,0,,spike,depthwise_conv2d_s8,N=6;IC=1;IH=8;IW=10;OC=240;KH=5;KW=5;SH=1;SW=1;PH=2;PW=2;DH=1;DW=1;groups=240,50037380,1,,
360,vint_kcov$dispatch_360_gemmini_q31_sigmoid_s8_n115200,,,1.520555,ms,1520555.000000,0,,spike,sigmoid_s8,n=115200,1520555,1,,
361,vint_kcov$dispatch_361_gemmini_q31_mul_s8_n115200,,,3.002412,ms,3002412.000000,0,,spike,mul_s8,n=115200,3002412,1,,
362,vint_kcov$dispatch_362_gemmini_q31_adaptive_avg_pool2d_s8_N6xC240xIH8xIW10xOH1xOW1,,,1.150885,ms,1150885.000000,0,,spike,adaptive_avg_pool2d_s8,N=6;C=240;IH=8;IW=10;OH=1;OW=1,1150885,1,,
363,vint_kcov$dispatch_363_gemmini_q31_conv2d_s8_pc_N6xIC240xIH1xIW1xOC10xKH1xKW1xSH1xSW1xPH0xPW0xDH1xDW1xgroups1,,,0.059107,ms,59107.000000,0,,spike,conv2d_s8_pc,N=6;IC=240;IH=1;IW=1;OC=10;KH=1;KW=1;SH=1;SW=1;PH=0;PW=0;DH=1;DW=1;groups=1,59107,1,,
364,vint_kcov$dispatch_364_gemmini_q31_sigmoid_s8_n60,,,0.002944,ms,2944.000000,0,,spike,sigmoid_s8,n=60,2944,1,,
365,vint_kcov$dispatch_365_gemmini_q31_mul_s8_n60,,,0.001243,ms,1243.000000,0,,spike,mul_s8,n=60,1243,1,,
366,vint_kcov$dispatch_366_gemmini_q31_conv2d_s8_pc_N6xIC10xIH1xIW1xOC240xKH1xKW1xSH1xSW1xPH0xPW0xDH1xDW1xgroups1,,,0.059323,ms,59323.000000,0,,spike,conv2d_s8_pc,N=6;IC=10;IH=1;IW=1;OC=240;KH=1;KW=1;SH=1;SW=1;PH=0;PW=0;DH=1;DW=1;groups=1,59323,1,,
367,vint_kcov$dispatch_367_gemmini_q31_sigmoid_s8_n1440,,,0.031277,ms,31277.000000,0,,spike,sigmoid_s8,n=1440,31277,1,,
368,vint_kcov$dispatch_368_gemmini_q31_mul_c1_s8_N6xC240xHW80,,,3.801128,ms,3801128.000000,0,,spike,mul_c1_s8,N=6;C=240;HW=80,3801128,1,,
369,vint_kcov$dispatch_369_gemmini_q31_conv2d_s8_pc_N6xIC240xIH8xIW10xOC40xKH1xKW1xSH1xSW1xPH0xPW0xDH1xDW1xgroups1,,,2.413118,ms,2413118.000000,0,,spike,conv2d_s8_pc,N=6;IC=240;IH=8;IW=10;OC=40;KH=1;KW=1;SH=1;SW=1;PH=0;PW=0;DH=1;DW=1;groups=1,2413118,1,,
370,vint_kcov$dispatch_370_gemmini_q31_add_s8_n19200,,,0.511603,ms,511603.000000,0,,spike,add_s8,n=19200,511603,1,,
371,vint_kcov$dispatch_371_gemmini_q31_conv2d_s8_pc_N6xIC40xIH8xIW10xOC240xKH1xKW1xSH1xSW1xPH0xPW0xDH1xDW1xgroups1,,,4.452716,ms,4452716.000000,0,,spike,conv2d_s8_pc,N=6;IC=40;IH=8;IW=10;OC=240;KH=1;KW=1;SH=1;SW=1;PH=0;PW=0;DH=1;DW=1;groups=1,4452716,1,,
372,vint_kcov$dispatch_372_gemmini_q31_sigmoid_s8_n115200,,,1.521633,ms,1521633.000000,0,,spike,sigmoid_s8,n=115200,1521633,1,,
373,vint_kcov$dispatch_373_gemmini_q31_mul_s8_n115200,,,3.017466,ms,3017466.000000,0,,spike,mul_s8,n=115200,3017466,1,,
374,vint_kcov$dispatch_374_gemmini_q31_pad_s8_N6xC240xIH8xIW10xpad_left0xpad_right1xpad_top0xpad_bottom1,,,1.147872,ms,1147872.000000,0,,spike,pad_s8,N=6;C=240;IH=8;IW=10;pad_left=0;pad_right=1;pad_top=0;pad_bottom=1,1147872,1,,
375,vint_kcov$dispatch_375_gemmini_q31_depthwise_conv2d_s8_N6xIC1xIH9xIW11xOC240xKH3xKW3xSH2xSW2xPH0xPW0xDH1xDW1xgroups240,,,7.357190,ms,7357190.000000,0,,spike,depthwise_conv2d_s8,N=6;IC=1;IH=9;IW=11;OC=240;KH=3;KW=3;SH=2;SW=2;PH=0;PW=0;DH=1;DW=1;groups=240,7357190,1,,
376,vint_kcov$dispatch_376_gemmini_q31_sigmoid_s8_n28800,,,0.405482,ms,405482.000000,0,,spike,sigmoid_s8,n=28800,405482,1,,
377,vint_kcov$dispatch_377_gemmini_q31_mul_s8_n28800,,,0.758886,ms,758886.000000,0,,spike,mul_s8,n=28800,758886,1,,
378,vint_kcov$dispatch_378_gemmini_q31_adaptive_avg_pool2d_s8_N6xC240xIH4xIW5xOH1xOW1,,,0.396517,ms,396517.000000,0,,spike,adaptive_avg_pool2d_s8,N=6;C=240;IH=4;IW=5;OH=1;OW=1,396517,1,,
379,vint_kcov$dispatch_379_gemmini_q31_conv2d_s8_pc_N6xIC240xIH1xIW1xOC10xKH1xKW1xSH1xSW1xPH0xPW0xDH1xDW1xgroups1,,,0.059143,ms,59143.000000,0,,spike,conv2d_s8_pc,N=6;IC=240;IH=1;IW=1;OC=10;KH=1;KW=1;SH=1;SW=1;PH=0;PW=0;DH=1;DW=1;groups=1,59143,1,,
380,vint_kcov$dispatch_380_gemmini_q31_sigmoid_s8_n60,,,0.002353,ms,2353.000000,0,,spike,sigmoid_s8,n=60,2353,1,,
381,vint_kcov$dispatch_381_gemmini_q31_mul_s8_n60,,,0.001243,ms,1243.000000,0,,spike,mul_s8,n=60,1243,1,,
382,vint_kcov$dispatch_382_gemmini_q31_conv2d_s8_pc_N6xIC10xIH1xIW1xOC240xKH1xKW1xSH1xSW1xPH0xPW0xDH1xDW1xgroups1,,,0.059323,ms,59323.000000,0,,spike,conv2d_s8_pc,N=6;IC=10;IH=1;IW=1;OC=240;KH=1;KW=1;SH=1;SW=1;PH=0;PW=0;DH=1;DW=1;groups=1,59323,1,,
383,vint_kcov$dispatch_383_gemmini_q31_sigmoid_s8_n1440,,,0.030447,ms,30447.000000,0,,spike,sigmoid_s8,n=1440,30447,1,,
384,vint_kcov$dispatch_384_gemmini_q31_mul_c1_s8_N6xC240xHW20,,,0.586910,ms,586910.000000,0,,spike,mul_c1_s8,N=6;C=240;HW=20,586910,1,,
385,vint_kcov$dispatch_385_gemmini_q31_conv2d_s8_pc_N6xIC240xIH4xIW5xOC80xKH1xKW1xSH1xSW1xPH0xPW0xDH1xDW1xgroups1,,,0.837032,ms,837032.000000,0,,spike,conv2d_s8_pc,N=6;IC=240;IH=4;IW=5;OC=80;KH=1;KW=1;SH=1;SW=1;PH=0;PW=0;DH=1;DW=1;groups=1,837032,1,,
386,vint_kcov$dispatch_386_gemmini_q31_conv2d_s8_pc_N6xIC80xIH4xIW5xOC480xKH1xKW1xSH1xSW1xPH0xPW0xDH1xDW1xgroups1,,,2.244290,ms,2244290.000000,0,,spike,conv2d_s8_pc,N=6;IC=80;IH=4;IW=5;OC=480;KH=1;KW=1;SH=1;SW=1;PH=0;PW=0;DH=1;DW=1;groups=1,2244290,1,,
387,vint_kcov$dispatch_387_gemmini_q31_sigmoid_s8_n57600,,,0.763392,ms,763392.000000,0,,spike,sigmoid_s8,n=57600,763392,1,,
388,vint_kcov$dispatch_388_gemmini_q31_mul_s8_n57600,,,1.501944,ms,1501944.000000,0,,spike,mul_s8,n=57600,1501944,1,,
389,vint_kcov$dispatch_389_gemmini_q31_depthwise_conv2d_s8_N6xIC1xIH4xIW5xOC480xKH3xKW3xSH1xSW1xPH1xPW1xDH1xDW1xgroups480,,,11.782340,ms,11782340.000000,0,,spike,depthwise_conv2d_s8,N=6;IC=1;IH=4;IW=5;OC=480;KH=3;KW=3;SH=1;SW=1;PH=1;PW=1;DH=1;DW=1;groups=480,11782340,1,,
390,vint_kcov$dispatch_390_gemmini_q31_sigmoid_s8_n57600,,,0.767557,ms,767557.000000,0,,spike,sigmoid_s8,n=57600,767557,1,,
391,vint_kcov$dispatch_391_gemmini_q31_mul_s8_n57600,,,1.501554,ms,1501554.000000,0,,spike,mul_s8,n=57600,1501554,1,,
392,vint_kcov$dispatch_392_gemmini_q31_adaptive_avg_pool2d_s8_N6xC480xIH4xIW5xOH1xOW1,,,0.792133,ms,792133.000000,0,,spike,adaptive_avg_pool2d_s8,N=6;C=480;IH=4;IW=5;OH=1;OW=1,792133,1,,
393,vint_kcov$dispatch_393_gemmini_q31_conv2d_s8_pc_N6xIC480xIH1xIW1xOC20xKH1xKW1xSH1xSW1xPH0xPW0xDH1xDW1xgroups1,,,0.114535,ms,114535.000000,0,,spike,conv2d_s8_pc,N=6;IC=480;IH=1;IW=1;OC=20;KH=1;KW=1;SH=1;SW=1;PH=0;PW=0;DH=1;DW=1;groups=1,114535,1,,
394,vint_kcov$dispatch_394_gemmini_q31_sigmoid_s8_n120,,,0.004619,ms,4619.000000,0,,spike,sigmoid_s8,n=120,4619,1,,
395,vint_kcov$dispatch_395_gemmini_q31_mul_s8_n120,,,0.002449,ms,2449.000000,0,,spike,mul_s8,n=120,2449,1,,
396,vint_kcov$dispatch_396_gemmini_q31_conv2d_s8_pc_N6xIC20xIH1xIW1xOC480xKH1xKW1xSH1xSW1xPH0xPW0xDH1xDW1xgroups1,,,0.115723,ms,115723.000000,0,,spike,conv2d_s8_pc,N=6;IC=20;IH=1;IW=1;OC=480;KH=1;KW=1;SH=1;SW=1;PH=0;PW=0;DH=1;DW=1;groups=1,115723,1,,
397,vint_kcov$dispatch_397_gemmini_q31_sigmoid_s8_n2880,,,0.046459,ms,46459.000000,0,,spike,sigmoid_s8,n=2880,46459,1,,
398,vint_kcov$dispatch_398_gemmini_q31_mul_c1_s8_N6xC480xHW20,,,1.174262,ms,1174262.000000,0,,spike,mul_c1_s8,N=6;C=480;HW=20,1174262,1,,
399,vint_kcov$dispatch_399_gemmini_q31_conv2d_s8_pc_N6xIC480xIH4xIW5xOC80xKH1xKW1xSH1xSW1xPH0xPW0xDH1xDW1xgroups1,,,1.322312,ms,1322312.000000,0,,spike,conv2d_s8_pc,N=6;IC=480;IH=4;IW=5;OC=80;KH=1;KW=1;SH=1;SW=1;PH=0;PW=0;DH=1;DW=1;groups=1,1322312,1,,
400,vint_kcov$dispatch_400_gemmini_q31_add_s8_n9600,,,0.256543,ms,256543.000000,0,,spike,add_s8,n=9600,256543,1,,
401,vint_kcov$dispatch_401_gemmini_q31_conv2d_s8_pc_N6xIC80xIH4xIW5xOC480xKH1xKW1xSH1xSW1xPH0xPW0xDH1xDW1xgroups1,,,2.244290,ms,2244290.000000,0,,spike,conv2d_s8_pc,N=6;IC=80;IH=4;IW=5;OC=480;KH=1;KW=1;SH=1;SW=1;PH=0;PW=0;DH=1;DW=1;groups=1,2244290,1,,
402,vint_kcov$dispatch_402_gemmini_q31_sigmoid_s8_n57600,,,0.763735,ms,763735.000000,0,,spike,sigmoid_s8,n=57600,763735,1,,
403,vint_kcov$dispatch_403_gemmini_q31_mul_s8_n57600,,,1.502958,ms,1502958.000000,0,,spike,mul_s8,n=57600,1502958,1,,
404,vint_kcov$dispatch_404_gemmini_q31_depthwise_conv2d_s8_N6xIC1xIH4xIW5xOC480xKH3xKW3xSH1xSW1xPH1xPW1xDH1xDW1xgroups480,,,11.782340,ms,11782340.000000,0,,spike,depthwise_conv2d_s8,N=6;IC=1;IH=4;IW=5;OC=480;KH=3;KW=3;SH=1;SW=1;PH=1;PW=1;DH=1;DW=1;groups=480,11782340,1,,
405,vint_kcov$dispatch_405_gemmini_q31_sigmoid_s8_n57600,,,0.766011,ms,766011.000000,0,,spike,sigmoid_s8,n=57600,766011,1,,
406,vint_kcov$dispatch_406_gemmini_q31_mul_s8_n57600,,,1.501392,ms,1501392.000000,0,,spike,mul_s8,n=57600,1501392,1,,
407,vint_kcov$dispatch_407_gemmini_q31_adaptive_avg_pool2d_s8_N6xC480xIH4xIW5xOH1xOW1,,,0.792133,ms,792133.000000,0,,spike,adaptive_avg_pool2d_s8,N=6;C=480;IH=4;IW=5;OH=1;OW=1,792133,1,,
408,vint_kcov$dispatch_408_gemmini_q31_conv2d_s8_pc_N6xIC480xIH1xIW1xOC20xKH1xKW1xSH1xSW1xPH0xPW0xDH1xDW1xgroups1,,,0.114535,ms,114535.000000,0,,spike,conv2d_s8_pc,N=6;IC=480;IH=1;IW=1;OC=20;KH=1;KW=1;SH=1;SW=1;PH=0;PW=0;DH=1;DW=1;groups=1,114535,1,,
409,vint_kcov$dispatch_409_gemmini_q31_sigmoid_s8_n120,,,0.004623,ms,4623.000000,0,,spike,sigmoid_s8,n=120,4623,1,,
410,vint_kcov$dispatch_410_gemmini_q31_mul_s8_n120,,,0.002431,ms,2431.000000,0,,spike,mul_s8,n=120,2431,1,,
411,vint_kcov$dispatch_411_gemmini_q31_conv2d_s8_pc_N6xIC20xIH1xIW1xOC480xKH1xKW1xSH1xSW1xPH0xPW0xDH1xDW1xgroups1,,,0.115723,ms,115723.000000,0,,spike,conv2d_s8_pc,N=6;IC=20;IH=1;IW=1;OC=480;KH=1;KW=1;SH=1;SW=1;PH=0;PW=0;DH=1;DW=1;groups=1,115723,1,,
412,vint_kcov$dispatch_412_gemmini_q31_sigmoid_s8_n2880,,,0.051587,ms,51587.000000,0,,spike,sigmoid_s8,n=2880,51587,1,,
413,vint_kcov$dispatch_413_gemmini_q31_mul_c1_s8_N6xC480xHW20,,,1.170842,ms,1170842.000000,0,,spike,mul_c1_s8,N=6;C=480;HW=20,1170842,1,,
414,vint_kcov$dispatch_414_gemmini_q31_conv2d_s8_pc_N6xIC480xIH4xIW5xOC80xKH1xKW1xSH1xSW1xPH0xPW0xDH1xDW1xgroups1,,,1.322312,ms,1322312.000000,0,,spike,conv2d_s8_pc,N=6;IC=480;IH=4;IW=5;OC=80;KH=1;KW=1;SH=1;SW=1;PH=0;PW=0;DH=1;DW=1;groups=1,1322312,1,,
415,vint_kcov$dispatch_415_gemmini_q31_add_s8_n9600,,,0.256615,ms,256615.000000,0,,spike,add_s8,n=9600,256615,1,,
416,vint_kcov$dispatch_416_gemmini_q31_conv2d_s8_pc_N6xIC80xIH4xIW5xOC480xKH1xKW1xSH1xSW1xPH0xPW0xDH1xDW1xgroups1,,,2.244290,ms,2244290.000000,0,,spike,conv2d_s8_pc,N=6;IC=80;IH=4;IW=5;OC=480;KH=1;KW=1;SH=1;SW=1;PH=0;PW=0;DH=1;DW=1;groups=1,2244290,1,,
417,vint_kcov$dispatch_417_gemmini_q31_sigmoid_s8_n57600,,,0.763238,ms,763238.000000,0,,spike,sigmoid_s8,n=57600,763238,1,,
418,vint_kcov$dispatch_418_gemmini_q31_mul_s8_n57600,,,1.504188,ms,1504188.000000,0,,spike,mul_s8,n=57600,1504188,1,,
419,vint_kcov$dispatch_419_gemmini_q31_depthwise_conv2d_s8_N6xIC1xIH4xIW5xOC480xKH5xKW5xSH1xSW1xPH2xPW2xDH1xDW1xgroups480,,,19.348100,ms,19348100.000000,0,,spike,depthwise_conv2d_s8,N=6;IC=1;IH=4;IW=5;OC=480;KH=5;KW=5;SH=1;SW=1;PH=2;PW=2;DH=1;DW=1;groups=480,19348100,1,,
420,vint_kcov$dispatch_420_gemmini_q31_sigmoid_s8_n57600,,,0.764647,ms,764647.000000,0,,spike,sigmoid_s8,n=57600,764647,1,,
421,vint_kcov$dispatch_421_gemmini_q31_mul_s8_n57600,,,1.500768,ms,1500768.000000,0,,spike,mul_s8,n=57600,1500768,1,,
422,vint_kcov$dispatch_422_gemmini_q31_adaptive_avg_pool2d_s8_N6xC480xIH4xIW5xOH1xOW1,,,0.792133,ms,792133.000000,0,,spike,adaptive_avg_pool2d_s8,N=6;C=480;IH=4;IW=5;OH=1;OW=1,792133,1,,
423,vint_kcov$dispatch_423_gemmini_q31_conv2d_s8_pc_N6xIC480xIH1xIW1xOC20xKH1xKW1xSH1xSW1xPH0xPW0xDH1xDW1xgroups1,,,0.114535,ms,114535.000000,0,,spike,conv2d_s8_pc,N=6;IC=480;IH=1;IW=1;OC=20;KH=1;KW=1;SH=1;SW=1;PH=0;PW=0;DH=1;DW=1;groups=1,114535,1,,
424,vint_kcov$dispatch_424_gemmini_q31_sigmoid_s8_n120,,,0.004166,ms,4166.000000,0,,spike,sigmoid_s8,n=120,4166,1,,
425,vint_kcov$dispatch_425_gemmini_q31_mul_s8_n120,,,0.002431,ms,2431.000000,0,,spike,mul_s8,n=120,2431,1,,
426,vint_kcov$dispatch_426_gemmini_q31_conv2d_s8_pc_N6xIC20xIH1xIW1xOC480xKH1xKW1xSH1xSW1xPH0xPW0xDH1xDW1xgroups1,,,0.115723,ms,115723.000000,0,,spike,conv2d_s8_pc,N=6;IC=20;IH=1;IW=1;OC=480;KH=1;KW=1;SH=1;SW=1;PH=0;PW=0;DH=1;DW=1;groups=1,115723,1,,
427,vint_kcov$dispatch_427_gemmini_q31_sigmoid_s8_n2880,,,0.042901,ms,42901.000000,0,,spike,sigmoid_s8,n=2880,42901,1,,
428,vint_kcov$dispatch_428_gemmini_q31_mul_c1_s8_N6xC480xHW20,,,1.173002,ms,1173002.000000,0,,spike,mul_c1_s8,N=6;C=480;HW=20,1173002,1,,
429,vint_kcov$dispatch_429_gemmini_q31_conv2d_s8_pc_N6xIC480xIH4xIW5xOC112xKH1xKW1xSH1xSW1xPH0xPW0xDH1xDW1xgroups1,,,1.460876,ms,1460876.000000,0,,spike,conv2d_s8_pc,N=6;IC=480;IH=4;IW=5;OC=112;KH=1;KW=1;SH=1;SW=1;PH=0;PW=0;DH=1;DW=1;groups=1,1460876,1,,
430,vint_kcov$dispatch_430_gemmini_q31_conv2d_s8_pc_N6xIC112xIH4xIW5xOC672xKH1xKW1xSH1xSW1xPH0xPW0xDH1xDW1xgroups1,,,3.139376,ms,3139376.000000,0,,spike,conv2d_s8_pc,N=6;IC=112;IH=4;IW=5;OC=672;KH=1;KW=1;SH=1;SW=1;PH=0;PW=0;DH=1;DW=1;groups=1,3139376,1,,
431,vint_kcov$dispatch_431_gemmini_q31_sigmoid_s8_n80640,,,1.062538,ms,1062538.000000,0,,spike,sigmoid_s8,n=80640,1062538,1,,
432,vint_kcov$dispatch_432_gemmini_q31_mul_s8_n80640,,,2.104500,ms,2104500.000000,0,,spike,mul_s8,n=80640,2104500,1,,
433,vint_kcov$dispatch_433_gemmini_q31_depthwise_conv2d_s8_N6xIC1xIH4xIW5xOC672xKH5xKW5xSH1xSW1xPH2xPW2xDH1xDW1xgroups672,,,27.087236,ms,27087236.000000,0,,spike,depthwise_conv2d_s8,N=6;IC=1;IH=4;IW=5;OC=672;KH=5;KW=5;SH=1;SW=1;PH=2;PW=2;DH=1;DW=1;groups=672,27087236,1,,
434,vint_kcov$dispatch_434_gemmini_q31_sigmoid_s8_n80640,,,1.058539,ms,1058539.000000,0,,spike,sigmoid_s8,n=80640,1058539,1,,
435,vint_kcov$dispatch_435_gemmini_q31_mul_s8_n80640,,,2.100000,ms,2100000.000000,0,,spike,mul_s8,n=80640,2100000,1,,
436,vint_kcov$dispatch_436_gemmini_q31_adaptive_avg_pool2d_s8_N6xC672xIH4xIW5xOH1xOW1,,,1.108933,ms,1108933.000000,0,,spike,adaptive_avg_pool2d_s8,N=6;C=672;IH=4;IW=5;OH=1;OW=1,1108933,1,,
437,vint_kcov$dispatch_437_gemmini_q31_conv2d_s8_pc_N6xIC672xIH1xIW1xOC28xKH1xKW1xSH1xSW1xPH0xPW0xDH1xDW1xgroups1,,,0.158887,ms,158887.000000,0,,spike,conv2d_s8_pc,N=6;IC=672;IH=1;IW=1;OC=28;KH=1;KW=1;SH=1;SW=1;PH=0;PW=0;DH=1;DW=1;groups=1,158887,1,,
438,vint_kcov$dispatch_438_gemmini_q31_sigmoid_s8_n168,,,0.004323,ms,4323.000000,0,,spike,sigmoid_s8,n=168,4323,1,,
439,vint_kcov$dispatch_439_gemmini_q31_mul_s8_n168,,,0.003385,ms,3385.000000,0,,spike,mul_s8,n=168,3385,1,,
440,vint_kcov$dispatch_440_gemmini_q31_conv2d_s8_pc_N6xIC28xIH1xIW1xOC672xKH1xKW1xSH1xSW1xPH0xPW0xDH1xDW1xgroups1,,,0.160321,ms,160321.000000,0,,spike,conv2d_s8_pc,N=6;IC=28;IH=1;IW=1;OC=672;KH=1;KW=1;SH=1;SW=1;PH=0;PW=0;DH=1;DW=1;groups=1,160321,1,,
441,vint_kcov$dispatch_441_gemmini_q31_sigmoid_s8_n4032,,,0.055267,ms,55267.000000,0,,spike,sigmoid_s8,n=4032,55267,1,,
442,vint_kcov$dispatch_442_gemmini_q31_mul_c1_s8_N6xC672xHW20,,,1.642742,ms,1642742.000000,0,,spike,mul_c1_s8,N=6;C=672;HW=20,1642742,1,,
443,vint_kcov$dispatch_443_gemmini_q31_conv2d_s8_pc_N6xIC672xIH4xIW5xOC112xKH1xKW1xSH1xSW1xPH0xPW0xDH1xDW1xgroups1,,,1.849100,ms,1849100.000000,0,,spike,conv2d_s8_pc,N=6;IC=672;IH=4;IW=5;OC=112;KH=1;KW=1;SH=1;SW=1;PH=0;PW=0;DH=1;DW=1;groups=1,1849100,1,,
444,vint_kcov$dispatch_444_gemmini_q31_add_s8_n13440,,,0.358934,ms,358934.000000,0,,spike,add_s8,n=13440,358934,1,,
445,vint_kcov$dispatch_445_gemmini_q31_conv2d_s8_pc_N6xIC112xIH4xIW5xOC672xKH1xKW1xSH1xSW1xPH0xPW0xDH1xDW1xgroups1,,,3.139376,ms,3139376.000000,0,,spike,conv2d_s8_pc,N=6;IC=112;IH=4;IW=5;OC=672;KH=1;KW=1;SH=1;SW=1;PH=0;PW=0;DH=1;DW=1;groups=1,3139376,1,,
446,vint_kcov$dispatch_446_gemmini_q31_sigmoid_s8_n80640,,,1.059567,ms,1059567.000000,0,,spike,sigmoid_s8,n=80640,1059567,1,,
447,vint_kcov$dispatch_447_gemmini_q31_mul_s8_n80640,,,2.100342,ms,2100342.000000,0,,spike,mul_s8,n=80640,2100342,1,,
448,vint_kcov$dispatch_448_gemmini_q31_depthwise_conv2d_s8_N6xIC1xIH4xIW5xOC672xKH5xKW5xSH1xSW1xPH2xPW2xDH1xDW1xgroups672,,,27.087236,ms,27087236.000000,0,,spike,depthwise_conv2d_s8,N=6;IC=1;IH=4;IW=5;OC=672;KH=5;KW=5;SH=1;SW=1;PH=2;PW=2;DH=1;DW=1;groups=672,27087236,1,,
449,vint_kcov$dispatch_449_gemmini_q31_sigmoid_s8_n80640,,,1.059951,ms,1059951.000000,0,,spike,sigmoid_s8,n=80640,1059951,1,,
450,vint_kcov$dispatch_450_gemmini_q31_mul_s8_n80640,,,2.099820,ms,2099820.000000,0,,spike,mul_s8,n=80640,2099820,1,,
451,vint_kcov$dispatch_451_gemmini_q31_adaptive_avg_pool2d_s8_N6xC672xIH4xIW5xOH1xOW1,,,1.108933,ms,1108933.000000,0,,spike,adaptive_avg_pool2d_s8,N=6;C=672;IH=4;IW=5;OH=1;OW=1,1108933,1,,
452,vint_kcov$dispatch_452_gemmini_q31_conv2d_s8_pc_N6xIC672xIH1xIW1xOC28xKH1xKW1xSH1xSW1xPH0xPW0xDH1xDW1xgroups1,,,0.158887,ms,158887.000000,0,,spike,conv2d_s8_pc,N=6;IC=672;IH=1;IW=1;OC=28;KH=1;KW=1;SH=1;SW=1;PH=0;PW=0;DH=1;DW=1;groups=1,158887,1,,
453,vint_kcov$dispatch_453_gemmini_q31_sigmoid_s8_n168,,,0.004608,ms,4608.000000,0,,spike,sigmoid_s8,n=168,4608,1,,
454,vint_kcov$dispatch_454_gemmini_q31_mul_s8_n168,,,0.003385,ms,3385.000000,0,,spike,mul_s8,n=168,3385,1,,
455,vint_kcov$dispatch_455_gemmini_q31_conv2d_s8_pc_N6xIC28xIH1xIW1xOC672xKH1xKW1xSH1xSW1xPH0xPW0xDH1xDW1xgroups1,,,0.160321,ms,160321.000000,0,,spike,conv2d_s8_pc,N=6;IC=28;IH=1;IW=1;OC=672;KH=1;KW=1;SH=1;SW=1;PH=0;PW=0;DH=1;DW=1;groups=1,160321,1,,
456,vint_kcov$dispatch_456_gemmini_q31_sigmoid_s8_n4032,,,0.057490,ms,57490.000000,0,,spike,sigmoid_s8,n=4032,57490,1,,
457,vint_kcov$dispatch_457_gemmini_q31_mul_c1_s8_N6xC672xHW20,,,1.639514,ms,1639514.000000,0,,spike,mul_c1_s8,N=6;C=672;HW=20,1639514,1,,
458,vint_kcov$dispatch_458_gemmini_q31_conv2d_s8_pc_N6xIC672xIH4xIW5xOC112xKH1xKW1xSH1xSW1xPH0xPW0xDH1xDW1xgroups1,,,1.849100,ms,1849100.000000,0,,spike,conv2d_s8_pc,N=6;IC=672;IH=4;IW=5;OC=112;KH=1;KW=1;SH=1;SW=1;PH=0;PW=0;DH=1;DW=1;groups=1,1849100,1,,
459,vint_kcov$dispatch_459_gemmini_q31_add_s8_n13440,,,0.358975,ms,358975.000000,0,,spike,add_s8,n=13440,358975,1,,
460,vint_kcov$dispatch_460_gemmini_q31_conv2d_s8_pc_N6xIC112xIH4xIW5xOC672xKH1xKW1xSH1xSW1xPH0xPW0xDH1xDW1xgroups1,,,3.139376,ms,3139376.000000,0,,spike,conv2d_s8_pc,N=6;IC=112;IH=4;IW=5;OC=672;KH=1;KW=1;SH=1;SW=1;PH=0;PW=0;DH=1;DW=1;groups=1,3139376,1,,
461,vint_kcov$dispatch_461_gemmini_q31_sigmoid_s8_n80640,,,1.058882,ms,1058882.000000,0,,spike,sigmoid_s8,n=80640,1058882,1,,
462,vint_kcov$dispatch_462_gemmini_q31_mul_s8_n80640,,,2.099928,ms,2099928.000000,0,,spike,mul_s8,n=80640,2099928,1,,
463,vint_kcov$dispatch_463_gemmini_q31_pad_s8_N6xC672xIH4xIW5xpad_left1xpad_right2xpad_top1xpad_bottom2,,,1.762176,ms,1762176.000000,0,,spike,pad_s8,N=6;C=672;IH=4;IW=5;pad_left=1;pad_right=2;pad_top=1;pad_bottom=2,1762176,1,,
464,vint_kcov$dispatch_464_gemmini_q31_depthwise_conv2d_s8_N6xIC1xIH7xIW8xOC672xKH5xKW5xSH2xSW2xPH0xPW0xDH1xDW1xgroups672,,,9.355087,ms,9355087.000000,0,,spike,depthwise_conv2d_s8,N=6;IC=1;IH=7;IW=8;OC=672;KH=5;KW=5;SH=2;SW=2;PH=0;PW=0;DH=1;DW=1;groups=672,9355087,1,,
465,vint_kcov$dispatch_465_gemmini_q31_sigmoid_s8_n16128,,,0.237459,ms,237459.000000,0,,spike,sigmoid_s8,n=16128,237459,1,,
466,vint_kcov$dispatch_466_gemmini_q31_mul_s8_n16128,,,0.424590,ms,424590.000000,0,,spike,mul_s8,n=16128,424590,1,,
467,vint_kcov$dispatch_467_gemmini_q31_adaptive_avg_pool2d_s8_N6xC672xIH2xIW2xOH1xOW1,,,0.504133,ms,504133.000000,0,,spike,adaptive_avg_pool2d_s8,N=6;C=672;IH=2;IW=2;OH=1;OW=1,504133,1,,
468,vint_kcov$dispatch_468_gemmini_q31_conv2d_s8_pc_N6xIC672xIH1xIW1xOC28xKH1xKW1xSH1xSW1xPH0xPW0xDH1xDW1xgroups1,,,0.158887,ms,158887.000000,0,,spike,conv2d_s8_pc,N=6;IC=672;IH=1;IW=1;OC=28;KH=1;KW=1;SH=1;SW=1;PH=0;PW=0;DH=1;DW=1;groups=1,158887,1,,
469,vint_kcov$dispatch_469_gemmini_q31_sigmoid_s8_n168,,,0.006110,ms,6110.000000,0,,spike,sigmoid_s8,n=168,6110,1,,
470,vint_kcov$dispatch_470_gemmini_q31_mul_s8_n168,,,0.003439,ms,3439.000000,0,,spike,mul_s8,n=168,3439,1,,
471,vint_kcov$dispatch_471_gemmini_q31_conv2d_s8_pc_N6xIC28xIH1xIW1xOC672xKH1xKW1xSH1xSW1xPH0xPW0xDH1xDW1xgroups1,,,0.160321,ms,160321.000000,0,,spike,conv2d_s8_pc,N=6;IC=28;IH=1;IW=1;OC=672;KH=1;KW=1;SH=1;SW=1;PH=0;PW=0;DH=1;DW=1;groups=1,160321,1,,
472,vint_kcov$dispatch_472_gemmini_q31_sigmoid_s8_n4032,,,0.062904,ms,62904.000000,0,,spike,sigmoid_s8,n=4032,62904,1,,
473,vint_kcov$dispatch_473_gemmini_q31_mul_c1_s8_N6xC672xHW4,,,0.383918,ms,383918.000000,0,,spike,mul_c1_s8,N=6;C=672;HW=4,383918,1,,
474,vint_kcov$dispatch_474_gemmini_q31_conv2d_s8_pc_N6xIC672xIH2xIW2xOC192xKH1xKW1xSH1xSW1xPH0xPW0xDH1xDW1xgroups1,,,0.542804,ms,542804.000000,0,,spike,conv2d_s8_pc,N=6;IC=672;IH=2;IW=2;OC=192;KH=1;KW=1;SH=1;SW=1;PH=0;PW=0;DH=1;DW=1;groups=1,542804,1,,
475,vint_kcov$dispatch_475_gemmini_q31_conv2d_s8_pc_N6xIC192xIH2xIW2xOC1152xKH1xKW1xSH1xSW1xPH0xPW0xDH1xDW1xgroups1,,,1.111604,ms,1111604.000000,0,,spike,conv2d_s8_pc,N=6;IC=192;IH=2;IW=2;OC=1152;KH=1;KW=1;SH=1;SW=1;PH=0;PW=0;DH=1;DW=1;groups=1,1111604,1,,
476,vint_kcov$dispatch_476_gemmini_q31_sigmoid_s8_n27648,,,0.374941,ms,374941.000000,0,,spike,sigmoid_s8,n=27648,374941,1,,
477,vint_kcov$dispatch_477_gemmini_q31_mul_s8_n27648,,,0.732414,ms,732414.000000,0,,spike,mul_s8,n=27648,732414,1,,
478,vint_kcov$dispatch_478_gemmini_q31_depthwise_conv2d_s8_N6xIC1xIH2xIW2xOC1152xKH5xKW5xSH1xSW1xPH2xPW2xDH1xDW1xgroups1152,,,4.804100,ms,4804100.000000,0,,spike,depthwise_conv2d_s8,N=6;IC=1;IH=2;IW=2;OC=1152;KH=5;KW=5;SH=1;SW=1;PH=2;PW=2;DH=1;DW=1;groups=1152,4804100,1,,
479,vint_kcov$dispatch_479_gemmini_q31_sigmoid_s8_n27648,,,0.375001,ms,375001.000000,0,,spike,sigmoid_s8,n=27648,375001,1,,
480,vint_kcov$dispatch_480_gemmini_q31_mul_s8_n27648,,,0.722106,ms,722106.000000,0,,spike,mul_s8,n=27648,722106,1,,
481,vint_kcov$dispatch_481_gemmini_q31_adaptive_avg_pool2d_s8_N6xC1152xIH2xIW2xOH1xOW1,,,0.864133,ms,864133.000000,0,,spike,adaptive_avg_pool2d_s8,N=6;C=1152;IH=2;IW=2;OH=1;OW=1,864133,1,,
482,vint_kcov$dispatch_482_gemmini_q31_conv2d_s8_pc_N6xIC1152xIH1xIW1xOC48xKH1xKW1xSH1xSW1xPH0xPW0xDH1xDW1xgroups1,,,0.273031,ms,273031.000000,0,,spike,conv2d_s8_pc,N=6;IC=1152;IH=1;IW=1;OC=48;KH=1;KW=1;SH=1;SW=1;PH=0;PW=0;DH=1;DW=1;groups=1,273031,1,,
483,vint_kcov$dispatch_483_gemmini_q31_sigmoid_s8_n288,,,0.009649,ms,9649.000000,0,,spike,sigmoid_s8,n=288,9649,1,,
484,vint_kcov$dispatch_484_gemmini_q31_mul_s8_n288,,,0.005935,ms,5935.000000,0,,spike,mul_s8,n=288,5935,1,,
485,vint_kcov$dispatch_485_gemmini_q31_conv2d_s8_pc_N6xIC48xIH1xIW1xOC1152xKH1xKW1xSH1xSW1xPH0xPW0xDH1xDW1xgroups1,,,0.269383,ms,269383.000000,0,,spike,conv2d_s8_pc,N=6;IC=48;IH=1;IW=1;OC=1152;KH=1;KW=1;SH=1;SW=1;PH=0;PW=0;DH=1;DW=1;groups=1,269383,1,,
486,vint_kcov$dispatch_486_gemmini_q31_sigmoid_s8_n6912,,,0.094811,ms,94811.000000,0,,spike,sigmoid_s8,n=6912,94811,1,,
487,vint_kcov$dispatch_487_gemmini_q31_mul_c1_s8_N6xC1152xHW4,,,0.655712,ms,655712.000000,0,,spike,mul_c1_s8,N=6;C=1152;HW=4,655712,1,,
488,vint_kcov$dispatch_488_gemmini_q31_conv2d_s8_pc_N6xIC1152xIH2xIW2xOC192xKH1xKW1xSH1xSW1xPH0xPW0xDH1xDW1xgroups1,,,0.809054,ms,809054.000000,0,,spike,conv2d_s8_pc,N=6;IC=1152;IH=2;IW=2;OC=192;KH=1;KW=1;SH=1;SW=1;PH=0;PW=0;DH=1;DW=1;groups=1,809054,1,,
489,vint_kcov$dispatch_489_gemmini_q31_add_s8_n4608,,,0.124736,ms,124736.000000,0,,spike,add_s8,n=4608,124736,1,,
490,vint_kcov$dispatch_490_gemmini_q31_conv2d_s8_pc_N6xIC192xIH2xIW2xOC1152xKH1xKW1xSH1xSW1xPH0xPW0xDH1xDW1xgroups1,,,1.111604,ms,1111604.000000,0,,spike,conv2d_s8_pc,N=6;IC=192;IH=2;IW=2;OC=1152;KH=1;KW=1;SH=1;SW=1;PH=0;PW=0;DH=1;DW=1;groups=1,1111604,1,,
491,vint_kcov$dispatch_491_gemmini_q31_sigmoid_s8_n27648,,,0.378150,ms,378150.000000,0,,spike,sigmoid_s8,n=27648,378150,1,,
492,vint_kcov$dispatch_492_gemmini_q31_mul_s8_n27648,,,0.731394,ms,731394.000000,0,,spike,mul_s8,n=27648,731394,1,,
493,vint_kcov$dispatch_493_gemmini_q31_depthwise_conv2d_s8_N6xIC1xIH2xIW2xOC1152xKH5xKW5xSH1xSW1xPH2xPW2xDH1xDW1xgroups1152,,,4.804100,ms,4804100.000000,0,,spike,depthwise_conv2d_s8,N=6;IC=1;IH=2;IW=2;OC=1152;KH=5;KW=5;SH=1;SW=1;PH=2;PW=2;DH=1;DW=1;groups=1152,4804100,1,,
494,vint_kcov$dispatch_494_gemmini_q31_sigmoid_s8_n27648,,,0.377996,ms,377996.000000,0,,spike,sigmoid_s8,n=27648,377996,1,,
495,vint_kcov$dispatch_495_gemmini_q31_mul_s8_n27648,,,0.722784,ms,722784.000000,0,,spike,mul_s8,n=27648,722784,1,,
496,vint_kcov$dispatch_496_gemmini_q31_adaptive_avg_pool2d_s8_N6xC1152xIH2xIW2xOH1xOW1,,,0.864133,ms,864133.000000,0,,spike,adaptive_avg_pool2d_s8,N=6;C=1152;IH=2;IW=2;OH=1;OW=1,864133,1,,
497,vint_kcov$dispatch_497_gemmini_q31_conv2d_s8_pc_N6xIC1152xIH1xIW1xOC48xKH1xKW1xSH1xSW1xPH0xPW0xDH1xDW1xgroups1,,,0.273031,ms,273031.000000,0,,spike,conv2d_s8_pc,N=6;IC=1152;IH=1;IW=1;OC=48;KH=1;KW=1;SH=1;SW=1;PH=0;PW=0;DH=1;DW=1;groups=1,273031,1,,
498,vint_kcov$dispatch_498_gemmini_q31_sigmoid_s8_n288,,,0.008966,ms,8966.000000,0,,spike,sigmoid_s8,n=288,8966,1,,
499,vint_kcov$dispatch_499_gemmini_q31_mul_s8_n288,,,0.005857,ms,5857.000000,0,,spike,mul_s8,n=288,5857,1,,
500,vint_kcov$dispatch_500_gemmini_q31_conv2d_s8_pc_N6xIC48xIH1xIW1xOC1152xKH1xKW1xSH1xSW1xPH0xPW0xDH1xDW1xgroups1,,,0.269383,ms,269383.000000,0,,spike,conv2d_s8_pc,N=6;IC=48;IH=1;IW=1;OC=1152;KH=1;KW=1;SH=1;SW=1;PH=0;PW=0;DH=1;DW=1;groups=1,269383,1,,
501,vint_kcov$dispatch_501_gemmini_q31_sigmoid_s8_n6912,,,0.094547,ms,94547.000000,0,,spike,sigmoid_s8,n=6912,94547,1,,
502,vint_kcov$dispatch_502_gemmini_q31_mul_c1_s8_N6xC1152xHW4,,,0.654806,ms,654806.000000,0,,spike,mul_c1_s8,N=6;C=1152;HW=4,654806,1,,
503,vint_kcov$dispatch_503_gemmini_q31_conv2d_s8_pc_N6xIC1152xIH2xIW2xOC192xKH1xKW1xSH1xSW1xPH0xPW0xDH1xDW1xgroups1,,,0.809054,ms,809054.000000,0,,spike,conv2d_s8_pc,N=6;IC=1152;IH=2;IW=2;OC=192;KH=1;KW=1;SH=1;SW=1;PH=0;PW=0;DH=1;DW=1;groups=1,809054,1,,
504,vint_kcov$dispatch_504_gemmini_q31_add_s8_n4608,,,0.124729,ms,124729.000000,0,,spike,add_s8,n=4608,124729,1,,
505,vint_kcov$dispatch_505_gemmini_q31_conv2d_s8_pc_N6xIC192xIH2xIW2xOC1152xKH1xKW1xSH1xSW1xPH0xPW0xDH1xDW1xgroups1,,,1.111604,ms,1111604.000000,0,,spike,conv2d_s8_pc,N=6;IC=192;IH=2;IW=2;OC=1152;KH=1;KW=1;SH=1;SW=1;PH=0;PW=0;DH=1;DW=1;groups=1,1111604,1,,
506,vint_kcov$dispatch_506_gemmini_q31_sigmoid_s8_n27648,,,0.377085,ms,377085.000000,0,,spike,sigmoid_s8,n=27648,377085,1,,
507,vint_kcov$dispatch_507_gemmini_q31_mul_s8_n27648,,,0.725256,ms,725256.000000,0,,spike,mul_s8,n=27648,725256,1,,
508,vint_kcov$dispatch_508_gemmini_q31_depthwise_conv2d_s8_N6xIC1xIH2xIW2xOC1152xKH5xKW5xSH1xSW1xPH2xPW2xDH1xDW1xgroups1152,,,4.804100,ms,4804100.000000,0,,spike,depthwise_conv2d_s8,N=6;IC=1;IH=2;IW=2;OC=1152;KH=5;KW=5;SH=1;SW=1;PH=2;PW=2;DH=1;DW=1;groups=1152,4804100,1,,
509,vint_kcov$dispatch_509_gemmini_q31_sigmoid_s8_n27648,,,0.373531,ms,373531.000000,0,,spike,sigmoid_s8,n=27648,373531,1,,
510,vint_kcov$dispatch_510_gemmini_q31_mul_s8_n27648,,,0.722406,ms,722406.000000,0,,spike,mul_s8,n=27648,722406,1,,
511,vint_kcov$dispatch_511_gemmini_q31_adaptive_avg_pool2d_s8_N6xC1152xIH2xIW2xOH1xOW1,,,0.864133,ms,864133.000000,0,,spike,adaptive_avg_pool2d_s8,N=6;C=1152;IH=2;IW=2;OH=1;OW=1,864133,1,,
512,vint_kcov$dispatch_512_gemmini_q31_conv2d_s8_pc_N6xIC1152xIH1xIW1xOC48xKH1xKW1xSH1xSW1xPH0xPW0xDH1xDW1xgroups1,,,0.273031,ms,273031.000000,0,,spike,conv2d_s8_pc,N=6;IC=1152;IH=1;IW=1;OC=48;KH=1;KW=1;SH=1;SW=1;PH=0;PW=0;DH=1;DW=1;groups=1,273031,1,,
513,vint_kcov$dispatch_513_gemmini_q31_sigmoid_s8_n288,,,0.008855,ms,8855.000000,0,,spike,sigmoid_s8,n=288,8855,1,,
514,vint_kcov$dispatch_514_gemmini_q31_mul_s8_n288,,,0.005845,ms,5845.000000,0,,spike,mul_s8,n=288,5845,1,,
515,vint_kcov$dispatch_515_gemmini_q31_conv2d_s8_pc_N6xIC48xIH1xIW1xOC1152xKH1xKW1xSH1xSW1xPH0xPW0xDH1xDW1xgroups1,,,0.269383,ms,269383.000000,0,,spike,conv2d_s8_pc,N=6;IC=48;IH=1;IW=1;OC=1152;KH=1;KW=1;SH=1;SW=1;PH=0;PW=0;DH=1;DW=1;groups=1,269383,1,,
516,vint_kcov$dispatch_516_gemmini_q31_sigmoid_s8_n6912,,,0.099628,ms,99628.000000,0,,spike,sigmoid_s8,n=6912,99628,1,,
517,vint_kcov$dispatch_517_gemmini_q31_mul_c1_s8_N6xC1152xHW4,,,0.655364,ms,655364.000000,0,,spike,mul_c1_s8,N=6;C=1152;HW=4,655364,1,,
518,vint_kcov$dispatch_518_gemmini_q31_conv2d_s8_pc_N6xIC1152xIH2xIW2xOC192xKH1xKW1xSH1xSW1xPH0xPW0xDH1xDW1xgroups1,,,0.809054,ms,809054.000000,0,,spike,conv2d_s8_pc,N=6;IC=1152;IH=2;IW=2;OC=192;KH=1;KW=1;SH=1;SW=1;PH=0;PW=0;DH=1;DW=1;groups=1,809054,1,,
519,vint_kcov$dispatch_519_gemmini_q31_add_s8_n4608,,,0.124663,ms,124663.000000,0,,spike,add_s8,n=4608,124663,1,,
520,vint_kcov$dispatch_520_gemmini_q31_conv2d_s8_pc_N6xIC192xIH2xIW2xOC1152xKH1xKW1xSH1xSW1xPH0xPW0xDH1xDW1xgroups1,,,1.111604,ms,1111604.000000,0,,spike,conv2d_s8_pc,N=6;IC=192;IH=2;IW=2;OC=1152;KH=1;KW=1;SH=1;SW=1;PH=0;PW=0;DH=1;DW=1;groups=1,1111604,1,,
521,vint_kcov$dispatch_521_gemmini_q31_sigmoid_s8_n27648,,,0.374576,ms,374576.000000,0,,spike,sigmoid_s8,n=27648,374576,1,,
522,vint_kcov$dispatch_522_gemmini_q31_mul_s8_n27648,,,0.723762,ms,723762.000000,0,,spike,mul_s8,n=27648,723762,1,,
523,vint_kcov$dispatch_523_gemmini_q31_depthwise_conv2d_s8_N6xIC1xIH2xIW2xOC1152xKH3xKW3xSH1xSW1xPH1xPW1xDH1xDW1xgroups1152,,,4.804099,ms,4804099.000000,0,,spike,depthwise_conv2d_s8,N=6;IC=1;IH=2;IW=2;OC=1152;KH=3;KW=3;SH=1;SW=1;PH=1;PW=1;DH=1;DW=1;groups=1152,4804099,1,,
524,vint_kcov$dispatch_524_gemmini_q31_sigmoid_s8_n27648,,,0.373981,ms,373981.000000,0,,spike,sigmoid_s8,n=27648,373981,1,,
525,vint_kcov$dispatch_525_gemmini_q31_mul_s8_n27648,,,0.722076,ms,722076.000000,0,,spike,mul_s8,n=27648,722076,1,,
526,vint_kcov$dispatch_526_gemmini_q31_adaptive_avg_pool2d_s8_N6xC1152xIH2xIW2xOH1xOW1,,,0.864133,ms,864133.000000,0,,spike,adaptive_avg_pool2d_s8,N=6;C=1152;IH=2;IW=2;OH=1;OW=1,864133,1,,
527,vint_kcov$dispatch_527_gemmini_q31_conv2d_s8_pc_N6xIC1152xIH1xIW1xOC48xKH1xKW1xSH1xSW1xPH0xPW0xDH1xDW1xgroups1,,,0.273031,ms,273031.000000,0,,spike,conv2d_s8_pc,N=6;IC=1152;IH=1;IW=1;OC=48;KH=1;KW=1;SH=1;SW=1;PH=0;PW=0;DH=1;DW=1;groups=1,273031,1,,
528,vint_kcov$dispatch_528_gemmini_q31_sigmoid_s8_n288,,,0.008801,ms,8801.000000,0,,spike,sigmoid_s8,n=288,8801,1,,
529,vint_kcov$dispatch_529_gemmini_q31_mul_s8_n288,,,0.005791,ms,5791.000000,0,,spike,mul_s8,n=288,5791,1,,
530,vint_kcov$dispatch_530_gemmini_q31_conv2d_s8_pc_N6xIC48xIH1xIW1xOC1152xKH1xKW1xSH1xSW1xPH0xPW0xDH1xDW1xgroups1,,,0.269383,ms,269383.000000,0,,spike,conv2d_s8_pc,N=6;IC=48;IH=1;IW=1;OC=1152;KH=1;KW=1;SH=1;SW=1;PH=0;PW=0;DH=1;DW=1;groups=1,269383,1,,
531,vint_kcov$dispatch_531_gemmini_q31_sigmoid_s8_n6912,,,0.105952,ms,105952.000000,0,,spike,sigmoid_s8,n=6912,105952,1,,
532,vint_kcov$dispatch_532_gemmini_q31_mul_c1_s8_N6xC1152xHW4,,,0.656612,ms,656612.000000,0,,spike,mul_c1_s8,N=6;C=1152;HW=4,656612,1,,
533,vint_kcov$dispatch_533_gemmini_q31_conv2d_s8_pc_N6xIC1152xIH2xIW2xOC320xKH1xKW1xSH1xSW1xPH0xPW0xDH1xDW1xgroups1,,,0.921434,ms,921434.000000,0,,spike,conv2d_s8_pc,N=6;IC=1152;IH=2;IW=2;OC=320;KH=1;KW=1;SH=1;SW=1;PH=0;PW=0;DH=1;DW=1;groups=1,921434,1,,
534,vint_kcov$dispatch_534_gemmini_q31_conv2d_s8_pc_N6xIC320xIH2xIW2xOC1280xKH1xKW1xSH1xSW1xPH0xPW0xDH1xDW1xgroups1,,,1.292534,ms,1292534.000000,0,,spike,conv2d_s8_pc,N=6;IC=320;IH=2;IW=2;OC=1280;KH=1;KW=1;SH=1;SW=1;PH=0;PW=0;DH=1;DW=1;groups=1,1292534,1,,
535,vint_kcov$dispatch_535_gemmini_q31_sigmoid_s8_n30720,,,0.405035,ms,405035.000000,0,,spike,sigmoid_s8,n=30720,405035,1,,
536,vint_kcov$dispatch_536_gemmini_q31_mul_s8_n30720,,,0.801912,ms,801912.000000,0,,spike,mul_s8,n=30720,801912,1,,
537,vint_kcov$dispatch_537_gemmini_q31_adaptive_avg_pool2d_s8_N6xC1280xIH2xIW2xOH1xOW1,,,0.960133,ms,960133.000000,0,,spike,adaptive_avg_pool2d_s8,N=6;C=1280;IH=2;IW=2;OH=1;OW=1,960133,1,,
538,vint_kcov$dispatch_538_gemmini_q31_linear_s8_pc_M6xK1280xN512,,,0.106696,ms,106696.000000,0,,spike,linear_s8_pc,M=6;K=1280;N=512,106696,1,,
539,vint_kcov$dispatch_539_gemmini_q31_cast_f16_to_i8_n512,,,0.031488,ms,31488.000000,0,,spike,cast_f16_to_i8,n=512,31488,1,,
540,vint_kcov$dispatch_540_gemmini_q31_cat2_c1_s8_N1xH1xW512xC_total7xC_inputs6|1,,,0.028647,ms,28647.000000,0,,spike,cat2_c1_s8,N=1;H=1;W=512;C_total=7;C_inputs=6|1,28647,1,,
541,vint_kcov$dispatch_541_gemmini_q31_add_s8_n3584,,,0.096484,ms,96484.000000,0,,spike,add_s8,n=3584,96484,1,,
542,vint_kcov$dispatch_542_gemmini_q31_layer_norm_s8_M7xK512,,,0.269305,ms,269305.000000,0,,spike,layer_norm_s8,M=7;K=512,269305,1,,
543,vint_kcov$dispatch_543_gemmini_q31_linear_s8_pc_M7xK512xN1536,,,0.367425,ms,367425.000000,0,,spike,linear_s8_pc,M=7;K=512;N=1536,367425,1,,
544,vint_kcov$dispatch_544_gemmini_q31_matmul_s8_M7xK128xN7,,,0.077854,ms,77854.000000,0,,spike,matmul_s8,M=7;K=128;N=7,77854,1,,
545,vint_kcov$dispatch_545_gemmini_q31_softmax_s8_M7xK7,,,0.010413,ms,10413.000000,0,,spike,softmax_s8,M=7;K=7,10413,1,,
546,vint_kcov$dispatch_546_gemmini_q31_matmul_s8_M7xK7xN128,,,0.120328,ms,120328.000000,0,,spike,matmul_s8,M=7;K=7;N=128,120328,1,,
547,vint_kcov$dispatch_547_gemmini_q31_linear_s8_pc_M7xK512xN512,,,0.123045,ms,123045.000000,0,,spike,linear_s8_pc,M=7;K=512;N=512,123045,1,,
548,vint_kcov$dispatch_548_gemmini_q31_add_s8_n3584,,,0.096957,ms,96957.000000,0,,spike,add_s8,n=3584,96957,1,,
549,vint_kcov$dispatch_549_gemmini_q31_layer_norm_s8_M7xK512,,,0.263806,ms,263806.000000,0,,spike,layer_norm_s8,M=7;K=512,263806,1,,
550,vint_kcov$dispatch_550_gemmini_q31_linear_s8_pc_M7xK512xN2048,,,0.489616,ms,489616.000000,0,,spike,linear_s8_pc,M=7;K=512;N=2048,489616,1,,
551,vint_kcov$dispatch_551_gemmini_q31_gelu_s8_n14336,,,0.212094,ms,212094.000000,0,,spike,gelu_s8,n=14336,212094,1,,
552,vint_kcov$dispatch_552_gemmini_q31_linear_s8_pc_M7xK2048xN512,,,0.124083,ms,124083.000000,0,,spike,linear_s8_pc,M=7;K=2048;N=512,124083,1,,
553,vint_kcov$dispatch_553_gemmini_q31_add_s8_n3584,,,0.097380,ms,97380.000000,0,,spike,add_s8,n=3584,97380,1,,
554,vint_kcov$dispatch_554_gemmini_q31_layer_norm_s8_M7xK512,,,0.268525,ms,268525.000000,0,,spike,layer_norm_s8,M=7;K=512,268525,1,,
555,vint_kcov$dispatch_555_gemmini_q31_linear_s8_pc_M7xK512xN1536,,,0.367425,ms,367425.000000,0,,spike,linear_s8_pc,M=7;K=512;N=1536,367425,1,,
556,vint_kcov$dispatch_556_gemmini_q31_matmul_s8_M7xK128xN7,,,0.077758,ms,77758.000000,0,,spike,matmul_s8,M=7;K=128;N=7,77758,1,,
557,vint_kcov$dispatch_557_gemmini_q31_softmax_s8_M7xK7,,,0.009514,ms,9514.000000,0,,spike,softmax_s8,M=7;K=7,9514,1,,
558,vint_kcov$dispatch_558_gemmini_q31_matmul_s8_M7xK7xN128,,,0.120505,ms,120505.000000,0,,spike,matmul_s8,M=7;K=7;N=128,120505,1,,
559,vint_kcov$dispatch_559_gemmini_q31_linear_s8_pc_M7xK512xN512,,,0.123045,ms,123045.000000,0,,spike,linear_s8_pc,M=7;K=512;N=512,123045,1,,
560,vint_kcov$dispatch_560_gemmini_q31_add_s8_n3584,,,0.097012,ms,97012.000000,0,,spike,add_s8,n=3584,97012,1,,
561,vint_kcov$dispatch_561_gemmini_q31_layer_norm_s8_M7xK512,,,0.263736,ms,263736.000000,0,,spike,layer_norm_s8,M=7;K=512,263736,1,,
562,vint_kcov$dispatch_562_gemmini_q31_linear_s8_pc_M7xK512xN2048,,,0.489616,ms,489616.000000,0,,spike,linear_s8_pc,M=7;K=512;N=2048,489616,1,,
563,vint_kcov$dispatch_563_gemmini_q31_gelu_s8_n14336,,,0.211191,ms,211191.000000,0,,spike,gelu_s8,n=14336,211191,1,,
564,vint_kcov$dispatch_564_gemmini_q31_linear_s8_pc_M7xK2048xN512,,,0.124083,ms,124083.000000,0,,spike,linear_s8_pc,M=7;K=2048;N=512,124083,1,,
565,vint_kcov$dispatch_565_gemmini_q31_add_s8_n3584,,,0.097280,ms,97280.000000,0,,spike,add_s8,n=3584,97280,1,,
566,vint_kcov$dispatch_566_gemmini_q31_layer_norm_s8_M7xK512,,,0.267810,ms,267810.000000,0,,spike,layer_norm_s8,M=7;K=512,267810,1,,
567,vint_kcov$dispatch_567_gemmini_q31_linear_s8_pc_M7xK512xN1536,,,0.367425,ms,367425.000000,0,,spike,linear_s8_pc,M=7;K=512;N=1536,367425,1,,
568,vint_kcov$dispatch_568_gemmini_q31_matmul_s8_M7xK128xN7,,,0.077727,ms,77727.000000,0,,spike,matmul_s8,M=7;K=128;N=7,77727,1,,
569,vint_kcov$dispatch_569_gemmini_q31_softmax_s8_M7xK7,,,0.009445,ms,9445.000000,0,,spike,softmax_s8,M=7;K=7,9445,1,,
570,vint_kcov$dispatch_570_gemmini_q31_matmul_s8_M7xK7xN128,,,0.120494,ms,120494.000000,0,,spike,matmul_s8,M=7;K=7;N=128,120494,1,,
571,vint_kcov$dispatch_571_gemmini_q31_linear_s8_pc_M7xK512xN512,,,0.123045,ms,123045.000000,0,,spike,linear_s8_pc,M=7;K=512;N=512,123045,1,,
572,vint_kcov$dispatch_572_gemmini_q31_add_s8_n3584,,,0.097019,ms,97019.000000,0,,spike,add_s8,n=3584,97019,1,,
573,vint_kcov$dispatch_573_gemmini_q31_layer_norm_s8_M7xK512,,,0.258758,ms,258758.000000,0,,spike,layer_norm_s8,M=7;K=512,258758,1,,
574,vint_kcov$dispatch_574_gemmini_q31_linear_s8_pc_M7xK512xN2048,,,0.489616,ms,489616.000000,0,,spike,linear_s8_pc,M=7;K=512;N=2048,489616,1,,
575,vint_kcov$dispatch_575_gemmini_q31_gelu_s8_n14336,,,0.217495,ms,217495.000000,0,,spike,gelu_s8,n=14336,217495,1,,
576,vint_kcov$dispatch_576_gemmini_q31_linear_s8_pc_M7xK2048xN512,,,0.124083,ms,124083.000000,0,,spike,linear_s8_pc,M=7;K=2048;N=512,124083,1,,
577,vint_kcov$dispatch_577_gemmini_q31_add_s8_n3584,,,0.097193,ms,97193.000000,0,,spike,add_s8,n=3584,97193,1,,
578,vint_kcov$dispatch_578_gemmini_q31_layer_norm_s8_M7xK512,,,0.268225,ms,268225.000000,0,,spike,layer_norm_s8,M=7;K=512,268225,1,,
579,vint_kcov$dispatch_579_gemmini_q31_linear_s8_pc_M7xK512xN1536,,,0.367425,ms,367425.000000,0,,spike,linear_s8_pc,M=7;K=512;N=1536,367425,1,,
580,vint_kcov$dispatch_580_gemmini_q31_matmul_s8_M7xK128xN7,,,0.077785,ms,77785.000000,0,,spike,matmul_s8,M=7;K=128;N=7,77785,1,,
581,vint_kcov$dispatch_581_gemmini_q31_softmax_s8_M7xK7,,,0.010067,ms,10067.000000,0,,spike,softmax_s8,M=7;K=7,10067,1,,
582,vint_kcov$dispatch_582_gemmini_q31_matmul_s8_M7xK7xN128,,,0.120565,ms,120565.000000,0,,spike,matmul_s8,M=7;K=7;N=128,120565,1,,
583,vint_kcov$dispatch_583_gemmini_q31_linear_s8_pc_M7xK512xN512,,,0.123046,ms,123046.000000,0,,spike,linear_s8_pc,M=7;K=512;N=512,123046,1,,
584,vint_kcov$dispatch_584_gemmini_q31_add_s8_n3584,,,0.097093,ms,97093.000000,0,,spike,add_s8,n=3584,97093,1,,
585,vint_kcov$dispatch_585_gemmini_q31_layer_norm_s8_M7xK512,,,0.259435,ms,259435.000000,0,,spike,layer_norm_s8,M=7;K=512,259435,1,,
586,vint_kcov$dispatch_586_gemmini_q31_linear_s8_pc_M7xK512xN2048,,,0.489616,ms,489616.000000,0,,spike,linear_s8_pc,M=7;K=512;N=2048,489616,1,,
587,vint_kcov$dispatch_587_gemmini_q31_gelu_s8_n14336,,,0.220728,ms,220728.000000,0,,spike,gelu_s8,n=14336,220728,1,,
588,vint_kcov$dispatch_588_gemmini_q31_linear_s8_pc_M7xK2048xN512,,,0.124083,ms,124083.000000,0,,spike,linear_s8_pc,M=7;K=2048;N=512,124083,1,,
589,vint_kcov$dispatch_589_gemmini_q31_add_s8_n3584,,,0.097703,ms,97703.000000,0,,spike,add_s8,n=3584,97703,1,,
590,vint_kcov$dispatch_590_gemmini_q31_linear_s8_pc_M1xK3584xN512,,,0.023183,ms,23183.000000,0,,spike,linear_s8_pc,M=1;K=3584;N=512,23183,1,,
591,vint_kcov$dispatch_591_gemmini_q31_cast_i8_to_f16_n512,,,0.021024,ms,21024.000000,0,,spike,cast_i8_to_f16,n=512,21024,1,,
592,vint_kcov$dispatch_592_gemmini_q31_relu_f16_n512,,,0.048173,ms,48173.000000,0,,spike,relu_f16,n=512,48173,1,,
593,vint_kcov$dispatch_593_gemmini_q31_linear_f16_M1xK512xN256,,,9.050984,ms,9050984.000000,0,,spike,linear_f16,M=1;K=512;N=256,9050984,1,,
594,vint_kcov$dispatch_594_gemmini_q31_relu_f16_n256,,,0.024109,ms,24109.000000,0,,spike,relu_f16,n=256,24109,1,,
595,vint_kcov$dispatch_595_gemmini_q31_linear_f16_M1xK256xN128,,,2.264054,ms,2264054.000000,0,,spike,linear_f16,M=1;K=256;N=128,2264054,1,,
596,vint_kcov$dispatch_596_gemmini_q31_relu_f16_n128,,,0.012077,ms,12077.000000,0,,spike,relu_f16,n=128,12077,1,,
597,vint_kcov$dispatch_597_gemmini_q31_linear_f16_M1xK128xN64,,,0.566720,ms,566720.000000,0,,spike,linear_f16,M=1;K=128;N=64,566720,1,,
598,vint_kcov$dispatch_598_gemmini_q31_relu_f16_n64,,,0.006062,ms,6062.000000,0,,spike,relu_f16,n=64,6062,1,,
599,vint_kcov$dispatch_599_gemmini_q31_linear_f16_M1xK64xN32,,,0.141878,ms,141878.000000,0,,spike,linear_f16,M=1;K=64;N=32,141878,1,,
600,vint_kcov$dispatch_600_gemmini_q31_relu_f16_n32,,,0.003055,ms,3055.000000,0,,spike,relu_f16,n=32,3055,1,,
601,vint_kcov$dispatch_601_gemmini_q31_cast_f16_to_i8_n32,,,0.001976,ms,1976.000000,0,,spike,cast_f16_to_i8,n=32,1976,1,,
602,vint_kcov$dispatch_602_gemmini_q31_linear_s8_pc_M1xK32xN1,,,0.000592,ms,592.000000,0,,spike,linear_s8_pc,M=1;K=32;N=1,592,1,,
603,vint_kcov$dispatch_603_gemmini_q31_linear_s8_pc_M1xK32xN20,,,0.001366,ms,1366.000000,0,,spike,linear_s8_pc,M=1;K=32;N=20,1366,1,,
604,vint_kcov$dispatch_604_gemmini_q31_vint_action_post_n_wp5xn_dim4,,,0.000172,ms,172.000000,0,,spike,vint_action_post,n_wp=5;n_dim=4,172,1,,
