dispatch_id,module_name,vmfb_path,mlir_path,mean_time,mean_unit,mean_time_ns,returncode,log_path,source,op,shape,cycles,cycles_n,cycles_cv_pct,implementation
0,vint_kcovref$dispatch_0_gemmini_q31_cast_i8_to_f16_n97920,,,6.826196,ms,6826196.000000,0,,spike,cast_i8_to_f16,n=97920,6826196,1,,
1,vint_kcovref$dispatch_1_gemmini_q31_slice_c_f16_N1xIC18xC_start15xC_end18xH64xW85,,,0.195942,ms,195942.000000,0,,spike,slice_c_f16,N=1;IC=18;C_start=15;C_end=18;H=64;W=85,195942,1,,
2,vint_kcovref$dispatch_2_gemmini_q31_cast_i8_to_f16_n16320,,,1.137965,ms,1137965.000000,0,,spike,cast_i8_to_f16,n=16320,1137965,1,,
3,vint_kcovref$dispatch_3_gemmini_q31_cat2_c1_f16_N1xH64xW85xC_total6xC_inputs3|3,,,0.391751,ms,391751.000000,0,,spike,cat2_c1_f16,N=1;H=64;W=85;C_total=6;C_inputs=3|3,391751,1,,
4,vint_kcovref$dispatch_4_gemmini_q31_pad_f16_N1xC6xIH64xIW85xpad_left0xpad_right1xpad_top0xpad_bottom1,,,0.670529,ms,670529.000000,0,,spike,pad_f16,N=1;C=6;IH=64;IW=85;pad_left=0;pad_right=1;pad_top=0;pad_bottom=1,670529,1,,
5,vint_kcovref$dispatch_5_gemmini_q31_conv2d_f16_N1xIC6xIH65xIW86xOC32xKH3xKW3xSH2xSW2xPH0xPW0xDH1xDW1xgroups1,,,297.656414,ms,297656414.000000,0,,spike,conv2d_f16,N=1;IC=6;IH=65;IW=86;OC=32;KH=3;KW=3;SH=2;SW=2;PH=0;PW=0;DH=1;DW=1;groups=1,297656414,1,,
6,vint_kcovref$dispatch_6_gemmini_q31_batchnorm2d_f16_N1xC32xH32xW42,,,5.128091,ms,5128091.000000,0,,spike,batchnorm2d_f16,N=1;C=32;H=32;W=42,5128091,1,,
7,vint_kcovref$dispatch_7_gemmini_q31_sigmoid_f16_n43008,,,7.762336,ms,7762336.000000,0,,spike,sigmoid_f16,n=43008,7762336,1,,
8,vint_kcovref$dispatch_8_gemmini_q31_mul_f16_n43008,,,6.706717,ms,6706717.000000,0,,spike,mul_f16,n=43008,6706717,1,,
9,vint_kcovref$dispatch_9_gemmini_q31_depthwise_conv2d_f16_N1xIC1xIH32xIW42xOC32xKH3xKW3xSH1xSW1xPH1xPW1xDH1xDW1xgroups32,,,48.046074,ms,48046074.000000,0,,spike,depthwise_conv2d_f16,N=1;IC=1;IH=32;IW=42;OC=32;KH=3;KW=3;SH=1;SW=1;PH=1;PW=1;DH=1;DW=1;groups=32,48046074,1,,
10,vint_kcovref$dispatch_10_gemmini_q31_batchnorm2d_f16_N1xC32xH32xW42,,,5.123801,ms,5123801.000000,0,,spike,batchnorm2d_f16,N=1;C=32;H=32;W=42,5123801,1,,
11,vint_kcovref$dispatch_11_gemmini_q31_sigmoid_f16_n43008,,,7.776254,ms,7776254.000000,0,,spike,sigmoid_f16,n=43008,7776254,1,,
12,vint_kcovref$dispatch_12_gemmini_q31_mul_f16_n43008,,,6.706958,ms,6706958.000000,0,,spike,mul_f16,n=43008,6706958,1,,
13,vint_kcovref$dispatch_13_gemmini_q31_adaptive_avg_pool2d_f16_N1xC32xIH32xIW42xOH1xOW1,,,3.283266,ms,3283266.000000,0,,spike,adaptive_avg_pool2d_f16,N=1;C=32;IH=32;IW=42;OH=1;OW=1,3283266,1,,
14,vint_kcovref$dispatch_14_gemmini_q31_conv2d_f16_N1xIC32xIH1xIW1xOC8xKH1xKW1xSH1xSW1xPH0xPW0xDH1xDW1xgroups1,,,0.038591,ms,38591.000000,0,,spike,conv2d_f16,N=1;IC=32;IH=1;IW=1;OC=8;KH=1;KW=1;SH=1;SW=1;PH=0;PW=0;DH=1;DW=1;groups=1,38591,1,,
15,vint_kcovref$dispatch_15_gemmini_q31_sigmoid_f16_n8,,,0.001490,ms,1490.000000,0,,spike,sigmoid_f16,n=8,1490,1,,
16,vint_kcovref$dispatch_16_gemmini_q31_mul_f16_n8,,,0.001288,ms,1288.000000,0,,spike,mul_f16,n=8,1288,1,,
17,vint_kcovref$dispatch_17_gemmini_q31_conv2d_f16_N1xIC8xIH1xIW1xOC32xKH1xKW1xSH1xSW1xPH0xPW0xDH1xDW1xgroups1,,,0.042575,ms,42575.000000,0,,spike,conv2d_f16,N=1;IC=8;IH=1;IW=1;OC=32;KH=1;KW=1;SH=1;SW=1;PH=0;PW=0;DH=1;DW=1;groups=1,42575,1,,
18,vint_kcovref$dispatch_18_gemmini_q31_sigmoid_f16_n32,,,0.005575,ms,5575.000000,0,,spike,sigmoid_f16,n=32,5575,1,,
19,vint_kcovref$dispatch_19_gemmini_q31_mul_c1_f16_N1xC32xHW1344,,,4.946895,ms,4946895.000000,0,,spike,mul_c1_f16,N=1;C=32;HW=1344,4946895,1,,
20,vint_kcovref$dispatch_20_gemmini_q31_conv2d_f16_N1xIC32xIH32xIW42xOC16xKH1xKW1xSH1xSW1xPH0xPW0xDH1xDW1xgroups1,,,101.390849,ms,101390849.000000,0,,spike,conv2d_f16,N=1;IC=32;IH=32;IW=42;OC=16;KH=1;KW=1;SH=1;SW=1;PH=0;PW=0;DH=1;DW=1;groups=1,101390849,1,,
21,vint_kcovref$dispatch_21_gemmini_q31_batchnorm2d_f16_N1xC16xH32xW42,,,2.564151,ms,2564151.000000,0,,spike,batchnorm2d_f16,N=1;C=16;H=32;W=42,2564151,1,,
22,vint_kcovref$dispatch_22_gemmini_q31_conv2d_f16_N1xIC16xIH32xIW42xOC96xKH1xKW1xSH1xSW1xPH0xPW0xDH1xDW1xgroups1,,,308.950532,ms,308950532.000000,0,,spike,conv2d_f16,N=1;IC=16;IH=32;IW=42;OC=96;KH=1;KW=1;SH=1;SW=1;PH=0;PW=0;DH=1;DW=1;groups=1,308950532,1,,
23,vint_kcovref$dispatch_23_gemmini_q31_batchnorm2d_f16_N1xC96xH32xW42,,,15.378493,ms,15378493.000000,0,,spike,batchnorm2d_f16,N=1;C=96;H=32;W=42,15378493,1,,
24,vint_kcovref$dispatch_24_gemmini_q31_sigmoid_f16_n129024,,,23.533257,ms,23533257.000000,0,,spike,sigmoid_f16,n=129024,23533257,1,,
25,vint_kcovref$dispatch_25_gemmini_q31_mul_f16_n129024,,,20.120936,ms,20120936.000000,0,,spike,mul_f16,n=129024,20120936,1,,
26,vint_kcovref$dispatch_26_gemmini_q31_pad_f16_N1xC96xIH32xIW42xpad_left0xpad_right1xpad_top0xpad_bottom1,,,2.722265,ms,2722265.000000,0,,spike,pad_f16,N=1;C=96;IH=32;IW=42;pad_left=0;pad_right=1;pad_top=0;pad_bottom=1,2722265,1,,
27,vint_kcovref$dispatch_27_gemmini_q31_depthwise_conv2d_f16_N1xIC1xIH33xIW43xOC96xKH3xKW3xSH2xSW2xPH0xPW0xDH1xDW1xgroups96,,,37.246724,ms,37246724.000000,0,,spike,depthwise_conv2d_f16,N=1;IC=1;IH=33;IW=43;OC=96;KH=3;KW=3;SH=2;SW=2;PH=0;PW=0;DH=1;DW=1;groups=96,37246724,1,,
28,vint_kcovref$dispatch_28_gemmini_q31_batchnorm2d_f16_N1xC96xH16xW21,,,3.859528,ms,3859528.000000,0,,spike,batchnorm2d_f16,N=1;C=96;H=16;W=21,3859528,1,,
29,vint_kcovref$dispatch_29_gemmini_q31_sigmoid_f16_n32256,,,5.824900,ms,5824900.000000,0,,spike,sigmoid_f16,n=32256,5824900,1,,
30,vint_kcovref$dispatch_30_gemmini_q31_mul_f16_n32256,,,5.030538,ms,5030538.000000,0,,spike,mul_f16,n=32256,5030538,1,,
31,vint_kcovref$dispatch_31_gemmini_q31_adaptive_avg_pool2d_f16_N1xC96xIH16xIW21xOH1xOW1,,,2.479198,ms,2479198.000000,0,,spike,adaptive_avg_pool2d_f16,N=1;C=96;IH=16;IW=21;OH=1;OW=1,2479198,1,,
32,vint_kcovref$dispatch_32_gemmini_q31_conv2d_f16_N1xIC96xIH1xIW1xOC4xKH1xKW1xSH1xSW1xPH0xPW0xDH1xDW1xgroups1,,,0.056487,ms,56487.000000,0,,spike,conv2d_f16,N=1;IC=96;IH=1;IW=1;OC=4;KH=1;KW=1;SH=1;SW=1;PH=0;PW=0;DH=1;DW=1;groups=1,56487,1,,
33,vint_kcovref$dispatch_33_gemmini_q31_sigmoid_f16_n4,,,0.000802,ms,802.000000,0,,spike,sigmoid_f16,n=4,802,1,,
34,vint_kcovref$dispatch_34_gemmini_q31_mul_f16_n4,,,0.000664,ms,664.000000,0,,spike,mul_f16,n=4,664,1,,
35,vint_kcovref$dispatch_35_gemmini_q31_conv2d_f16_N1xIC4xIH1xIW1xOC96xKH1xKW1xSH1xSW1xPH0xPW0xDH1xDW1xgroups1,,,0.071759,ms,71759.000000,0,,spike,conv2d_f16,N=1;IC=4;IH=1;IW=1;OC=96;KH=1;KW=1;SH=1;SW=1;PH=0;PW=0;DH=1;DW=1;groups=1,71759,1,,
36,vint_kcovref$dispatch_36_gemmini_q31_sigmoid_f16_n96,,,0.017051,ms,17051.000000,0,,spike,sigmoid_f16,n=96,17051,1,,
37,vint_kcovref$dispatch_37_gemmini_q31_mul_c1_f16_N1xC96xHW336,,,3.714143,ms,3714143.000000,0,,spike,mul_c1_f16,N=1;C=96;HW=336,3714143,1,,
38,vint_kcovref$dispatch_38_gemmini_q31_conv2d_f16_N1xIC96xIH16xIW21xOC24xKH1xKW1xSH1xSW1xPH0xPW0xDH1xDW1xgroups1,,,112.921367,ms,112921367.000000,0,,spike,conv2d_f16,N=1;IC=96;IH=16;IW=21;OC=24;KH=1;KW=1;SH=1;SW=1;PH=0;PW=0;DH=1;DW=1;groups=1,112921367,1,,
39,vint_kcovref$dispatch_39_gemmini_q31_batchnorm2d_f16_N1xC24xH16xW21,,,0.965200,ms,965200.000000,0,,spike,batchnorm2d_f16,N=1;C=24;H=16;W=21,965200,1,,
40,vint_kcovref$dispatch_40_gemmini_q31_conv2d_f16_N1xIC24xIH16xIW21xOC144xKH1xKW1xSH1xSW1xPH0xPW0xDH1xDW1xgroups1,,,172.042543,ms,172042543.000000,0,,spike,conv2d_f16,N=1;IC=24;IH=16;IW=21;OC=144;KH=1;KW=1;SH=1;SW=1;PH=0;PW=0;DH=1;DW=1;groups=1,172042543,1,,
41,vint_kcovref$dispatch_41_gemmini_q31_batchnorm2d_f16_N1xC144xH16xW21,,,5.787229,ms,5787229.000000,0,,spike,batchnorm2d_f16,N=1;C=144;H=16;W=21,5787229,1,,
42,vint_kcovref$dispatch_42_gemmini_q31_sigmoid_f16_n48384,,,8.830210,ms,8830210.000000,0,,spike,sigmoid_f16,n=48384,8830210,1,,
43,vint_kcovref$dispatch_43_gemmini_q31_mul_f16_n48384,,,7.545149,ms,7545149.000000,0,,spike,mul_f16,n=48384,7545149,1,,
44,vint_kcovref$dispatch_44_gemmini_q31_depthwise_conv2d_f16_N1xIC1xIH16xIW21xOC144xKH3xKW3xSH1xSW1xPH1xPW1xDH1xDW1xgroups144,,,52.297130,ms,52297130.000000,0,,spike,depthwise_conv2d_f16,N=1;IC=1;IH=16;IW=21;OC=144;KH=3;KW=3;SH=1;SW=1;PH=1;PW=1;DH=1;DW=1;groups=144,52297130,1,,
45,vint_kcovref$dispatch_45_gemmini_q31_batchnorm2d_f16_N1xC144xH16xW21,,,5.787490,ms,5787490.000000,0,,spike,batchnorm2d_f16,N=1;C=144;H=16;W=21,5787490,1,,
46,vint_kcovref$dispatch_46_gemmini_q31_sigmoid_f16_n48384,,,8.718129,ms,8718129.000000,0,,spike,sigmoid_f16,n=48384,8718129,1,,
47,vint_kcovref$dispatch_47_gemmini_q31_mul_f16_n48384,,,7.545395,ms,7545395.000000,0,,spike,mul_f16,n=48384,7545395,1,,
48,vint_kcovref$dispatch_48_gemmini_q31_adaptive_avg_pool2d_f16_N1xC144xIH16xIW21xOH1xOW1,,,3.718854,ms,3718854.000000,0,,spike,adaptive_avg_pool2d_f16,N=1;C=144;IH=16;IW=21;OH=1;OW=1,3718854,1,,
49,vint_kcovref$dispatch_49_gemmini_q31_conv2d_f16_N1xIC144xIH1xIW1xOC6xKH1xKW1xSH1xSW1xPH0xPW0xDH1xDW1xgroups1,,,0.126469,ms,126469.000000,0,,spike,conv2d_f16,N=1;IC=144;IH=1;IW=1;OC=6;KH=1;KW=1;SH=1;SW=1;PH=0;PW=0;DH=1;DW=1;groups=1,126469,1,,
50,vint_kcovref$dispatch_50_gemmini_q31_sigmoid_f16_n6,,,0.001182,ms,1182.000000,0,,spike,sigmoid_f16,n=6,1182,1,,
51,vint_kcovref$dispatch_51_gemmini_q31_mul_f16_n6,,,0.000976,ms,976.000000,0,,spike,mul_f16,n=6,976,1,,
52,vint_kcovref$dispatch_52_gemmini_q31_conv2d_f16_N1xIC6xIH1xIW1xOC144xKH1xKW1xSH1xSW1xPH0xPW0xDH1xDW1xgroups1,,,0.149327,ms,149327.000000,0,,spike,conv2d_f16,N=1;IC=6;IH=1;IW=1;OC=144;KH=1;KW=1;SH=1;SW=1;PH=0;PW=0;DH=1;DW=1;groups=1,149327,1,,
53,vint_kcovref$dispatch_53_gemmini_q31_sigmoid_f16_n144,,,0.026168,ms,26168.000000,0,,spike,sigmoid_f16,n=144,26168,1,,
54,vint_kcovref$dispatch_54_gemmini_q31_mul_c1_f16_N1xC144xHW336,,,5.570258,ms,5570258.000000,0,,spike,mul_c1_f16,N=1;C=144;HW=336,5570258,1,,
55,vint_kcovref$dispatch_55_gemmini_q31_conv2d_f16_N1xIC144xIH16xIW21xOC24xKH1xKW1xSH1xSW1xPH0xPW0xDH1xDW1xgroups1,,,169.052689,ms,169052689.000000,0,,spike,conv2d_f16,N=1;IC=144;IH=16;IW=21;OC=24;KH=1;KW=1;SH=1;SW=1;PH=0;PW=0;DH=1;DW=1;groups=1,169052689,1,,
56,vint_kcovref$dispatch_56_gemmini_q31_batchnorm2d_f16_N1xC24xH16xW21,,,0.964620,ms,964620.000000,0,,spike,batchnorm2d_f16,N=1;C=24;H=16;W=21,964620,1,,
57,vint_kcovref$dispatch_57_gemmini_q31_add_f16_n8064,,,1.216072,ms,1216072.000000,0,,spike,add_f16,n=8064,1216072,1,,
58,vint_kcovref$dispatch_58_gemmini_q31_conv2d_f16_N1xIC24xIH16xIW21xOC144xKH1xKW1xSH1xSW1xPH0xPW0xDH1xDW1xgroups1,,,172.025427,ms,172025427.000000,0,,spike,conv2d_f16,N=1;IC=24;IH=16;IW=21;OC=144;KH=1;KW=1;SH=1;SW=1;PH=0;PW=0;DH=1;DW=1;groups=1,172025427,1,,
59,vint_kcovref$dispatch_59_gemmini_q31_batchnorm2d_f16_N1xC144xH16xW21,,,5.788104,ms,5788104.000000,0,,spike,batchnorm2d_f16,N=1;C=144;H=16;W=21,5788104,1,,
60,vint_kcovref$dispatch_60_gemmini_q31_sigmoid_f16_n48384,,,8.720985,ms,8720985.000000,0,,spike,sigmoid_f16,n=48384,8720985,1,,
61,vint_kcovref$dispatch_61_gemmini_q31_mul_f16_n48384,,,7.545397,ms,7545397.000000,0,,spike,mul_f16,n=48384,7545397,1,,
62,vint_kcovref$dispatch_62_gemmini_q31_pad_f16_N1xC144xIH16xIW21xpad_left1xpad_right2xpad_top1xpad_bottom2,,,1.169945,ms,1169945.000000,0,,spike,pad_f16,N=1;C=144;IH=16;IW=21;pad_left=1;pad_right=2;pad_top=1;pad_bottom=2,1169945,1,,
63,vint_kcovref$dispatch_63_gemmini_q31_depthwise_conv2d_f16_N1xIC1xIH19xIW24xOC144xKH5xKW5xSH2xSW2xPH0xPW0xDH1xDW1xgroups144,,,34.950901,ms,34950901.000000,0,,spike,depthwise_conv2d_f16,N=1;IC=1;IH=19;IW=24;OC=144;KH=5;KW=5;SH=2;SW=2;PH=0;PW=0;DH=1;DW=1;groups=144,34950901,1,,
64,vint_kcovref$dispatch_64_gemmini_q31_batchnorm2d_f16_N1xC144xH8xW10,,,1.393757,ms,1393757.000000,0,,spike,batchnorm2d_f16,N=1;C=144;H=8;W=10,1393757,1,,
65,vint_kcovref$dispatch_65_gemmini_q31_sigmoid_f16_n11520,,,2.075338,ms,2075338.000000,0,,spike,sigmoid_f16,n=11520,2075338,1,,
66,vint_kcovref$dispatch_66_gemmini_q31_mul_f16_n11520,,,1.796455,ms,1796455.000000,0,,spike,mul_f16,n=11520,1796455,1,,
67,vint_kcovref$dispatch_67_gemmini_q31_adaptive_avg_pool2d_f16_N1xC144xIH8xIW10xOH1xOW1,,,0.905370,ms,905370.000000,0,,spike,adaptive_avg_pool2d_f16,N=1;C=144;IH=8;IW=10;OH=1;OW=1,905370,1,,
68,vint_kcovref$dispatch_68_gemmini_q31_conv2d_f16_N1xIC144xIH1xIW1xOC6xKH1xKW1xSH1xSW1xPH0xPW0xDH1xDW1xgroups1,,,0.126419,ms,126419.000000,0,,spike,conv2d_f16,N=1;IC=144;IH=1;IW=1;OC=6;KH=1;KW=1;SH=1;SW=1;PH=0;PW=0;DH=1;DW=1;groups=1,126419,1,,
69,vint_kcovref$dispatch_69_gemmini_q31_sigmoid_f16_n6,,,0.001134,ms,1134.000000,0,,spike,sigmoid_f16,n=6,1134,1,,
70,vint_kcovref$dispatch_70_gemmini_q31_mul_f16_n6,,,0.000976,ms,976.000000,0,,spike,mul_f16,n=6,976,1,,
71,vint_kcovref$dispatch_71_gemmini_q31_conv2d_f16_N1xIC6xIH1xIW1xOC144xKH1xKW1xSH1xSW1xPH0xPW0xDH1xDW1xgroups1,,,0.149327,ms,149327.000000,0,,spike,conv2d_f16,N=1;IC=6;IH=1;IW=1;OC=144;KH=1;KW=1;SH=1;SW=1;PH=0;PW=0;DH=1;DW=1;groups=1,149327,1,,
72,vint_kcovref$dispatch_72_gemmini_q31_sigmoid_f16_n144,,,0.025139,ms,25139.000000,0,,spike,sigmoid_f16,n=144,25139,1,,
73,vint_kcovref$dispatch_73_gemmini_q31_mul_c1_f16_N1xC144xHW80,,,1.332512,ms,1332512.000000,0,,spike,mul_c1_f16,N=1;C=144;HW=80,1332512,1,,
74,vint_kcovref$dispatch_74_gemmini_q31_conv2d_f16_N1xIC144xIH8xIW10xOC40xKH1xKW1xSH1xSW1xPH0xPW0xDH1xDW1xgroups1,,,67.066675,ms,67066675.000000,0,,spike,conv2d_f16,N=1;IC=144;IH=8;IW=10;OC=40;KH=1;KW=1;SH=1;SW=1;PH=0;PW=0;DH=1;DW=1;groups=1,67066675,1,,
75,vint_kcovref$dispatch_75_gemmini_q31_batchnorm2d_f16_N1xC40xH8xW10,,,0.387226,ms,387226.000000,0,,spike,batchnorm2d_f16,N=1;C=40;H=8;W=10,387226,1,,
76,vint_kcovref$dispatch_76_gemmini_q31_conv2d_f16_N1xIC40xIH8xIW10xOC240xKH1xKW1xSH1xSW1xPH0xPW0xDH1xDW1xgroups1,,,112.871234,ms,112871234.000000,0,,spike,conv2d_f16,N=1;IC=40;IH=8;IW=10;OC=240;KH=1;KW=1;SH=1;SW=1;PH=0;PW=0;DH=1;DW=1;groups=1,112871234,1,,
77,vint_kcovref$dispatch_77_gemmini_q31_batchnorm2d_f16_N1xC240xH8xW10,,,2.322746,ms,2322746.000000,0,,spike,batchnorm2d_f16,N=1;C=240;H=8;W=10,2322746,1,,
78,vint_kcovref$dispatch_78_gemmini_q31_sigmoid_f16_n19200,,,3.501520,ms,3501520.000000,0,,spike,sigmoid_f16,n=19200,3501520,1,,
79,vint_kcovref$dispatch_79_gemmini_q31_mul_f16_n19200,,,2.994364,ms,2994364.000000,0,,spike,mul_f16,n=19200,2994364,1,,
80,vint_kcovref$dispatch_80_gemmini_q31_depthwise_conv2d_f16_N1xIC1xIH8xIW10xOC240xKH5xKW5xSH1xSW1xPH2xPW2xDH1xDW1xgroups240,,,44.487176,ms,44487176.000000,0,,spike,depthwise_conv2d_f16,N=1;IC=1;IH=8;IW=10;OC=240;KH=5;KW=5;SH=1;SW=1;PH=2;PW=2;DH=1;DW=1;groups=240,44487176,1,,
81,vint_kcovref$dispatch_81_gemmini_q31_batchnorm2d_f16_N1xC240xH8xW10,,,2.323990,ms,2323990.000000,0,,spike,batchnorm2d_f16,N=1;C=240;H=8;W=10,2323990,1,,
82,vint_kcovref$dispatch_82_gemmini_q31_sigmoid_f16_n19200,,,3.458323,ms,3458323.000000,0,,spike,sigmoid_f16,n=19200,3458323,1,,
83,vint_kcovref$dispatch_83_gemmini_q31_mul_f16_n19200,,,2.994111,ms,2994111.000000,0,,spike,mul_f16,n=19200,2994111,1,,
84,vint_kcovref$dispatch_84_gemmini_q31_adaptive_avg_pool2d_f16_N1xC240xIH8xIW10xOH1xOW1,,,1.508808,ms,1508808.000000,0,,spike,adaptive_avg_pool2d_f16,N=1;C=240;IH=8;IW=10;OH=1;OW=1,1508808,1,,
85,vint_kcovref$dispatch_85_gemmini_q31_conv2d_f16_N1xIC240xIH1xIW1xOC10xKH1xKW1xSH1xSW1xPH0xPW0xDH1xDW1xgroups1,,,0.349803,ms,349803.000000,0,,spike,conv2d_f16,N=1;IC=240;IH=1;IW=1;OC=10;KH=1;KW=1;SH=1;SW=1;PH=0;PW=0;DH=1;DW=1;groups=1,349803,1,,
86,vint_kcovref$dispatch_86_gemmini_q31_sigmoid_f16_n10,,,0.001900,ms,1900.000000,0,,spike,sigmoid_f16,n=10,1900,1,,
87,vint_kcovref$dispatch_87_gemmini_q31_mul_f16_n10,,,0.001600,ms,1600.000000,0,,spike,mul_f16,n=10,1600,1,,
88,vint_kcovref$dispatch_88_gemmini_q31_conv2d_f16_N1xIC10xIH1xIW1xOC240xKH1xKW1xSH1xSW1xPH0xPW0xDH1xDW1xgroups1,,,0.388033,ms,388033.000000,0,,spike,conv2d_f16,N=1;IC=10;IH=1;IW=1;OC=240;KH=1;KW=1;SH=1;SW=1;PH=0;PW=0;DH=1;DW=1;groups=1,388033,1,,
89,vint_kcovref$dispatch_89_gemmini_q31_sigmoid_f16_n240,,,0.042391,ms,42391.000000,0,,spike,sigmoid_f16,n=240,42391,1,,
90,vint_kcovref$dispatch_90_gemmini_q31_mul_c1_f16_N1xC240xHW80,,,2.220351,ms,2220351.000000,0,,spike,mul_c1_f16,N=1;C=240;HW=80,2220351,1,,
91,vint_kcovref$dispatch_91_gemmini_q31_conv2d_f16_N1xIC240xIH8xIW10xOC40xKH1xKW1xSH1xSW1xPH0xPW0xDH1xDW1xgroups1,,,111.626669,ms,111626669.000000,0,,spike,conv2d_f16,N=1;IC=240;IH=8;IW=10;OC=40;KH=1;KW=1;SH=1;SW=1;PH=0;PW=0;DH=1;DW=1;groups=1,111626669,1,,
92,vint_kcovref$dispatch_92_gemmini_q31_batchnorm2d_f16_N1xC40xH8xW10,,,0.387326,ms,387326.000000,0,,spike,batchnorm2d_f16,N=1;C=40;H=8;W=10,387326,1,,
93,vint_kcovref$dispatch_93_gemmini_q31_add_f16_n3200,,,0.482487,ms,482487.000000,0,,spike,add_f16,n=3200,482487,1,,
94,vint_kcovref$dispatch_94_gemmini_q31_conv2d_f16_N1xIC40xIH8xIW10xOC240xKH1xKW1xSH1xSW1xPH0xPW0xDH1xDW1xgroups1,,,112.834787,ms,112834787.000000,0,,spike,conv2d_f16,N=1;IC=40;IH=8;IW=10;OC=240;KH=1;KW=1;SH=1;SW=1;PH=0;PW=0;DH=1;DW=1;groups=1,112834787,1,,
95,vint_kcovref$dispatch_95_gemmini_q31_batchnorm2d_f16_N1xC240xH8xW10,,,2.323162,ms,2323162.000000,0,,spike,batchnorm2d_f16,N=1;C=240;H=8;W=10,2323162,1,,
96,vint_kcovref$dispatch_96_gemmini_q31_sigmoid_f16_n19200,,,3.499356,ms,3499356.000000,0,,spike,sigmoid_f16,n=19200,3499356,1,,
97,vint_kcovref$dispatch_97_gemmini_q31_mul_f16_n19200,,,2.994073,ms,2994073.000000,0,,spike,mul_f16,n=19200,2994073,1,,
98,vint_kcovref$dispatch_98_gemmini_q31_pad_f16_N1xC240xIH8xIW10xpad_left0xpad_right1xpad_top0xpad_bottom1,,,0.475289,ms,475289.000000,0,,spike,pad_f16,N=1;C=240;IH=8;IW=10;pad_left=0;pad_right=1;pad_top=0;pad_bottom=1,475289,1,,
99,vint_kcovref$dispatch_99_gemmini_q31_depthwise_conv2d_f16_N1xIC1xIH9xIW11xOC240xKH3xKW3xSH2xSW2xPH0xPW0xDH1xDW1xgroups240,,,5.558266,ms,5558266.000000,0,,spike,depthwise_conv2d_f16,N=1;IC=1;IH=9;IW=11;OC=240;KH=3;KW=3;SH=2;SW=2;PH=0;PW=0;DH=1;DW=1;groups=240,5558266,1,,
100,vint_kcovref$dispatch_100_gemmini_q31_batchnorm2d_f16_N1xC240xH4xW5,,,0.602945,ms,602945.000000,0,,spike,batchnorm2d_f16,N=1;C=240;H=4;W=5,602945,1,,
101,vint_kcovref$dispatch_101_gemmini_q31_sigmoid_f16_n4800,,,0.866934,ms,866934.000000,0,,spike,sigmoid_f16,n=4800,866934,1,,
102,vint_kcovref$dispatch_102_gemmini_q31_mul_f16_n4800,,,0.748623,ms,748623.000000,0,,spike,mul_f16,n=4800,748623,1,,
103,vint_kcovref$dispatch_103_gemmini_q31_adaptive_avg_pool2d_f16_N1xC240xIH4xIW5xOH1xOW1,,,0.404814,ms,404814.000000,0,,spike,adaptive_avg_pool2d_f16,N=1;C=240;IH=4;IW=5;OH=1;OW=1,404814,1,,
104,vint_kcovref$dispatch_104_gemmini_q31_conv2d_f16_N1xIC240xIH1xIW1xOC10xKH1xKW1xSH1xSW1xPH0xPW0xDH1xDW1xgroups1,,,0.349903,ms,349903.000000,0,,spike,conv2d_f16,N=1;IC=240;IH=1;IW=1;OC=10;KH=1;KW=1;SH=1;SW=1;PH=0;PW=0;DH=1;DW=1;groups=1,349903,1,,
105,vint_kcovref$dispatch_105_gemmini_q31_sigmoid_f16_n10,,,0.001925,ms,1925.000000,0,,spike,sigmoid_f16,n=10,1925,1,,
106,vint_kcovref$dispatch_106_gemmini_q31_mul_f16_n10,,,0.001600,ms,1600.000000,0,,spike,mul_f16,n=10,1600,1,,
107,vint_kcovref$dispatch_107_gemmini_q31_conv2d_f16_N1xIC10xIH1xIW1xOC240xKH1xKW1xSH1xSW1xPH0xPW0xDH1xDW1xgroups1,,,0.388033,ms,388033.000000,0,,spike,conv2d_f16,N=1;IC=10;IH=1;IW=1;OC=240;KH=1;KW=1;SH=1;SW=1;PH=0;PW=0;DH=1;DW=1;groups=1,388033,1,,
108,vint_kcovref$dispatch_108_gemmini_q31_sigmoid_f16_n240,,,0.042851,ms,42851.000000,0,,spike,sigmoid_f16,n=240,42851,1,,
109,vint_kcovref$dispatch_109_gemmini_q31_mul_c1_f16_N1xC240xHW20,,,0.564657,ms,564657.000000,0,,spike,mul_c1_f16,N=1;C=240;HW=20,564657,1,,
110,vint_kcovref$dispatch_110_gemmini_q31_conv2d_f16_N1xIC240xIH4xIW5xOC80xKH1xKW1xSH1xSW1xPH0xPW0xDH1xDW1xgroups1,,,55.827312,ms,55827312.000000,0,,spike,conv2d_f16,N=1;IC=240;IH=4;IW=5;OC=80;KH=1;KW=1;SH=1;SW=1;PH=0;PW=0;DH=1;DW=1;groups=1,55827312,1,,
111,vint_kcovref$dispatch_111_gemmini_q31_batchnorm2d_f16_N1xC80xH4xW5,,,0.201092,ms,201092.000000,0,,spike,batchnorm2d_f16,N=1;C=80;H=4;W=5,201092,1,,
112,vint_kcovref$dispatch_112_gemmini_q31_conv2d_f16_N1xIC80xIH4xIW5xOC480xKH1xKW1xSH1xSW1xPH0xPW0xDH1xDW1xgroups1,,,112.163904,ms,112163904.000000,0,,spike,conv2d_f16,N=1;IC=80;IH=4;IW=5;OC=480;KH=1;KW=1;SH=1;SW=1;PH=0;PW=0;DH=1;DW=1;groups=1,112163904,1,,
113,vint_kcovref$dispatch_113_gemmini_q31_batchnorm2d_f16_N1xC480xH4xW5,,,1.205620,ms,1205620.000000,0,,spike,batchnorm2d_f16,N=1;C=480;H=4;W=5,1205620,1,,
114,vint_kcovref$dispatch_114_gemmini_q31_sigmoid_f16_n9600,,,1.764389,ms,1764389.000000,0,,spike,sigmoid_f16,n=9600,1764389,1,,
115,vint_kcovref$dispatch_115_gemmini_q31_mul_f16_n9600,,,1.497209,ms,1497209.000000,0,,spike,mul_f16,n=9600,1497209,1,,
116,vint_kcovref$dispatch_116_gemmini_q31_depthwise_conv2d_f16_N1xIC1xIH4xIW5xOC480xKH3xKW3xSH1xSW1xPH1xPW1xDH1xDW1xgroups480,,,8.381581,ms,8381581.000000,0,,spike,depthwise_conv2d_f16,N=1;IC=1;IH=4;IW=5;OC=480;KH=3;KW=3;SH=1;SW=1;PH=1;PW=1;DH=1;DW=1;groups=480,8381581,1,,
117,vint_kcovref$dispatch_117_gemmini_q31_batchnorm2d_f16_N1xC480xH4xW5,,,1.205694,ms,1205694.000000,0,,spike,batchnorm2d_f16,N=1;C=480;H=4;W=5,1205694,1,,
118,vint_kcovref$dispatch_118_gemmini_q31_sigmoid_f16_n9600,,,1.735980,ms,1735980.000000,0,,spike,sigmoid_f16,n=9600,1735980,1,,
119,vint_kcovref$dispatch_119_gemmini_q31_mul_f16_n9600,,,1.497112,ms,1497112.000000,0,,spike,mul_f16,n=9600,1497112,1,,
120,vint_kcovref$dispatch_120_gemmini_q31_adaptive_avg_pool2d_f16_N1xC480xIH4xIW5xOH1xOW1,,,0.809321,ms,809321.000000,0,,spike,adaptive_avg_pool2d_f16,N=1;C=480;IH=4;IW=5;OH=1;OW=1,809321,1,,
121,vint_kcovref$dispatch_121_gemmini_q31_conv2d_f16_N1xIC480xIH1xIW1xOC20xKH1xKW1xSH1xSW1xPH0xPW0xDH1xDW1xgroups1,,,1.396613,ms,1396613.000000,0,,spike,conv2d_f16,N=1;IC=480;IH=1;IW=1;OC=20;KH=1;KW=1;SH=1;SW=1;PH=0;PW=0;DH=1;DW=1;groups=1,1396613,1,,
122,vint_kcovref$dispatch_122_gemmini_q31_sigmoid_f16_n20,,,0.003840,ms,3840.000000,0,,spike,sigmoid_f16,n=20,3840,1,,
123,vint_kcovref$dispatch_123_gemmini_q31_mul_f16_n20,,,0.003160,ms,3160.000000,0,,spike,mul_f16,n=20,3160,1,,
124,vint_kcovref$dispatch_124_gemmini_q31_conv2d_f16_N1xIC20xIH1xIW1xOC480xKH1xKW1xSH1xSW1xPH0xPW0xDH1xDW1xgroups1,,,1.472023,ms,1472023.000000,0,,spike,conv2d_f16,N=1;IC=20;IH=1;IW=1;OC=480;KH=1;KW=1;SH=1;SW=1;PH=0;PW=0;DH=1;DW=1;groups=1,1472023,1,,
125,vint_kcovref$dispatch_125_gemmini_q31_sigmoid_f16_n480,,,0.091059,ms,91059.000000,0,,spike,sigmoid_f16,n=480,91059,1,,
126,vint_kcovref$dispatch_126_gemmini_q31_mul_c1_f16_N1xC480xHW20,,,1.129650,ms,1129650.000000,0,,spike,mul_c1_f16,N=1;C=480;HW=20,1129650,1,,
127,vint_kcovref$dispatch_127_gemmini_q31_conv2d_f16_N1xIC480xIH4xIW5xOC80xKH1xKW1xSH1xSW1xPH0xPW0xDH1xDW1xgroups1,,,111.561276,ms,111561276.000000,0,,spike,conv2d_f16,N=1;IC=480;IH=4;IW=5;OC=80;KH=1;KW=1;SH=1;SW=1;PH=0;PW=0;DH=1;DW=1;groups=1,111561276,1,,
128,vint_kcovref$dispatch_128_gemmini_q31_batchnorm2d_f16_N1xC80xH4xW5,,,0.201019,ms,201019.000000,0,,spike,batchnorm2d_f16,N=1;C=80;H=4;W=5,201019,1,,
129,vint_kcovref$dispatch_129_gemmini_q31_add_f16_n1600,,,0.241666,ms,241666.000000,0,,spike,add_f16,n=1600,241666,1,,
130,vint_kcovref$dispatch_130_gemmini_q31_conv2d_f16_N1xIC80xIH4xIW5xOC480xKH1xKW1xSH1xSW1xPH0xPW0xDH1xDW1xgroups1,,,112.133846,ms,112133846.000000,0,,spike,conv2d_f16,N=1;IC=80;IH=4;IW=5;OC=480;KH=1;KW=1;SH=1;SW=1;PH=0;PW=0;DH=1;DW=1;groups=1,112133846,1,,
131,vint_kcovref$dispatch_131_gemmini_q31_batchnorm2d_f16_N1xC480xH4xW5,,,1.205460,ms,1205460.000000,0,,spike,batchnorm2d_f16,N=1;C=480;H=4;W=5,1205460,1,,
132,vint_kcovref$dispatch_132_gemmini_q31_sigmoid_f16_n9600,,,1.770794,ms,1770794.000000,0,,spike,sigmoid_f16,n=9600,1770794,1,,
133,vint_kcovref$dispatch_133_gemmini_q31_mul_f16_n9600,,,1.497143,ms,1497143.000000,0,,spike,mul_f16,n=9600,1497143,1,,
134,vint_kcovref$dispatch_134_gemmini_q31_depthwise_conv2d_f16_N1xIC1xIH4xIW5xOC480xKH3xKW3xSH1xSW1xPH1xPW1xDH1xDW1xgroups480,,,8.380807,ms,8380807.000000,0,,spike,depthwise_conv2d_f16,N=1;IC=1;IH=4;IW=5;OC=480;KH=3;KW=3;SH=1;SW=1;PH=1;PW=1;DH=1;DW=1;groups=480,8380807,1,,
135,vint_kcovref$dispatch_135_gemmini_q31_batchnorm2d_f16_N1xC480xH4xW5,,,1.205729,ms,1205729.000000,0,,spike,batchnorm2d_f16,N=1;C=480;H=4;W=5,1205729,1,,
136,vint_kcovref$dispatch_136_gemmini_q31_sigmoid_f16_n9600,,,1.734184,ms,1734184.000000,0,,spike,sigmoid_f16,n=9600,1734184,1,,
137,vint_kcovref$dispatch_137_gemmini_q31_mul_f16_n9600,,,1.496989,ms,1496989.000000,0,,spike,mul_f16,n=9600,1496989,1,,
138,vint_kcovref$dispatch_138_gemmini_q31_adaptive_avg_pool2d_f16_N1xC480xIH4xIW5xOH1xOW1,,,0.809341,ms,809341.000000,0,,spike,adaptive_avg_pool2d_f16,N=1;C=480;IH=4;IW=5;OH=1;OW=1,809341,1,,
139,vint_kcovref$dispatch_139_gemmini_q31_conv2d_f16_N1xIC480xIH1xIW1xOC20xKH1xKW1xSH1xSW1xPH0xPW0xDH1xDW1xgroups1,,,1.395513,ms,1395513.000000,0,,spike,conv2d_f16,N=1;IC=480;IH=1;IW=1;OC=20;KH=1;KW=1;SH=1;SW=1;PH=0;PW=0;DH=1;DW=1;groups=1,1395513,1,,
140,vint_kcovref$dispatch_140_gemmini_q31_sigmoid_f16_n20,,,0.003876,ms,3876.000000,0,,spike,sigmoid_f16,n=20,3876,1,,
141,vint_kcovref$dispatch_141_gemmini_q31_mul_f16_n20,,,0.003148,ms,3148.000000,0,,spike,mul_f16,n=20,3148,1,,
142,vint_kcovref$dispatch_142_gemmini_q31_conv2d_f16_N1xIC20xIH1xIW1xOC480xKH1xKW1xSH1xSW1xPH0xPW0xDH1xDW1xgroups1,,,1.471973,ms,1471973.000000,0,,spike,conv2d_f16,N=1;IC=20;IH=1;IW=1;OC=480;KH=1;KW=1;SH=1;SW=1;PH=0;PW=0;DH=1;DW=1;groups=1,1471973,1,,
143,vint_kcovref$dispatch_143_gemmini_q31_sigmoid_f16_n480,,,0.089521,ms,89521.000000,0,,spike,sigmoid_f16,n=480,89521,1,,
144,vint_kcovref$dispatch_144_gemmini_q31_mul_c1_f16_N1xC480xHW20,,,1.129499,ms,1129499.000000,0,,spike,mul_c1_f16,N=1;C=480;HW=20,1129499,1,,
145,vint_kcovref$dispatch_145_gemmini_q31_conv2d_f16_N1xIC480xIH4xIW5xOC80xKH1xKW1xSH1xSW1xPH0xPW0xDH1xDW1xgroups1,,,111.510262,ms,111510262.000000,0,,spike,conv2d_f16,N=1;IC=480;IH=4;IW=5;OC=80;KH=1;KW=1;SH=1;SW=1;PH=0;PW=0;DH=1;DW=1;groups=1,111510262,1,,
146,vint_kcovref$dispatch_146_gemmini_q31_batchnorm2d_f16_N1xC80xH4xW5,,,0.201113,ms,201113.000000,0,,spike,batchnorm2d_f16,N=1;C=80;H=4;W=5,201113,1,,
147,vint_kcovref$dispatch_147_gemmini_q31_add_f16_n1600,,,0.241089,ms,241089.000000,0,,spike,add_f16,n=1600,241089,1,,
148,vint_kcovref$dispatch_148_gemmini_q31_conv2d_f16_N1xIC80xIH4xIW5xOC480xKH1xKW1xSH1xSW1xPH0xPW0xDH1xDW1xgroups1,,,112.139366,ms,112139366.000000,0,,spike,conv2d_f16,N=1;IC=80;IH=4;IW=5;OC=480;KH=1;KW=1;SH=1;SW=1;PH=0;PW=0;DH=1;DW=1;groups=1,112139366,1,,
149,vint_kcovref$dispatch_149_gemmini_q31_batchnorm2d_f16_N1xC480xH4xW5,,,1.205643,ms,1205643.000000,0,,spike,batchnorm2d_f16,N=1;C=480;H=4;W=5,1205643,1,,
150,vint_kcovref$dispatch_150_gemmini_q31_sigmoid_f16_n9600,,,1.768085,ms,1768085.000000,0,,spike,sigmoid_f16,n=9600,1768085,1,,
151,vint_kcovref$dispatch_151_gemmini_q31_mul_f16_n9600,,,1.497022,ms,1497022.000000,0,,spike,mul_f16,n=9600,1497022,1,,
152,vint_kcovref$dispatch_152_gemmini_q31_depthwise_conv2d_f16_N1xIC1xIH4xIW5xOC480xKH5xKW5xSH1xSW1xPH2xPW2xDH1xDW1xgroups480,,,16.320405,ms,16320405.000000,0,,spike,depthwise_conv2d_f16,N=1;IC=1;IH=4;IW=5;OC=480;KH=5;KW=5;SH=1;SW=1;PH=2;PW=2;DH=1;DW=1;groups=480,16320405,1,,
153,vint_kcovref$dispatch_153_gemmini_q31_batchnorm2d_f16_N1xC480xH4xW5,,,1.205673,ms,1205673.000000,0,,spike,batchnorm2d_f16,N=1;C=480;H=4;W=5,1205673,1,,
154,vint_kcovref$dispatch_154_gemmini_q31_sigmoid_f16_n9600,,,1.734919,ms,1734919.000000,0,,spike,sigmoid_f16,n=9600,1734919,1,,
155,vint_kcovref$dispatch_155_gemmini_q31_mul_f16_n9600,,,1.497054,ms,1497054.000000,0,,spike,mul_f16,n=9600,1497054,1,,
156,vint_kcovref$dispatch_156_gemmini_q31_adaptive_avg_pool2d_f16_N1xC480xIH4xIW5xOH1xOW1,,,0.809269,ms,809269.000000,0,,spike,adaptive_avg_pool2d_f16,N=1;C=480;IH=4;IW=5;OH=1;OW=1,809269,1,,
157,vint_kcovref$dispatch_157_gemmini_q31_conv2d_f16_N1xIC480xIH1xIW1xOC20xKH1xKW1xSH1xSW1xPH0xPW0xDH1xDW1xgroups1,,,1.396563,ms,1396563.000000,0,,spike,conv2d_f16,N=1;IC=480;IH=1;IW=1;OC=20;KH=1;KW=1;SH=1;SW=1;PH=0;PW=0;DH=1;DW=1;groups=1,1396563,1,,
158,vint_kcovref$dispatch_158_gemmini_q31_sigmoid_f16_n20,,,0.003804,ms,3804.000000,0,,spike,sigmoid_f16,n=20,3804,1,,
159,vint_kcovref$dispatch_159_gemmini_q31_mul_f16_n20,,,0.003160,ms,3160.000000,0,,spike,mul_f16,n=20,3160,1,,
160,vint_kcovref$dispatch_160_gemmini_q31_conv2d_f16_N1xIC20xIH1xIW1xOC480xKH1xKW1xSH1xSW1xPH0xPW0xDH1xDW1xgroups1,,,1.471873,ms,1471873.000000,0,,spike,conv2d_f16,N=1;IC=20;IH=1;IW=1;OC=480;KH=1;KW=1;SH=1;SW=1;PH=0;PW=0;DH=1;DW=1;groups=1,1471873,1,,
161,vint_kcovref$dispatch_161_gemmini_q31_sigmoid_f16_n480,,,0.087033,ms,87033.000000,0,,spike,sigmoid_f16,n=480,87033,1,,
162,vint_kcovref$dispatch_162_gemmini_q31_mul_c1_f16_N1xC480xHW20,,,1.129765,ms,1129765.000000,0,,spike,mul_c1_f16,N=1;C=480;HW=20,1129765,1,,
163,vint_kcovref$dispatch_163_gemmini_q31_conv2d_f16_N1xIC480xIH4xIW5xOC112xKH1xKW1xSH1xSW1xPH0xPW0xDH1xDW1xgroups1,,,156.122310,ms,156122310.000000,0,,spike,conv2d_f16,N=1;IC=480;IH=4;IW=5;OC=112;KH=1;KW=1;SH=1;SW=1;PH=0;PW=0;DH=1;DW=1;groups=1,156122310,1,,
164,vint_kcovref$dispatch_164_gemmini_q31_batchnorm2d_f16_N1xC112xH4xW5,,,0.281410,ms,281410.000000,0,,spike,batchnorm2d_f16,N=1;C=112;H=4;W=5,281410,1,,
165,vint_kcovref$dispatch_165_gemmini_q31_conv2d_f16_N1xIC112xIH4xIW5xOC672xKH1xKW1xSH1xSW1xPH0xPW0xDH1xDW1xgroups1,,,219.363552,ms,219363552.000000,0,,spike,conv2d_f16,N=1;IC=112;IH=4;IW=5;OC=672;KH=1;KW=1;SH=1;SW=1;PH=0;PW=0;DH=1;DW=1;groups=1,219363552,1,,
166,vint_kcovref$dispatch_166_gemmini_q31_batchnorm2d_f16_N1xC672xH4xW5,,,1.687706,ms,1687706.000000,0,,spike,batchnorm2d_f16,N=1;C=672;H=4;W=5,1687706,1,,
167,vint_kcovref$dispatch_167_gemmini_q31_sigmoid_f16_n13440,,,2.472167,ms,2472167.000000,0,,spike,sigmoid_f16,n=13440,2472167,1,,
168,vint_kcovref$dispatch_168_gemmini_q31_mul_f16_n13440,,,2.095915,ms,2095915.000000,0,,spike,mul_f16,n=13440,2095915,1,,
169,vint_kcovref$dispatch_169_gemmini_q31_depthwise_conv2d_f16_N1xIC1xIH4xIW5xOC672xKH5xKW5xSH1xSW1xPH2xPW2xDH1xDW1xgroups672,,,22.846948,ms,22846948.000000,0,,spike,depthwise_conv2d_f16,N=1;IC=1;IH=4;IW=5;OC=672;KH=5;KW=5;SH=1;SW=1;PH=2;PW=2;DH=1;DW=1;groups=672,22846948,1,,
170,vint_kcovref$dispatch_170_gemmini_q31_batchnorm2d_f16_N1xC672xH4xW5,,,1.687771,ms,1687771.000000,0,,spike,batchnorm2d_f16,N=1;C=672;H=4;W=5,1687771,1,,
171,vint_kcovref$dispatch_171_gemmini_q31_sigmoid_f16_n13440,,,2.429796,ms,2429796.000000,0,,spike,sigmoid_f16,n=13440,2429796,1,,
172,vint_kcovref$dispatch_172_gemmini_q31_mul_f16_n13440,,,2.095874,ms,2095874.000000,0,,spike,mul_f16,n=13440,2095874,1,,
173,vint_kcovref$dispatch_173_gemmini_q31_adaptive_avg_pool2d_f16_N1xC672xIH4xIW5xOH1xOW1,,,1.132966,ms,1132966.000000,0,,spike,adaptive_avg_pool2d_f16,N=1;C=672;IH=4;IW=5;OH=1;OW=1,1132966,1,,
174,vint_kcovref$dispatch_174_gemmini_q31_conv2d_f16_N1xIC672xIH1xIW1xOC28xKH1xKW1xSH1xSW1xPH0xPW0xDH1xDW1xgroups1,,,2.733418,ms,2733418.000000,0,,spike,conv2d_f16,N=1;IC=672;IH=1;IW=1;OC=28;KH=1;KW=1;SH=1;SW=1;PH=0;PW=0;DH=1;DW=1;groups=1,2733418,1,,
175,vint_kcovref$dispatch_175_gemmini_q31_sigmoid_f16_n28,,,0.005339,ms,5339.000000,0,,spike,sigmoid_f16,n=28,5339,1,,
176,vint_kcovref$dispatch_176_gemmini_q31_mul_f16_n28,,,0.004396,ms,4396.000000,0,,spike,mul_f16,n=28,4396,1,,
177,vint_kcovref$dispatch_177_gemmini_q31_conv2d_f16_N1xIC28xIH1xIW1xOC672xKH1xKW1xSH1xSW1xPH0xPW0xDH1xDW1xgroups1,,,2.840602,ms,2840602.000000,0,,spike,conv2d_f16,N=1;IC=28;IH=1;IW=1;OC=672;KH=1;KW=1;SH=1;SW=1;PH=0;PW=0;DH=1;DW=1;groups=1,2840602,1,,
178,vint_kcovref$dispatch_178_gemmini_q31_sigmoid_f16_n672,,,0.123875,ms,123875.000000,0,,spike,sigmoid_f16,n=672,123875,1,,
179,vint_kcovref$dispatch_179_gemmini_q31_mul_c1_f16_N1xC672xHW20,,,1.580772,ms,1580772.000000,0,,spike,mul_c1_f16,N=1;C=672;HW=20,1580772,1,,
180,vint_kcovref$dispatch_180_gemmini_q31_conv2d_f16_N1xIC672xIH4xIW5xOC112xKH1xKW1xSH1xSW1xPH0xPW0xDH1xDW1xgroups1,,,218.491109,ms,218491109.000000,0,,spike,conv2d_f16,N=1;IC=672;IH=4;IW=5;OC=112;KH=1;KW=1;SH=1;SW=1;PH=0;PW=0;DH=1;DW=1;groups=1,218491109,1,,
181,vint_kcovref$dispatch_181_gemmini_q31_batchnorm2d_f16_N1xC112xH4xW5,,,0.281448,ms,281448.000000,0,,spike,batchnorm2d_f16,N=1;C=112;H=4;W=5,281448,1,,
182,vint_kcovref$dispatch_182_gemmini_q31_add_f16_n2240,,,0.340291,ms,340291.000000,0,,spike,add_f16,n=2240,340291,1,,
183,vint_kcovref$dispatch_183_gemmini_q31_conv2d_f16_N1xIC112xIH4xIW5xOC672xKH1xKW1xSH1xSW1xPH0xPW0xDH1xDW1xgroups1,,,219.370517,ms,219370517.000000,0,,spike,conv2d_f16,N=1;IC=112;IH=4;IW=5;OC=672;KH=1;KW=1;SH=1;SW=1;PH=0;PW=0;DH=1;DW=1;groups=1,219370517,1,,
184,vint_kcovref$dispatch_184_gemmini_q31_batchnorm2d_f16_N1xC672xH4xW5,,,1.687639,ms,1687639.000000,0,,spike,batchnorm2d_f16,N=1;C=672;H=4;W=5,1687639,1,,
185,vint_kcovref$dispatch_185_gemmini_q31_sigmoid_f16_n13440,,,2.462476,ms,2462476.000000,0,,spike,sigmoid_f16,n=13440,2462476,1,,
186,vint_kcovref$dispatch_186_gemmini_q31_mul_f16_n13440,,,2.096018,ms,2096018.000000,0,,spike,mul_f16,n=13440,2096018,1,,
187,vint_kcovref$dispatch_187_gemmini_q31_depthwise_conv2d_f16_N1xIC1xIH4xIW5xOC672xKH5xKW5xSH1xSW1xPH2xPW2xDH1xDW1xgroups672,,,22.848941,ms,22848941.000000,0,,spike,depthwise_conv2d_f16,N=1;IC=1;IH=4;IW=5;OC=672;KH=5;KW=5;SH=1;SW=1;PH=2;PW=2;DH=1;DW=1;groups=672,22848941,1,,
188,vint_kcovref$dispatch_188_gemmini_q31_batchnorm2d_f16_N1xC672xH4xW5,,,1.688079,ms,1688079.000000,0,,spike,batchnorm2d_f16,N=1;C=672;H=4;W=5,1688079,1,,
189,vint_kcovref$dispatch_189_gemmini_q31_sigmoid_f16_n13440,,,2.424426,ms,2424426.000000,0,,spike,sigmoid_f16,n=13440,2424426,1,,
190,vint_kcovref$dispatch_190_gemmini_q31_mul_f16_n13440,,,2.096293,ms,2096293.000000,0,,spike,mul_f16,n=13440,2096293,1,,
191,vint_kcovref$dispatch_191_gemmini_q31_adaptive_avg_pool2d_f16_N1xC672xIH4xIW5xOH1xOW1,,,1.133097,ms,1133097.000000,0,,spike,adaptive_avg_pool2d_f16,N=1;C=672;IH=4;IW=5;OH=1;OW=1,1133097,1,,
192,vint_kcovref$dispatch_192_gemmini_q31_conv2d_f16_N1xIC672xIH1xIW1xOC28xKH1xKW1xSH1xSW1xPH0xPW0xDH1xDW1xgroups1,,,2.733361,ms,2733361.000000,0,,spike,conv2d_f16,N=1;IC=672;IH=1;IW=1;OC=28;KH=1;KW=1;SH=1;SW=1;PH=0;PW=0;DH=1;DW=1;groups=1,2733361,1,,
193,vint_kcovref$dispatch_193_gemmini_q31_sigmoid_f16_n28,,,0.005346,ms,5346.000000,0,,spike,sigmoid_f16,n=28,5346,1,,
194,vint_kcovref$dispatch_194_gemmini_q31_mul_f16_n28,,,0.004396,ms,4396.000000,0,,spike,mul_f16,n=28,4396,1,,
195,vint_kcovref$dispatch_195_gemmini_q31_conv2d_f16_N1xIC28xIH1xIW1xOC672xKH1xKW1xSH1xSW1xPH0xPW0xDH1xDW1xgroups1,,,2.840260,ms,2840260.000000,0,,spike,conv2d_f16,N=1;IC=28;IH=1;IW=1;OC=672;KH=1;KW=1;SH=1;SW=1;PH=0;PW=0;DH=1;DW=1;groups=1,2840260,1,,
196,vint_kcovref$dispatch_196_gemmini_q31_sigmoid_f16_n672,,,0.129181,ms,129181.000000,0,,spike,sigmoid_f16,n=672,129181,1,,
197,vint_kcovref$dispatch_197_gemmini_q31_mul_c1_f16_N1xC672xHW20,,,1.604268,ms,1604268.000000,0,,spike,mul_c1_f16,N=1;C=672;HW=20,1604268,1,,
198,vint_kcovref$dispatch_198_gemmini_q31_conv2d_f16_N1xIC672xIH4xIW5xOC112xKH1xKW1xSH1xSW1xPH0xPW0xDH1xDW1xgroups1,,,223.400710,ms,223400710.000000,0,,spike,conv2d_f16,N=1;IC=672;IH=4;IW=5;OC=112;KH=1;KW=1;SH=1;SW=1;PH=0;PW=0;DH=1;DW=1;groups=1,223400710,1,,
199,vint_kcovref$dispatch_199_gemmini_q31_batchnorm2d_f16_N1xC112xH4xW5,,,0.281417,ms,281417.000000,0,,spike,batchnorm2d_f16,N=1;C=112;H=4;W=5,281417,1,,
200,vint_kcovref$dispatch_200_gemmini_q31_add_f16_n2240,,,0.340123,ms,340123.000000,0,,spike,add_f16,n=2240,340123,1,,
201,vint_kcovref$dispatch_201_gemmini_q31_conv2d_f16_N1xIC112xIH4xIW5xOC672xKH1xKW1xSH1xSW1xPH0xPW0xDH1xDW1xgroups1,,,219.367533,ms,219367533.000000,0,,spike,conv2d_f16,N=1;IC=112;IH=4;IW=5;OC=672;KH=1;KW=1;SH=1;SW=1;PH=0;PW=0;DH=1;DW=1;groups=1,219367533,1,,
202,vint_kcovref$dispatch_202_gemmini_q31_batchnorm2d_f16_N1xC672xH4xW5,,,1.687792,ms,1687792.000000,0,,spike,batchnorm2d_f16,N=1;C=672;H=4;W=5,1687792,1,,
203,vint_kcovref$dispatch_203_gemmini_q31_sigmoid_f16_n13440,,,2.465000,ms,2465000.000000,0,,spike,sigmoid_f16,n=13440,2465000,1,,
204,vint_kcovref$dispatch_204_gemmini_q31_mul_f16_n13440,,,2.095987,ms,2095987.000000,0,,spike,mul_f16,n=13440,2095987,1,,
205,vint_kcovref$dispatch_205_gemmini_q31_pad_f16_N1xC672xIH4xIW5xpad_left1xpad_right2xpad_top1xpad_bottom2,,,0.543065,ms,543065.000000,0,,spike,pad_f16,N=1;C=672;IH=4;IW=5;pad_left=1;pad_right=2;pad_top=1;pad_bottom=2,543065,1,,
206,vint_kcovref$dispatch_206_gemmini_q31_depthwise_conv2d_f16_N1xIC1xIH7xIW8xOC672xKH5xKW5xSH2xSW2xPH0xPW0xDH1xDW1xgroups672,,,8.170788,ms,8170788.000000,0,,spike,depthwise_conv2d_f16,N=1;IC=1;IH=7;IW=8;OC=672;KH=5;KW=5;SH=2;SW=2;PH=0;PW=0;DH=1;DW=1;groups=672,8170788,1,,
207,vint_kcovref$dispatch_207_gemmini_q31_batchnorm2d_f16_N1xC672xH2xW2,,,0.398409,ms,398409.000000,0,,spike,batchnorm2d_f16,N=1;C=672;H=2;W=2,398409,1,,
208,vint_kcovref$dispatch_208_gemmini_q31_sigmoid_f16_n2688,,,0.486481,ms,486481.000000,0,,spike,sigmoid_f16,n=2688,486481,1,,
209,vint_kcovref$dispatch_209_gemmini_q31_mul_f16_n2688,,,0.419201,ms,419201.000000,0,,spike,mul_f16,n=2688,419201,1,,
210,vint_kcovref$dispatch_210_gemmini_q31_adaptive_avg_pool2d_f16_N1xC672xIH2xIW2xOH1xOW1,,,0.300426,ms,300426.000000,0,,spike,adaptive_avg_pool2d_f16,N=1;C=672;IH=2;IW=2;OH=1;OW=1,300426,1,,
211,vint_kcovref$dispatch_211_gemmini_q31_conv2d_f16_N1xIC672xIH1xIW1xOC28xKH1xKW1xSH1xSW1xPH0xPW0xDH1xDW1xgroups1,,,2.734711,ms,2734711.000000,0,,spike,conv2d_f16,N=1;IC=672;IH=1;IW=1;OC=28;KH=1;KW=1;SH=1;SW=1;PH=0;PW=0;DH=1;DW=1;groups=1,2734711,1,,
212,vint_kcovref$dispatch_212_gemmini_q31_sigmoid_f16_n28,,,0.005315,ms,5315.000000,0,,spike,sigmoid_f16,n=28,5315,1,,
213,vint_kcovref$dispatch_213_gemmini_q31_mul_f16_n28,,,0.004408,ms,4408.000000,0,,spike,mul_f16,n=28,4408,1,,
214,vint_kcovref$dispatch_214_gemmini_q31_conv2d_f16_N1xIC28xIH1xIW1xOC672xKH1xKW1xSH1xSW1xPH0xPW0xDH1xDW1xgroups1,,,2.840264,ms,2840264.000000,0,,spike,conv2d_f16,N=1;IC=28;IH=1;IW=1;OC=672;KH=1;KW=1;SH=1;SW=1;PH=0;PW=0;DH=1;DW=1;groups=1,2840264,1,,
215,vint_kcovref$dispatch_215_gemmini_q31_sigmoid_f16_n672,,,0.126097,ms,126097.000000,0,,spike,sigmoid_f16,n=672,126097,1,,
216,vint_kcovref$dispatch_216_gemmini_q31_mul_c1_f16_N1xC672xHW4,,,0.345319,ms,345319.000000,0,,spike,mul_c1_f16,N=1;C=672;HW=4,345319,1,,
217,vint_kcovref$dispatch_217_gemmini_q31_conv2d_f16_N1xIC672xIH2xIW2xOC192xKH1xKW1xSH1xSW1xPH0xPW0xDH1xDW1xgroups1,,,74.933954,ms,74933954.000000,0,,spike,conv2d_f16,N=1;IC=672;IH=2;IW=2;OC=192;KH=1;KW=1;SH=1;SW=1;PH=0;PW=0;DH=1;DW=1;groups=1,74933954,1,,
218,vint_kcovref$dispatch_218_gemmini_q31_batchnorm2d_f16_N1xC192xH2xW2,,,0.113914,ms,113914.000000,0,,spike,batchnorm2d_f16,N=1;C=192;H=2;W=2,113914,1,,
219,vint_kcovref$dispatch_219_gemmini_q31_conv2d_f16_N1xIC192xIH2xIW2xOC1152xKH1xKW1xSH1xSW1xPH0xPW0xDH1xDW1xgroups1,,,128.726451,ms,128726451.000000,0,,spike,conv2d_f16,N=1;IC=192;IH=2;IW=2;OC=1152;KH=1;KW=1;SH=1;SW=1;PH=0;PW=0;DH=1;DW=1;groups=1,128726451,1,,
220,vint_kcovref$dispatch_220_gemmini_q31_batchnorm2d_f16_N1xC1152xH2xW2,,,0.682996,ms,682996.000000,0,,spike,batchnorm2d_f16,N=1;C=1152;H=2;W=2,682996,1,,
221,vint_kcovref$dispatch_221_gemmini_q31_sigmoid_f16_n4608,,,0.832978,ms,832978.000000,0,,spike,sigmoid_f16,n=4608,832978,1,,
222,vint_kcovref$dispatch_222_gemmini_q31_mul_f16_n4608,,,0.718655,ms,718655.000000,0,,spike,mul_f16,n=4608,718655,1,,
223,vint_kcovref$dispatch_223_gemmini_q31_depthwise_conv2d_f16_N1xIC1xIH2xIW2xOC1152xKH5xKW5xSH1xSW1xPH2xPW2xDH1xDW1xgroups1152,,,2.935088,ms,2935088.000000,0,,spike,depthwise_conv2d_f16,N=1;IC=1;IH=2;IW=2;OC=1152;KH=5;KW=5;SH=1;SW=1;PH=2;PW=2;DH=1;DW=1;groups=1152,2935088,1,,
224,vint_kcovref$dispatch_224_gemmini_q31_batchnorm2d_f16_N1xC1152xH2xW2,,,0.683155,ms,683155.000000,0,,spike,batchnorm2d_f16,N=1;C=1152;H=2;W=2,683155,1,,
225,vint_kcovref$dispatch_225_gemmini_q31_sigmoid_f16_n4608,,,0.814204,ms,814204.000000,0,,spike,sigmoid_f16,n=4608,814204,1,,
226,vint_kcovref$dispatch_226_gemmini_q31_mul_f16_n4608,,,0.718662,ms,718662.000000,0,,spike,mul_f16,n=4608,718662,1,,
227,vint_kcovref$dispatch_227_gemmini_q31_adaptive_avg_pool2d_f16_N1xC1152xIH2xIW2xOH1xOW1,,,0.514948,ms,514948.000000,0,,spike,adaptive_avg_pool2d_f16,N=1;C=1152;IH=2;IW=2;OH=1;OW=1,514948,1,,
228,vint_kcovref$dispatch_228_gemmini_q31_conv2d_f16_N1xIC1152xIH1xIW1xOC48xKH1xKW1xSH1xSW1xPH0xPW0xDH1xDW1xgroups1,,,8.027681,ms,8027681.000000,0,,spike,conv2d_f16,N=1;IC=1152;IH=1;IW=1;OC=48;KH=1;KW=1;SH=1;SW=1;PH=0;PW=0;DH=1;DW=1;groups=1,8027681,1,,
229,vint_kcovref$dispatch_229_gemmini_q31_sigmoid_f16_n48,,,0.009316,ms,9316.000000,0,,spike,sigmoid_f16,n=48,9316,1,,
230,vint_kcovref$dispatch_230_gemmini_q31_mul_f16_n48,,,0.007504,ms,7504.000000,0,,spike,mul_f16,n=48,7504,1,,
231,vint_kcovref$dispatch_231_gemmini_q31_conv2d_f16_N1xIC48xIH1xIW1xOC1152xKH1xKW1xSH1xSW1xPH0xPW0xDH1xDW1xgroups1,,,8.210333,ms,8210333.000000,0,,spike,conv2d_f16,N=1;IC=48;IH=1;IW=1;OC=1152;KH=1;KW=1;SH=1;SW=1;PH=0;PW=0;DH=1;DW=1;groups=1,8210333,1,,
232,vint_kcovref$dispatch_232_gemmini_q31_sigmoid_f16_n1152,,,0.226878,ms,226878.000000,0,,spike,sigmoid_f16,n=1152,226878,1,,
233,vint_kcovref$dispatch_233_gemmini_q31_mul_c1_f16_N1xC1152xHW4,,,0.633292,ms,633292.000000,0,,spike,mul_c1_f16,N=1;C=1152;HW=4,633292,1,,
234,vint_kcovref$dispatch_234_gemmini_q31_conv2d_f16_N1xIC1152xIH2xIW2xOC192xKH1xKW1xSH1xSW1xPH0xPW0xDH1xDW1xgroups1,,,141.391618,ms,141391618.000000,0,,spike,conv2d_f16,N=1;IC=1152;IH=2;IW=2;OC=192;KH=1;KW=1;SH=1;SW=1;PH=0;PW=0;DH=1;DW=1;groups=1,141391618,1,,
235,vint_kcovref$dispatch_235_gemmini_q31_batchnorm2d_f16_N1xC192xH2xW2,,,0.113890,ms,113890.000000,0,,spike,batchnorm2d_f16,N=1;C=192;H=2;W=2,113890,1,,
236,vint_kcovref$dispatch_236_gemmini_q31_add_f16_n768,,,0.118623,ms,118623.000000,0,,spike,add_f16,n=768,118623,1,,
237,vint_kcovref$dispatch_237_gemmini_q31_conv2d_f16_N1xIC192xIH2xIW2xOC1152xKH1xKW1xSH1xSW1xPH0xPW0xDH1xDW1xgroups1,,,128.724459,ms,128724459.000000,0,,spike,conv2d_f16,N=1;IC=192;IH=2;IW=2;OC=1152;KH=1;KW=1;SH=1;SW=1;PH=0;PW=0;DH=1;DW=1;groups=1,128724459,1,,
238,vint_kcovref$dispatch_238_gemmini_q31_batchnorm2d_f16_N1xC1152xH2xW2,,,0.682959,ms,682959.000000,0,,spike,batchnorm2d_f16,N=1;C=1152;H=2;W=2,682959,1,,
239,vint_kcovref$dispatch_239_gemmini_q31_sigmoid_f16_n4608,,,0.816776,ms,816776.000000,0,,spike,sigmoid_f16,n=4608,816776,1,,
240,vint_kcovref$dispatch_240_gemmini_q31_mul_f16_n4608,,,0.718505,ms,718505.000000,0,,spike,mul_f16,n=4608,718505,1,,
241,vint_kcovref$dispatch_241_gemmini_q31_depthwise_conv2d_f16_N1xIC1xIH2xIW2xOC1152xKH5xKW5xSH1xSW1xPH2xPW2xDH1xDW1xgroups1152,,,2.934975,ms,2934975.000000,0,,spike,depthwise_conv2d_f16,N=1;IC=1;IH=2;IW=2;OC=1152;KH=5;KW=5;SH=1;SW=1;PH=2;PW=2;DH=1;DW=1;groups=1152,2934975,1,,
242,vint_kcovref$dispatch_242_gemmini_q31_batchnorm2d_f16_N1xC1152xH2xW2,,,0.682835,ms,682835.000000,0,,spike,batchnorm2d_f16,N=1;C=1152;H=2;W=2,682835,1,,
243,vint_kcovref$dispatch_243_gemmini_q31_sigmoid_f16_n4608,,,0.793386,ms,793386.000000,0,,spike,sigmoid_f16,n=4608,793386,1,,
244,vint_kcovref$dispatch_244_gemmini_q31_mul_f16_n4608,,,0.718503,ms,718503.000000,0,,spike,mul_f16,n=4608,718503,1,,
245,vint_kcovref$dispatch_245_gemmini_q31_adaptive_avg_pool2d_f16_N1xC1152xIH2xIW2xOH1xOW1,,,0.515299,ms,515299.000000,0,,spike,adaptive_avg_pool2d_f16,N=1;C=1152;IH=2;IW=2;OH=1;OW=1,515299,1,,
246,vint_kcovref$dispatch_246_gemmini_q31_conv2d_f16_N1xIC1152xIH1xIW1xOC48xKH1xKW1xSH1xSW1xPH0xPW0xDH1xDW1xgroups1,,,8.032831,ms,8032831.000000,0,,spike,conv2d_f16,N=1;IC=1152;IH=1;IW=1;OC=48;KH=1;KW=1;SH=1;SW=1;PH=0;PW=0;DH=1;DW=1;groups=1,8032831,1,,
247,vint_kcovref$dispatch_247_gemmini_q31_sigmoid_f16_n48,,,0.009193,ms,9193.000000,0,,spike,sigmoid_f16,n=48,9193,1,,
248,vint_kcovref$dispatch_248_gemmini_q31_mul_f16_n48,,,0.007528,ms,7528.000000,0,,spike,mul_f16,n=48,7528,1,,
249,vint_kcovref$dispatch_249_gemmini_q31_conv2d_f16_N1xIC48xIH1xIW1xOC1152xKH1xKW1xSH1xSW1xPH0xPW0xDH1xDW1xgroups1,,,8.210752,ms,8210752.000000,0,,spike,conv2d_f16,N=1;IC=48;IH=1;IW=1;OC=1152;KH=1;KW=1;SH=1;SW=1;PH=0;PW=0;DH=1;DW=1;groups=1,8210752,1,,
250,vint_kcovref$dispatch_250_gemmini_q31_sigmoid_f16_n1152,,,0.221751,ms,221751.000000,0,,spike,sigmoid_f16,n=1152,221751,1,,
251,vint_kcovref$dispatch_251_gemmini_q31_mul_c1_f16_N1xC1152xHW4,,,0.594374,ms,594374.000000,0,,spike,mul_c1_f16,N=1;C=1152;HW=4,594374,1,,
252,vint_kcovref$dispatch_252_gemmini_q31_conv2d_f16_N1xIC1152xIH2xIW2xOC192xKH1xKW1xSH1xSW1xPH0xPW0xDH1xDW1xgroups1,,,129.216558,ms,129216558.000000,0,,spike,conv2d_f16,N=1;IC=1152;IH=2;IW=2;OC=192;KH=1;KW=1;SH=1;SW=1;PH=0;PW=0;DH=1;DW=1;groups=1,129216558,1,,
253,vint_kcovref$dispatch_253_gemmini_q31_batchnorm2d_f16_N1xC192xH2xW2,,,0.113907,ms,113907.000000,0,,spike,batchnorm2d_f16,N=1;C=192;H=2;W=2,113907,1,,
254,vint_kcovref$dispatch_254_gemmini_q31_add_f16_n768,,,0.118613,ms,118613.000000,0,,spike,add_f16,n=768,118613,1,,
255,vint_kcovref$dispatch_255_gemmini_q31_conv2d_f16_N1xIC192xIH2xIW2xOC1152xKH1xKW1xSH1xSW1xPH0xPW0xDH1xDW1xgroups1,,,128.724636,ms,128724636.000000,0,,spike,conv2d_f16,N=1;IC=192;IH=2;IW=2;OC=1152;KH=1;KW=1;SH=1;SW=1;PH=0;PW=0;DH=1;DW=1;groups=1,128724636,1,,
256,vint_kcovref$dispatch_256_gemmini_q31_batchnorm2d_f16_N1xC1152xH2xW2,,,0.682780,ms,682780.000000,0,,spike,batchnorm2d_f16,N=1;C=1152;H=2;W=2,682780,1,,
257,vint_kcovref$dispatch_257_gemmini_q31_sigmoid_f16_n4608,,,0.797719,ms,797719.000000,0,,spike,sigmoid_f16,n=4608,797719,1,,
258,vint_kcovref$dispatch_258_gemmini_q31_mul_f16_n4608,,,0.718592,ms,718592.000000,0,,spike,mul_f16,n=4608,718592,1,,
259,vint_kcovref$dispatch_259_gemmini_q31_depthwise_conv2d_f16_N1xIC1xIH2xIW2xOC1152xKH5xKW5xSH1xSW1xPH2xPW2xDH1xDW1xgroups1152,,,2.935834,ms,2935834.000000,0,,spike,depthwise_conv2d_f16,N=1;IC=1;IH=2;IW=2;OC=1152;KH=5;KW=5;SH=1;SW=1;PH=2;PW=2;DH=1;DW=1;groups=1152,2935834,1,,
260,vint_kcovref$dispatch_260_gemmini_q31_batchnorm2d_f16_N1xC1152xH2xW2,,,0.683391,ms,683391.000000,0,,spike,batchnorm2d_f16,N=1;C=1152;H=2;W=2,683391,1,,
261,vint_kcovref$dispatch_261_gemmini_q31_sigmoid_f16_n4608,,,0.791314,ms,791314.000000,0,,spike,sigmoid_f16,n=4608,791314,1,,
262,vint_kcovref$dispatch_262_gemmini_q31_mul_f16_n4608,,,0.718489,ms,718489.000000,0,,spike,mul_f16,n=4608,718489,1,,
263,vint_kcovref$dispatch_263_gemmini_q31_adaptive_avg_pool2d_f16_N1xC1152xIH2xIW2xOH1xOW1,,,0.515224,ms,515224.000000,0,,spike,adaptive_avg_pool2d_f16,N=1;C=1152;IH=2;IW=2;OH=1;OW=1,515224,1,,
264,vint_kcovref$dispatch_264_gemmini_q31_conv2d_f16_N1xIC1152xIH1xIW1xOC48xKH1xKW1xSH1xSW1xPH0xPW0xDH1xDW1xgroups1,,,8.032081,ms,8032081.000000,0,,spike,conv2d_f16,N=1;IC=1152;IH=1;IW=1;OC=48;KH=1;KW=1;SH=1;SW=1;PH=0;PW=0;DH=1;DW=1;groups=1,8032081,1,,
265,vint_kcovref$dispatch_265_gemmini_q31_sigmoid_f16_n48,,,0.008851,ms,8851.000000,0,,spike,sigmoid_f16,n=48,8851,1,,
266,vint_kcovref$dispatch_266_gemmini_q31_mul_f16_n48,,,0.007528,ms,7528.000000,0,,spike,mul_f16,n=48,7528,1,,
267,vint_kcovref$dispatch_267_gemmini_q31_conv2d_f16_N1xIC48xIH1xIW1xOC1152xKH1xKW1xSH1xSW1xPH0xPW0xDH1xDW1xgroups1,,,8.210601,ms,8210601.000000,0,,spike,conv2d_f16,N=1;IC=48;IH=1;IW=1;OC=1152;KH=1;KW=1;SH=1;SW=1;PH=0;PW=0;DH=1;DW=1;groups=1,8210601,1,,
268,vint_kcovref$dispatch_268_gemmini_q31_sigmoid_f16_n1152,,,0.221733,ms,221733.000000,0,,spike,sigmoid_f16,n=1152,221733,1,,
269,vint_kcovref$dispatch_269_gemmini_q31_mul_c1_f16_N1xC1152xHW4,,,0.594656,ms,594656.000000,0,,spike,mul_c1_f16,N=1;C=1152;HW=4,594656,1,,
270,vint_kcovref$dispatch_270_gemmini_q31_conv2d_f16_N1xIC1152xIH2xIW2xOC192xKH1xKW1xSH1xSW1xPH0xPW0xDH1xDW1xgroups1,,,129.407958,ms,129407958.000000,0,,spike,conv2d_f16,N=1;IC=1152;IH=2;IW=2;OC=192;KH=1;KW=1;SH=1;SW=1;PH=0;PW=0;DH=1;DW=1;groups=1,129407958,1,,
271,vint_kcovref$dispatch_271_gemmini_q31_batchnorm2d_f16_N1xC192xH2xW2,,,0.113904,ms,113904.000000,0,,spike,batchnorm2d_f16,N=1;C=192;H=2;W=2,113904,1,,
272,vint_kcovref$dispatch_272_gemmini_q31_add_f16_n768,,,0.118616,ms,118616.000000,0,,spike,add_f16,n=768,118616,1,,
273,vint_kcovref$dispatch_273_gemmini_q31_conv2d_f16_N1xIC192xIH2xIW2xOC1152xKH1xKW1xSH1xSW1xPH0xPW0xDH1xDW1xgroups1,,,128.719252,ms,128719252.000000,0,,spike,conv2d_f16,N=1;IC=192;IH=2;IW=2;OC=1152;KH=1;KW=1;SH=1;SW=1;PH=0;PW=0;DH=1;DW=1;groups=1,128719252,1,,
274,vint_kcovref$dispatch_274_gemmini_q31_batchnorm2d_f16_N1xC1152xH2xW2,,,0.682975,ms,682975.000000,0,,spike,batchnorm2d_f16,N=1;C=1152;H=2;W=2,682975,1,,
275,vint_kcovref$dispatch_275_gemmini_q31_sigmoid_f16_n4608,,,0.832873,ms,832873.000000,0,,spike,sigmoid_f16,n=4608,832873,1,,
276,vint_kcovref$dispatch_276_gemmini_q31_mul_f16_n4608,,,0.718744,ms,718744.000000,0,,spike,mul_f16,n=4608,718744,1,,
277,vint_kcovref$dispatch_277_gemmini_q31_depthwise_conv2d_f16_N1xIC1xIH2xIW2xOC1152xKH3xKW3xSH1xSW1xPH1xPW1xDH1xDW1xgroups1152,,,2.755045,ms,2755045.000000,0,,spike,depthwise_conv2d_f16,N=1;IC=1;IH=2;IW=2;OC=1152;KH=3;KW=3;SH=1;SW=1;PH=1;PW=1;DH=1;DW=1;groups=1152,2755045,1,,
278,vint_kcovref$dispatch_278_gemmini_q31_batchnorm2d_f16_N1xC1152xH2xW2,,,0.683159,ms,683159.000000,0,,spike,batchnorm2d_f16,N=1;C=1152;H=2;W=2,683159,1,,
279,vint_kcovref$dispatch_279_gemmini_q31_sigmoid_f16_n4608,,,0.802983,ms,802983.000000,0,,spike,sigmoid_f16,n=4608,802983,1,,
280,vint_kcovref$dispatch_280_gemmini_q31_mul_f16_n4608,,,0.718451,ms,718451.000000,0,,spike,mul_f16,n=4608,718451,1,,
281,vint_kcovref$dispatch_281_gemmini_q31_adaptive_avg_pool2d_f16_N1xC1152xIH2xIW2xOH1xOW1,,,0.514173,ms,514173.000000,0,,spike,adaptive_avg_pool2d_f16,N=1;C=1152;IH=2;IW=2;OH=1;OW=1,514173,1,,
282,vint_kcovref$dispatch_282_gemmini_q31_conv2d_f16_N1xIC1152xIH1xIW1xOC48xKH1xKW1xSH1xSW1xPH0xPW0xDH1xDW1xgroups1,,,8.032381,ms,8032381.000000,0,,spike,conv2d_f16,N=1;IC=1152;IH=1;IW=1;OC=48;KH=1;KW=1;SH=1;SW=1;PH=0;PW=0;DH=1;DW=1;groups=1,8032381,1,,
283,vint_kcovref$dispatch_283_gemmini_q31_sigmoid_f16_n48,,,0.009137,ms,9137.000000,0,,spike,sigmoid_f16,n=48,9137,1,,
284,vint_kcovref$dispatch_284_gemmini_q31_mul_f16_n48,,,0.007528,ms,7528.000000,0,,spike,mul_f16,n=48,7528,1,,
285,vint_kcovref$dispatch_285_gemmini_q31_conv2d_f16_N1xIC48xIH1xIW1xOC1152xKH1xKW1xSH1xSW1xPH0xPW0xDH1xDW1xgroups1,,,8.210047,ms,8210047.000000,0,,spike,conv2d_f16,N=1;IC=48;IH=1;IW=1;OC=1152;KH=1;KW=1;SH=1;SW=1;PH=0;PW=0;DH=1;DW=1;groups=1,8210047,1,,
286,vint_kcovref$dispatch_286_gemmini_q31_sigmoid_f16_n1152,,,0.222242,ms,222242.000000,0,,spike,sigmoid_f16,n=1152,222242,1,,
287,vint_kcovref$dispatch_287_gemmini_q31_mul_c1_f16_N1xC1152xHW4,,,0.595207,ms,595207.000000,0,,spike,mul_c1_f16,N=1;C=1152;HW=4,595207,1,,
288,vint_kcovref$dispatch_288_gemmini_q31_conv2d_f16_N1xIC1152xIH2xIW2xOC320xKH1xKW1xSH1xSW1xPH0xPW0xDH1xDW1xgroups1,,,216.016709,ms,216016709.000000,0,,spike,conv2d_f16,N=1;IC=1152;IH=2;IW=2;OC=320;KH=1;KW=1;SH=1;SW=1;PH=0;PW=0;DH=1;DW=1;groups=1,216016709,1,,
289,vint_kcovref$dispatch_289_gemmini_q31_batchnorm2d_f16_N1xC320xH2xW2,,,0.189712,ms,189712.000000,0,,spike,batchnorm2d_f16,N=1;C=320;H=2;W=2,189712,1,,
290,vint_kcovref$dispatch_290_gemmini_q31_conv2d_f16_N1xIC320xIH2xIW2xOC1280xKH1xKW1xSH1xSW1xPH0xPW0xDH1xDW1xgroups1,,,238.087168,ms,238087168.000000,0,,spike,conv2d_f16,N=1;IC=320;IH=2;IW=2;OC=1280;KH=1;KW=1;SH=1;SW=1;PH=0;PW=0;DH=1;DW=1;groups=1,238087168,1,,
291,vint_kcovref$dispatch_291_gemmini_q31_batchnorm2d_f16_N1xC1280xH2xW2,,,0.758694,ms,758694.000000,0,,spike,batchnorm2d_f16,N=1;C=1280;H=2;W=2,758694,1,,
292,vint_kcovref$dispatch_292_gemmini_q31_sigmoid_f16_n5120,,,0.956281,ms,956281.000000,0,,spike,sigmoid_f16,n=5120,956281,1,,
293,vint_kcovref$dispatch_293_gemmini_q31_mul_f16_n5120,,,0.798385,ms,798385.000000,0,,spike,mul_f16,n=5120,798385,1,,
294,vint_kcovref$dispatch_294_gemmini_q31_adaptive_avg_pool2d_f16_N1xC1280xIH2xIW2xOH1xOW1,,,0.573714,ms,573714.000000,0,,spike,adaptive_avg_pool2d_f16,N=1;C=1280;IH=2;IW=2;OH=1;OW=1,573714,1,,
295,vint_kcovref$dispatch_295_gemmini_q31_linear_f16_M1xK1280xN512,,,64.962904,ms,64962904.000000,0,,spike,linear_f16,M=1;K=1280;N=512,64962904,1,,
296,vint_kcovref$dispatch_296_gemmini_q31_pad_s8_N6xC3xIH64xIW85xpad_left0xpad_right1xpad_top0xpad_bottom1,,,1.406774,ms,1406774.000000,0,,spike,pad_s8,N=6;C=3;IH=64;IW=85;pad_left=0;pad_right=1;pad_top=0;pad_bottom=1,1406774,1,,
297,vint_kcovref$dispatch_297_gemmini_q31_conv2d_s8_pc_N6xIC3xIH65xIW86xOC32xKH3xKW3xSH2xSW2xPH0xPW0xDH1xDW1xgroups1,,,196.473094,ms,196473094.000000,0,,spike,conv2d_s8_pc,N=6;IC=3;IH=65;IW=86;OC=32;KH=3;KW=3;SH=2;SW=2;PH=0;PW=0;DH=1;DW=1;groups=1,196473094,1,,
298,vint_kcovref$dispatch_298_gemmini_q31_sigmoid_s8_n258048,,,25.705045,ms,25705045.000000,0,,spike,sigmoid_s8,n=258048,25705045,1,,
299,vint_kcovref$dispatch_299_gemmini_q31_mul_s8_n258048,,,11.161981,ms,11161981.000000,0,,spike,mul_s8,n=258048,11161981,1,,
300,vint_kcovref$dispatch_300_gemmini_q31_depthwise_conv2d_s8_N6xIC1xIH32xIW42xOC32xKH3xKW3xSH1xSW1xPH1xPW1xDH1xDW1xgroups32,,,68.556535,ms,68556535.000000,0,,spike,depthwise_conv2d_s8,N=6;IC=1;IH=32;IW=42;OC=32;KH=3;KW=3;SH=1;SW=1;PH=1;PW=1;DH=1;DW=1;groups=32,68556535,1,,
301,vint_kcovref$dispatch_301_gemmini_q31_sigmoid_s8_n258048,,,25.428931,ms,25428931.000000,0,,spike,sigmoid_s8,n=258048,25428931,1,,
302,vint_kcovref$dispatch_302_gemmini_q31_mul_s8_n258048,,,11.136733,ms,11136733.000000,0,,spike,mul_s8,n=258048,11136733,1,,
303,vint_kcovref$dispatch_303_gemmini_q31_adaptive_avg_pool2d_s8_N6xC32xIH32xIW42xOH1xOW1,,,2.140161,ms,2140161.000000,0,,spike,adaptive_avg_pool2d_s8,N=6;C=32;IH=32;IW=42;OH=1;OW=1,2140161,1,,
304,vint_kcovref$dispatch_304_gemmini_q31_conv2d_s8_pc_N6xIC32xIH1xIW1xOC8xKH1xKW1xSH1xSW1xPH0xPW0xDH1xDW1xgroups1,,,0.073461,ms,73461.000000,0,,spike,conv2d_s8_pc,N=6;IC=32;IH=1;IW=1;OC=8;KH=1;KW=1;SH=1;SW=1;PH=0;PW=0;DH=1;DW=1;groups=1,73461,1,,
305,vint_kcovref$dispatch_305_gemmini_q31_sigmoid_s8_n48,,,0.004669,ms,4669.000000,0,,spike,sigmoid_s8,n=48,4669,1,,
306,vint_kcovref$dispatch_306_gemmini_q31_mul_s8_n48,,,0.002179,ms,2179.000000,0,,spike,mul_s8,n=48,2179,1,,
307,vint_kcovref$dispatch_307_gemmini_q31_conv2d_s8_pc_N6xIC8xIH1xIW1xOC32xKH1xKW1xSH1xSW1xPH0xPW0xDH1xDW1xgroups1,,,0.085701,ms,85701.000000,0,,spike,conv2d_s8_pc,N=6;IC=8;IH=1;IW=1;OC=32;KH=1;KW=1;SH=1;SW=1;PH=0;PW=0;DH=1;DW=1;groups=1,85701,1,,
308,vint_kcovref$dispatch_308_gemmini_q31_sigmoid_s8_n192,,,0.018793,ms,18793.000000,0,,spike,sigmoid_s8,n=192,18793,1,,
309,vint_kcovref$dispatch_309_gemmini_q31_mul_c1_s8_N6xC32xHW1344,,,5.259286,ms,5259286.000000,0,,spike,mul_c1_s8,N=6;C=32;HW=1344,5259286,1,,
310,vint_kcovref$dispatch_310_gemmini_q31_conv2d_s8_pc_N6xIC32xIH32xIW42xOC16xKH1xKW1xSH1xSW1xPH0xPW0xDH1xDW1xgroups1,,,190.746886,ms,190746886.000000,0,,spike,conv2d_s8_pc,N=6;IC=32;IH=32;IW=42;OC=16;KH=1;KW=1;SH=1;SW=1;PH=0;PW=0;DH=1;DW=1;groups=1,190746886,1,,
311,vint_kcovref$dispatch_311_gemmini_q31_conv2d_s8_pc_N6xIC16xIH32xIW42xOC96xKH1xKW1xSH1xSW1xPH0xPW0xDH1xDW1xgroups1,,,587.096326,ms,587096326.000000,0,,spike,conv2d_s8_pc,N=6;IC=16;IH=32;IW=42;OC=96;KH=1;KW=1;SH=1;SW=1;PH=0;PW=0;DH=1;DW=1;groups=1,587096326,1,,
312,vint_kcovref$dispatch_312_gemmini_q31_sigmoid_s8_n774144,,,73.953511,ms,73953511.000000,0,,spike,sigmoid_s8,n=774144,73953511,1,,
313,vint_kcovref$dispatch_313_gemmini_q31_mul_s8_n774144,,,33.460705,ms,33460705.000000,0,,spike,mul_s8,n=774144,33460705,1,,
314,vint_kcovref$dispatch_314_gemmini_q31_pad_s8_N6xC96xIH32xIW42xpad_left0xpad_right1xpad_top0xpad_bottom1,,,11.415873,ms,11415873.000000,0,,spike,pad_s8,N=6;C=96;IH=32;IW=42;pad_left=0;pad_right=1;pad_top=0;pad_bottom=1,11415873,1,,
315,vint_kcovref$dispatch_315_gemmini_q31_depthwise_conv2d_s8_N6xIC1xIH33xIW43xOC96xKH3xKW3xSH2xSW2xPH0xPW0xDH1xDW1xgroups96,,,52.773368,ms,52773368.000000,0,,spike,depthwise_conv2d_s8,N=6;IC=1;IH=33;IW=43;OC=96;KH=3;KW=3;SH=2;SW=2;PH=0;PW=0;DH=1;DW=1;groups=96,52773368,1,,
316,vint_kcovref$dispatch_316_gemmini_q31_sigmoid_s8_n193536,,,20.036486,ms,20036486.000000,0,,spike,sigmoid_s8,n=193536,20036486,1,,
317,vint_kcovref$dispatch_317_gemmini_q31_mul_s8_n193536,,,8.423960,ms,8423960.000000,0,,spike,mul_s8,n=193536,8423960,1,,
318,vint_kcovref$dispatch_318_gemmini_q31_adaptive_avg_pool2d_s8_N6xC96xIH16xIW21xOH1xOW1,,,1.692333,ms,1692333.000000,0,,spike,adaptive_avg_pool2d_s8,N=6;C=96;IH=16;IW=21;OH=1;OW=1,1692333,1,,
319,vint_kcovref$dispatch_319_gemmini_q31_conv2d_s8_pc_N6xIC96xIH1xIW1xOC4xKH1xKW1xSH1xSW1xPH0xPW0xDH1xDW1xgroups1,,,0.105981,ms,105981.000000,0,,spike,conv2d_s8_pc,N=6;IC=96;IH=1;IW=1;OC=4;KH=1;KW=1;SH=1;SW=1;PH=0;PW=0;DH=1;DW=1;groups=1,105981,1,,
320,vint_kcovref$dispatch_320_gemmini_q31_sigmoid_s8_n24,,,0.002485,ms,2485.000000,0,,spike,sigmoid_s8,n=24,2485,1,,
321,vint_kcovref$dispatch_321_gemmini_q31_mul_s8_n24,,,0.001117,ms,1117.000000,0,,spike,mul_s8,n=24,1117,1,,
322,vint_kcovref$dispatch_322_gemmini_q31_conv2d_s8_pc_N6xIC4xIH1xIW1xOC96xKH1xKW1xSH1xSW1xPH0xPW0xDH1xDW1xgroups1,,,0.152901,ms,152901.000000,0,,spike,conv2d_s8_pc,N=6;IC=4;IH=1;IW=1;OC=96;KH=1;KW=1;SH=1;SW=1;PH=0;PW=0;DH=1;DW=1;groups=1,152901,1,,
323,vint_kcovref$dispatch_323_gemmini_q31_sigmoid_s8_n576,,,0.056935,ms,56935.000000,0,,spike,sigmoid_s8,n=576,56935,1,,
324,vint_kcovref$dispatch_324_gemmini_q31_mul_c1_s8_N6xC96xHW336,,,3.955912,ms,3955912.000000,0,,spike,mul_c1_s8,N=6;C=96;HW=336,3955912,1,,
325,vint_kcovref$dispatch_325_gemmini_q31_conv2d_s8_pc_N6xIC96xIH16xIW21xOC24xKH1xKW1xSH1xSW1xPH0xPW0xDH1xDW1xgroups1,,,210.896902,ms,210896902.000000,0,,spike,conv2d_s8_pc,N=6;IC=96;IH=16;IW=21;OC=24;KH=1;KW=1;SH=1;SW=1;PH=0;PW=0;DH=1;DW=1;groups=1,210896902,1,,
326,vint_kcovref$dispatch_326_gemmini_q31_conv2d_s8_pc_N6xIC24xIH16xIW21xOC144xKH1xKW1xSH1xSW1xPH0xPW0xDH1xDW1xgroups1,,,324.795142,ms,324795142.000000,0,,spike,conv2d_s8_pc,N=6;IC=24;IH=16;IW=21;OC=144;KH=1;KW=1;SH=1;SW=1;PH=0;PW=0;DH=1;DW=1;groups=1,324795142,1,,
327,vint_kcovref$dispatch_327_gemmini_q31_sigmoid_s8_n290304,,,27.314066,ms,27314066.000000,0,,spike,sigmoid_s8,n=290304,27314066,1,,
328,vint_kcovref$dispatch_328_gemmini_q31_mul_s8_n290304,,,12.483974,ms,12483974.000000,0,,spike,mul_s8,n=290304,12483974,1,,
329,vint_kcovref$dispatch_329_gemmini_q31_depthwise_conv2d_s8_N6xIC1xIH16xIW21xOC144xKH3xKW3xSH1xSW1xPH1xPW1xDH1xDW1xgroups144,,,75.326360,ms,75326360.000000,0,,spike,depthwise_conv2d_s8,N=6;IC=1;IH=16;IW=21;OC=144;KH=3;KW=3;SH=1;SW=1;PH=1;PW=1;DH=1;DW=1;groups=144,75326360,1,,
330,vint_kcovref$dispatch_330_gemmini_q31_sigmoid_s8_n290304,,,27.411158,ms,27411158.000000,0,,spike,sigmoid_s8,n=290304,27411158,1,,
331,vint_kcovref$dispatch_331_gemmini_q31_mul_s8_n290304,,,12.492626,ms,12492626.000000,0,,spike,mul_s8,n=290304,12492626,1,,
332,vint_kcovref$dispatch_332_gemmini_q31_adaptive_avg_pool2d_s8_N6xC144xIH16xIW21xOH1xOW1,,,2.538285,ms,2538285.000000,0,,spike,adaptive_avg_pool2d_s8,N=6;C=144;IH=16;IW=21;OH=1;OW=1,2538285,1,,
333,vint_kcovref$dispatch_333_gemmini_q31_conv2d_s8_pc_N6xIC144xIH1xIW1xOC6xKH1xKW1xSH1xSW1xPH0xPW0xDH1xDW1xgroups1,,,0.236600,ms,236600.000000,0,,spike,conv2d_s8_pc,N=6;IC=144;IH=1;IW=1;OC=6;KH=1;KW=1;SH=1;SW=1;PH=0;PW=0;DH=1;DW=1;groups=1,236600,1,,
334,vint_kcovref$dispatch_334_gemmini_q31_sigmoid_s8_n36,,,0.003589,ms,3589.000000,0,,spike,sigmoid_s8,n=36,3589,1,,
335,vint_kcovref$dispatch_335_gemmini_q31_mul_s8_n36,,,0.001645,ms,1645.000000,0,,spike,mul_s8,n=36,1645,1,,
336,vint_kcovref$dispatch_336_gemmini_q31_conv2d_s8_pc_N6xIC6xIH1xIW1xOC144xKH1xKW1xSH1xSW1xPH0xPW0xDH1xDW1xgroups1,,,0.306981,ms,306981.000000,0,,spike,conv2d_s8_pc,N=6;IC=6;IH=1;IW=1;OC=144;KH=1;KW=1;SH=1;SW=1;PH=0;PW=0;DH=1;DW=1;groups=1,306981,1,,
337,vint_kcovref$dispatch_337_gemmini_q31_sigmoid_s8_n864,,,0.083647,ms,83647.000000,0,,spike,sigmoid_s8,n=864,83647,1,,
338,vint_kcovref$dispatch_338_gemmini_q31_mul_c1_s8_N6xC144xHW336,,,5.934322,ms,5934322.000000,0,,spike,mul_c1_s8,N=6;C=144;HW=336,5934322,1,,
339,vint_kcovref$dispatch_339_gemmini_q31_conv2d_s8_pc_N6xIC144xIH16xIW21xOC24xKH1xKW1xSH1xSW1xPH0xPW0xDH1xDW1xgroups1,,,315.406342,ms,315406342.000000,0,,spike,conv2d_s8_pc,N=6;IC=144;IH=16;IW=21;OC=24;KH=1;KW=1;SH=1;SW=1;PH=0;PW=0;DH=1;DW=1;groups=1,315406342,1,,
340,vint_kcovref$dispatch_340_gemmini_q31_add_s8_n48384,,,2.062670,ms,2062670.000000,0,,spike,add_s8,n=48384,2062670,1,,
341,vint_kcovref$dispatch_341_gemmini_q31_conv2d_s8_pc_N6xIC24xIH16xIW21xOC144xKH1xKW1xSH1xSW1xPH0xPW0xDH1xDW1xgroups1,,,324.795142,ms,324795142.000000,0,,spike,conv2d_s8_pc,N=6;IC=24;IH=16;IW=21;OC=144;KH=1;KW=1;SH=1;SW=1;PH=0;PW=0;DH=1;DW=1;groups=1,324795142,1,,
342,vint_kcovref$dispatch_342_gemmini_q31_sigmoid_s8_n290304,,,27.842528,ms,27842528.000000,0,,spike,sigmoid_s8,n=290304,27842528,1,,
343,vint_kcovref$dispatch_343_gemmini_q31_mul_s8_n290304,,,12.627698,ms,12627698.000000,0,,spike,mul_s8,n=290304,12627698,1,,
344,vint_kcovref$dispatch_344_gemmini_q31_pad_s8_N6xC144xIH16xIW21xpad_left1xpad_right2xpad_top1xpad_bottom2,,,5.202273,ms,5202273.000000,0,,spike,pad_s8,N=6;C=144;IH=16;IW=21;pad_left=1;pad_right=2;pad_top=1;pad_bottom=2,5202273,1,,
345,vint_kcovref$dispatch_345_gemmini_q31_depthwise_conv2d_s8_N6xIC1xIH19xIW24xOC144xKH5xKW5xSH2xSW2xPH0xPW0xDH1xDW1xgroups144,,,44.897144,ms,44897144.000000,0,,spike,depthwise_conv2d_s8,N=6;IC=1;IH=19;IW=24;OC=144;KH=5;KW=5;SH=2;SW=2;PH=0;PW=0;DH=1;DW=1;groups=144,44897144,1,,
346,vint_kcovref$dispatch_346_gemmini_q31_sigmoid_s8_n69120,,,7.127966,ms,7127966.000000,0,,spike,sigmoid_s8,n=69120,7127966,1,,
347,vint_kcovref$dispatch_347_gemmini_q31_mul_s8_n69120,,,3.015050,ms,3015050.000000,0,,spike,mul_s8,n=69120,3015050,1,,
348,vint_kcovref$dispatch_348_gemmini_q31_adaptive_avg_pool2d_s8_N6xC144xIH8xIW10xOH1xOW1,,,0.706725,ms,706725.000000,0,,spike,adaptive_avg_pool2d_s8,N=6;C=144;IH=8;IW=10;OH=1;OW=1,706725,1,,
349,vint_kcovref$dispatch_349_gemmini_q31_conv2d_s8_pc_N6xIC144xIH1xIW1xOC6xKH1xKW1xSH1xSW1xPH0xPW0xDH1xDW1xgroups1,,,0.236600,ms,236600.000000,0,,spike,conv2d_s8_pc,N=6;IC=144;IH=1;IW=1;OC=6;KH=1;KW=1;SH=1;SW=1;PH=0;PW=0;DH=1;DW=1;groups=1,236600,1,,
350,vint_kcovref$dispatch_350_gemmini_q31_sigmoid_s8_n36,,,0.003343,ms,3343.000000,0,,spike,sigmoid_s8,n=36,3343,1,,
351,vint_kcovref$dispatch_351_gemmini_q31_mul_s8_n36,,,0.001603,ms,1603.000000,0,,spike,mul_s8,n=36,1603,1,,
352,vint_kcovref$dispatch_352_gemmini_q31_conv2d_s8_pc_N6xIC6xIH1xIW1xOC144xKH1xKW1xSH1xSW1xPH0xPW0xDH1xDW1xgroups1,,,0.306981,ms,306981.000000,0,,spike,conv2d_s8_pc,N=6;IC=6;IH=1;IW=1;OC=144;KH=1;KW=1;SH=1;SW=1;PH=0;PW=0;DH=1;DW=1;groups=1,306981,1,,
353,vint_kcovref$dispatch_353_gemmini_q31_sigmoid_s8_n864,,,0.084043,ms,84043.000000,0,,spike,sigmoid_s8,n=864,84043,1,,
354,vint_kcovref$dispatch_354_gemmini_q31_mul_c1_s8_N6xC144xHW80,,,1.425796,ms,1425796.000000,0,,spike,mul_c1_s8,N=6;C=144;HW=80,1425796,1,,
355,vint_kcovref$dispatch_355_gemmini_q31_conv2d_s8_pc_N6xIC144xIH8xIW10xOC40xKH1xKW1xSH1xSW1xPH0xPW0xDH1xDW1xgroups1,,,125.182342,ms,125182342.000000,0,,spike,conv2d_s8_pc,N=6;IC=144;IH=8;IW=10;OC=40;KH=1;KW=1;SH=1;SW=1;PH=0;PW=0;DH=1;DW=1;groups=1,125182342,1,,
356,vint_kcovref$dispatch_356_gemmini_q31_conv2d_s8_pc_N6xIC40xIH8xIW10xOC240xKH1xKW1xSH1xSW1xPH0xPW0xDH1xDW1xgroups1,,,211.956742,ms,211956742.000000,0,,spike,conv2d_s8_pc,N=6;IC=40;IH=8;IW=10;OC=240;KH=1;KW=1;SH=1;SW=1;PH=0;PW=0;DH=1;DW=1;groups=1,211956742,1,,
357,vint_kcovref$dispatch_357_gemmini_q31_sigmoid_s8_n115200,,,10.833818,ms,10833818.000000,0,,spike,sigmoid_s8,n=115200,10833818,1,,
358,vint_kcovref$dispatch_358_gemmini_q31_mul_s8_n115200,,,4.969112,ms,4969112.000000,0,,spike,mul_s8,n=115200,4969112,1,,
359,vint_kcovref$dispatch_359_gemmini_q31_depthwise_conv2d_s8_N6xIC1xIH8xIW10xOC240xKH5xKW5xSH1xSW1xPH2xPW2xDH1xDW1xgroups240,,,60.174968,ms,60174968.000000,0,,spike,depthwise_conv2d_s8,N=6;IC=1;IH=8;IW=10;OC=240;KH=5;KW=5;SH=1;SW=1;PH=2;PW=2;DH=1;DW=1;groups=240,60174968,1,,
360,vint_kcovref$dispatch_360_gemmini_q31_sigmoid_s8_n115200,,,11.189900,ms,11189900.000000,0,,spike,sigmoid_s8,n=115200,11189900,1,,
361,vint_kcovref$dispatch_361_gemmini_q31_mul_s8_n115200,,,5.001746,ms,5001746.000000,0,,spike,mul_s8,n=115200,5001746,1,,
362,vint_kcovref$dispatch_362_gemmini_q31_adaptive_avg_pool2d_s8_N6xC240xIH8xIW10xOH1xOW1,,,1.177845,ms,1177845.000000,0,,spike,adaptive_avg_pool2d_s8,N=6;C=240;IH=8;IW=10;OH=1;OW=1,1177845,1,,
363,vint_kcovref$dispatch_363_gemmini_q31_conv2d_s8_pc_N6xIC240xIH1xIW1xOC10xKH1xKW1xSH1xSW1xPH0xPW0xDH1xDW1xgroups1,,,0.653361,ms,653361.000000,0,,spike,conv2d_s8_pc,N=6;IC=240;IH=1;IW=1;OC=10;KH=1;KW=1;SH=1;SW=1;PH=0;PW=0;DH=1;DW=1;groups=1,653361,1,,
364,vint_kcovref$dispatch_364_gemmini_q31_sigmoid_s8_n60,,,0.006277,ms,6277.000000,0,,spike,sigmoid_s8,n=60,6277,1,,
365,vint_kcovref$dispatch_365_gemmini_q31_mul_s8_n60,,,0.002701,ms,2701.000000,0,,spike,mul_s8,n=60,2701,1,,
366,vint_kcovref$dispatch_366_gemmini_q31_conv2d_s8_pc_N6xIC10xIH1xIW1xOC240xKH1xKW1xSH1xSW1xPH0xPW0xDH1xDW1xgroups1,,,0.770661,ms,770661.000000,0,,spike,conv2d_s8_pc,N=6;IC=10;IH=1;IW=1;OC=240;KH=1;KW=1;SH=1;SW=1;PH=0;PW=0;DH=1;DW=1;groups=1,770661,1,,
367,vint_kcovref$dispatch_367_gemmini_q31_sigmoid_s8_n1440,,,0.137683,ms,137683.000000,0,,spike,sigmoid_s8,n=1440,137683,1,,
368,vint_kcovref$dispatch_368_gemmini_q31_mul_c1_s8_N6xC240xHW80,,,2.356120,ms,2356120.000000,0,,spike,mul_c1_s8,N=6;C=240;HW=80,2356120,1,,
369,vint_kcovref$dispatch_369_gemmini_q31_conv2d_s8_pc_N6xIC240xIH8xIW10xOC40xKH1xKW1xSH1xSW1xPH0xPW0xDH1xDW1xgroups1,,,208.126342,ms,208126342.000000,0,,spike,conv2d_s8_pc,N=6;IC=240;IH=8;IW=10;OC=40;KH=1;KW=1;SH=1;SW=1;PH=0;PW=0;DH=1;DW=1;groups=1,208126342,1,,
370,vint_kcovref$dispatch_370_gemmini_q31_add_s8_n19200,,,0.807878,ms,807878.000000,0,,spike,add_s8,n=19200,807878,1,,
371,vint_kcovref$dispatch_371_gemmini_q31_conv2d_s8_pc_N6xIC40xIH8xIW10xOC240xKH1xKW1xSH1xSW1xPH0xPW0xDH1xDW1xgroups1,,,211.956742,ms,211956742.000000,0,,spike,conv2d_s8_pc,N=6;IC=40;IH=8;IW=10;OC=240;KH=1;KW=1;SH=1;SW=1;PH=0;PW=0;DH=1;DW=1;groups=1,211956742,1,,
372,vint_kcovref$dispatch_372_gemmini_q31_sigmoid_s8_n115200,,,10.834526,ms,10834526.000000,0,,spike,sigmoid_s8,n=115200,10834526,1,,
373,vint_kcovref$dispatch_373_gemmini_q31_mul_s8_n115200,,,4.977008,ms,4977008.000000,0,,spike,mul_s8,n=115200,4977008,1,,
374,vint_kcovref$dispatch_374_gemmini_q31_pad_s8_N6xC240xIH8xIW10xpad_left0xpad_right1xpad_top0xpad_bottom1,,,1.997409,ms,1997409.000000,0,,spike,pad_s8,N=6;C=240;IH=8;IW=10;pad_left=0;pad_right=1;pad_top=0;pad_bottom=1,1997409,1,,
375,vint_kcovref$dispatch_375_gemmini_q31_depthwise_conv2d_s8_N6xIC1xIH9xIW11xOC240xKH3xKW3xSH2xSW2xPH0xPW0xDH1xDW1xgroups240,,,7.937528,ms,7937528.000000,0,,spike,depthwise_conv2d_s8,N=6;IC=1;IH=9;IW=11;OC=240;KH=3;KW=3;SH=2;SW=2;PH=0;PW=0;DH=1;DW=1;groups=240,7937528,1,,
376,vint_kcovref$dispatch_376_gemmini_q31_sigmoid_s8_n28800,,,2.886632,ms,2886632.000000,0,,spike,sigmoid_s8,n=28800,2886632,1,,
377,vint_kcovref$dispatch_377_gemmini_q31_mul_s8_n28800,,,1.252832,ms,1252832.000000,0,,spike,mul_s8,n=28800,1252832,1,,
378,vint_kcovref$dispatch_378_gemmini_q31_adaptive_avg_pool2d_s8_N6xC240xIH4xIW5xOH1xOW1,,,0.434679,ms,434679.000000,0,,spike,adaptive_avg_pool2d_s8,N=6;C=240;IH=4;IW=5;OH=1;OW=1,434679,1,,
379,vint_kcovref$dispatch_379_gemmini_q31_conv2d_s8_pc_N6xIC240xIH1xIW1xOC10xKH1xKW1xSH1xSW1xPH0xPW0xDH1xDW1xgroups1,,,0.653361,ms,653361.000000,0,,spike,conv2d_s8_pc,N=6;IC=240;IH=1;IW=1;OC=10;KH=1;KW=1;SH=1;SW=1;PH=0;PW=0;DH=1;DW=1;groups=1,653361,1,,
380,vint_kcovref$dispatch_380_gemmini_q31_sigmoid_s8_n60,,,0.005851,ms,5851.000000,0,,spike,sigmoid_s8,n=60,5851,1,,
381,vint_kcovref$dispatch_381_gemmini_q31_mul_s8_n60,,,0.002617,ms,2617.000000,0,,spike,mul_s8,n=60,2617,1,,
382,vint_kcovref$dispatch_382_gemmini_q31_conv2d_s8_pc_N6xIC10xIH1xIW1xOC240xKH1xKW1xSH1xSW1xPH0xPW0xDH1xDW1xgroups1,,,0.770661,ms,770661.000000,0,,spike,conv2d_s8_pc,N=6;IC=10;IH=1;IW=1;OC=240;KH=1;KW=1;SH=1;SW=1;PH=0;PW=0;DH=1;DW=1;groups=1,770661,1,,
383,vint_kcovref$dispatch_383_gemmini_q31_sigmoid_s8_n1440,,,0.139843,ms,139843.000000,0,,spike,sigmoid_s8,n=1440,139843,1,,
384,vint_kcovref$dispatch_384_gemmini_q31_mul_c1_s8_N6xC240xHW20,,,0.605260,ms,605260.000000,0,,spike,mul_c1_s8,N=6;C=240;HW=20,605260,1,,
385,vint_kcovref$dispatch_385_gemmini_q31_conv2d_s8_pc_N6xIC240xIH4xIW5xOC80xKH1xKW1xSH1xSW1xPH0xPW0xDH1xDW1xgroups1,,,104.089222,ms,104089222.000000,0,,spike,conv2d_s8_pc,N=6;IC=240;IH=4;IW=5;OC=80;KH=1;KW=1;SH=1;SW=1;PH=0;PW=0;DH=1;DW=1;groups=1,104089222,1,,
386,vint_kcovref$dispatch_386_gemmini_q31_conv2d_s8_pc_N6xIC80xIH4xIW5xOC480xKH1xKW1xSH1xSW1xPH0xPW0xDH1xDW1xgroups1,,,209.814022,ms,209814022.000000,0,,spike,conv2d_s8_pc,N=6;IC=80;IH=4;IW=5;OC=480;KH=1;KW=1;SH=1;SW=1;PH=0;PW=0;DH=1;DW=1;groups=1,209814022,1,,
387,vint_kcovref$dispatch_387_gemmini_q31_sigmoid_s8_n57600,,,5.354342,ms,5354342.000000,0,,spike,sigmoid_s8,n=57600,5354342,1,,
388,vint_kcovref$dispatch_388_gemmini_q31_mul_s8_n57600,,,2.472638,ms,2472638.000000,0,,spike,mul_s8,n=57600,2472638,1,,
389,vint_kcovref$dispatch_389_gemmini_q31_depthwise_conv2d_s8_N6xIC1xIH4xIW5xOC480xKH3xKW3xSH1xSW1xPH1xPW1xDH1xDW1xgroups480,,,12.922808,ms,12922808.000000,0,,spike,depthwise_conv2d_s8,N=6;IC=1;IH=4;IW=5;OC=480;KH=3;KW=3;SH=1;SW=1;PH=1;PW=1;DH=1;DW=1;groups=480,12922808,1,,
390,vint_kcovref$dispatch_390_gemmini_q31_sigmoid_s8_n57600,,,5.392346,ms,5392346.000000,0,,spike,sigmoid_s8,n=57600,5392346,1,,
391,vint_kcovref$dispatch_391_gemmini_q31_mul_s8_n57600,,,2.483768,ms,2483768.000000,0,,spike,mul_s8,n=57600,2483768,1,,
392,vint_kcovref$dispatch_392_gemmini_q31_adaptive_avg_pool2d_s8_N6xC480xIH4xIW5xOH1xOW1,,,0.868023,ms,868023.000000,0,,spike,adaptive_avg_pool2d_s8,N=6;C=480;IH=4;IW=5;OH=1;OW=1,868023,1,,
393,vint_kcovref$dispatch_393_gemmini_q31_conv2d_s8_pc_N6xIC480xIH1xIW1xOC20xKH1xKW1xSH1xSW1xPH0xPW0xDH1xDW1xgroups1,,,2.602461,ms,2602461.000000,0,,spike,conv2d_s8_pc,N=6;IC=480;IH=1;IW=1;OC=20;KH=1;KW=1;SH=1;SW=1;PH=0;PW=0;DH=1;DW=1;groups=1,2602461,1,,
394,vint_kcovref$dispatch_394_gemmini_q31_sigmoid_s8_n120,,,0.011221,ms,11221.000000,0,,spike,sigmoid_s8,n=120,11221,1,,
395,vint_kcovref$dispatch_395_gemmini_q31_mul_s8_n120,,,0.005215,ms,5215.000000,0,,spike,mul_s8,n=120,5215,1,,
396,vint_kcovref$dispatch_396_gemmini_q31_conv2d_s8_pc_N6xIC20xIH1xIW1xOC480xKH1xKW1xSH1xSW1xPH0xPW0xDH1xDW1xgroups1,,,2.837061,ms,2837061.000000,0,,spike,conv2d_s8_pc,N=6;IC=20;IH=1;IW=1;OC=480;KH=1;KW=1;SH=1;SW=1;PH=0;PW=0;DH=1;DW=1;groups=1,2837061,1,,
397,vint_kcovref$dispatch_397_gemmini_q31_sigmoid_s8_n2880,,,0.266960,ms,266960.000000,0,,spike,sigmoid_s8,n=2880,266960,1,,
398,vint_kcovref$dispatch_398_gemmini_q31_mul_c1_s8_N6xC480xHW20,,,1.212832,ms,1212832.000000,0,,spike,mul_c1_s8,N=6;C=480;HW=20,1212832,1,,
399,vint_kcovref$dispatch_399_gemmini_q31_conv2d_s8_pc_N6xIC480xIH4xIW5xOC80xKH1xKW1xSH1xSW1xPH0xPW0xDH1xDW1xgroups1,,,207.769222,ms,207769222.000000,0,,spike,conv2d_s8_pc,N=6;IC=480;IH=4;IW=5;OC=80;KH=1;KW=1;SH=1;SW=1;PH=0;PW=0;DH=1;DW=1;groups=1,207769222,1,,
400,vint_kcovref$dispatch_400_gemmini_q31_add_s8_n9600,,,0.404270,ms,404270.000000,0,,spike,add_s8,n=9600,404270,1,,
401,vint_kcovref$dispatch_401_gemmini_q31_conv2d_s8_pc_N6xIC80xIH4xIW5xOC480xKH1xKW1xSH1xSW1xPH0xPW0xDH1xDW1xgroups1,,,209.814022,ms,209814022.000000,0,,spike,conv2d_s8_pc,N=6;IC=80;IH=4;IW=5;OC=480;KH=1;KW=1;SH=1;SW=1;PH=0;PW=0;DH=1;DW=1;groups=1,209814022,1,,
402,vint_kcovref$dispatch_402_gemmini_q31_sigmoid_s8_n57600,,,5.434394,ms,5434394.000000,0,,spike,sigmoid_s8,n=57600,5434394,1,,
403,vint_kcovref$dispatch_403_gemmini_q31_mul_s8_n57600,,,2.492882,ms,2492882.000000,0,,spike,mul_s8,n=57600,2492882,1,,
404,vint_kcovref$dispatch_404_gemmini_q31_depthwise_conv2d_s8_N6xIC1xIH4xIW5xOC480xKH3xKW3xSH1xSW1xPH1xPW1xDH1xDW1xgroups480,,,12.922808,ms,12922808.000000,0,,spike,depthwise_conv2d_s8,N=6;IC=1;IH=4;IW=5;OC=480;KH=3;KW=3;SH=1;SW=1;PH=1;PW=1;DH=1;DW=1;groups=480,12922808,1,,
405,vint_kcovref$dispatch_405_gemmini_q31_sigmoid_s8_n57600,,,5.511590,ms,5511590.000000,0,,spike,sigmoid_s8,n=57600,5511590,1,,
406,vint_kcovref$dispatch_406_gemmini_q31_mul_s8_n57600,,,2.500316,ms,2500316.000000,0,,spike,mul_s8,n=57600,2500316,1,,
407,vint_kcovref$dispatch_407_gemmini_q31_adaptive_avg_pool2d_s8_N6xC480xIH4xIW5xOH1xOW1,,,0.868521,ms,868521.000000,0,,spike,adaptive_avg_pool2d_s8,N=6;C=480;IH=4;IW=5;OH=1;OW=1,868521,1,,
408,vint_kcovref$dispatch_408_gemmini_q31_conv2d_s8_pc_N6xIC480xIH1xIW1xOC20xKH1xKW1xSH1xSW1xPH0xPW0xDH1xDW1xgroups1,,,2.602461,ms,2602461.000000,0,,spike,conv2d_s8_pc,N=6;IC=480;IH=1;IW=1;OC=20;KH=1;KW=1;SH=1;SW=1;PH=0;PW=0;DH=1;DW=1;groups=1,2602461,1,,
409,vint_kcovref$dispatch_409_gemmini_q31_sigmoid_s8_n120,,,0.010999,ms,10999.000000,0,,spike,sigmoid_s8,n=120,10999,1,,
410,vint_kcovref$dispatch_410_gemmini_q31_mul_s8_n120,,,0.005053,ms,5053.000000,0,,spike,mul_s8,n=120,5053,1,,
411,vint_kcovref$dispatch_411_gemmini_q31_conv2d_s8_pc_N6xIC20xIH1xIW1xOC480xKH1xKW1xSH1xSW1xPH0xPW0xDH1xDW1xgroups1,,,2.837061,ms,2837061.000000,0,,spike,conv2d_s8_pc,N=6;IC=20;IH=1;IW=1;OC=480;KH=1;KW=1;SH=1;SW=1;PH=0;PW=0;DH=1;DW=1;groups=1,2837061,1,,
412,vint_kcovref$dispatch_412_gemmini_q31_sigmoid_s8_n2880,,,0.266396,ms,266396.000000,0,,spike,sigmoid_s8,n=2880,266396,1,,
413,vint_kcovref$dispatch_413_gemmini_q31_mul_c1_s8_N6xC480xHW20,,,1.202284,ms,1202284.000000,0,,spike,mul_c1_s8,N=6;C=480;HW=20,1202284,1,,
414,vint_kcovref$dispatch_414_gemmini_q31_conv2d_s8_pc_N6xIC480xIH4xIW5xOC80xKH1xKW1xSH1xSW1xPH0xPW0xDH1xDW1xgroups1,,,207.769222,ms,207769222.000000,0,,spike,conv2d_s8_pc,N=6;IC=480;IH=4;IW=5;OC=80;KH=1;KW=1;SH=1;SW=1;PH=0;PW=0;DH=1;DW=1;groups=1,207769222,1,,
415,vint_kcovref$dispatch_415_gemmini_q31_add_s8_n9600,,,0.406028,ms,406028.000000,0,,spike,add_s8,n=9600,406028,1,,
416,vint_kcovref$dispatch_416_gemmini_q31_conv2d_s8_pc_N6xIC80xIH4xIW5xOC480xKH1xKW1xSH1xSW1xPH0xPW0xDH1xDW1xgroups1,,,209.814022,ms,209814022.000000,0,,spike,conv2d_s8_pc,N=6;IC=80;IH=4;IW=5;OC=480;KH=1;KW=1;SH=1;SW=1;PH=0;PW=0;DH=1;DW=1;groups=1,209814022,1,,
417,vint_kcovref$dispatch_417_gemmini_q31_sigmoid_s8_n57600,,,5.392352,ms,5392352.000000,0,,spike,sigmoid_s8,n=57600,5392352,1,,
418,vint_kcovref$dispatch_418_gemmini_q31_mul_s8_n57600,,,2.485574,ms,2485574.000000,0,,spike,mul_s8,n=57600,2485574,1,,
419,vint_kcovref$dispatch_419_gemmini_q31_depthwise_conv2d_s8_N6xIC1xIH4xIW5xOC480xKH5xKW5xSH1xSW1xPH2xPW2xDH1xDW1xgroups480,,,23.734328,ms,23734328.000000,0,,spike,depthwise_conv2d_s8,N=6;IC=1;IH=4;IW=5;OC=480;KH=5;KW=5;SH=1;SW=1;PH=2;PW=2;DH=1;DW=1;groups=480,23734328,1,,
420,vint_kcovref$dispatch_420_gemmini_q31_sigmoid_s8_n57600,,,5.637062,ms,5637062.000000,0,,spike,sigmoid_s8,n=57600,5637062,1,,
421,vint_kcovref$dispatch_421_gemmini_q31_mul_s8_n57600,,,2.512538,ms,2512538.000000,0,,spike,mul_s8,n=57600,2512538,1,,
422,vint_kcovref$dispatch_422_gemmini_q31_adaptive_avg_pool2d_s8_N6xC480xIH4xIW5xOH1xOW1,,,0.868791,ms,868791.000000,0,,spike,adaptive_avg_pool2d_s8,N=6;C=480;IH=4;IW=5;OH=1;OW=1,868791,1,,
423,vint_kcovref$dispatch_423_gemmini_q31_conv2d_s8_pc_N6xIC480xIH1xIW1xOC20xKH1xKW1xSH1xSW1xPH0xPW0xDH1xDW1xgroups1,,,2.602461,ms,2602461.000000,0,,spike,conv2d_s8_pc,N=6;IC=480;IH=1;IW=1;OC=20;KH=1;KW=1;SH=1;SW=1;PH=0;PW=0;DH=1;DW=1;groups=1,2602461,1,,
424,vint_kcovref$dispatch_424_gemmini_q31_sigmoid_s8_n120,,,0.013345,ms,13345.000000,0,,spike,sigmoid_s8,n=120,13345,1,,
425,vint_kcovref$dispatch_425_gemmini_q31_mul_s8_n120,,,0.005341,ms,5341.000000,0,,spike,mul_s8,n=120,5341,1,,
426,vint_kcovref$dispatch_426_gemmini_q31_conv2d_s8_pc_N6xIC20xIH1xIW1xOC480xKH1xKW1xSH1xSW1xPH0xPW0xDH1xDW1xgroups1,,,2.837061,ms,2837061.000000,0,,spike,conv2d_s8_pc,N=6;IC=20;IH=1;IW=1;OC=480;KH=1;KW=1;SH=1;SW=1;PH=0;PW=0;DH=1;DW=1;groups=1,2837061,1,,
427,vint_kcovref$dispatch_427_gemmini_q31_sigmoid_s8_n2880,,,0.271364,ms,271364.000000,0,,spike,sigmoid_s8,n=2880,271364,1,,
428,vint_kcovref$dispatch_428_gemmini_q31_mul_c1_s8_N6xC480xHW20,,,1.211794,ms,1211794.000000,0,,spike,mul_c1_s8,N=6;C=480;HW=20,1211794,1,,
429,vint_kcovref$dispatch_429_gemmini_q31_conv2d_s8_pc_N6xIC480xIH4xIW5xOC112xKH1xKW1xSH1xSW1xPH0xPW0xDH1xDW1xgroups1,,,290.876806,ms,290876806.000000,0,,spike,conv2d_s8_pc,N=6;IC=480;IH=4;IW=5;OC=112;KH=1;KW=1;SH=1;SW=1;PH=0;PW=0;DH=1;DW=1;groups=1,290876806,1,,
430,vint_kcovref$dispatch_430_gemmini_q31_conv2d_s8_pc_N6xIC112xIH4xIW5xOC672xKH1xKW1xSH1xSW1xPH0xPW0xDH1xDW1xgroups1,,,409.861126,ms,409861126.000000,0,,spike,conv2d_s8_pc,N=6;IC=112;IH=4;IW=5;OC=672;KH=1;KW=1;SH=1;SW=1;PH=0;PW=0;DH=1;DW=1;groups=1,409861126,1,,
431,vint_kcovref$dispatch_431_gemmini_q31_sigmoid_s8_n80640,,,7.570316,ms,7570316.000000,0,,spike,sigmoid_s8,n=80640,7570316,1,,
432,vint_kcovref$dispatch_432_gemmini_q31_mul_s8_n80640,,,3.493790,ms,3493790.000000,0,,spike,mul_s8,n=80640,3493790,1,,
433,vint_kcovref$dispatch_433_gemmini_q31_depthwise_conv2d_s8_N6xIC1xIH4xIW5xOC672xKH5xKW5xSH1xSW1xPH2xPW2xDH1xDW1xgroups672,,,33.227960,ms,33227960.000000,0,,spike,depthwise_conv2d_s8,N=6;IC=1;IH=4;IW=5;OC=672;KH=5;KW=5;SH=1;SW=1;PH=2;PW=2;DH=1;DW=1;groups=672,33227960,1,,
434,vint_kcovref$dispatch_434_gemmini_q31_sigmoid_s8_n80640,,,7.703882,ms,7703882.000000,0,,spike,sigmoid_s8,n=80640,7703882,1,,
435,vint_kcovref$dispatch_435_gemmini_q31_mul_s8_n80640,,,3.517520,ms,3517520.000000,0,,spike,mul_s8,n=80640,3517520,1,,
436,vint_kcovref$dispatch_436_gemmini_q31_adaptive_avg_pool2d_s8_N6xC672xIH4xIW5xOH1xOW1,,,1.215531,ms,1215531.000000,0,,spike,adaptive_avg_pool2d_s8,N=6;C=672;IH=4;IW=5;OH=1;OW=1,1215531,1,,
437,vint_kcovref$dispatch_437_gemmini_q31_conv2d_s8_pc_N6xIC672xIH1xIW1xOC28xKH1xKW1xSH1xSW1xPH0xPW0xDH1xDW1xgroups1,,,5.094861,ms,5094861.000000,0,,spike,conv2d_s8_pc,N=6;IC=672;IH=1;IW=1;OC=28;KH=1;KW=1;SH=1;SW=1;PH=0;PW=0;DH=1;DW=1;groups=1,5094861,1,,
438,vint_kcovref$dispatch_438_gemmini_q31_sigmoid_s8_n168,,,0.015301,ms,15301.000000,0,,spike,sigmoid_s8,n=168,15301,1,,
439,vint_kcovref$dispatch_439_gemmini_q31_mul_s8_n168,,,0.006991,ms,6991.000000,0,,spike,mul_s8,n=168,6991,1,,
440,vint_kcovref$dispatch_440_gemmini_q31_conv2d_s8_pc_N6xIC28xIH1xIW1xOC672xKH1xKW1xSH1xSW1xPH0xPW0xDH1xDW1xgroups1,,,5.423301,ms,5423301.000000,0,,spike,conv2d_s8_pc,N=6;IC=28;IH=1;IW=1;OC=672;KH=1;KW=1;SH=1;SW=1;PH=0;PW=0;DH=1;DW=1;groups=1,5423301,1,,
441,vint_kcovref$dispatch_441_gemmini_q31_sigmoid_s8_n4032,,,0.353114,ms,353114.000000,0,,spike,sigmoid_s8,n=4032,353114,1,,
442,vint_kcovref$dispatch_442_gemmini_q31_mul_c1_s8_N6xC672xHW20,,,1.696678,ms,1696678.000000,0,,spike,mul_c1_s8,N=6;C=672;HW=20,1696678,1,,
443,vint_kcovref$dispatch_443_gemmini_q31_conv2d_s8_pc_N6xIC672xIH4xIW5xOC112xKH1xKW1xSH1xSW1xPH0xPW0xDH1xDW1xgroups1,,,406.998406,ms,406998406.000000,0,,spike,conv2d_s8_pc,N=6;IC=672;IH=4;IW=5;OC=112;KH=1;KW=1;SH=1;SW=1;PH=0;PW=0;DH=1;DW=1;groups=1,406998406,1,,
444,vint_kcovref$dispatch_444_gemmini_q31_add_s8_n13440,,,0.571808,ms,571808.000000,0,,spike,add_s8,n=13440,571808,1,,
445,vint_kcovref$dispatch_445_gemmini_q31_conv2d_s8_pc_N6xIC112xIH4xIW5xOC672xKH1xKW1xSH1xSW1xPH0xPW0xDH1xDW1xgroups1,,,409.861126,ms,409861126.000000,0,,spike,conv2d_s8_pc,N=6;IC=112;IH=4;IW=5;OC=672;KH=1;KW=1;SH=1;SW=1;PH=0;PW=0;DH=1;DW=1;groups=1,409861126,1,,
446,vint_kcovref$dispatch_446_gemmini_q31_sigmoid_s8_n80640,,,7.645640,ms,7645640.000000,0,,spike,sigmoid_s8,n=80640,7645640,1,,
447,vint_kcovref$dispatch_447_gemmini_q31_mul_s8_n80640,,,3.507062,ms,3507062.000000,0,,spike,mul_s8,n=80640,3507062,1,,
448,vint_kcovref$dispatch_448_gemmini_q31_depthwise_conv2d_s8_N6xIC1xIH4xIW5xOC672xKH5xKW5xSH1xSW1xPH2xPW2xDH1xDW1xgroups672,,,33.227960,ms,33227960.000000,0,,spike,depthwise_conv2d_s8,N=6;IC=1;IH=4;IW=5;OC=672;KH=5;KW=5;SH=1;SW=1;PH=2;PW=2;DH=1;DW=1;groups=672,33227960,1,,
449,vint_kcovref$dispatch_449_gemmini_q31_sigmoid_s8_n80640,,,7.851284,ms,7851284.000000,0,,spike,sigmoid_s8,n=80640,7851284,1,,
450,vint_kcovref$dispatch_450_gemmini_q31_mul_s8_n80640,,,3.513698,ms,3513698.000000,0,,spike,mul_s8,n=80640,3513698,1,,
451,vint_kcovref$dispatch_451_gemmini_q31_adaptive_avg_pool2d_s8_N6xC672xIH4xIW5xOH1xOW1,,,1.215711,ms,1215711.000000,0,,spike,adaptive_avg_pool2d_s8,N=6;C=672;IH=4;IW=5;OH=1;OW=1,1215711,1,,
452,vint_kcovref$dispatch_452_gemmini_q31_conv2d_s8_pc_N6xIC672xIH1xIW1xOC28xKH1xKW1xSH1xSW1xPH0xPW0xDH1xDW1xgroups1,,,5.094861,ms,5094861.000000,0,,spike,conv2d_s8_pc,N=6;IC=672;IH=1;IW=1;OC=28;KH=1;KW=1;SH=1;SW=1;PH=0;PW=0;DH=1;DW=1;groups=1,5094861,1,,
453,vint_kcovref$dispatch_453_gemmini_q31_sigmoid_s8_n168,,,0.018931,ms,18931.000000,0,,spike,sigmoid_s8,n=168,18931,1,,
454,vint_kcovref$dispatch_454_gemmini_q31_mul_s8_n168,,,0.007453,ms,7453.000000,0,,spike,mul_s8,n=168,7453,1,,
455,vint_kcovref$dispatch_455_gemmini_q31_conv2d_s8_pc_N6xIC28xIH1xIW1xOC672xKH1xKW1xSH1xSW1xPH0xPW0xDH1xDW1xgroups1,,,5.423301,ms,5423301.000000,0,,spike,conv2d_s8_pc,N=6;IC=28;IH=1;IW=1;OC=672;KH=1;KW=1;SH=1;SW=1;PH=0;PW=0;DH=1;DW=1;groups=1,5423301,1,,
456,vint_kcovref$dispatch_456_gemmini_q31_sigmoid_s8_n4032,,,0.370328,ms,370328.000000,0,,spike,sigmoid_s8,n=4032,370328,1,,
457,vint_kcovref$dispatch_457_gemmini_q31_mul_c1_s8_N6xC672xHW20,,,1.690846,ms,1690846.000000,0,,spike,mul_c1_s8,N=6;C=672;HW=20,1690846,1,,
458,vint_kcovref$dispatch_458_gemmini_q31_conv2d_s8_pc_N6xIC672xIH4xIW5xOC112xKH1xKW1xSH1xSW1xPH0xPW0xDH1xDW1xgroups1,,,406.998406,ms,406998406.000000,0,,spike,conv2d_s8_pc,N=6;IC=672;IH=4;IW=5;OC=112;KH=1;KW=1;SH=1;SW=1;PH=0;PW=0;DH=1;DW=1;groups=1,406998406,1,,
459,vint_kcovref$dispatch_459_gemmini_q31_add_s8_n13440,,,0.573782,ms,573782.000000,0,,spike,add_s8,n=13440,573782,1,,
460,vint_kcovref$dispatch_460_gemmini_q31_conv2d_s8_pc_N6xIC112xIH4xIW5xOC672xKH1xKW1xSH1xSW1xPH0xPW0xDH1xDW1xgroups1,,,409.861126,ms,409861126.000000,0,,spike,conv2d_s8_pc,N=6;IC=112;IH=4;IW=5;OC=672;KH=1;KW=1;SH=1;SW=1;PH=0;PW=0;DH=1;DW=1;groups=1,409861126,1,,
461,vint_kcovref$dispatch_461_gemmini_q31_sigmoid_s8_n80640,,,7.645100,ms,7645100.000000,0,,spike,sigmoid_s8,n=80640,7645100,1,,
462,vint_kcovref$dispatch_462_gemmini_q31_mul_s8_n80640,,,3.507776,ms,3507776.000000,0,,spike,mul_s8,n=80640,3507776,1,,
463,vint_kcovref$dispatch_463_gemmini_q31_pad_s8_N6xC672xIH4xIW5xpad_left1xpad_right2xpad_top1xpad_bottom2,,,2.778177,ms,2778177.000000,0,,spike,pad_s8,N=6;C=672;IH=4;IW=5;pad_left=1;pad_right=2;pad_top=1;pad_bottom=2,2778177,1,,
464,vint_kcovref$dispatch_464_gemmini_q31_depthwise_conv2d_s8_N6xIC1xIH7xIW8xOC672xKH5xKW5xSH2xSW2xPH0xPW0xDH1xDW1xgroups672,,,10.636663,ms,10636663.000000,0,,spike,depthwise_conv2d_s8,N=6;IC=1;IH=7;IW=8;OC=672;KH=5;KW=5;SH=2;SW=2;PH=0;PW=0;DH=1;DW=1;groups=672,10636663,1,,
465,vint_kcovref$dispatch_465_gemmini_q31_sigmoid_s8_n16128,,,1.650644,ms,1650644.000000,0,,spike,sigmoid_s8,n=16128,1650644,1,,
466,vint_kcovref$dispatch_466_gemmini_q31_mul_s8_n16128,,,0.707174,ms,707174.000000,0,,spike,mul_s8,n=16128,707174,1,,
467,vint_kcovref$dispatch_467_gemmini_q31_adaptive_avg_pool2d_s8_N6xC672xIH2xIW2xOH1xOW1,,,0.627429,ms,627429.000000,0,,spike,adaptive_avg_pool2d_s8,N=6;C=672;IH=2;IW=2;OH=1;OW=1,627429,1,,
468,vint_kcovref$dispatch_468_gemmini_q31_conv2d_s8_pc_N6xIC672xIH1xIW1xOC28xKH1xKW1xSH1xSW1xPH0xPW0xDH1xDW1xgroups1,,,5.094861,ms,5094861.000000,0,,spike,conv2d_s8_pc,N=6;IC=672;IH=1;IW=1;OC=28;KH=1;KW=1;SH=1;SW=1;PH=0;PW=0;DH=1;DW=1;groups=1,5094861,1,,
469,vint_kcovref$dispatch_469_gemmini_q31_sigmoid_s8_n168,,,0.017803,ms,17803.000000,0,,spike,sigmoid_s8,n=168,17803,1,,
470,vint_kcovref$dispatch_470_gemmini_q31_mul_s8_n168,,,0.007285,ms,7285.000000,0,,spike,mul_s8,n=168,7285,1,,
471,vint_kcovref$dispatch_471_gemmini_q31_conv2d_s8_pc_N6xIC28xIH1xIW1xOC672xKH1xKW1xSH1xSW1xPH0xPW0xDH1xDW1xgroups1,,,5.423301,ms,5423301.000000,0,,spike,conv2d_s8_pc,N=6;IC=28;IH=1;IW=1;OC=672;KH=1;KW=1;SH=1;SW=1;PH=0;PW=0;DH=1;DW=1;groups=1,5423301,1,,
472,vint_kcovref$dispatch_472_gemmini_q31_sigmoid_s8_n4032,,,0.384290,ms,384290.000000,0,,spike,sigmoid_s8,n=4032,384290,1,,
473,vint_kcovref$dispatch_473_gemmini_q31_mul_c1_s8_N6xC672xHW4,,,0.376858,ms,376858.000000,0,,spike,mul_c1_s8,N=6;C=672;HW=4,376858,1,,
474,vint_kcovref$dispatch_474_gemmini_q31_conv2d_s8_pc_N6xIC672xIH2xIW2xOC192xKH1xKW1xSH1xSW1xPH0xPW0xDH1xDW1xgroups1,,,139.592710,ms,139592710.000000,0,,spike,conv2d_s8_pc,N=6;IC=672;IH=2;IW=2;OC=192;KH=1;KW=1;SH=1;SW=1;PH=0;PW=0;DH=1;DW=1;groups=1,139592710,1,,
475,vint_kcovref$dispatch_475_gemmini_q31_conv2d_s8_pc_N6xIC192xIH2xIW2xOC1152xKH1xKW1xSH1xSW1xPH0xPW0xDH1xDW1xgroups1,,,240.358150,ms,240358150.000000,0,,spike,conv2d_s8_pc,N=6;IC=192;IH=2;IW=2;OC=1152;KH=1;KW=1;SH=1;SW=1;PH=0;PW=0;DH=1;DW=1;groups=1,240358150,1,,
476,vint_kcovref$dispatch_476_gemmini_q31_sigmoid_s8_n27648,,,2.608280,ms,2608280.000000,0,,spike,sigmoid_s8,n=27648,2608280,1,,
477,vint_kcovref$dispatch_477_gemmini_q31_mul_s8_n27648,,,1.198934,ms,1198934.000000,0,,spike,mul_s8,n=27648,1198934,1,,
478,vint_kcovref$dispatch_478_gemmini_q31_depthwise_conv2d_s8_N6xIC1xIH2xIW2xOC1152xKH5xKW5xSH1xSW1xPH2xPW2xDH1xDW1xgroups1152,,,6.082808,ms,6082808.000000,0,,spike,depthwise_conv2d_s8,N=6;IC=1;IH=2;IW=2;OC=1152;KH=5;KW=5;SH=1;SW=1;PH=2;PW=2;DH=1;DW=1;groups=1152,6082808,1,,
479,vint_kcovref$dispatch_479_gemmini_q31_sigmoid_s8_n27648,,,2.629160,ms,2629160.000000,0,,spike,sigmoid_s8,n=27648,2629160,1,,
480,vint_kcovref$dispatch_480_gemmini_q31_mul_s8_n27648,,,1.206200,ms,1206200.000000,0,,spike,mul_s8,n=27648,1206200,1,,
481,vint_kcovref$dispatch_481_gemmini_q31_adaptive_avg_pool2d_s8_N6xC1152xIH2xIW2xOH1xOW1,,,1.075473,ms,1075473.000000,0,,spike,adaptive_avg_pool2d_s8,N=6;C=1152;IH=2;IW=2;OH=1;OW=1,1075473,1,,
482,vint_kcovref$dispatch_482_gemmini_q31_conv2d_s8_pc_N6xIC1152xIH1xIW1xOC48xKH1xKW1xSH1xSW1xPH0xPW0xDH1xDW1xgroups1,,,14.954661,ms,14954661.000000,0,,spike,conv2d_s8_pc,N=6;IC=1152;IH=1;IW=1;OC=48;KH=1;KW=1;SH=1;SW=1;PH=0;PW=0;DH=1;DW=1;groups=1,14954661,1,,
483,vint_kcovref$dispatch_483_gemmini_q31_sigmoid_s8_n288,,,0.025531,ms,25531.000000,0,,spike,sigmoid_s8,n=288,25531,1,,
484,vint_kcovref$dispatch_484_gemmini_q31_mul_s8_n288,,,0.011431,ms,11431.000000,0,,spike,mul_s8,n=288,11431,1,,
485,vint_kcovref$dispatch_485_gemmini_q31_conv2d_s8_pc_N6xIC48xIH1xIW1xOC1152xKH1xKW1xSH1xSW1xPH0xPW0xDH1xDW1xgroups1,,,15.517701,ms,15517701.000000,0,,spike,conv2d_s8_pc,N=6;IC=48;IH=1;IW=1;OC=1152;KH=1;KW=1;SH=1;SW=1;PH=0;PW=0;DH=1;DW=1;groups=1,15517701,1,,
486,vint_kcovref$dispatch_486_gemmini_q31_sigmoid_s8_n6912,,,0.532796,ms,532796.000000,0,,spike,sigmoid_s8,n=6912,532796,1,,
487,vint_kcovref$dispatch_487_gemmini_q31_mul_c1_s8_N6xC1152xHW4,,,0.645658,ms,645658.000000,0,,spike,mul_c1_s8,N=6;C=1152;HW=4,645658,1,,
488,vint_kcovref$dispatch_488_gemmini_q31_conv2d_s8_pc_N6xIC1152xIH2xIW2xOC192xKH1xKW1xSH1xSW1xPH0xPW0xDH1xDW1xgroups1,,,239.125510,ms,239125510.000000,0,,spike,conv2d_s8_pc,N=6;IC=1152;IH=2;IW=2;OC=192;KH=1;KW=1;SH=1;SW=1;PH=0;PW=0;DH=1;DW=1;groups=1,239125510,1,,
489,vint_kcovref$dispatch_489_gemmini_q31_add_s8_n4608,,,0.196262,ms,196262.000000,0,,spike,add_s8,n=4608,196262,1,,
490,vint_kcovref$dispatch_490_gemmini_q31_conv2d_s8_pc_N6xIC192xIH2xIW2xOC1152xKH1xKW1xSH1xSW1xPH0xPW0xDH1xDW1xgroups1,,,240.358150,ms,240358150.000000,0,,spike,conv2d_s8_pc,N=6;IC=192;IH=2;IW=2;OC=1152;KH=1;KW=1;SH=1;SW=1;PH=0;PW=0;DH=1;DW=1;groups=1,240358150,1,,
491,vint_kcovref$dispatch_491_gemmini_q31_sigmoid_s8_n27648,,,2.630678,ms,2630678.000000,0,,spike,sigmoid_s8,n=27648,2630678,1,,
492,vint_kcovref$dispatch_492_gemmini_q31_mul_s8_n27648,,,1.204184,ms,1204184.000000,0,,spike,mul_s8,n=27648,1204184,1,,
493,vint_kcovref$dispatch_493_gemmini_q31_depthwise_conv2d_s8_N6xIC1xIH2xIW2xOC1152xKH5xKW5xSH1xSW1xPH2xPW2xDH1xDW1xgroups1152,,,6.082808,ms,6082808.000000,0,,spike,depthwise_conv2d_s8,N=6;IC=1;IH=2;IW=2;OC=1152;KH=5;KW=5;SH=1;SW=1;PH=2;PW=2;DH=1;DW=1;groups=1152,6082808,1,,
494,vint_kcovref$dispatch_494_gemmini_q31_sigmoid_s8_n27648,,,2.684204,ms,2684204.000000,0,,spike,sigmoid_s8,n=27648,2684204,1,,
495,vint_kcovref$dispatch_495_gemmini_q31_mul_s8_n27648,,,1.207292,ms,1207292.000000,0,,spike,mul_s8,n=27648,1207292,1,,
496,vint_kcovref$dispatch_496_gemmini_q31_adaptive_avg_pool2d_s8_N6xC1152xIH2xIW2xOH1xOW1,,,1.075503,ms,1075503.000000,0,,spike,adaptive_avg_pool2d_s8,N=6;C=1152;IH=2;IW=2;OH=1;OW=1,1075503,1,,
497,vint_kcovref$dispatch_497_gemmini_q31_conv2d_s8_pc_N6xIC1152xIH1xIW1xOC48xKH1xKW1xSH1xSW1xPH0xPW0xDH1xDW1xgroups1,,,14.954661,ms,14954661.000000,0,,spike,conv2d_s8_pc,N=6;IC=1152;IH=1;IW=1;OC=48;KH=1;KW=1;SH=1;SW=1;PH=0;PW=0;DH=1;DW=1;groups=1,14954661,1,,
498,vint_kcovref$dispatch_498_gemmini_q31_sigmoid_s8_n288,,,0.027295,ms,27295.000000,0,,spike,sigmoid_s8,n=288,27295,1,,
499,vint_kcovref$dispatch_499_gemmini_q31_mul_s8_n288,,,0.012019,ms,12019.000000,0,,spike,mul_s8,n=288,12019,1,,
500,vint_kcovref$dispatch_500_gemmini_q31_conv2d_s8_pc_N6xIC48xIH1xIW1xOC1152xKH1xKW1xSH1xSW1xPH0xPW0xDH1xDW1xgroups1,,,15.517701,ms,15517701.000000,0,,spike,conv2d_s8_pc,N=6;IC=48;IH=1;IW=1;OC=1152;KH=1;KW=1;SH=1;SW=1;PH=0;PW=0;DH=1;DW=1;groups=1,15517701,1,,
501,vint_kcovref$dispatch_501_gemmini_q31_sigmoid_s8_n6912,,,0.569324,ms,569324.000000,0,,spike,sigmoid_s8,n=6912,569324,1,,
502,vint_kcovref$dispatch_502_gemmini_q31_mul_c1_s8_N6xC1152xHW4,,,0.646318,ms,646318.000000,0,,spike,mul_c1_s8,N=6;C=1152;HW=4,646318,1,,
503,vint_kcovref$dispatch_503_gemmini_q31_conv2d_s8_pc_N6xIC1152xIH2xIW2xOC192xKH1xKW1xSH1xSW1xPH0xPW0xDH1xDW1xgroups1,,,239.125510,ms,239125510.000000,0,,spike,conv2d_s8_pc,N=6;IC=1152;IH=2;IW=2;OC=192;KH=1;KW=1;SH=1;SW=1;PH=0;PW=0;DH=1;DW=1;groups=1,239125510,1,,
504,vint_kcovref$dispatch_504_gemmini_q31_add_s8_n4608,,,0.194414,ms,194414.000000,0,,spike,add_s8,n=4608,194414,1,,
505,vint_kcovref$dispatch_505_gemmini_q31_conv2d_s8_pc_N6xIC192xIH2xIW2xOC1152xKH1xKW1xSH1xSW1xPH0xPW0xDH1xDW1xgroups1,,,240.358150,ms,240358150.000000,0,,spike,conv2d_s8_pc,N=6;IC=192;IH=2;IW=2;OC=1152;KH=1;KW=1;SH=1;SW=1;PH=0;PW=0;DH=1;DW=1;groups=1,240358150,1,,
506,vint_kcovref$dispatch_506_gemmini_q31_sigmoid_s8_n27648,,,2.636684,ms,2636684.000000,0,,spike,sigmoid_s8,n=27648,2636684,1,,
507,vint_kcovref$dispatch_507_gemmini_q31_mul_s8_n27648,,,1.205486,ms,1205486.000000,0,,spike,mul_s8,n=27648,1205486,1,,
508,vint_kcovref$dispatch_508_gemmini_q31_depthwise_conv2d_s8_N6xIC1xIH2xIW2xOC1152xKH5xKW5xSH1xSW1xPH2xPW2xDH1xDW1xgroups1152,,,6.082808,ms,6082808.000000,0,,spike,depthwise_conv2d_s8,N=6;IC=1;IH=2;IW=2;OC=1152;KH=5;KW=5;SH=1;SW=1;PH=2;PW=2;DH=1;DW=1;groups=1152,6082808,1,,
509,vint_kcovref$dispatch_509_gemmini_q31_sigmoid_s8_n27648,,,2.640116,ms,2640116.000000,0,,spike,sigmoid_s8,n=27648,2640116,1,,
510,vint_kcovref$dispatch_510_gemmini_q31_mul_s8_n27648,,,1.201376,ms,1201376.000000,0,,spike,mul_s8,n=27648,1201376,1,,
511,vint_kcovref$dispatch_511_gemmini_q31_adaptive_avg_pool2d_s8_N6xC1152xIH2xIW2xOH1xOW1,,,1.072977,ms,1072977.000000,0,,spike,adaptive_avg_pool2d_s8,N=6;C=1152;IH=2;IW=2;OH=1;OW=1,1072977,1,,
512,vint_kcovref$dispatch_512_gemmini_q31_conv2d_s8_pc_N6xIC1152xIH1xIW1xOC48xKH1xKW1xSH1xSW1xPH0xPW0xDH1xDW1xgroups1,,,14.954661,ms,14954661.000000,0,,spike,conv2d_s8_pc,N=6;IC=1152;IH=1;IW=1;OC=48;KH=1;KW=1;SH=1;SW=1;PH=0;PW=0;DH=1;DW=1;groups=1,14954661,1,,
513,vint_kcovref$dispatch_513_gemmini_q31_sigmoid_s8_n288,,,0.026689,ms,26689.000000,0,,spike,sigmoid_s8,n=288,26689,1,,
514,vint_kcovref$dispatch_514_gemmini_q31_mul_s8_n288,,,0.012271,ms,12271.000000,0,,spike,mul_s8,n=288,12271,1,,
515,vint_kcovref$dispatch_515_gemmini_q31_conv2d_s8_pc_N6xIC48xIH1xIW1xOC1152xKH1xKW1xSH1xSW1xPH0xPW0xDH1xDW1xgroups1,,,15.517701,ms,15517701.000000,0,,spike,conv2d_s8_pc,N=6;IC=48;IH=1;IW=1;OC=1152;KH=1;KW=1;SH=1;SW=1;PH=0;PW=0;DH=1;DW=1;groups=1,15517701,1,,
516,vint_kcovref$dispatch_516_gemmini_q31_sigmoid_s8_n6912,,,0.551114,ms,551114.000000,0,,spike,sigmoid_s8,n=6912,551114,1,,
517,vint_kcovref$dispatch_517_gemmini_q31_mul_c1_s8_N6xC1152xHW4,,,0.644860,ms,644860.000000,0,,spike,mul_c1_s8,N=6;C=1152;HW=4,644860,1,,
518,vint_kcovref$dispatch_518_gemmini_q31_conv2d_s8_pc_N6xIC1152xIH2xIW2xOC192xKH1xKW1xSH1xSW1xPH0xPW0xDH1xDW1xgroups1,,,239.125510,ms,239125510.000000,0,,spike,conv2d_s8_pc,N=6;IC=1152;IH=2;IW=2;OC=192;KH=1;KW=1;SH=1;SW=1;PH=0;PW=0;DH=1;DW=1;groups=1,239125510,1,,
519,vint_kcovref$dispatch_519_gemmini_q31_add_s8_n4608,,,0.195068,ms,195068.000000,0,,spike,add_s8,n=4608,195068,1,,
520,vint_kcovref$dispatch_520_gemmini_q31_conv2d_s8_pc_N6xIC192xIH2xIW2xOC1152xKH1xKW1xSH1xSW1xPH0xPW0xDH1xDW1xgroups1,,,240.358150,ms,240358150.000000,0,,spike,conv2d_s8_pc,N=6;IC=192;IH=2;IW=2;OC=1152;KH=1;KW=1;SH=1;SW=1;PH=0;PW=0;DH=1;DW=1;groups=1,240358150,1,,
521,vint_kcovref$dispatch_521_gemmini_q31_sigmoid_s8_n27648,,,2.630210,ms,2630210.000000,0,,spike,sigmoid_s8,n=27648,2630210,1,,
522,vint_kcovref$dispatch_522_gemmini_q31_mul_s8_n27648,,,1.206242,ms,1206242.000000,0,,spike,mul_s8,n=27648,1206242,1,,
523,vint_kcovref$dispatch_523_gemmini_q31_depthwise_conv2d_s8_N6xIC1xIH2xIW2xOC1152xKH3xKW3xSH1xSW1xPH1xPW1xDH1xDW1xgroups1152,,,5.004535,ms,5004535.000000,0,,spike,depthwise_conv2d_s8,N=6;IC=1;IH=2;IW=2;OC=1152;KH=3;KW=3;SH=1;SW=1;PH=1;PW=1;DH=1;DW=1;groups=1152,5004535,1,,
524,vint_kcovref$dispatch_524_gemmini_q31_sigmoid_s8_n27648,,,2.647604,ms,2647604.000000,0,,spike,sigmoid_s8,n=27648,2647604,1,,
525,vint_kcovref$dispatch_525_gemmini_q31_mul_s8_n27648,,,1.204016,ms,1204016.000000,0,,spike,mul_s8,n=27648,1204016,1,,
526,vint_kcovref$dispatch_526_gemmini_q31_adaptive_avg_pool2d_s8_N6xC1152xIH2xIW2xOH1xOW1,,,1.075047,ms,1075047.000000,0,,spike,adaptive_avg_pool2d_s8,N=6;C=1152;IH=2;IW=2;OH=1;OW=1,1075047,1,,
527,vint_kcovref$dispatch_527_gemmini_q31_conv2d_s8_pc_N6xIC1152xIH1xIW1xOC48xKH1xKW1xSH1xSW1xPH0xPW0xDH1xDW1xgroups1,,,14.954661,ms,14954661.000000,0,,spike,conv2d_s8_pc,N=6;IC=1152;IH=1;IW=1;OC=48;KH=1;KW=1;SH=1;SW=1;PH=0;PW=0;DH=1;DW=1;groups=1,14954661,1,,
528,vint_kcovref$dispatch_528_gemmini_q31_sigmoid_s8_n288,,,0.029167,ms,29167.000000,0,,spike,sigmoid_s8,n=288,29167,1,,
529,vint_kcovref$dispatch_529_gemmini_q31_mul_s8_n288,,,0.012565,ms,12565.000000,0,,spike,mul_s8,n=288,12565,1,,
530,vint_kcovref$dispatch_530_gemmini_q31_conv2d_s8_pc_N6xIC48xIH1xIW1xOC1152xKH1xKW1xSH1xSW1xPH0xPW0xDH1xDW1xgroups1,,,15.517701,ms,15517701.000000,0,,spike,conv2d_s8_pc,N=6;IC=48;IH=1;IW=1;OC=1152;KH=1;KW=1;SH=1;SW=1;PH=0;PW=0;DH=1;DW=1;groups=1,15517701,1,,
531,vint_kcovref$dispatch_531_gemmini_q31_sigmoid_s8_n6912,,,0.651146,ms,651146.000000,0,,spike,sigmoid_s8,n=6912,651146,1,,
532,vint_kcovref$dispatch_532_gemmini_q31_mul_c1_s8_N6xC1152xHW4,,,0.639760,ms,639760.000000,0,,spike,mul_c1_s8,N=6;C=1152;HW=4,639760,1,,
533,vint_kcovref$dispatch_533_gemmini_q31_conv2d_s8_pc_N6xIC1152xIH2xIW2xOC320xKH1xKW1xSH1xSW1xPH0xPW0xDH1xDW1xgroups1,,,398.542342,ms,398542342.000000,0,,spike,conv2d_s8_pc,N=6;IC=1152;IH=2;IW=2;OC=320;KH=1;KW=1;SH=1;SW=1;PH=0;PW=0;DH=1;DW=1;groups=1,398542342,1,,
534,vint_kcovref$dispatch_534_gemmini_q31_conv2d_s8_pc_N6xIC320xIH2xIW2xOC1280xKH1xKW1xSH1xSW1xPH0xPW0xDH1xDW1xgroups1,,,444.011782,ms,444011782.000000,0,,spike,conv2d_s8_pc,N=6;IC=320;IH=2;IW=2;OC=1280;KH=1;KW=1;SH=1;SW=1;PH=0;PW=0;DH=1;DW=1;groups=1,444011782,1,,
535,vint_kcovref$dispatch_535_gemmini_q31_sigmoid_s8_n30720,,,2.922158,ms,2922158.000000,0,,spike,sigmoid_s8,n=30720,2922158,1,,
536,vint_kcovref$dispatch_536_gemmini_q31_mul_s8_n30720,,,1.339982,ms,1339982.000000,0,,spike,mul_s8,n=30720,1339982,1,,
537,vint_kcovref$dispatch_537_gemmini_q31_adaptive_avg_pool2d_s8_N6xC1280xIH2xIW2xOH1xOW1,,,1.195443,ms,1195443.000000,0,,spike,adaptive_avg_pool2d_s8,N=6;C=1280;IH=2;IW=2;OH=1;OW=1,1195443,1,,
538,vint_kcovref$dispatch_538_gemmini_q31_linear_s8_pc_M6xK1280xN512,,,59.093125,ms,59093125.000000,0,,spike,linear_s8_pc,M=6;K=1280;N=512,59093125,1,,
539,vint_kcovref$dispatch_539_gemmini_q31_cast_f16_to_i8_n512,,,0.031488,ms,31488.000000,0,,spike,cast_f16_to_i8,n=512,31488,1,,
540,vint_kcovref$dispatch_540_gemmini_q31_cat2_c1_s8_N1xH1xW512xC_total7xC_inputs6|1,,,0.191517,ms,191517.000000,0,,spike,cat2_c1_s8,N=1;H=1;W=512;C_total=7;C_inputs=6|1,191517,1,,
541,vint_kcovref$dispatch_541_gemmini_q31_add_s8_n3584,,,0.135019,ms,135019.000000,0,,spike,add_s8,n=3584,135019,1,,
542,vint_kcovref$dispatch_542_gemmini_q31_layer_norm_s8_M7xK512,,,0.269545,ms,269545.000000,0,,spike,layer_norm_s8,M=7;K=512,269545,1,,
543,vint_kcovref$dispatch_543_gemmini_q31_linear_s8_pc_M7xK512xN1536,,,82.962576,ms,82962576.000000,0,,spike,linear_s8_pc,M=7;K=512;N=1536,82962576,1,,
544,vint_kcovref$dispatch_544_gemmini_q31_matmul_s8_M7xK128xN7,,,0.077832,ms,77832.000000,0,,spike,matmul_s8,M=7;K=128;N=7,77832,1,,
545,vint_kcovref$dispatch_545_gemmini_q31_softmax_s8_M7xK7,,,0.010433,ms,10433.000000,0,,spike,softmax_s8,M=7;K=7,10433,1,,
546,vint_kcovref$dispatch_546_gemmini_q31_matmul_s8_M7xK7xN128,,,0.120251,ms,120251.000000,0,,spike,matmul_s8,M=7;K=7;N=128,120251,1,,
547,vint_kcovref$dispatch_547_gemmini_q31_linear_s8_pc_M7xK512xN512,,,27.654288,ms,27654288.000000,0,,spike,linear_s8_pc,M=7;K=512;N=512,27654288,1,,
548,vint_kcovref$dispatch_548_gemmini_q31_add_s8_n3584,,,0.136667,ms,136667.000000,0,,spike,add_s8,n=3584,136667,1,,
549,vint_kcovref$dispatch_549_gemmini_q31_layer_norm_s8_M7xK512,,,0.264205,ms,264205.000000,0,,spike,layer_norm_s8,M=7;K=512,264205,1,,
550,vint_kcovref$dispatch_550_gemmini_q31_linear_s8_pc_M7xK512xN2048,,,110.616721,ms,110616721.000000,0,,spike,linear_s8_pc,M=7;K=512;N=2048,110616721,1,,
551,vint_kcovref$dispatch_551_gemmini_q31_gelu_s8_n14336,,,4.161157,ms,4161157.000000,0,,spike,gelu_s8,n=14336,4161157,1,,
552,vint_kcovref$dispatch_552_gemmini_q31_linear_s8_pc_M7xK2048xN512,,,110.229649,ms,110229649.000000,0,,spike,linear_s8_pc,M=7;K=2048;N=512,110229649,1,,
553,vint_kcovref$dispatch_553_gemmini_q31_add_s8_n3584,,,0.137401,ms,137401.000000,0,,spike,add_s8,n=3584,137401,1,,
554,vint_kcovref$dispatch_554_gemmini_q31_layer_norm_s8_M7xK512,,,0.268708,ms,268708.000000,0,,spike,layer_norm_s8,M=7;K=512,268708,1,,
555,vint_kcovref$dispatch_555_gemmini_q31_linear_s8_pc_M7xK512xN1536,,,82.962576,ms,82962576.000000,0,,spike,linear_s8_pc,M=7;K=512;N=1536,82962576,1,,
556,vint_kcovref$dispatch_556_gemmini_q31_matmul_s8_M7xK128xN7,,,0.077813,ms,77813.000000,0,,spike,matmul_s8,M=7;K=128;N=7,77813,1,,
557,vint_kcovref$dispatch_557_gemmini_q31_softmax_s8_M7xK7,,,0.010319,ms,10319.000000,0,,spike,softmax_s8,M=7;K=7,10319,1,,
558,vint_kcovref$dispatch_558_gemmini_q31_matmul_s8_M7xK7xN128,,,0.120677,ms,120677.000000,0,,spike,matmul_s8,M=7;K=7;N=128,120677,1,,
559,vint_kcovref$dispatch_559_gemmini_q31_linear_s8_pc_M7xK512xN512,,,27.654288,ms,27654288.000000,0,,spike,linear_s8_pc,M=7;K=512;N=512,27654288,1,,
560,vint_kcovref$dispatch_560_gemmini_q31_add_s8_n3584,,,0.136976,ms,136976.000000,0,,spike,add_s8,n=3584,136976,1,,
561,vint_kcovref$dispatch_561_gemmini_q31_layer_norm_s8_M7xK512,,,0.264416,ms,264416.000000,0,,spike,layer_norm_s8,M=7;K=512,264416,1,,
562,vint_kcovref$dispatch_562_gemmini_q31_linear_s8_pc_M7xK512xN2048,,,110.616721,ms,110616721.000000,0,,spike,linear_s8_pc,M=7;K=512;N=2048,110616721,1,,
563,vint_kcovref$dispatch_563_gemmini_q31_gelu_s8_n14336,,,4.145602,ms,4145602.000000,0,,spike,gelu_s8,n=14336,4145602,1,,
564,vint_kcovref$dispatch_564_gemmini_q31_linear_s8_pc_M7xK2048xN512,,,110.229649,ms,110229649.000000,0,,spike,linear_s8_pc,M=7;K=2048;N=512,110229649,1,,
565,vint_kcovref$dispatch_565_gemmini_q31_add_s8_n3584,,,0.138167,ms,138167.000000,0,,spike,add_s8,n=3584,138167,1,,
566,vint_kcovref$dispatch_566_gemmini_q31_layer_norm_s8_M7xK512,,,0.268666,ms,268666.000000,0,,spike,layer_norm_s8,M=7;K=512,268666,1,,
567,vint_kcovref$dispatch_567_gemmini_q31_linear_s8_pc_M7xK512xN1536,,,82.962576,ms,82962576.000000,0,,spike,linear_s8_pc,M=7;K=512;N=1536,82962576,1,,
568,vint_kcovref$dispatch_568_gemmini_q31_matmul_s8_M7xK128xN7,,,0.077769,ms,77769.000000,0,,spike,matmul_s8,M=7;K=128;N=7,77769,1,,
569,vint_kcovref$dispatch_569_gemmini_q31_softmax_s8_M7xK7,,,0.009784,ms,9784.000000,0,,spike,softmax_s8,M=7;K=7,9784,1,,
570,vint_kcovref$dispatch_570_gemmini_q31_matmul_s8_M7xK7xN128,,,0.120660,ms,120660.000000,0,,spike,matmul_s8,M=7;K=7;N=128,120660,1,,
571,vint_kcovref$dispatch_571_gemmini_q31_linear_s8_pc_M7xK512xN512,,,27.654288,ms,27654288.000000,0,,spike,linear_s8_pc,M=7;K=512;N=512,27654288,1,,
572,vint_kcovref$dispatch_572_gemmini_q31_add_s8_n3584,,,0.137032,ms,137032.000000,0,,spike,add_s8,n=3584,137032,1,,
573,vint_kcovref$dispatch_573_gemmini_q31_layer_norm_s8_M7xK512,,,0.258895,ms,258895.000000,0,,spike,layer_norm_s8,M=7;K=512,258895,1,,
574,vint_kcovref$dispatch_574_gemmini_q31_linear_s8_pc_M7xK512xN2048,,,110.616721,ms,110616721.000000,0,,spike,linear_s8_pc,M=7;K=512;N=2048,110616721,1,,
575,vint_kcovref$dispatch_575_gemmini_q31_gelu_s8_n14336,,,3.452780,ms,3452780.000000,0,,spike,gelu_s8,n=14336,3452780,1,,
576,vint_kcovref$dispatch_576_gemmini_q31_linear_s8_pc_M7xK2048xN512,,,110.229649,ms,110229649.000000,0,,spike,linear_s8_pc,M=7;K=2048;N=512,110229649,1,,
577,vint_kcovref$dispatch_577_gemmini_q31_add_s8_n3584,,,0.140188,ms,140188.000000,0,,spike,add_s8,n=3584,140188,1,,
578,vint_kcovref$dispatch_578_gemmini_q31_layer_norm_s8_M7xK512,,,0.268849,ms,268849.000000,0,,spike,layer_norm_s8,M=7;K=512,268849,1,,
579,vint_kcovref$dispatch_579_gemmini_q31_linear_s8_pc_M7xK512xN1536,,,82.962576,ms,82962576.000000,0,,spike,linear_s8_pc,M=7;K=512;N=1536,82962576,1,,
580,vint_kcovref$dispatch_580_gemmini_q31_matmul_s8_M7xK128xN7,,,0.077801,ms,77801.000000,0,,spike,matmul_s8,M=7;K=128;N=7,77801,1,,
581,vint_kcovref$dispatch_581_gemmini_q31_softmax_s8_M7xK7,,,0.010075,ms,10075.000000,0,,spike,softmax_s8,M=7;K=7,10075,1,,
582,vint_kcovref$dispatch_582_gemmini_q31_matmul_s8_M7xK7xN128,,,0.120444,ms,120444.000000,0,,spike,matmul_s8,M=7;K=7;N=128,120444,1,,
583,vint_kcovref$dispatch_583_gemmini_q31_linear_s8_pc_M7xK512xN512,,,27.654288,ms,27654288.000000,0,,spike,linear_s8_pc,M=7;K=512;N=512,27654288,1,,
584,vint_kcovref$dispatch_584_gemmini_q31_add_s8_n3584,,,0.140828,ms,140828.000000,0,,spike,add_s8,n=3584,140828,1,,
585,vint_kcovref$dispatch_585_gemmini_q31_layer_norm_s8_M7xK512,,,0.259778,ms,259778.000000,0,,spike,layer_norm_s8,M=7;K=512,259778,1,,
586,vint_kcovref$dispatch_586_gemmini_q31_linear_s8_pc_M7xK512xN2048,,,110.616721,ms,110616721.000000,0,,spike,linear_s8_pc,M=7;K=512;N=2048,110616721,1,,
587,vint_kcovref$dispatch_587_gemmini_q31_gelu_s8_n14336,,,3.220333,ms,3220333.000000,0,,spike,gelu_s8,n=14336,3220333,1,,
588,vint_kcovref$dispatch_588_gemmini_q31_linear_s8_pc_M7xK2048xN512,,,110.229649,ms,110229649.000000,0,,spike,linear_s8_pc,M=7;K=2048;N=512,110229649,1,,
589,vint_kcovref$dispatch_589_gemmini_q31_add_s8_n3584,,,0.140892,ms,140892.000000,0,,spike,add_s8,n=3584,140892,1,,
590,vint_kcovref$dispatch_590_gemmini_q31_linear_s8_pc_M1xK3584xN512,,,27.543631,ms,27543631.000000,0,,spike,linear_s8_pc,M=1;K=3584;N=512,27543631,1,,
591,vint_kcovref$dispatch_591_gemmini_q31_cast_i8_to_f16_n512,,,0.035874,ms,35874.000000,0,,spike,cast_i8_to_f16,n=512,35874,1,,
592,vint_kcovref$dispatch_592_gemmini_q31_relu_f16_n512,,,0.048173,ms,48173.000000,0,,spike,relu_f16,n=512,48173,1,,
593,vint_kcovref$dispatch_593_gemmini_q31_linear_f16_M1xK512xN256,,,12.891205,ms,12891205.000000,0,,spike,linear_f16,M=1;K=512;N=256,12891205,1,,
594,vint_kcovref$dispatch_594_gemmini_q31_relu_f16_n256,,,0.024109,ms,24109.000000,0,,spike,relu_f16,n=256,24109,1,,
595,vint_kcovref$dispatch_595_gemmini_q31_linear_f16_M1xK256xN128,,,3.230351,ms,3230351.000000,0,,spike,linear_f16,M=1;K=256;N=128,3230351,1,,
596,vint_kcovref$dispatch_596_gemmini_q31_relu_f16_n128,,,0.012077,ms,12077.000000,0,,spike,relu_f16,n=128,12077,1,,
597,vint_kcovref$dispatch_597_gemmini_q31_linear_f16_M1xK128xN64,,,0.811597,ms,811597.000000,0,,spike,linear_f16,M=1;K=128;N=64,811597,1,,
598,vint_kcovref$dispatch_598_gemmini_q31_relu_f16_n64,,,0.006062,ms,6062.000000,0,,spike,relu_f16,n=64,6062,1,,
599,vint_kcovref$dispatch_599_gemmini_q31_linear_f16_M1xK64xN32,,,0.205039,ms,205039.000000,0,,spike,linear_f16,M=1;K=64;N=32,205039,1,,
600,vint_kcovref$dispatch_600_gemmini_q31_relu_f16_n32,,,0.003055,ms,3055.000000,0,,spike,relu_f16,n=32,3055,1,,
601,vint_kcovref$dispatch_601_gemmini_q31_cast_f16_to_i8_n32,,,0.001976,ms,1976.000000,0,,spike,cast_f16_to_i8,n=32,1976,1,,
602,vint_kcovref$dispatch_602_gemmini_q31_linear_s8_pc_M1xK32xN1,,,0.000594,ms,594.000000,0,,spike,linear_s8_pc,M=1;K=32;N=1,594,1,,
603,vint_kcovref$dispatch_603_gemmini_q31_linear_s8_pc_M1xK32xN20,,,0.010398,ms,10398.000000,0,,spike,linear_s8_pc,M=1;K=32;N=20,10398,1,,
604,vint_kcovref$dispatch_604_gemmini_q31_vint_action_post_n_wp5xn_dim4,,,0.000172,ms,172.000000,0,,spike,vint_action_post,n_wp=5;n_dim=4,172,1,,
