tick,ep,t,x,y,z,roll,pitch,yaw,u0,u1,u2,u3,goal,gates
1,0,0.0050,-8.1272,5.8077,2.5095,-0.0008,-0.0007,1.7279,-0.3443,-0.5692,-0.4902,-0.5830,0,0
2,0,0.0100,-8.1262,5.8086,2.5088,-0.0025,-0.0021,1.7296,-0.3412,-0.5696,-0.4939,-0.5830,0,0
3,0,0.0150,-8.1252,5.8094,2.5079,-0.0045,-0.0037,1.7313,-0.5440,-0.5710,-0.5830,-0.5830,0,0
4,0,0.0200,-8.1242,5.8102,2.5068,-0.0065,-0.0051,1.7329,-0.5830,-0.5494,-0.5830,-0.5673,0,0
5,0,0.0250,-8.1232,5.8110,2.5054,-0.0087,-0.0065,1.7343,-0.5830,-0.5468,-0.5830,-0.5607,0,0
6,0,0.0300,-8.1222,5.8119,2.5038,-0.0108,-0.0078,1.7356,-0.5830,-0.5530,-0.5830,-0.5620,0,0
7,0,0.0350,-8.1213,5.8127,2.5019,-0.0130,-0.0091,1.7368,-0.5830,-0.5600,-0.5830,-0.5650,0,0
8,0,0.0400,-8.1203,5.8135,2.4998,-0.0153,-0.0104,1.7379,-0.5830,-0.5657,-0.5830,-0.5682,0,0
9,0,0.0450,-8.1193,5.8143,2.4975,-0.0175,-0.0117,1.7390,-0.5830,-0.5701,-0.5830,-0.5710,0,0
10,0,0.0500,-8.1183,5.8152,2.4949,-0.0197,-0.0130,1.7400,-0.5830,-0.5734,-0.5830,-0.5732,0,0
11,0,0.0550,-8.1173,5.8160,2.4920,-0.0219,-0.0143,1.7410,-0.5830,-0.5760,-0.5830,-0.5750,0,0
12,0,0.0600,-8.1163,5.8168,2.4890,-0.0241,-0.0156,1.7419,-0.5830,-0.5779,-0.5830,-0.5764,0,0
13,0,0.0650,-8.1153,5.8176,2.4856,-0.0263,-0.0169,1.7429,-0.5830,-0.5793,-0.5830,-0.5774,0,0
14,0,0.0700,-8.1143,5.8185,2.4821,-0.0285,-0.0182,1.7438,-0.5830,-0.5804,-0.5797,-0.5782,0,0
15,0,0.0750,-8.1133,5.8193,2.4783,-0.0306,-0.0195,1.7447,-0.5830,-0.5813,-0.5752,-0.5789,0,0
16,0,0.0800,-8.1123,5.8201,2.4742,-0.0326,-0.0207,1.7457,-0.5830,-0.5803,-0.5698,-0.5775,0,0
17,0,0.0850,-8.1113,5.8209,2.4699,-0.0345,-0.0218,1.7464,-0.5830,-0.5227,-0.5513,-0.5194,0,0
18,0,0.0900,-8.1103,5.8218,2.4655,-0.0360,-0.0227,1.7464,-0.5715,-0.4296,-0.5238,-0.4265,0,0
19,0,0.0950,-8.1093,5.8226,2.4608,-0.0374,-0.0234,1.7462,-0.4575,-0.3827,-0.4157,-0.3801,0,0
20,0,0.1000,-8.1083,5.8234,2.4561,-0.0386,-0.0239,1.7470,-0.2360,-0.4120,-0.2066,-0.4106,0,0
21,0,0.1050,-8.1073,5.8242,2.4513,-0.0397,-0.0243,1.7493,-0.1196,-0.4030,-0.1010,-0.4018,0,0
22,0,0.1100,-8.1064,5.8250,2.4464,-0.0407,-0.0246,1.7506,-0.3798,-0.2020,-0.3683,-0.1974,0,0
23,0,0.1150,-8.1054,5.8258,2.4414,-0.0415,-0.0253,1.7475,-0.5830,0.2917,-0.5830,0.3030,0,0
24,0,0.1200,-8.1044,5.8266,2.4365,-0.0422,-0.0260,1.7417,-0.4950,0.0208,-0.4866,0.0270,0,0
25,0,0.1250,-8.1035,5.8274,2.4315,-0.0430,-0.0265,1.7410,0.4170,-0.5830,0.4170,-0.5830,0,0
26,0,0.1300,-8.1026,5.8282,2.4265,-0.0440,-0.0267,1.7455,0.4170,-0.5830,0.4170,-0.5830,0,0
27,0,0.1350,-8.1016,5.8289,2.4216,-0.0449,-0.0268,1.7520,0.1105,-0.2642,0.1298,-0.2655,0,0
28,0,0.1400,-8.1007,5.8297,2.4166,-0.0457,-0.0271,1.7533,-0.5830,0.4170,-0.5830,0.4170,0,0
29,0,0.1450,-8.0998,5.8304,2.4117,-0.0463,-0.0277,1.7495,-0.5830,0.4170,-0.5830,0.4170,0,0
30,0,0.1500,-8.0989,5.8312,2.4067,-0.0467,-0.0283,1.7428,-0.4286,0.1373,-0.4065,0.1437,0,0
31,0,0.1550,-8.0980,5.8319,2.4018,-0.0473,-0.0286,1.7412,0.4170,-0.5830,0.4170,-0.5830,0,0
32,0,0.1600,-8.0971,5.8326,2.3969,-0.0480,-0.0288,1.7448,0.4170,-0.5830,0.4170,-0.5830,0,0
33,0,0.1650,-8.0963,5.8333,2.3920,-0.0487,-0.0286,1.7521,0.4075,-0.3046,0.4170,-0.3056,0,0
34,0,0.1700,-8.0954,5.8340,2.3872,-0.0494,-0.0288,1.7542,-0.5830,0.4170,-0.5830,0.4170,0,0
35,0,0.1750,-8.0946,5.8347,2.3824,-0.0498,-0.0292,1.7512,-0.5830,0.4170,-0.5830,0.4170,0,0
36,0,0.1800,-8.0937,5.8354,2.3776,-0.0500,-0.0298,1.7431,-0.5830,0.3989,-0.5687,0.4117,0,0
37,0,0.1850,-8.0929,5.8361,2.3728,-0.0503,-0.0302,1.7402,0.4170,-0.5830,0.4170,-0.5830,0,0
38,0,0.1900,-8.0921,5.8367,2.3680,-0.0508,-0.0303,1.7424,0.4170,-0.5830,0.4170,-0.5830,0,0
39,0,0.1950,-8.0913,5.8374,2.3632,-0.0514,-0.0301,1.7498,0.4170,-0.5830,0.4170,-0.5830,0,0
40,0,0.2000,-8.0905,5.8380,2.3585,-0.0518,-0.0302,1.7521,-0.5830,0.4122,-0.5710,0.4170,0,0
41,0,0.2050,-8.0898,5.8386,2.3537,-0.0520,-0.0306,1.7492,-0.5830,0.4170,-0.5830,0.4170,0,0
42,0,0.2100,-8.0890,5.8393,2.3490,-0.0521,-0.0312,1.7412,-0.5830,0.4170,-0.5829,0.4170,0,0
43,0,0.2150,-8.0883,5.8399,2.3442,-0.0523,-0.0315,1.7383,0.4170,-0.5830,0.4170,-0.5830,0,0
44,0,0.2200,-8.0875,5.8405,2.3395,-0.0527,-0.0316,1.7406,0.4170,-0.5830,0.4170,-0.5830,0,0
45,0,0.2250,-8.0868,5.8411,2.3348,-0.0532,-0.0314,1.7480,0.4170,-0.5830,0.4170,-0.5830,0,0
46,0,0.2300,-8.0861,5.8416,2.3301,-0.0535,-0.0314,1.7503,-0.5830,0.4131,-0.5707,0.4170,0,0
47,0,0.2350,-8.0854,5.8422,2.3254,-0.0537,-0.0318,1.7475,-0.5830,0.4170,-0.5830,0.4170,0,0
48,0,0.2400,-8.0847,5.8428,2.3208,-0.0536,-0.0323,1.7395,-0.5830,0.4170,-0.5813,0.4170,0,0
49,0,0.2450,-8.0840,5.8433,2.3161,-0.0537,-0.0326,1.7367,0.4170,-0.5830,0.4170,-0.5830,0,0
50,0,0.2500,-8.0834,5.8439,2.3115,-0.0540,-0.0327,1.7390,0.4170,-0.5830,0.4170,-0.5830,0,0
51,0,0.2550,-8.0827,5.8444,2.3068,-0.0545,-0.0324,1.7465,0.4170,-0.5830,0.4170,-0.5830,0,0
52,0,0.2600,-8.0821,5.8449,2.3022,-0.0547,-0.0324,1.7488,-0.5830,0.4139,-0.5705,0.4170,0,0
53,0,0.2650,-8.0814,5.8454,2.2976,-0.0547,-0.0326,1.7460,-0.5830,0.4170,-0.5830,0.4170,0,0
54,0,0.2700,-8.0808,5.8459,2.2930,-0.0546,-0.0331,1.7381,-0.5830,0.4170,-0.5806,0.4170,0,0
55,0,0.2750,-8.0802,5.8464,2.2884,-0.0546,-0.0334,1.7353,0.4170,-0.5830,0.4170,-0.5830,0,0
56,0,0.2800,-8.0796,5.8468,2.2838,-0.0548,-0.0333,1.7377,0.4170,-0.5830,0.4170,-0.5830,0,0
57,0,0.2850,-8.0791,5.8473,2.2793,-0.0552,-0.0330,1.7452,0.4170,-0.5830,0.4170,-0.5830,0,0
58,0,0.2900,-8.0785,5.8478,2.2747,-0.0553,-0.0329,1.7476,-0.5830,0.4150,-0.5700,0.4170,0,0
59,0,0.2950,-8.0779,5.8482,2.2702,-0.0552,-0.0331,1.7448,-0.5830,0.4170,-0.5830,0.4170,0,0
60,0,0.3000,-8.0774,5.8486,2.2656,-0.0550,-0.0335,1.7369,-0.5830,0.4170,-0.5807,0.4170,0,0
61,0,0.3050,-8.0769,5.8490,2.2611,-0.0549,-0.0337,1.7342,0.4170,-0.5830,0.4170,-0.5830,0,0
62,0,0.3100,-8.0764,5.8495,2.2566,-0.0550,-0.0336,1.7366,0.4170,-0.5830,0.4170,-0.5830,0,0
63,0,0.3150,-8.0759,5.8499,2.2521,-0.0553,-0.0332,1.7440,0.4170,-0.5635,0.4170,-0.5680,0,0
64,0,0.3200,-8.0754,5.8502,2.2476,-0.0554,-0.0330,1.7464,-0.5830,0.4159,-0.5703,0.4170,0,0
65,0,0.3250,-8.0749,5.8506,2.2432,-0.0553,-0.0331,1.7436,-0.5830,0.4170,-0.5830,0.4170,0,0
66,0,0.3300,-8.0744,5.8510,2.2387,-0.0549,-0.0333,1.7357,-0.5830,0.4160,-0.5666,0.4170,0,0
67,0,0.3350,-8.0740,5.8513,2.2343,-0.0547,-0.0333,1.7329,0.4170,-0.5758,0.4170,-0.5779,0,0
68,0,0.3400,-8.0735,5.8517,2.2298,-0.0547,-0.0331,1.7352,0.4170,-0.5830,0.4170,-0.5830,0,0
69,0,0.3450,-8.0731,5.8520,2.2254,-0.0548,-0.0325,1.7425,0.4170,-0.5405,0.4170,-0.5414,0,0
70,0,0.3500,-8.0727,5.8523,2.2210,-0.0546,-0.0321,1.7447,-0.5830,0.4134,-0.5601,0.4170,0,0
71,0,0.3550,-8.0723,5.8526,2.2166,-0.0543,-0.0320,1.7417,-0.5830,0.4170,-0.5830,0.4170,0,0
72,0,0.3600,-8.0719,5.8529,2.2123,-0.0535,-0.0320,1.7338,-0.5830,0.4093,-0.5393,0.4170,0,0
73,0,0.3650,-8.0715,5.8532,2.2079,-0.0529,-0.0316,1.7310,0.4170,-0.5830,0.4170,-0.5830,0,0
74,0,0.3700,-8.0712,5.8535,2.2036,-0.0524,-0.0311,1.7333,0.4170,-0.5830,0.4170,-0.5830,0,0
75,0,0.3750,-8.0708,5.8538,2.1993,-0.0521,-0.0302,1.7404,0.4170,-0.5069,0.4170,-0.5094,0,0
76,0,0.3800,-8.0705,5.8540,2.1950,-0.0516,-0.0296,1.7423,-0.5830,0.4126,-0.5716,0.4170,0,0
77,0,0.3850,-8.0702,5.8543,2.1907,-0.0509,-0.0292,1.7392,-0.5830,0.4170,-0.5830,0.4170,0,0
78,0,0.3900,-8.0699,5.8545,2.1864,-0.0499,-0.0290,1.7314,-0.5004,0.4088,-0.4693,0.4170,0,0
79,0,0.3950,-8.0696,5.8547,2.1822,-0.0490,-0.0285,1.7287,0.4170,-0.5830,0.4170,-0.5830,0,0
80,0,0.4000,-8.0693,5.8549,2.1779,-0.0483,-0.0277,1.7312,0.4170,-0.5830,0.4170,-0.5830,0,0
81,0,0.4050,-8.0690,5.8551,2.1738,-0.0477,-0.0267,1.7379,0.4170,-0.3899,0.4170,-0.3932,0,0
82,0,0.4100,-8.0687,5.8553,2.1696,-0.0470,-0.0260,1.7394,-0.5830,0.4170,-0.5830,0.4170,0,0
83,0,0.4150,-8.0685,5.8555,2.1654,-0.0461,-0.0255,1.7357,-0.5830,0.4170,-0.5830,0.4170,0,0
84,0,0.4200,-8.0682,5.8557,2.1614,-0.0450,-0.0252,1.7284,-0.3227,0.4100,-0.3083,0.4170,0,0
85,0,0.4250,-8.0680,5.8559,2.1573,-0.0441,-0.0246,1.7261,0.4170,-0.5830,0.4170,-0.5830,0,0
86,0,0.4300,-8.0678,5.8560,2.1533,-0.0433,-0.0237,1.7290,0.4170,-0.5830,0.4170,-0.5830,0,0
87,0,0.4350,-8.0676,5.8562,2.1493,-0.0425,-0.0228,1.7350,0.4170,-0.1859,0.4170,-0.1870,0,0
88,0,0.4400,-8.0674,5.8563,2.1454,-0.0417,-0.0220,1.7359,-0.5830,0.4170,-0.5830,0.4170,0,0
89,0,0.4450,-8.0672,5.8565,2.1415,-0.0407,-0.0215,1.7316,-0.5830,0.4170,-0.5830,0.4170,0,0
90,0,0.4500,-8.0670,5.8566,2.1377,-0.0397,-0.0211,1.7248,-0.0855,0.4117,-0.0832,0.4170,0,0
91,0,0.4550,-8.0669,5.8567,2.1340,-0.0387,-0.0204,1.7231,0.4170,-0.5830,0.4170,-0.5830,0,0
92,0,0.4600,-8.0667,5.8568,2.1302,-0.0379,-0.0196,1.7265,0.4170,-0.5830,0.4170,-0.5830,0,0
93,0,0.4650,-8.0666,5.8569,2.1266,-0.0371,-0.0187,1.7319,0.4170,0.0533,0.4170,0.0547,0,0
94,0,0.4700,-8.0664,5.8570,2.1231,-0.0362,-0.0181,1.7320,-0.5830,0.4170,-0.5830,0.4170,0,0
95,0,0.4750,-8.0663,5.8571,2.1195,-0.0352,-0.0175,1.7271,-0.5830,0.4170,-0.5830,0.4170,0,0
96,0,0.4800,-8.0662,5.8572,2.1162,-0.0341,-0.0171,1.7208,0.1626,0.4133,0.1571,0.4170,0,0
97,0,0.4850,-8.0661,5.8573,2.1129,-0.0332,-0.0165,1.7196,0.4170,-0.5830,0.4170,-0.5830,0,0
98,0,0.4900,-8.0660,5.8573,2.1095,-0.0324,-0.0158,1.7237,0.4170,-0.5830,0.4170,-0.5830,0,0
99,0,0.4950,-8.0659,5.8574,2.1064,-0.0315,-0.0150,1.7284,0.4170,0.2706,0.4170,0.2735,0,0
100,0,0.5000,-8.0658,5.8574,2.1034,-0.0306,-0.0144,1.7280,-0.5830,0.4170,-0.5830,0.4170,0,0
101,0,0.5050,-8.0658,5.8575,2.1003,-0.0296,-0.0139,1.7225,-0.5830,0.4170,-0.5830,0.4170,0,0
102,0,0.5100,-8.0657,5.8575,2.0975,-0.0287,-0.0136,1.7166,0.3582,0.4150,0.3474,0.4170,0,0
103,0,0.5150,-8.0657,5.8576,2.0947,-0.0278,-0.0130,1.7159,0.4170,-0.5830,0.4170,-0.5830,0,0
104,0,0.5200,-8.0656,5.8576,2.0919,-0.0270,-0.0124,1.7204,0.4170,-0.5830,0.4170,-0.5830,0,0
105,0,0.5250,-8.0656,5.8576,2.0893,-0.0262,-0.0117,1.7249,0.4170,0.3997,0.4170,0.4026,0,0
106,0,0.5300,-8.0656,5.8576,2.0868,-0.0253,-0.0112,1.7243,-0.5830,0.4170,-0.5830,0.4170,0,0
107,0,0.5350,-8.0656,5.8577,2.0843,-0.0244,-0.0108,1.7185,-0.5830,0.4170,-0.5830,0.4170,0,0
108,0,0.5400,-8.0656,5.8577,2.0821,-0.0235,-0.0105,1.7129,0.4170,0.3864,0.4061,0.3893,0,0
109,0,0.5450,-8.0656,5.8577,2.0798,-0.0226,-0.0101,1.7124,0.4170,-0.5830,0.4170,-0.5830,0,0
110,0,0.5500,-8.0656,5.8577,2.0776,-0.0218,-0.0095,1.7170,0.4170,-0.5830,0.4170,-0.5830,0,0
111,0,0.5550,-8.0656,5.8577,2.0756,-0.0211,-0.0090,1.7217,0.3549,0.3464,0.3415,0.3466,0,0
112,0,0.5600,-8.0657,5.8577,2.0736,-0.0204,-0.0087,1.7212,-0.5830,0.4170,-0.5830,0.4170,0,0
113,0,0.5650,-8.0657,5.8576,2.0717,-0.0195,-0.0084,1.7155,-0.5830,0.4170,-0.5830,0.4170,0,0
114,0,0.5700,-8.0657,5.8576,2.0699,-0.0188,-0.0082,1.7101,0.3206,0.2820,0.3086,0.2822,0,0
115,0,0.5750,-8.0658,5.8576,2.0682,-0.0181,-0.0079,1.7098,0.4170,-0.5830,0.4170,-0.5830,0,0
116,0,0.5800,-8.0658,5.8576,2.0664,-0.0174,-0.0075,1.7146,0.4170,-0.5830,0.4170,-0.5830,0,0
117,0,0.5850,-8.0659,5.8576,2.0649,-0.0168,-0.0071,1.7193,0.2436,0.2565,0.2335,0.2549,0,0
118,0,0.5900,-8.0659,5.8575,2.0633,-0.0162,-0.0069,1.7189,-0.5830,0.4170,-0.5830,0.4170,0,0
119,0,0.5950,-8.0660,5.8575,2.0618,-0.0155,-0.0067,1.7134,-0.5830,0.4170,-0.5830,0.4170,0,0
120,0,0.6000,-8.0660,5.8575,2.0604,-0.0149,-0.0065,1.7081,0.2438,0.1882,0.2346,0.1869,0,0
121,0,0.6050,-8.0661,5.8574,2.0591,-0.0143,-0.0063,1.7080,0.4170,-0.5830,0.4170,-0.5830,0,0
122,0,0.6100,-8.0662,5.8574,2.0577,-0.0137,-0.0060,1.7130,0.4170,-0.5830,0.4170,-0.5830,0,0
123,0,0.6150,-8.0663,5.8573,2.0565,-0.0132,-0.0058,1.7177,0.1431,0.1881,0.1354,0.1859,0,0
124,0,0.6200,-8.0664,5.8573,2.0553,-0.0127,-0.0056,1.7173,-0.5830,0.4170,-0.5830,0.4170,0,0
125,0,0.6250,-8.0664,5.8573,2.0542,-0.0121,-0.0054,1.7118,-0.5830,0.4170,-0.5830,0.4170,0,0
126,0,0.6300,-8.0665,5.8572,2.0531,-0.0116,-0.0053,1.7067,0.1945,0.1042,0.1875,0.1023,0,0
127,0,0.6350,-8.0666,5.8572,2.0521,-0.0111,-0.0051,1.7068,0.4170,-0.5830,0.4170,-0.5830,0,0
128,0,0.6400,-8.0667,5.8571,2.0510,-0.0107,-0.0049,1.7120,0.4170,-0.5830,0.4170,-0.5830,0,0
129,0,0.6450,-8.0668,5.8571,2.0501,-0.0102,-0.0047,1.7167,0.0438,0.1423,0.0378,0.1401,0,0
130,0,0.6500,-8.0669,5.8570,2.0492,-0.0098,-0.0046,1.7163,-0.5830,0.4170,-0.5830,0.4170,0,0
131,0,0.6550,-8.0670,5.8569,2.0483,-0.0093,-0.0045,1.7107,-0.5830,0.4170,-0.5830,0.4170,0,0
132,0,0.6600,-8.0671,5.8569,2.0475,-0.0089,-0.0044,1.7059,0.1786,0.0228,0.1732,0.0207,0,0
133,0,0.6650,-8.0672,5.8568,2.0467,-0.0085,-0.0042,1.7062,0.4170,-0.5830,0.4170,-0.5830,0,0
134,0,0.6700,-8.0673,5.8568,2.0460,-0.0081,-0.0040,1.7117,0.4170,-0.5830,0.4170,-0.5830,0,0
135,0,0.6750,-8.0674,5.8567,2.0453,-0.0078,-0.0039,1.7162,-0.0686,0.1231,-0.0734,0.1211,0,0
136,0,0.6800,-8.0676,5.8566,2.0446,-0.0074,-0.0038,1.7156,-0.5830,0.4170,-0.5830,0.4170,0,0
137,0,0.6850,-8.0677,5.8566,2.0439,-0.0070,-0.0037,1.7098,-0.5830,0.4170,-0.5830,0.4170,0,0
138,0,0.6900,-8.0678,5.8565,2.0433,-0.0066,-0.0036,1.7054,0.2094,-0.0667,0.2052,-0.0688,0,0
139,0,0.6950,-8.0679,5.8564,2.0427,-0.0063,-0.0035,1.7062,0.4170,-0.5830,0.4170,-0.5830,0,0
140,0,0.7000,-8.0680,5.8564,2.0421,-0.0060,-0.0033,1.7121,0.4170,-0.5830,0.4170,-0.5830,0,0
141,0,0.7050,-8.0681,5.8563,2.0416,-0.0057,-0.0032,1.7162,-0.2171,0.1399,-0.2212,0.1384,0,0
142,0,0.7100,-8.0683,5.8562,2.0411,-0.0054,-0.0031,1.7151,-0.5830,0.4170,-0.5830,0.4170,0,0
143,0,0.7150,-8.0684,5.8562,2.0406,-0.0050,-0.0030,1.7089,-0.5830,0.4170,-0.5830,0.4170,0,0
144,0,0.7200,-8.0685,5.8561,2.0402,-0.0048,-0.0030,1.7052,0.3122,-0.1825,0.3090,-0.1847,0,0
145,0,0.7250,-8.0686,5.8560,2.0397,-0.0045,-0.0029,1.7067,0.4170,-0.5830,0.4170,-0.5830,0,0
146,0,0.7300,-8.0688,5.8559,2.0393,-0.0042,-0.0027,1.7133,0.4170,-0.5830,0.4170,-0.5830,0,0
147,0,0.7350,-8.0689,5.8559,2.0389,-0.0040,-0.0026,1.7165,-0.4420,0.2121,-0.4455,0.2112,0,0
148,0,0.7400,-8.0690,5.8558,2.0385,-0.0037,-0.0025,1.7146,-0.5830,0.4170,-0.5830,0.4170,0,0
149,0,0.7450,-8.0692,5.8557,2.0382,-0.0034,-0.0025,1.7076,-0.5830,0.4170,-0.5830,0.4170,0,0
150,0,0.7500,-8.0693,5.8556,2.0378,-0.0032,-0.0024,1.7051,0.4170,-0.4782,0.4170,-0.4817,0,0
151,0,0.7550,-8.0694,5.8555,2.0375,-0.0030,-0.0023,1.7078,0.4170,-0.5830,0.4170,-0.5830,0,0
152,0,0.7600,-8.0696,5.8555,2.0372,-0.0027,-0.0022,1.7157,0.4170,-0.5830,0.4170,-0.5830,0,0
153,0,0.7650,-8.0697,5.8554,2.0369,-0.0025,-0.0020,1.7184,-0.5830,0.4170,-0.5830,0.4170,0,0
154,0,0.7700,-8.0698,5.8553,2.0366,-0.0023,-0.0019,1.7160,-0.5830,0.4170,-0.5830,0.4170,0,0
155,0,0.7750,-8.0700,5.8552,2.0363,-0.0020,-0.0018,1.7084,-0.5830,0.4170,-0.5830,0.4170,0,0
156,0,0.7800,-8.0701,5.8551,2.0360,-0.0018,-0.0017,1.7060,0.4170,-0.5830,0.4170,-0.5830,0,0
157,0,0.7850,-8.0702,5.8551,2.0358,-0.0015,-0.0016,1.7087,0.4170,-0.5830,0.4170,-0.5830,0,0
158,0,0.7900,-8.0704,5.8550,2.0355,-0.0013,-0.0015,1.7165,0.4170,-0.5830,0.4170,-0.5830,0,0
159,0,0.7950,-8.0705,5.8549,2.0353,-0.0011,-0.0014,1.7192,-0.5830,0.4170,-0.5830,0.4170,0,0
160,0,0.8000,-8.0706,5.8548,2.0351,-0.0008,-0.0013,1.7168,-0.5830,0.4170,-0.5830,0.4170,0,0
161,0,0.8050,-8.0708,5.8547,2.0348,-0.0006,-0.0012,1.7092,-0.5830,0.4170,-0.5830,0.4170,0,0
162,0,0.8100,-8.0709,5.8546,2.0346,-0.0004,-0.0011,1.7068,0.4170,-0.5830,0.4170,-0.5830,0,0
163,0,0.8150,-8.0710,5.8545,2.0345,-0.0001,-0.0010,1.7095,0.4170,-0.5830,0.4170,-0.5830,0,0
164,0,0.8200,-8.0712,5.8545,2.0343,0.0001,-0.0009,1.7174,0.4170,-0.5830,0.4170,-0.5830,0,0
165,0,0.8250,-8.0713,5.8544,2.0341,0.0003,-0.0008,1.7201,-0.5830,0.4170,-0.5830,0.4170,0,0
166,0,0.8300,-8.0715,5.8543,2.0340,0.0006,-0.0007,1.7176,-0.5830,0.4170,-0.5830,0.4170,0,0
167,0,0.8350,-8.0716,5.8542,2.0338,0.0008,-0.0005,1.7101,-0.5830,0.4170,-0.5830,0.4170,0,0
168,0,0.8400,-8.0717,5.8541,2.0337,0.0011,-0.0004,1.7076,0.4170,-0.5830,0.4170,-0.5830,0,0
169,0,0.8450,-8.0719,5.8540,2.0336,0.0013,-0.0003,1.7103,0.4170,-0.5830,0.4170,-0.5830,0,0
170,0,0.8500,-8.0720,5.8539,2.0335,0.0015,-0.0002,1.7182,0.4170,-0.5830,0.4170,-0.5830,0,0
171,0,0.8550,-8.0721,5.8539,2.0334,0.0018,-0.0001,1.7209,-0.5830,0.4170,-0.5830,0.4170,0,0
172,0,0.8600,-8.0723,5.8538,2.0333,0.0020,0.0000,1.7185,-0.5830,0.4170,-0.5830,0.4170,0,0
173,0,0.8650,-8.0724,5.8537,2.0332,0.0022,0.0001,1.7109,-0.5830,0.4170,-0.5830,0.4170,0,0
174,0,0.8700,-8.0725,5.8536,2.0332,0.0025,0.0003,1.7085,0.4170,-0.5830,0.4170,-0.5830,0,0
175,0,0.8750,-8.0727,5.8535,2.0331,0.0027,0.0004,1.7112,0.4170,-0.5830,0.4170,-0.5830,0,0
176,0,0.8800,-8.0728,5.8534,2.0331,0.0029,0.0005,1.7190,0.4170,-0.5830,0.4170,-0.5830,0,0
177,0,0.8850,-8.0729,5.8533,2.0331,0.0032,0.0006,1.7217,-0.5830,0.4170,-0.5830,0.4170,0,0
178,0,0.8900,-8.0731,5.8533,2.0331,0.0034,0.0007,1.7193,-0.5830,0.4170,-0.5830,0.4170,0,0
179,0,0.8950,-8.0732,5.8532,2.0331,0.0036,0.0008,1.7117,-0.5830,0.4170,-0.5830,0.4170,0,0
180,0,0.9000,-8.0733,5.8531,2.0331,0.0039,0.0010,1.7093,0.4170,-0.5830,0.4170,-0.5830,0,0
181,0,0.9050,-8.0734,5.8530,2.0331,0.0041,0.0011,1.7120,0.4170,-0.5830,0.4170,-0.5830,0,0
182,0,0.9100,-8.0736,5.8529,2.0331,0.0044,0.0011,1.7199,0.4170,-0.5830,0.4170,-0.5830,0,0
183,0,0.9150,-8.0737,5.8528,2.0332,0.0046,0.0012,1.7226,-0.5830,0.4170,-0.5830,0.4170,0,0
184,0,0.9200,-8.0738,5.8528,2.0332,0.0048,0.0014,1.7201,-0.5830,0.4170,-0.5830,0.4170,0,0
185,0,0.9250,-8.0739,5.8527,2.0333,0.0050,0.0015,1.7126,-0.5830,0.4170,-0.5830,0.4170,0,0
186,0,0.9300,-8.0741,5.8526,2.0334,0.0053,0.0017,1.7101,0.4170,-0.5830,0.4170,-0.5830,0,0
187,0,0.9350,-8.0742,5.8525,2.0335,0.0055,0.0018,1.7128,0.4170,-0.5830,0.4170,-0.5830,0,0
188,0,0.9400,-8.0743,5.8524,2.0336,0.0058,0.0018,1.7207,0.4170,-0.5830,0.4170,-0.5830,0,0
189,0,0.9450,-8.0744,5.8524,2.0337,0.0060,0.0019,1.7234,-0.5830,0.4170,-0.5830,0.4170,0,0
190,0,0.9500,-8.0745,5.8523,2.0339,0.0062,0.0021,1.7210,-0.5830,0.4170,-0.5830,0.4170,0,0
191,0,0.9550,-8.0747,5.8522,2.0340,0.0064,0.0022,1.7134,-0.5830,0.4170,-0.5830,0.4170,0,0
192,0,0.9600,-8.0748,5.8521,2.0342,0.0067,0.0024,1.7110,0.4170,-0.5830,0.4170,-0.5830,0,0
193,0,0.9650,-8.0749,5.8520,2.0343,0.0069,0.0025,1.7137,0.4170,-0.5830,0.4170,-0.5830,0,0
194,0,0.9700,-8.0750,5.8520,2.0345,0.0071,0.0025,1.7215,0.4170,-0.5830,0.4170,-0.5830,0,0
195,0,0.9750,-8.0751,5.8519,2.0347,0.0074,0.0026,1.7242,-0.5830,0.4170,-0.5830,0.4170,0,0
196,0,0.9800,-8.0752,5.8518,2.0349,0.0076,0.0028,1.7218,-0.5830,0.4170,-0.5830,0.4170,0,0
197,0,0.9850,-8.0753,5.8517,2.0351,0.0078,0.0030,1.7142,-0.5830,0.4170,-0.5830,0.4170,0,0
198,0,0.9900,-8.0754,5.8517,2.0353,0.0080,0.0031,1.7118,0.4170,-0.5830,0.4170,-0.5830,0,0
199,0,0.9950,-8.0755,5.8516,2.0356,0.0083,0.0032,1.7145,0.4170,-0.5830,0.4170,-0.5830,0,0
200,0,1.0000,-8.0756,5.8515,2.0358,0.0085,0.0033,1.7223,0.4170,-0.5830,0.4170,-0.5830,0,0
201,0,1.0050,-8.0757,5.8515,2.0361,0.0088,0.0034,1.7251,-0.5830,0.4170,-0.5830,0.4170,0,0
202,0,1.0100,-8.0758,5.8514,2.0364,0.0090,0.0035,1.7226,-0.5830,0.4170,-0.5830,0.4170,0,0
203,0,1.0150,-8.0759,5.8513,2.0366,0.0082,0.0050,1.7157,-0.5830,0.4170,-0.5473,0.1963,0,0
204,0,1.0200,-8.0760,5.8513,2.0369,0.0073,0.0098,1.7124,0.1342,-0.2536,0.4170,-0.5830,0,0
205,0,1.0250,-8.0761,5.8512,2.0372,0.0064,0.0145,1.7142,0.4170,-0.5813,0.4170,-0.5830,0,0
206,0,1.0300,-8.0762,5.8511,2.0375,0.0053,0.0198,1.7209,0.3850,-0.5010,0.4170,-0.5830,0,0
207,0,1.0350,-8.0762,5.8510,2.0378,0.0040,0.0262,1.7229,-0.5830,0.4170,-0.5010,0.2998,0,0
208,0,1.0400,-8.0763,5.8510,2.0382,0.0025,0.0325,1.7198,-0.5830,0.4170,-0.5830,0.4170,0,0
209,0,1.0450,-8.0764,5.8509,2.0385,0.0008,0.0392,1.7117,-0.5830,0.4170,-0.5603,0.3991,0,0
210,0,1.0500,-8.0765,5.8509,2.0388,-0.0005,0.0460,1.7085,0.3799,-0.5725,0.4170,-0.5830,0,0
211,0,1.0550,-8.0766,5.8509,2.0392,-0.0016,0.0529,1.7105,0.4170,-0.5830,0.4170,-0.5830,0,0
212,0,1.0600,-8.0767,5.8508,2.0395,-0.0022,0.0610,1.7125,-0.3010,-0.1981,-0.1382,-0.2608,0,0
213,0,1.0650,-8.0768,5.8508,2.0398,-0.0031,0.0691,1.7094,-0.5830,0.4170,-0.5830,0.4170,0,0
214,0,1.0700,-8.0769,5.8508,2.0401,-0.0044,0.0772,1.7011,-0.5830,0.4170,-0.5830,0.4170,0,0
215,0,1.0750,-8.0769,5.8509,2.0404,-0.0054,0.0856,1.6928,-0.2515,-0.2187,-0.1807,-0.2231,0,0
216,0,1.0800,-8.0771,5.8509,2.0407,-0.0059,0.0941,1.6897,0.4170,-0.5830,0.4170,-0.5830,0,0
217,0,1.0850,-8.0772,5.8510,2.0410,-0.0060,0.1027,1.6917,0.4170,-0.5830,0.4170,-0.5830,0,0
218,0,1.0900,-8.0773,5.8511,2.0412,-0.0059,0.1110,1.6938,-0.2035,-0.2318,-0.2018,-0.2043,0,0
219,0,1.0950,-8.0774,5.8512,2.0415,-0.0064,0.1194,1.6908,-0.5830,0.4170,-0.5830,0.4170,0,0
220,0,1.1000,-8.0775,5.8513,2.0417,-0.0076,0.1277,1.6825,-0.5830,0.4170,-0.5830,0.4170,0,0
221,0,1.1050,-8.0776,5.8515,2.0419,-0.0091,0.1360,1.6712,-0.5801,0.0000,-0.5647,0.0144,0,0
222,0,1.1100,-8.0778,5.8517,2.0420,-0.0098,0.1443,1.6651,0.4170,-0.5830,0.4170,-0.5830,0,0
223,0,1.1150,-8.0779,5.8519,2.0422,-0.0099,0.1527,1.6642,0.4170,-0.5830,0.4170,-0.5830,0,0
224,0,1.1200,-8.0780,5.8522,2.0424,-0.0091,0.1607,1.6674,0.3214,-0.5027,0.3029,-0.4495,0,0
225,0,1.1250,-8.0782,5.8525,2.0426,-0.0092,0.1687,1.6654,-0.5830,0.4170,-0.5830,0.4170,0,0
226,0,1.1300,-8.0784,5.8529,2.0428,-0.0102,0.1767,1.6581,-0.5830,0.4170,-0.5830,0.4170,0,0
227,0,1.1350,-8.0785,5.8533,2.0430,-0.0121,0.1843,1.6457,-0.5798,0.3876,-0.5830,0.4170,0,0
228,0,1.1400,-8.0787,5.8537,2.0433,-0.0129,0.1920,1.6385,0.4170,-0.5830,0.4170,-0.5634,0,0
229,0,1.1450,-8.0789,5.8542,2.0435,-0.0127,0.1996,1.6365,0.4170,-0.5830,0.4170,-0.5830,0,0
230,0,1.1500,-8.0790,5.8548,2.0437,-0.0114,0.2073,1.6397,0.4170,-0.5830,0.4170,-0.5688,0,0
231,0,1.1550,-8.0792,5.8554,2.0440,-0.0090,0.2150,1.6482,0.4170,-0.5830,0.4170,-0.5830,0,0
232,0,1.1600,-8.0794,5.8560,2.0441,-0.0079,0.2225,1.6530,-0.5211,0.1531,-0.5830,0.1176,0,0
233,0,1.1650,-8.0796,5.8567,2.0443,-0.0080,0.2300,1.6527,-0.5830,0.4170,-0.5830,0.4170,0,0
234,0,1.1700,-8.0798,5.8575,2.0445,-0.0093,0.2374,1.6470,-0.5830,0.4170,-0.5830,0.4170,0,0
235,0,1.1750,-8.0801,5.8583,2.0447,-0.0097,0.2442,1.6457,0.3626,-0.5226,0.2856,-0.4791,0,0
236,0,1.1800,-8.0803,5.8592,2.0449,-0.0089,0.2511,1.6497,0.4170,-0.5830,0.4170,-0.5830,0,0
237,0,1.1850,-8.0805,5.8601,2.0452,-0.0067,0.2579,1.6590,0.4170,-0.5830,0.4170,-0.5767,0,0
238,0,1.1900,-8.0807,5.8611,2.0454,-0.0059,0.2646,1.6631,-0.5580,0.4143,-0.5830,0.4170,0,0
239,0,1.1950,-8.0810,5.8622,2.0456,-0.0066,0.2712,1.6618,-0.5830,0.4170,-0.5830,0.4170,0,0
240,0,1.2000,-8.0812,5.8634,2.0458,-0.0088,0.2777,1.6553,-0.5680,0.4102,-0.5830,0.4170,0,0
241,0,1.2050,-8.0815,5.8646,2.0460,-0.0119,0.2835,1.6436,-0.5737,0.3272,-0.5830,0.4170,0,0
242,0,1.2100,-8.0818,5.8659,2.0463,-0.0129,0.2885,1.6369,0.4170,-0.5830,0.4083,-0.4287,0,0
243,0,1.2150,-8.0821,5.8672,2.0465,-0.0124,0.2936,1.6355,0.4170,-0.5830,0.4170,-0.5830,0,0
244,0,1.2200,-8.0823,5.8687,2.0467,-0.0103,0.2985,1.6395,0.4170,-0.5830,0.4170,-0.5566,0,0
245,0,1.2250,-8.0826,5.8702,2.0469,-0.0093,0.3026,1.6387,-0.5124,0.2850,-0.5830,0.3803,0,0
246,0,1.2300,-8.0829,5.8718,2.0472,-0.0101,0.3066,1.6325,-0.5830,0.4170,-0.5830,0.4170,0,0
247,0,1.2350,-8.0833,5.8735,2.0474,-0.0124,0.3103,1.6210,-0.5642,0.4028,-0.5830,0.4170,0,0
248,0,1.2400,-8.0836,5.8752,2.0476,-0.0128,0.3135,1.6146,0.4170,-0.5830,0.3962,-0.4969,0,0
249,0,1.2450,-8.0839,5.8770,2.0479,-0.0116,0.3167,1.6136,0.4170,-0.5830,0.4170,-0.5830,0,0
250,0,1.2500,-8.0842,5.8790,2.0481,-0.0086,0.3199,1.6180,0.4170,-0.5830,0.4170,-0.5508,0,0
251,0,1.2550,-8.0846,5.8809,2.0483,-0.0038,0.3230,1.6278,0.4170,-0.5830,0.4170,-0.5830,0,0
252,0,1.2600,-8.0849,5.8830,2.0485,-0.0009,0.3256,1.6352,-0.4057,-0.0266,-0.5758,-0.0888,0,0
253,0,1.2650,-8.0853,5.8851,2.0486,0.0001,0.3281,1.6373,-0.5830,0.4170,-0.5830,0.4170,0,0
254,0,1.2700,-8.0856,5.8873,2.0487,-0.0005,0.3307,1.6339,-0.5830,0.4170,-0.5830,0.4170,0,0
255,0,1.2750,-8.0860,5.8896,2.0488,-0.0012,0.3326,1.6324,0.0810,-0.3286,-0.0385,-0.3210,0,0
256,0,1.2800,-8.0863,5.8920,2.0489,-0.0000,0.3344,1.6363,0.4170,-0.5830,0.4170,-0.5830,0,0
257,0,1.2850,-8.0867,5.8944,2.0490,0.0029,0.3363,1.6457,0.4170,-0.5830,0.4170,-0.5830,0,0
258,0,1.2900,-8.0871,5.8969,2.0490,0.0044,0.3375,1.6523,-0.4547,-0.0039,-0.5733,0.0066,0,0
259,0,1.2950,-8.0874,5.8995,2.0490,0.0040,0.3387,1.6534,-0.5830,0.4170,-0.5830,0.4170,0,0
260,0,1.3000,-8.0878,5.9022,2.0490,0.0018,0.3399,1.6491,-0.5830,0.4170,-0.5830,0.4170,0,0
261,0,1.3050,-8.0882,5.9050,2.0490,-0.0022,0.3411,1.6393,-0.5830,0.4170,-0.5830,0.4170,0,0
262,0,1.3100,-8.0886,5.9078,2.0490,-0.0050,0.3409,1.6312,0.0685,-0.3676,-0.0087,-0.1850,0,0
263,0,1.3150,-8.0890,5.9108,2.0490,-0.0061,0.3407,1.6285,0.4170,-0.5830,0.4170,-0.5830,0,0
264,0,1.3200,-8.0894,5.9138,2.0490,-0.0053,0.3405,1.6313,0.4170,-0.5830,0.4170,-0.5830,0,0
265,0,1.3250,-8.0898,5.9169,2.0489,-0.0047,0.3393,1.6325,-0.3137,-0.1105,-0.3816,0.0172,0,0
266,0,1.3300,-8.0902,5.9200,2.0488,-0.0060,0.3381,1.6282,-0.5830,0.4170,-0.5830,0.4170,0,0
267,0,1.3350,-8.0907,5.9233,2.0487,-0.0090,0.3368,1.6184,-0.5830,0.4170,-0.5830,0.4170,0,0
268,0,1.3400,-8.0911,5.9266,2.0486,-0.0108,0.3348,1.6109,0.1360,-0.3468,0.1021,-0.2318,0,0
269,0,1.3450,-8.0915,5.9301,2.0485,-0.0109,0.3328,1.6089,0.4170,-0.5830,0.4170,-0.5830,0,0
270,0,1.3500,-8.0920,5.9336,2.0484,-0.0092,0.3308,1.6123,0.4170,-0.5830,0.4170,-0.5830,0,0
271,0,1.3550,-8.0924,5.9372,2.0483,-0.0057,0.3289,1.6211,0.4170,-0.5830,0.4170,-0.5830,0,0
272,0,1.3600,-8.0929,5.9408,2.0481,-0.0031,0.3270,1.6287,-0.2619,-0.0312,-0.2997,-0.0768,0,0
273,0,1.3650,-8.0933,5.9446,2.0480,-0.0022,0.3251,1.6309,-0.5830,0.4170,-0.5830,0.4170,0,0
274,0,1.3700,-8.0938,5.9484,2.0478,-0.0031,0.3232,1.6276,-0.5830,0.4170,-0.5830,0.4170,0,0
275,0,1.3750,-8.0943,5.9523,2.0477,-0.0038,0.3211,1.6255,0.0350,-0.1991,-0.0003,-0.2138,0,0
276,0,1.3800,-8.0947,5.9563,2.0475,-0.0028,0.3191,1.6289,0.4170,-0.5830,0.4170,-0.5830,0,0
277,0,1.3850,-8.0952,5.9604,2.0473,-0.0002,0.3171,1.6376,0.4170,-0.5830,0.4170,-0.5830,0,0
278,0,1.3900,-8.0957,5.9645,2.0471,0.0017,0.3149,1.6446,-0.3034,0.0005,-0.3464,-0.0071,0,0
279,0,1.3950,-8.0962,5.9687,2.0469,0.0019,0.3127,1.6462,-0.5830,0.4170,-0.5830,0.4170,0,0
280,0,1.4000,-8.0967,5.9730,2.0467,0.0004,0.3105,1.6424,-0.5830,0.4170,-0.5830,0.4170,0,0
281,0,1.4050,-8.0972,5.9774,2.0465,-0.0028,0.3083,1.6332,-0.5830,0.4170,-0.5830,0.4170,0,0
282,0,1.4100,-8.0977,5.9818,2.0463,-0.0050,0.3052,1.6254,0.0774,-0.2675,0.0395,-0.1392,0,0
283,0,1.4150,-8.0982,5.9864,2.0461,-0.0055,0.3021,1.6231,0.4170,-0.5830,0.4170,-0.5830,0,0
284,0,1.4200,-8.0987,5.9910,2.0459,-0.0045,0.2990,1.6261,0.4170,-0.5830,0.4170,-0.5830,0,0
285,0,1.4250,-8.0993,5.9956,2.0457,-0.0036,0.2954,1.6276,-0.2743,-0.0506,-0.3009,0.0393,0,0
286,0,1.4300,-8.0998,6.0004,2.0455,-0.0042,0.2917,1.6237,-0.5830,0.4170,-0.5830,0.4170,0,0
287,0,1.4350,-8.1003,6.0052,2.0452,-0.0064,0.2880,1.6145,-0.5830,0.4170,-0.5830,0.4170,0,0
288,0,1.4400,-8.1009,6.0101,2.0450,-0.0076,0.2839,1.6074,0.1558,-0.2813,0.1500,-0.2064,0,0
289,0,1.4450,-8.1014,6.0151,2.0448,-0.0073,0.2798,1.6057,0.4170,-0.5830,0.4170,-0.5830,0,0
290,0,1.4500,-8.1020,6.0201,2.0446,-0.0055,0.2757,1.6093,0.4170,-0.5830,0.4170,-0.5830,0,0
291,0,1.4550,-8.1025,6.0253,2.0444,-0.0022,0.2716,1.6183,0.4170,-0.5830,0.4170,-0.5830,0,0
292,0,1.4600,-8.1031,6.0304,2.0442,0.0002,0.2679,1.6253,-0.3251,0.0500,-0.3245,-0.0085,0,0
293,0,1.4650,-8.1036,6.0357,2.0439,0.0012,0.2641,1.6271,-0.5830,0.4170,-0.5830,0.4170,0,0
294,0,1.4700,-8.1042,6.0410,2.0437,0.0008,0.2603,1.6235,-0.5830,0.4170,-0.5830,0.4170,0,0
295,0,1.4750,-8.1048,6.0464,2.0435,0.0007,0.2567,1.6222,0.1728,-0.2332,0.1680,-0.2666,0,0
296,0,1.4800,-8.1053,6.0518,2.0433,0.0021,0.2531,1.6261,0.4170,-0.5830,0.4170,-0.5830,0,0
297,0,1.4850,-8.1059,6.0573,2.0431,0.0047,0.2494,1.6354,0.4170,-0.5830,0.4170,-0.5830,0,0
298,0,1.4900,-8.1065,6.0629,2.0428,0.0063,0.2458,1.6416,-0.4522,0.1197,-0.4749,0.0853,0,0
299,0,1.4950,-8.1071,6.0685,2.0426,0.0066,0.2423,1.6426,-0.5830,0.4170,-0.5830,0.4170,0,0
300,0,1.5000,-8.1076,6.0742,2.0424,0.0056,0.2387,1.6382,-0.5830,0.4170,-0.5830,0.4170,0,0
301,0,1.5050,-8.1082,6.0799,2.0421,0.0034,0.2352,1.6286,-0.5830,0.4170,-0.5830,0.4170,0,0
302,0,1.5100,-8.1088,6.0857,2.0420,0.0024,0.2311,1.6227,0.3771,-0.4005,0.3495,-0.3121,0,0
303,0,1.5150,-8.1094,6.0916,2.0418,0.0026,0.2269,1.6222,0.4170,-0.5830,0.4170,-0.5830,0,0
304,0,1.5200,-8.1100,6.0976,2.0416,0.0040,0.2227,1.6269,0.4170,-0.5830,0.4170,-0.5830,0,0
305,0,1.5250,-8.1106,6.1035,2.0414,0.0045,0.2183,1.6268,-0.5720,0.3187,-0.5830,0.3634,0,0
306,0,1.5300,-8.1112,6.1096,2.0412,0.0039,0.2138,1.6215,-0.5830,0.4170,-0.5830,0.4170,0,0
307,0,1.5350,-8.1118,6.1157,2.0411,0.0022,0.2094,1.6108,-0.5830,0.4170,-0.5830,0.4170,0,0
308,0,1.5400,-8.1124,6.1218,2.0409,0.0016,0.2049,1.6055,0.4170,-0.5830,0.4170,-0.5796,0,0
309,0,1.5450,-8.1130,6.1280,2.0408,0.0021,0.2004,1.6054,0.4170,-0.5830,0.4170,-0.5830,0,0
310,0,1.5500,-8.1136,6.1343,2.0406,0.0036,0.1959,1.6105,0.4170,-0.5830,0.4170,-0.5814,0,0
311,0,1.5550,-8.1142,6.1406,2.0405,0.0061,0.1914,1.6208,0.4170,-0.5830,0.4170,-0.5830,0,0
312,0,1.5600,-8.1148,6.1470,2.0403,0.0074,0.1870,1.6260,-0.5830,0.4170,-0.5830,0.3839,0,0
313,0,1.5650,-8.1154,6.1534,2.0402,0.0078,0.1827,1.6260,-0.5830,0.4170,-0.5830,0.4170,0,0
314,0,1.5700,-8.1160,6.1598,2.0400,0.0072,0.1785,1.6207,-0.5830,0.4170,-0.5830,0.3975,0,0
315,0,1.5750,-8.1166,6.1663,2.0399,0.0074,0.1743,1.6207,0.4170,-0.5830,0.4170,-0.5830,0,0
316,0,1.5800,-8.1172,6.1728,2.0398,0.0086,0.1700,1.6260,0.4170,-0.5830,0.4170,-0.5830,0,0
317,0,1.5850,-8.1178,6.1794,2.0397,0.0107,0.1657,1.6364,0.4170,-0.5830,0.4170,-0.5830,0,0
318,0,1.5900,-8.1184,6.1860,2.0396,0.0118,0.1615,1.6416,-0.5830,0.4170,-0.5830,0.4047,0,0
319,0,1.5950,-8.1190,6.1927,2.0395,0.0121,0.1573,1.6416,-0.5830,0.4170,-0.5830,0.4170,0,0
320,0,1.6000,-8.1196,6.1994,2.0394,0.0115,0.1533,1.6365,-0.5830,0.4170,-0.5830,0.4029,0,0
321,0,1.6050,-8.1202,6.2061,2.0394,0.0101,0.1493,1.6261,-0.5830,0.4170,-0.5830,0.4170,0,0
322,0,1.6100,-8.1208,6.2129,2.0393,0.0095,0.1452,1.6210,0.4170,-0.5830,0.4170,-0.5830,0,0
323,0,1.6150,-8.1214,6.2197,2.0392,0.0097,0.1411,1.6210,0.4170,-0.5830,0.4170,-0.5830,0,0
324,0,1.6200,-8.1220,6.2266,2.0392,0.0106,0.1369,1.6263,0.4170,-0.5830,0.4170,-0.5830,0,0
325,0,1.6250,-8.1226,6.2335,2.0391,0.0108,0.1328,1.6264,-0.5830,0.4130,-0.5830,0.4170,0,0
326,0,1.6300,-8.1232,6.2404,2.0391,0.0104,0.1287,1.6212,-0.5830,0.4170,-0.5830,0.4170,0,0
327,0,1.6350,-8.1238,6.2474,2.0391,0.0093,0.1247,1.6109,-0.5830,0.4170,-0.5830,0.4170,0,0
328,0,1.6400,-8.1244,6.2544,2.0391,0.0088,0.1206,1.6058,0.4170,-0.5830,0.4170,-0.5830,0,0
329,0,1.6450,-8.1250,6.2614,2.0391,0.0090,0.1164,1.6059,0.4170,-0.5830,0.4170,-0.5830,0,0
330,0,1.6500,-8.1256,6.2684,2.0391,0.0098,0.1123,1.6112,0.4170,-0.5830,0.4170,-0.5830,0,0
331,0,1.6550,-8.1262,6.2755,2.0391,0.0111,0.1080,1.6216,0.4170,-0.5830,0.4170,-0.5830,0,0
332,0,1.6600,-8.1268,6.2826,2.0392,0.0119,0.1038,1.6268,-0.5830,0.4170,-0.5830,0.4170,0,0
333,0,1.6650,-8.1274,6.2898,2.0392,0.0121,0.0996,1.6269,-0.5830,0.4170,-0.5830,0.4170,0,0
334,0,1.6700,-8.1280,6.2969,2.0393,0.0119,0.0955,1.6218,-0.5830,0.4170,-0.5830,0.4170,0,0
335,0,1.6750,-8.1286,6.3041,2.0393,0.0121,0.0914,1.6218,0.4170,-0.5756,0.4170,-0.5830,0,0
336,0,1.6800,-8.1292,6.3113,2.0394,0.0128,0.0873,1.6270,0.4170,-0.5830,0.4170,-0.5830,0,0
337,0,1.6850,-8.1298,6.3185,2.0395,0.0139,0.0830,1.6374,0.4170,-0.5821,0.4170,-0.5830,0,0
338,0,1.6900,-8.1304,6.3258,2.0396,0.0145,0.0788,1.6426,-0.5830,0.4170,-0.5830,0.4113,0,0
339,0,1.6950,-8.1309,6.3331,2.0397,0.0148,0.0748,1.6426,-0.5830,0.4170,-0.5830,0.4170,0,0
340,0,1.7000,-8.1315,6.3403,2.0398,0.0146,0.0708,1.6375,-0.5830,0.4170,-0.5830,0.4083,0,0
341,0,1.7050,-8.1321,6.3477,2.0399,0.0141,0.0669,1.6273,-0.5830,0.4170,-0.5830,0.4170,0,0
342,0,1.7100,-8.1327,6.3550,2.0401,0.0139,0.0629,1.6222,0.4170,-0.5830,0.4170,-0.5830,0,0
343,0,1.7150,-8.1332,6.3623,2.0402,0.0141,0.0589,1.6223,0.4170,-0.5830,0.4170,-0.5830,0,0
344,0,1.7200,-8.1338,6.3697,2.0404,0.0146,0.0548,1.6275,0.4170,-0.5830,0.4170,-0.5830,0,0
345,0,1.7250,-8.1344,6.3771,2.0406,0.0148,0.0507,1.6275,-0.5830,0.4170,-0.5830,0.4170,0,0
346,0,1.7300,-8.1349,6.3844,2.0407,0.0147,0.0468,1.6225,-0.5830,0.4170,-0.5830,0.4170,0,0
347,0,1.7350,-8.1355,6.3918,2.0409,0.0144,0.0429,1.6122,-0.5830,0.4170,-0.5830,0.4162,0,0
348,0,1.7400,-8.1360,6.3993,2.0411,0.0144,0.0389,1.6072,0.4170,-0.5830,0.4170,-0.5830,0,0
349,0,1.7450,-8.1366,6.4067,2.0414,0.0146,0.0349,1.6072,0.4170,-0.5830,0.4170,-0.5830,0,0
350,0,1.7500,-8.1371,6.4141,2.0416,0.0149,0.0308,1.6124,0.4170,-0.5830,0.4170,-0.5830,0,0
351,0,1.7550,-8.1377,6.4215,2.0418,0.0153,0.0267,1.6227,0.4066,-0.5598,0.4170,-0.5830,0,0
352,0,1.7600,-8.1382,6.4290,2.0421,0.0155,0.0228,1.6279,-0.5830,0.4170,-0.5830,0.4087,0,0
353,0,1.7650,-8.1388,6.4364,2.0424,0.0157,0.0190,1.6279,-0.5830,0.4170,-0.5830,0.4170,0,0
354,0,1.7700,-8.1393,6.4439,2.0426,0.0156,0.0154,1.6228,-0.5830,0.4170,-0.5830,0.4000,0,0
355,0,1.7750,-8.1398,6.4513,2.0429,0.0156,0.0119,1.6227,0.4048,-0.5561,0.4170,-0.5830,0,0
356,0,1.7800,-8.1403,6.4588,2.0432,0.0156,0.0083,1.6278,0.4170,-0.5830,0.4170,-0.5830,0,0
357,0,1.7850,-8.1409,6.4663,2.0436,0.0156,0.0047,1.6380,0.4170,-0.5686,0.4170,-0.5830,0,0
358,0,1.7900,-8.1414,6.4737,2.0439,0.0154,0.0013,1.6431,-0.5830,0.4170,-0.5816,0.3874,0,0
359,0,1.7950,-8.1419,6.4812,2.0442,0.0152,-0.0019,1.6431,-0.5830,0.4170,-0.5830,0.4170,0,0
360,0,1.8000,-8.1424,6.4887,2.0446,0.0149,-0.0050,1.6381,-0.5830,0.4170,-0.5830,0.3950,0,0
361,0,1.8050,-8.1429,6.4961,2.0449,0.0146,-0.0080,1.6278,-0.5830,0.4170,-0.5830,0.4145,0,0
362,0,1.8100,-8.1434,6.5036,2.0453,0.0143,-0.0110,1.6227,0.4170,-0.5771,0.4170,-0.5830,0,0
363,0,1.8150,-8.1439,6.5111,2.0457,0.0139,-0.0141,1.6228,0.4170,-0.5830,0.4170,-0.5830,0,0
364,0,1.8200,-8.1444,6.5185,2.0461,0.0134,-0.0173,1.6280,0.4170,-0.5830,0.4170,-0.5830,0,0
365,0,1.8250,-8.1449,6.5260,2.0465,0.0131,-0.0203,1.6280,-0.5830,0.4170,-0.5830,0.4170,0,0
366,0,1.8300,-8.1454,6.5334,2.0469,0.0128,-0.0234,1.6230,-0.5830,0.4170,-0.5830,0.4170,0,0
367,0,1.8350,-8.1459,6.5408,2.0473,0.0127,-0.0263,1.6127,-0.5830,0.4170,-0.5830,0.4170,0,0
368,0,1.8400,-8.1463,6.5483,2.0478,0.0124,-0.0293,1.6076,0.4151,-0.5729,0.4170,-0.5830,0,0
369,0,1.8450,-8.1468,6.5557,2.0482,0.0120,-0.0323,1.6076,0.4170,-0.5830,0.4170,-0.5830,0,0
370,0,1.8500,-8.1473,6.5631,2.0487,0.0114,-0.0354,1.6128,0.4170,-0.5826,0.4170,-0.5830,0,0
371,0,1.8550,-8.1478,6.5705,2.0492,0.0107,-0.0382,1.6230,0.3785,-0.5693,0.4170,-0.5830,0,0
372,0,1.8600,-8.1482,6.5779,2.0496,0.0103,-0.0407,1.6282,-0.5830,0.4170,-0.5578,0.3980,0,0
373,0,1.8650,-8.1487,6.5853,2.0501,0.0101,-0.0432,1.6282,-0.5830,0.4170,-0.5830,0.4170,0,0
374,0,1.8700,-8.1491,6.5927,2.0506,0.0100,-0.0455,1.6231,-0.5830,0.4170,-0.5775,0.3955,0,0
375,0,1.8750,-8.1496,6.6001,2.0512,0.0096,-0.0476,1.6231,0.3908,-0.5538,0.4170,-0.5830,0,0
376,0,1.8800,-8.1501,6.6074,2.0517,0.0091,-0.0497,1.6282,0.4170,-0.5830,0.4170,-0.5830,0,0
377,0,1.8850,-8.1505,6.6148,2.0522,0.0082,-0.0517,1.6384,0.4084,-0.5682,0.4170,-0.5830,0,0
378,0,1.8900,-8.1509,6.6221,2.0528,0.0075,-0.0534,1.6436,-0.5830,0.4170,-0.5609,0.3851,0,0
379,0,1.8950,-8.1514,6.6294,2.0534,0.0071,-0.0550,1.6436,-0.5830,0.4170,-0.5830,0.4170,0,0
380,0,1.9000,-8.1518,6.6367,2.0539,0.0069,-0.0565,1.6385,-0.5830,0.4170,-0.5804,0.3979,0,0
381,0,1.9050,-8.1523,6.6440,2.0545,0.0070,-0.0579,1.6283,-0.5830,0.4170,-0.5830,0.4170,0,0
382,0,1.9100,-8.1527,6.6512,2.0551,0.0068,-0.0593,1.6232,0.4131,-0.5685,0.4170,-0.5830,0,0
383,0,1.9150,-8.1531,6.6585,2.0557,0.0062,-0.0607,1.6233,0.4170,-0.5830,0.4170,-0.5830,0,0
384,0,1.9200,-8.1536,6.6657,2.0563,0.0053,-0.0621,1.6285,0.4170,-0.5795,0.4170,-0.5830,0,0
385,0,1.9250,-8.1540,6.6730,2.0570,0.0048,-0.0635,1.6285,-0.5830,0.4170,-0.5830,0.4170,0,0
386,0,1.9300,-8.1544,6.6802,2.0576,0.0045,-0.0649,1.6234,-0.5830,0.4170,-0.5830,0.4170,0,0
387,0,1.9350,-8.1548,6.6874,2.0583,0.0046,-0.0662,1.6131,-0.5830,0.4170,-0.5830,0.4170,0,0
388,0,1.9400,-8.1553,6.6945,2.0589,0.0044,-0.0675,1.6079,0.4055,-0.5712,0.4170,-0.5830,0,0
389,0,1.9450,-8.1557,6.7017,2.0596,0.0038,-0.0687,1.6079,0.4170,-0.5830,0.4170,-0.5830,0,0
390,0,1.9500,-8.1561,6.7088,2.0603,0.0029,-0.0700,1.6131,0.4148,-0.5819,0.4170,-0.5830,0,0
391,0,1.9550,-8.1565,6.7159,2.0610,0.0017,-0.0711,1.6233,0.3863,-0.5771,0.4170,-0.5830,0,0
392,0,1.9600,-8.1569,6.7230,2.0617,0.0010,-0.0718,1.6284,-0.5830,0.4170,-0.5445,0.3997,0,0
393,0,1.9650,-8.1573,6.7301,2.0624,0.0007,-0.0726,1.6285,-0.5830,0.4170,-0.5830,0.4170,0,0
394,0,1.9700,-8.1578,6.7372,2.0632,0.0007,-0.0732,1.6234,-0.5830,0.4170,-0.5706,0.4046,0,0
395,0,1.9750,-8.1582,6.7442,2.0639,0.0004,-0.0736,1.6234,0.3932,-0.5637,0.4170,-0.5830,0,0
396,0,1.9800,-8.1586,6.7513,2.0647,-0.0003,-0.0740,1.6285,0.4170,-0.5830,0.4170,-0.5830,0,0
397,0,1.9850,-8.1590,6.7583,2.0654,-0.0013,-0.0744,1.6388,0.4094,-0.5746,0.4170,-0.5830,0,0
398,0,1.9900,-8.1594,6.7652,2.0662,-0.0020,-0.0744,1.6440,-0.5830,0.4170,-0.5605,0.3957,0,0
399,0,1.9950,-8.1598,6.7722,2.0670,-0.0024,-0.0745,1.6440,-0.5830,0.4170,-0.5830,0.4170,0,0
400,0,2.0000,-8.1602,6.7792,2.0678,-0.0023,-0.0746,1.6390,-0.5830,0.4170,-0.5797,0.4037,0,0
401,0,2.0050,-8.1606,6.7861,2.0686,-0.0019,-0.0746,1.6288,-0.5830,0.4170,-0.5830,0.4170,0,0
402,0,2.0100,-8.1610,6.7930,2.0694,-0.0020,-0.0746,1.6237,0.4170,-0.5750,0.4170,-0.5830,0,0
403,0,2.0150,-8.1614,6.7999,2.0703,-0.0024,-0.0745,1.6237,0.4170,-0.5830,0.4170,-0.5830,0,0
404,0,2.0200,-8.1618,6.8068,2.0711,-0.0032,-0.0745,1.6290,0.4170,-0.5830,0.4170,-0.5830,0,0
405,0,2.0250,-8.1622,6.8136,2.0720,-0.0036,-0.0744,1.6291,-0.5830,0.4170,-0.5830,0.4170,0,0
406,0,2.0300,-8.1626,6.8204,2.0728,-0.0036,-0.0744,1.6240,-0.5830,0.4170,-0.5830,0.4170,0,0
407,0,2.0350,-8.1631,6.8273,2.0737,-0.0033,-0.0744,1.6137,-0.5830,0.4170,-0.5830,0.4170,0,0
408,0,2.0400,-8.1635,6.8340,2.0746,-0.0033,-0.0744,1.6086,0.4119,-0.5785,0.4170,-0.5830,0,0
409,0,2.0450,-8.1639,6.8408,2.0755,-0.0037,-0.0743,1.6087,0.4170,-0.5830,0.4170,-0.5830,0,0
410,0,2.0500,-8.1643,6.8476,2.0764,-0.0045,-0.0742,1.6139,0.4170,-0.5830,0.4170,-0.5830,0,0
411,0,2.0550,-8.1647,6.8543,2.0773,-0.0056,-0.0739,1.6242,0.4004,-0.5830,0.4170,-0.5830,0,0
412,0,2.0600,-8.1651,6.8610,2.0783,-0.0062,-0.0736,1.6296,-0.5830,0.3817,-0.5626,0.3741,0,0
413,0,2.0650,-8.1655,6.8677,2.0792,-0.0065,-0.0733,1.6299,-0.5830,0.4170,-0.5830,0.4170,0,0
414,0,2.0700,-8.1659,6.8744,2.0801,-0.0064,-0.0730,1.6250,-0.5830,0.4170,-0.5830,0.4170,0,0
415,0,2.0750,-8.1663,6.8811,2.0811,-0.0064,-0.0724,1.6251,0.3693,-0.5723,0.4170,-0.5830,0,0
416,0,2.0800,-8.1667,6.8877,2.0821,-0.0069,-0.0717,1.6304,0.4170,-0.5830,0.4170,-0.5830,0,0
417,0,2.0850,-8.1671,6.8943,2.0830,-0.0077,-0.0710,1.6408,0.4115,-0.5786,0.4170,-0.5830,0,0
418,0,2.0900,-8.1675,6.9009,2.0840,-0.0082,-0.0702,1.6461,-0.5830,0.4053,-0.5807,0.3908,0,0
419,0,2.0950,-8.1679,6.9075,2.0850,-0.0083,-0.0695,1.6463,-0.5830,0.4170,-0.5830,0.4170,0,0
420,0,2.1000,-8.1683,6.9141,2.0860,-0.0082,-0.0687,1.6414,-0.5830,0.4129,-0.5830,0.3979,0,0
421,0,2.1050,-8.1688,6.9207,2.0870,-0.0077,-0.0679,1.6313,-0.5830,0.4170,-0.5830,0.4170,0,0
422,0,2.1100,-8.1692,6.9272,2.0880,-0.0075,-0.0671,1.6264,0.4170,-0.5830,0.4170,-0.5830,0,0
423,0,2.1150,-8.1696,6.9337,2.0891,-0.0077,-0.0663,1.6266,0.4170,-0.5830,0.4170,-0.5830,0,0
424,0,2.1200,-8.1700,6.9402,2.0901,-0.0083,-0.0654,1.6320,0.4170,-0.5830,0.4170,-0.5830,0,0
425,0,2.1250,-8.1704,6.9467,2.0912,-0.0085,-0.0646,1.6323,-0.5830,0.4170,-0.5830,0.4170,0,0
426,0,2.1300,-8.1708,6.9532,2.0922,-0.0084,-0.0638,1.6274,-0.5830,0.4170,-0.5830,0.4170,0,0
427,0,2.1350,-8.1712,6.9596,2.0933,-0.0079,-0.0631,1.6173,-0.5830,0.4096,-0.5830,0.4170,0,0
428,0,2.1400,-8.1717,6.9660,2.0944,-0.0077,-0.0623,1.6124,0.4170,-0.5830,0.4170,-0.5830,0,0
429,0,2.1450,-8.1721,6.9725,2.0955,-0.0079,-0.0615,1.6127,0.4170,-0.5830,0.4170,-0.5830,0,0
430,0,2.1500,-8.1725,6.9789,2.0966,-0.0084,-0.0607,1.6181,0.4122,-0.5830,0.4170,-0.5830,0,0
431,0,2.1550,-8.1729,6.9852,2.0977,-0.0091,-0.0597,1.6286,0.4063,-0.5830,0.4170,-0.5830,0,0
432,0,2.1600,-8.1734,6.9916,2.0989,-0.0094,-0.0589,1.6343,-0.5830,0.3457,-0.5830,0.3646,0,0
433,0,2.1650,-8.1738,6.9980,2.1000,-0.0094,-0.0581,1.6348,-0.5830,0.4170,-0.5830,0.4170,0,0
434,0,2.1700,-8.1742,7.0043,2.1011,-0.0091,-0.0574,1.6302,-0.5830,0.4170,-0.5830,0.4170,0,0
435,0,2.1750,-8.1746,7.0106,2.1023,-0.0088,-0.0563,1.6305,0.3529,-0.5756,0.4006,-0.5830,0,0
436,0,2.1800,-8.1751,7.0169,2.1034,-0.0089,-0.0552,1.6360,0.4170,-0.5830,0.4170,-0.5830,0,0
437,0,2.1850,-8.1755,7.0232,2.1046,-0.0092,-0.0540,1.6466,0.4164,-0.5816,0.4170,-0.5830,0,0
438,0,2.1900,-8.1759,7.0295,2.1057,-0.0093,-0.0529,1.6523,-0.5830,0.3714,-0.5830,0.3766,0,0
439,0,2.1950,-8.1764,7.0358,2.1069,-0.0091,-0.0519,1.6528,-0.5830,0.4170,-0.5830,0.4170,0,0
440,0,2.2000,-8.1768,7.0421,2.1081,-0.0086,-0.0509,1.6482,-0.5830,0.4170,-0.5830,0.4170,0,0
441,0,2.2050,-8.1773,7.0483,2.1093,-0.0078,-0.0499,1.6384,-0.5830,0.4170,-0.5830,0.4170,0,0
442,0,2.2100,-8.1777,7.0545,2.1105,-0.0075,-0.0491,1.6333,0.3506,-0.5830,0.3048,-0.5805,0,0
443,0,2.2150,-8.1781,7.0607,2.1117,-0.0075,-0.0483,1.6334,0.4170,-0.5830,0.4170,-0.5830,0,0
444,0,2.2200,-8.1786,7.0670,2.1129,-0.0077,-0.0475,1.6386,0.4170,-0.5830,0.4170,-0.5830,0,0
445,0,2.2250,-8.1790,7.0732,2.1141,-0.0075,-0.0469,1.6393,-0.5830,0.2652,-0.5830,0.3052,0,0
446,0,2.2300,-8.1795,7.0793,2.1153,-0.0071,-0.0463,1.6349,-0.5830,0.4170,-0.5830,0.4170,0,0
447,0,2.2350,-8.1799,7.0855,2.1165,-0.0064,-0.0458,1.6254,-0.5830,0.4170,-0.5830,0.4170,0,0
448,0,2.2400,-8.1803,7.0917,2.1177,-0.0061,-0.0453,1.6201,0.2563,-0.5830,0.2364,-0.5830,0,0
449,0,2.2450,-8.1808,7.0978,2.1189,-0.0059,-0.0449,1.6200,0.4170,-0.5830,0.4170,-0.5830,0,0
450,0,2.2500,-8.1812,7.1040,2.1201,-0.0060,-0.0443,1.6250,0.4170,-0.5830,0.4170,-0.5830,0,0
451,0,2.2550,-8.1817,7.1101,2.1213,-0.0063,-0.0438,1.6351,0.4170,-0.5830,0.4170,-0.5830,0,0
452,0,2.2600,-8.1821,7.1162,2.1225,-0.0064,-0.0433,1.6416,-0.5830,0.1300,-0.5830,0.1441,0,0
453,0,2.2650,-8.1826,7.1223,2.1236,-0.0063,-0.0429,1.6429,-0.5830,0.4170,-0.5830,0.4170,0,0
454,0,2.2700,-8.1830,7.1284,2.1248,-0.0059,-0.0425,1.6390,-0.5830,0.4170,-0.5830,0.4170,0,0
455,0,2.2750,-8.1835,7.1345,2.1259,-0.0056,-0.0419,1.6386,0.0688,-0.5772,0.0924,-0.5830,0,0
456,0,2.2800,-8.1839,7.1406,2.1270,-0.0055,-0.0413,1.6433,0.4170,-0.5830,0.4170,-0.5830,0,0
457,0,2.2850,-8.1844,7.1467,2.1282,-0.0056,-0.0407,1.6532,0.4170,-0.5830,0.4170,-0.5830,0,0
458,0,2.2900,-8.1848,7.1527,2.1292,-0.0056,-0.0401,1.6600,-0.5830,0.0025,-0.5830,0.0009,0,0
459,0,2.2950,-8.1853,7.1588,2.1302,-0.0054,-0.0395,1.6617,-0.5830,0.4170,-0.5830,0.4170,0,0
460,0,2.3000,-8.1857,7.1648,2.1313,-0.0050,-0.0389,1.6582,-0.5830,0.4170,-0.5830,0.4170,0,0
461,0,2.3050,-8.1862,7.1708,2.1324,-0.0044,-0.0384,1.6496,-0.5830,0.4170,-0.5830,0.4170,0,0
462,0,2.3100,-8.1867,7.1769,2.1333,-0.0041,-0.0382,1.6434,-0.0896,-0.5830,-0.1496,-0.5768,0,0
463,0,2.3150,-8.1871,7.1829,2.1342,-0.0041,-0.0379,1.6423,0.4170,-0.5830,0.4170,-0.5830,0,0
464,0,2.3200,-8.1876,7.1889,2.1352,-0.0043,-0.0377,1.6464,0.4170,-0.5830,0.4170,-0.5830,0,0
465,0,2.3250,-8.1880,7.1949,2.1360,-0.0042,-0.0376,1.6485,-0.5830,-0.2197,-0.5830,-0.1854,0,0
466,0,2.3300,-8.1885,7.2009,2.1369,-0.0039,-0.0376,1.6455,-0.5830,0.4170,-0.5830,0.4170,0,0
467,0,2.3350,-8.1889,7.2069,2.1377,-0.0034,-0.0375,1.6373,-0.5830,0.4170,-0.5830,0.4170,0,0
468,0,2.3400,-8.1894,7.2129,2.1384,-0.0031,-0.0377,1.6308,-0.2490,-0.5830,-0.2747,-0.5801,0,0
469,0,2.3450,-8.1898,7.2188,2.1391,-0.0030,-0.0378,1.6294,0.4170,-0.5830,0.4170,-0.5830,0,0
470,0,2.3500,-8.1903,7.2248,2.1398,-0.0031,-0.0379,1.6331,0.4170,-0.5830,0.4170,-0.5830,0,0
471,0,2.3550,-8.1907,7.2308,2.1405,-0.0034,-0.0379,1.6420,0.4170,-0.5830,0.4170,-0.5830,0,0
472,0,2.3600,-8.1912,7.2367,2.1410,-0.0036,-0.0380,1.6497,-0.5830,-0.3404,-0.5830,-0.3370,0,0
473,0,2.3650,-8.1917,7.2426,2.1416,-0.0037,-0.0381,1.6522,-0.5830,0.4170,-0.5830,0.4170,0,0
474,0,2.3700,-8.1921,7.2486,2.1421,-0.0035,-0.0383,1.6495,-0.5830,0.4170,-0.5830,0.4170,0,0
475,0,2.3750,-8.1926,7.2545,2.1425,-0.0033,-0.0382,1.6480,-0.3782,-0.5779,-0.3537,-0.5830,0,0
476,0,2.3800,-8.1930,7.2604,2.1429,-0.0032,-0.0382,1.6516,0.4170,-0.5830,0.4170,-0.5830,0,0
477,0,2.3850,-8.1935,7.2663,2.1432,-0.0034,-0.0381,1.6603,0.4170,-0.5830,0.4170,-0.5830,0,0
478,0,2.3900,-8.1939,7.2722,2.1434,-0.0036,-0.0380,1.6679,-0.5830,-0.3484,-0.5830,-0.3592,0,0
479,0,2.3950,-8.1944,7.2781,2.1437,-0.0036,-0.0379,1.6703,-0.5830,0.4170,-0.5830,0.4170,0,0
480,0,2.4000,-8.1949,7.2840,2.1439,-0.0033,-0.0378,1.6676,-0.5830,0.4170,-0.5830,0.4170,0,0
481,0,2.4050,-8.1953,7.2899,2.1441,-0.0029,-0.0377,1.6597,-0.5830,0.4170,-0.5830,0.4170,0,0
482,0,2.4100,-8.1958,7.2958,2.1442,-0.0028,-0.0380,1.6528,-0.3575,-0.5830,-0.4110,-0.5707,0,0
483,0,2.4150,-8.1962,7.3016,2.1442,-0.0028,-0.0382,1.6511,0.4170,-0.5830,0.4170,-0.5830,0,0
484,0,2.4200,-8.1967,7.3075,2.1443,-0.0031,-0.0385,1.6545,0.4170,-0.5830,0.4170,-0.5830,0,0
485,0,2.4250,-8.1971,7.3134,2.1442,-0.0031,-0.0389,1.6565,-0.5788,-0.3282,-0.5830,-0.3038,0,0
486,0,2.4300,-8.1976,7.3192,2.1441,-0.0030,-0.0393,1.6534,-0.5830,0.4170,-0.5830,0.4170,0,0
487,0,2.4350,-8.1980,7.3250,2.1440,-0.0027,-0.0397,1.6452,-0.5830,0.4170,-0.5830,0.4170,0,0
488,0,2.4400,-8.1985,7.3309,2.1438,-0.0025,-0.0402,1.6386,-0.2290,-0.5645,-0.2449,-0.5572,0,0
489,0,2.4450,-8.1990,7.3367,2.1435,-0.0025,-0.0408,1.6372,0.4170,-0.5830,0.4170,-0.5830,0,0
490,0,2.4500,-8.1994,7.3425,2.1433,-0.0027,-0.0413,1.6409,0.4170,-0.5830,0.4170,-0.5830,0,0
491,0,2.4550,-8.1999,7.3483,2.1431,-0.0031,-0.0418,1.6498,0.4170,-0.5830,0.4170,-0.5830,0,0
492,0,2.4600,-8.2003,7.3541,2.1428,-0.0033,-0.0422,1.6565,-0.5830,-0.1500,-0.5707,-0.1539,0,0
493,0,2.4650,-8.2008,7.3599,2.1425,-0.0034,-0.0427,1.6580,-0.5830,0.4170,-0.5830,0.4170,0,0
494,0,2.4700,-8.2012,7.3657,2.1422,-0.0032,-0.0431,1.6544,-0.5830,0.4170,-0.5830,0.4170,0,0
495,0,2.4750,-8.2017,7.3714,2.1417,-0.0032,-0.0433,1.6535,-0.0438,-0.5632,-0.0133,-0.5830,0,0
496,0,2.4800,-8.2021,7.3772,2.1413,-0.0033,-0.0434,1.6579,0.4170,-0.5830,0.4170,-0.5830,0,0
497,0,2.4850,-8.2026,7.3829,2.1410,-0.0036,-0.0436,1.6674,0.4170,-0.5830,0.4170,-0.5830,0,0
498,0,2.4900,-8.2031,7.3887,2.1405,-0.0039,-0.0437,1.6730,-0.5830,0.1726,-0.5830,0.1647,0,0
499,0,2.4950,-8.2035,7.3944,2.1401,-0.0038,-0.0438,1.6734,-0.5830,0.4170,-0.5830,0.4170,0,0
500,0,2.5000,-8.2040,7.4001,2.1397,-0.0036,-0.0440,1.6687,-0.5830,0.4170,-0.5830,0.4170,0,0
501,0,2.5050,-8.2044,7.4058,2.1393,-0.0032,-0.0441,1.6589,-0.5830,0.4170,-0.5830,0.4170,0,0
502,0,2.5100,-8.2049,7.4115,2.1388,-0.0031,-0.0445,1.6536,0.3151,-0.5830,0.2805,-0.5826,0,0
503,0,2.5150,-8.2053,7.4172,2.1384,-0.0032,-0.0448,1.6534,0.4170,-0.5830,0.4170,-0.5830,0,0
504,0,2.5200,-8.2058,7.4228,2.1380,-0.0036,-0.0451,1.6584,0.4170,-0.5830,0.4170,-0.5830,0,0
505,0,2.5250,-8.2062,7.4285,2.1376,-0.0038,-0.0454,1.6583,-0.5830,0.4170,-0.5830,0.4170,0,0
506,0,2.5300,-8.2067,7.4341,2.1373,-0.0037,-0.0457,1.6530,-0.5830,0.4170,-0.5830,0.4170,0,0
507,0,2.5350,-8.2071,7.4398,2.1369,-0.0033,-0.0461,1.6425,-0.5830,0.4170,-0.5830,0.4170,0,0
508,0,2.5400,-8.2076,7.4454,2.1365,-0.0033,-0.0464,1.6372,0.4170,-0.5830,0.4170,-0.5830,0,0
509,0,2.5450,-8.2080,7.4510,2.1362,-0.0034,-0.0467,1.6371,0.4170,-0.5830,0.4170,-0.5830,0,0
510,0,2.5500,-8.2085,7.4566,2.1359,-0.0038,-0.0470,1.6421,0.4170,-0.5830,0.4170,-0.5830,0,0
511,0,2.5550,-8.2090,7.4622,2.1356,-0.0044,-0.0473,1.6522,0.4160,-0.5830,0.4170,-0.5830,0,0
512,0,2.5600,-8.2094,7.4678,2.1352,-0.0048,-0.0476,1.6572,-0.5830,0.4170,-0.5830,0.4170,0,0
513,0,2.5650,-8.2099,7.4733,2.1349,-0.0050,-0.0479,1.6571,-0.5830,0.4170,-0.5830,0.4170,0,0
514,0,2.5700,-8.2103,7.4789,2.1347,-0.0049,-0.0482,1.6518,-0.5830,0.4170,-0.5830,0.4170,0,0
515,0,2.5750,-8.2108,7.4844,2.1344,-0.0050,-0.0485,1.6516,0.4112,-0.5807,0.4170,-0.5830,0,0
516,0,2.5800,-8.2112,7.4899,2.1341,-0.0053,-0.0487,1.6566,0.4170,-0.5830,0.4170,-0.5830,0,0
517,0,2.5850,-8.2117,7.4954,2.1339,-0.0060,-0.0489,1.6667,0.4170,-0.5830,0.4170,-0.5830,0,0
518,0,2.5900,-8.2121,7.5009,2.1336,-0.0063,-0.0491,1.6717,-0.5830,0.4170,-0.5830,0.4170,0,0
519,0,2.5950,-8.2126,7.5064,2.1334,-0.0065,-0.0494,1.6715,-0.5830,0.4170,-0.5830,0.4170,0,0
520,0,2.6000,-8.2131,7.5119,2.1332,-0.0063,-0.0497,1.6662,-0.5830,0.4170,-0.5830,0.4170,0,0
521,0,2.6050,-8.2135,7.5173,2.1330,-0.0059,-0.0500,1.6557,-0.5830,0.4170,-0.5830,0.4170,0,0
522,0,2.6100,-8.2140,7.5228,2.1328,-0.0058,-0.0503,1.6504,0.4170,-0.5830,0.4170,-0.5830,0,0
523,0,2.6150,-8.2144,7.5282,2.1326,-0.0059,-0.0506,1.6502,0.4170,-0.5830,0.4170,-0.5830,0,0
524,0,2.6200,-8.2149,7.5336,2.1324,-0.0063,-0.0508,1.6552,0.4170,-0.5830,0.4170,-0.5830,0,0
525,0,2.6250,-8.2153,7.5391,2.1323,-0.0064,-0.0511,1.6550,-0.5830,0.4170,-0.5830,0.4170,0,0
526,0,2.6300,-8.2158,7.5444,2.1321,-0.0063,-0.0514,1.6497,-0.5830,0.4170,-0.5830,0.4170,0,0
527,0,2.6350,-8.2163,7.5498,2.1320,-0.0058,-0.0517,1.6392,-0.5830,0.4170,-0.5830,0.4170,0,0
528,0,2.6400,-8.2167,7.5552,2.1319,-0.0057,-0.0520,1.6339,0.4170,-0.5830,0.4170,-0.5830,0,0
529,0,2.6450,-8.2172,7.5606,2.1318,-0.0058,-0.0523,1.6337,0.4170,-0.5830,0.4170,-0.5830,0,0
530,0,2.6500,-8.2176,7.5659,2.1317,-0.0062,-0.0525,1.6387,0.4170,-0.5830,0.4170,-0.5830,0,0
531,0,2.6550,-8.2181,7.5712,2.1316,-0.0067,-0.0525,1.6488,0.3906,-0.5830,0.4170,-0.5830,0,0
532,0,2.6600,-8.2186,7.5765,2.1315,-0.0070,-0.0526,1.6537,-0.5830,0.4170,-0.5830,0.4170,0,0
533,0,2.6650,-8.2190,7.5818,2.1314,-0.0070,-0.0528,1.6534,-0.5830,0.4170,-0.5830,0.4170,0,0
534,0,2.6700,-8.2195,7.5871,2.1314,-0.0067,-0.0529,1.6480,-0.5830,0.4170,-0.5830,0.4170,0,0
535,0,2.6750,-8.2200,7.5924,2.1313,-0.0066,-0.0530,1.6477,0.4064,-0.5780,0.4170,-0.5830,0,0
536,0,2.6800,-8.2204,7.5976,2.1313,-0.0068,-0.0530,1.6526,0.4170,-0.5830,0.4170,-0.5830,0,0
537,0,2.6850,-8.2209,7.6029,2.1312,-0.0073,-0.0529,1.6626,0.4165,-0.5830,0.4170,-0.5830,0,0
538,0,2.6900,-8.2214,7.6081,2.1312,-0.0075,-0.0529,1.6675,-0.5830,0.4170,-0.5830,0.4170,0,0
539,0,2.6950,-8.2218,7.6133,2.1312,-0.0075,-0.0530,1.6672,-0.5830,0.4170,-0.5830,0.4170,0,0
540,0,2.7000,-8.2223,7.6185,2.1312,-0.0072,-0.0531,1.6618,-0.5830,0.4170,-0.5830,0.4170,0,0
541,0,2.7050,-8.2228,7.6237,2.1313,-0.0066,-0.0532,1.6512,-0.5830,0.4170,-0.5830,0.4170,0,0
542,0,2.7100,-8.2232,7.6289,2.1313,-0.0062,-0.0533,1.6457,0.4170,-0.5830,0.4170,-0.5830,0,0
543,0,2.7150,-8.2237,7.6341,2.1313,-0.0062,-0.0533,1.6455,0.4170,-0.5830,0.4170,-0.5830,0,0
544,0,2.7200,-8.2242,7.6392,2.1314,-0.0064,-0.0533,1.6503,0.4170,-0.5830,0.4170,-0.5830,0,0
545,0,2.7250,-8.2246,7.6444,2.1315,-0.0063,-0.0533,1.6500,-0.5830,0.4170,-0.5830,0.4170,0,0
546,0,2.7300,-8.2251,7.6495,2.1315,-0.0060,-0.0534,1.6446,-0.5830,0.4170,-0.5830,0.4170,0,0
547,0,2.7350,-8.2256,7.6546,2.1316,-0.0054,-0.0535,1.6340,-0.5830,0.4170,-0.5830,0.4170,0,0
548,0,2.7400,-8.2261,7.6597,2.1317,-0.0051,-0.0536,1.6286,0.4170,-0.5830,0.4170,-0.5830,0,0
549,0,2.7450,-8.2265,7.6648,2.1318,-0.0050,-0.0536,1.6283,0.4170,-0.5830,0.4170,-0.5830,0,0
550,0,2.7500,-8.2270,7.6698,2.1320,-0.0052,-0.0536,1.6332,0.4170,-0.5830,0.4170,-0.5830,0,0
551,0,2.7550,-8.2275,7.6749,2.1321,-0.0056,-0.0535,1.6432,0.3973,-0.5830,0.4170,-0.5830,0,0
552,0,2.7600,-8.2280,7.6799,2.1322,-0.0057,-0.0534,1.6480,-0.5830,0.4170,-0.5830,0.4170,0,0
553,0,2.7650,-8.2284,7.6849,2.1324,-0.0056,-0.0534,1.6476,-0.5830,0.4170,-0.5830,0.4170,0,0
554,0,2.7700,-8.2289,7.6899,2.1326,-0.0051,-0.0533,1.6422,-0.5830,0.4170,-0.5830,0.4170,0,0
555,0,2.7750,-8.2294,7.6949,2.1327,-0.0049,-0.0532,1.6418,0.4094,-0.5798,0.4170,-0.5830,0,0
556,0,2.7800,-8.2299,7.6999,2.1329,-0.0050,-0.0531,1.6466,0.4170,-0.5830,0.4170,-0.5830,0,0
557,0,2.7850,-8.2303,7.7049,2.1331,-0.0054,-0.0529,1.6565,0.4170,-0.5830,0.4170,-0.5830,0,0
558,0,2.7900,-8.2308,7.7099,2.1333,-0.0055,-0.0528,1.6613,-0.5830,0.4170,-0.5830,0.4170,0,0
559,0,2.7950,-8.2313,7.7148,2.1336,-0.0053,-0.0526,1.6609,-0.5830,0.4170,-0.5830,0.4170,0,0
560,0,2.8000,-8.2318,7.7197,2.1338,-0.0048,-0.0525,1.6554,-0.5830,0.4170,-0.5830,0.4170,0,0
561,0,2.8050,-8.2323,7.7246,2.1340,-0.0041,-0.0525,1.6448,-0.5830,0.4170,-0.5830,0.4170,0,0
562,0,2.8100,-8.2327,7.7295,2.1343,-0.0037,-0.0524,1.6393,0.4170,-0.5830,0.4170,-0.5830,0,0
563,0,2.8150,-8.2332,7.7344,2.1346,-0.0035,-0.0522,1.6389,0.4170,-0.5830,0.4170,-0.5830,0,0
564,0,2.8200,-8.2337,7.7393,2.1349,-0.0035,-0.0521,1.6437,0.4170,-0.5830,0.4170,-0.5830,0,0
565,0,2.8250,-8.2342,7.7442,2.1351,-0.0034,-0.0520,1.6433,-0.5830,0.4170,-0.5830,0.4170,0,0
566,0,2.8300,-8.2346,7.7490,2.1355,-0.0029,-0.0519,1.6378,-0.5830,0.4170,-0.5830,0.4170,0,0
567,0,2.8350,-8.2351,7.7538,2.1358,-0.0022,-0.0518,1.6271,-0.5830,0.4170,-0.5830,0.4170,0,0
568,0,2.8400,-8.2356,7.7587,2.1361,-0.0017,-0.0517,1.6216,0.4170,-0.5830,0.4170,-0.5830,0,0
569,0,2.8450,-8.2361,7.7635,2.1364,-0.0015,-0.0516,1.6213,0.4170,-0.5830,0.4170,-0.5830,0,0
570,0,2.8500,-8.2365,7.7683,2.1368,-0.0016,-0.0514,1.6261,0.4170,-0.5830,0.4170,-0.5830,0,0
571,0,2.8550,-8.2370,7.7730,2.1371,-0.0019,-0.0512,1.6360,0.4077,-0.5830,0.4170,-0.5830,0,0
572,0,2.8600,-8.2375,7.7778,2.1375,-0.0019,-0.0511,1.6408,-0.5830,0.4170,-0.5830,0.4170,0,0
573,0,2.8650,-8.2380,7.7826,2.1379,-0.0017,-0.0509,1.6404,-0.5830,0.4170,-0.5830,0.4170,0,0
574,0,2.8700,-8.2384,7.7873,2.1383,-0.0012,-0.0507,1.6348,-0.5830,0.4170,-0.5830,0.4170,0,0
575,0,2.8750,-8.2389,7.7920,2.1387,-0.0010,-0.0505,1.6344,0.4124,-0.5796,0.4170,-0.5830,0,0
576,0,2.8800,-8.2394,7.7968,2.1391,-0.0010,-0.0503,1.6392,0.4170,-0.5830,0.4170,-0.5830,0,0
577,0,2.8850,-8.2399,7.8015,2.1396,-0.0012,-0.0501,1.6491,0.4170,-0.5830,0.4170,-0.5830,0,0
578,0,2.8900,-8.2403,7.8061,2.1400,-0.0013,-0.0498,1.6538,-0.5830,0.4170,-0.5830,0.4170,0,0
579,0,2.8950,-8.2408,7.8108,2.1404,-0.0010,-0.0496,1.6534,-0.5830,0.4170,-0.5830,0.4170,0,0
580,0,2.9000,-8.2413,7.8155,2.1409,-0.0005,-0.0494,1.6479,-0.5830,0.4075,-0.5830,0.4015,0,0
581,0,2.9050,-8.2417,7.8201,2.1414,0.0002,-0.0492,1.6375,-0.5830,0.3696,-0.5830,0.3760,0,0
582,0,2.9100,-8.2422,7.8248,2.1418,0.0007,-0.0489,1.6322,0.4170,-0.5830,0.4170,-0.5830,0,0
583,0,2.9150,-8.2427,7.8294,2.1423,0.0009,-0.0487,1.6321,0.4170,-0.5830,0.4170,-0.5830,0,0
584,0,2.9200,-8.2432,7.8340,2.1428,0.0009,-0.0485,1.6370,0.3787,-0.5805,0.3791,-0.5830,0,0
585,0,2.9250,-8.2436,7.8386,2.1433,0.0011,-0.0483,1.6366,-0.5830,0.4170,-0.5830,0.4170,0,0
586,0,2.9300,-8.2441,7.8432,2.1438,0.0016,-0.0480,1.6312,-0.5830,0.4170,-0.5830,0.4170,0,0
587,0,2.9350,-8.2445,7.8478,2.1443,0.0023,-0.0478,1.6207,-0.5830,0.3925,-0.5830,0.4009,0,0
588,0,2.9400,-8.2450,7.8524,2.1449,0.0029,-0.0476,1.6153,0.4170,-0.5830,0.4170,-0.5830,0,0
589,0,2.9450,-8.2455,7.8569,2.1454,0.0031,-0.0474,1.6151,0.4170,-0.5830,0.4170,-0.5830,0,0
590,0,2.9500,-8.2459,7.8615,2.1459,0.0032,-0.0472,1.6200,0.4038,-0.5798,0.4129,-0.5830,0,0
591,0,2.9550,-8.2464,7.8660,2.1465,0.0032,-0.0468,1.6299,0.3752,-0.5780,0.4068,-0.5830,0,0
592,0,2.9600,-8.2469,7.8705,2.1471,0.0034,-0.0463,1.6346,-0.5830,0.4170,-0.5830,0.4170,0,0
593,0,2.9650,-8.2473,7.8750,2.1476,0.0038,-0.0459,1.6342,-0.5830,0.4170,-0.5830,0.4170,0,0
594,0,2.9700,-8.2478,7.8795,2.1482,0.0045,-0.0454,1.6290,-0.5830,0.3604,-0.5830,0.3579,0,0
595,0,2.9750,-8.2482,7.8840,2.1488,0.0049,-0.0449,1.6288,0.4170,-0.5792,0.4170,-0.5830,0,0
596,0,2.9800,-8.2487,7.8885,2.1494,0.0050,-0.0444,1.6339,0.4170,-0.5830,0.4170,-0.5830,0,0
597,0,2.9850,-8.2491,7.8929,2.1500,0.0050,-0.0439,1.6437,0.3521,-0.5760,0.3595,-0.5830,0,0
598,0,2.9900,-8.2496,7.8974,2.1506,0.0052,-0.0434,1.6484,-0.5830,0.4170,-0.5830,0.4170,0,0
599,0,2.9950,-8.2500,7.9018,2.1512,0.0056,-0.0428,1.6480,-0.5830,0.4170,-0.5830,0.4170,0,0
600,0,3.0000,-8.2504,7.9062,2.1518,0.0062,-0.0422,1.6429,-0.5830,0.3246,-0.5830,0.3173,0,0
601,0,3.0050,-8.2509,7.9106,2.1524,0.0070,-0.0416,1.6333,-0.5830,0.2743,-0.5830,0.2854,0,0
602,0,3.0100,-8.2513,7.9151,2.1530,0.0074,-0.0412,1.6285,0.3540,-0.5830,0.3126,-0.5830,0,0
603,0,3.0150,-8.2518,7.9195,2.1536,0.0075,-0.0409,1.6288,0.4170,-0.5830,0.4170,-0.5830,0,0
604,0,3.0200,-8.2522,7.9239,2.1541,0.0074,-0.0407,1.6333,0.2473,-0.5830,0.2281,-0.5830,0,0
605,0,3.0250,-8.2526,7.9282,2.1547,0.0076,-0.0405,1.6327,-0.5830,0.4170,-0.5830,0.4170,0,0
606,0,3.0300,-8.2530,7.9326,2.1552,0.0079,-0.0402,1.6270,-0.5830,0.4170,-0.5830,0.4170,0,0
607,0,3.0350,-8.2535,7.9370,2.1558,0.0084,-0.0400,1.6172,-0.5830,0.1975,-0.5830,0.2091,0,0
608,0,3.0400,-8.2539,7.9413,2.1563,0.0088,-0.0398,1.6125,0.4170,-0.5830,0.4170,-0.5830,0,0
609,0,3.0450,-8.2543,7.9457,2.1569,0.0089,-0.0396,1.6130,0.4170,-0.5830,0.4170,-0.5830,0,0
610,0,3.0500,-8.2547,7.9500,2.1574,0.0088,-0.0395,1.6174,0.1746,-0.5829,0.1714,-0.5830,0,0
611,0,3.0550,-8.2552,7.9543,2.1578,0.0087,-0.0393,1.6256,0.1545,-0.5800,0.1724,-0.5830,0,0
612,0,3.0600,-8.2556,7.9586,2.1582,0.0088,-0.0391,1.6299,-0.5830,0.1756,-0.5830,0.1781,0,0
613,0,3.0650,-8.2560,7.9630,2.1586,0.0090,-0.0389,1.6291,-0.5830,0.4170,-0.5830,0.4170,0,0
614,0,3.0700,-8.2564,7.9673,2.1590,0.0094,-0.0386,1.6245,-0.5830,0.1479,-0.5830,0.1439,0,0
615,0,3.0750,-8.2568,7.9715,2.1593,0.0096,-0.0383,1.6251,0.4170,-0.5830,0.4170,-0.5830,0,0
616,0,3.0800,-8.2572,7.9758,2.1597,0.0096,-0.0381,1.6308,0.4170,-0.5830,0.4170,-0.5830,0,0
617,0,3.0850,-8.2576,7.9801,2.1600,0.0094,-0.0378,1.6402,0.1425,-0.5771,0.1496,-0.5830,0,0
618,0,3.0900,-8.2580,7.9844,2.1603,0.0095,-0.0376,1.6445,-0.5830,0.4170,-0.5830,0.4170,0,0
619,0,3.0950,-8.2584,7.9886,2.1607,0.0097,-0.0372,1.6437,-0.5830,0.4170,-0.5830,0.4170,0,0
620,0,3.1000,-8.2588,7.9929,2.1610,0.0100,-0.0368,1.6391,-0.5830,0.1397,-0.5830,0.1292,0,0
621,0,3.1050,-8.2592,7.9971,2.1612,0.0105,-0.0364,1.6310,-0.5830,0.1030,-0.5830,0.1136,0,0
622,0,3.1100,-8.2596,8.0014,2.1613,0.0106,-0.0362,1.6267,0.1803,-0.5830,0.1400,-0.5820,0,0
623,0,3.1150,-8.2599,8.0056,2.1615,0.0106,-0.0361,1.6276,0.4170,-0.5830,0.4170,-0.5830,0,0
624,0,3.1200,-8.2603,8.0098,2.1616,0.0104,-0.0361,1.6318,0.0806,-0.5830,0.0617,-0.5817,0,0
625,0,3.1250,-8.2607,8.0140,2.1617,0.0103,-0.0361,1.6309,-0.5830,0.4170,-0.5830,0.4170,0,0
626,0,3.1300,-8.2611,8.0182,2.1618,0.0104,-0.0361,1.6248,-0.5830,0.4170,-0.5830,0.4170,0,0
627,0,3.1350,-8.2615,8.0224,2.1619,0.0107,-0.0360,1.6152,-0.5830,0.1035,-0.5830,0.1143,0,0
628,0,3.1400,-8.2618,8.0266,2.1619,0.0109,-0.0360,1.6107,0.4170,-0.5830,0.4170,-0.5830,0,0
629,0,3.1450,-8.2622,8.0308,2.1620,0.0108,-0.0361,1.6114,0.4170,-0.5830,0.4170,-0.5830,0,0
630,0,3.1500,-8.2626,8.0350,2.1620,0.0106,-0.0362,1.6158,0.1414,-0.5830,0.1402,-0.5830,0,0
631,0,3.1550,-8.2629,8.0391,2.1620,0.0103,-0.0362,1.6238,0.1224,-0.5829,0.1360,-0.5830,0,0
632,0,3.1600,-8.2633,8.0433,2.1619,0.0102,-0.0363,1.6276,-0.5830,0.2403,-0.5830,0.2481,0,0
633,0,3.1650,-8.2636,8.0474,2.1618,0.0104,-0.0363,1.6263,-0.5830,0.4170,-0.5830,0.4170,0,0
634,0,3.1700,-8.2640,8.0516,2.1616,0.0106,-0.0363,1.6221,-0.5830,-0.0229,-0.5830,-0.0267,0,0
635,0,3.1750,-8.2643,8.0557,2.1615,0.0106,-0.0363,1.6230,0.4170,-0.5830,0.4170,-0.5830,0,0
636,0,3.1800,-8.2647,8.0599,2.1613,0.0104,-0.0364,1.6291,0.4170,-0.5830,0.4170,-0.5830,0,0
637,0,3.1850,-8.2650,8.0640,2.1611,0.0101,-0.0364,1.6384,0.0398,-0.5786,0.0472,-0.5830,0,0
638,0,3.1900,-8.2654,8.0681,2.1609,0.0100,-0.0364,1.6425,-0.5830,0.4170,-0.5830,0.4170,0,0
639,0,3.1950,-8.2657,8.0722,2.1606,0.0101,-0.0363,1.6415,-0.5830,0.4170,-0.5830,0.4170,0,0
640,0,3.2000,-8.2661,8.0763,2.1604,0.0103,-0.0362,1.6367,-0.5830,0.1543,-0.5830,0.1440,0,0
641,0,3.2050,-8.2664,8.0804,2.1601,0.0106,-0.0360,1.6282,-0.5830,0.1416,-0.5830,0.1478,0,0
642,0,3.2100,-8.2667,8.0845,2.1597,0.0107,-0.0361,1.6240,0.2711,-0.5830,0.2393,-0.5830,0,0
643,0,3.2150,-8.2671,8.0885,2.1594,0.0105,-0.0362,1.6249,0.4170,-0.5830,0.4170,-0.5830,0,0
644,0,3.2200,-8.2674,8.0926,2.1589,0.0102,-0.0364,1.6292,0.0630,-0.5830,0.0500,-0.5818,0,0
645,0,3.2250,-8.2677,8.0967,2.1585,0.0100,-0.0365,1.6282,-0.5830,0.4170,-0.5830,0.4170,0,0
646,0,3.2300,-8.2680,8.1007,2.1581,0.0101,-0.0366,1.6222,-0.5830,0.4170,-0.5830,0.4170,0,0
647,0,3.2350,-8.2684,8.1047,2.1577,0.0103,-0.0368,1.6120,-0.5830,0.2138,-0.5830,0.2219,0,0
648,0,3.2400,-8.2687,8.1088,2.1572,0.0103,-0.0369,1.6070,0.4170,-0.5830,0.4170,-0.5830,0,0
649,0,3.2450,-8.2690,8.1128,2.1568,0.0102,-0.0371,1.6071,0.4170,-0.5830,0.4170,-0.5830,0,0
650,0,3.2500,-8.2693,8.1168,2.1564,0.0099,-0.0374,1.6120,0.3504,-0.5830,0.3544,-0.5830,0,0
651,0,3.2550,-8.2696,8.1208,2.1560,0.0094,-0.0376,1.6215,0.3116,-0.5830,0.3178,-0.5794,0,0
652,0,3.2600,-8.2699,8.1248,2.1555,0.0092,-0.0378,1.6259,-0.5830,0.4170,-0.5830,0.4170,0,0
653,0,3.2650,-8.2702,8.1288,2.1551,0.0092,-0.0380,1.6251,-0.5830,0.4170,-0.5830,0.4170,0,0
654,0,3.2700,-8.2705,8.1328,2.1547,0.0094,-0.0382,1.6196,-0.5830,0.3447,-0.5830,0.3546,1,1
655,0,3.2750,-8.2708,8.1367,2.1543,0.0094,-0.0384,1.6192,0.4170,-0.5830,0.4170,-0.5830,1,1
656,0,3.2800,-8.2711,8.1407,2.1539,0.0092,-0.0387,1.6239,0.4170,-0.5830,0.4170,-0.5830,1,1
657,0,3.2850,-8.2714,8.1447,2.1535,0.0088,-0.0390,1.6338,0.4170,-0.5830,0.4170,-0.5830,1,1
658,0,3.2900,-8.2717,8.1486,2.1531,0.0086,-0.0393,1.6385,-0.5830,0.4170,-0.5830,0.4170,1,1
659,0,3.2950,-8.2720,8.1525,2.1528,0.0086,-0.0395,1.6381,-0.5830,0.4170,-0.5830,0.4170,1,1
660,0,3.3000,-8.2722,8.1564,2.1524,0.0088,-0.0397,1.6325,-0.5830,0.4170,-0.5830,0.4170,1,1
661,0,3.3050,-8.2725,8.1603,2.1521,0.0083,-0.0384,1.6225,-0.5830,0.4170,-0.5283,0.2006,1,1
662,0,3.3100,-8.2728,8.1642,2.1517,0.0073,-0.0349,1.6166,0.2309,-0.3464,0.4170,-0.5830,1,1
663,0,3.3150,-8.2731,8.1681,2.1514,0.0061,-0.0314,1.6158,0.4170,-0.5830,0.4170,-0.5830,1,1
664,0,3.3200,-8.2733,8.1720,2.1511,0.0048,-0.0276,1.6200,0.3846,-0.5461,0.4170,-0.5830,1,1
665,0,3.3250,-8.2736,8.1759,2.1508,0.0032,-0.0228,1.6196,-0.5830,0.3988,-0.5226,0.2725,1,1
666,0,3.3300,-8.2739,8.1797,2.1505,0.0018,-0.0180,1.6141,-0.5830,0.4170,-0.5830,0.4170,1,1
667,0,3.3350,-8.2741,8.1836,2.1502,0.0004,-0.0131,1.6034,-0.5830,0.4170,-0.5731,0.4113,1,1
668,0,3.3400,-8.2744,8.1874,2.1499,-0.0007,-0.0078,1.5977,0.3430,-0.5706,0.4170,-0.5830,1,1
669,0,3.3450,-8.2747,8.1913,2.1496,-0.0019,-0.0024,1.5971,0.4170,-0.5830,0.4170,-0.5830,1,1
670,0,3.3500,-8.2749,8.1951,2.1493,-0.0031,0.0029,1.6016,0.4101,-0.5830,0.4170,-0.5830,1,1
671,0,3.3550,-8.2752,8.1989,2.1491,-0.0041,0.0085,1.6112,0.3940,-0.5670,0.4170,-0.5830,1,1
672,0,3.3600,-8.2755,8.2028,2.1488,-0.0055,0.0147,1.6161,-0.5830,0.3728,-0.5452,0.3002,1,1
673,0,3.3650,-8.2757,8.2066,2.1486,-0.0068,0.0208,1.6159,-0.5830,0.4170,-0.5830,0.4170,1,1
674,0,3.3700,-8.2760,8.2105,2.1483,-0.0084,0.0269,1.6105,-0.5830,0.4170,-0.5830,0.4170,1,1
675,0,3.3750,-8.2763,8.2144,2.1481,-0.0095,0.0332,1.6101,0.3687,-0.5830,0.4170,-0.5830,1,1
676,0,3.3800,-8.2765,8.2182,2.1479,-0.0104,0.0396,1.6149,0.4170,-0.5830,0.4170,-0.5830,1,1
677,0,3.3850,-8.2768,8.2221,2.1477,-0.0111,0.0461,1.6248,0.4170,-0.5830,0.4170,-0.5830,1,1
678,0,3.3900,-8.2771,8.2260,2.1475,-0.0121,0.0524,1.6296,-0.5830,0.4170,-0.5830,0.4170,1,1
679,0,3.3950,-8.2774,8.2299,2.1473,-0.0133,0.0588,1.6292,-0.5830,0.4170,-0.5830,0.4170,1,1
680,0,3.4000,-8.2777,8.2338,2.1471,-0.0148,0.0650,1.6236,-0.5830,0.4111,-0.5830,0.4170,1,1
681,0,3.4050,-8.2780,8.2378,2.1469,-0.0163,0.0707,1.6133,-0.5830,0.3024,-0.5830,0.3832,1,1
682,0,3.4100,-8.2783,8.2417,2.1468,-0.0172,0.0763,1.6081,0.4170,-0.5830,0.4170,-0.5619,1,1
683,0,3.4150,-8.2786,8.2457,2.1466,-0.0178,0.0820,1.6080,0.4170,-0.5830,0.4170,-0.5830,1,1
684,0,3.4200,-8.2789,8.2497,2.1465,-0.0178,0.0878,1.6130,0.4170,-0.5830,0.4170,-0.5631,1,1
685,0,3.4250,-8.2792,8.2537,2.1463,-0.0181,0.0932,1.6130,-0.5830,0.3865,-0.5830,0.4170,1,1
686,0,3.4300,-8.2795,8.2578,2.1462,-0.0189,0.0986,1.6078,-0.5830,0.4170,-0.5830,0.4170,1,1
687,0,3.4350,-8.2799,8.2618,2.1461,-0.0201,0.1037,1.5974,-0.5830,0.3924,-0.5830,0.4170,1,1
688,0,3.4400,-8.2802,8.2659,2.1460,-0.0205,0.1087,1.5922,0.4170,-0.5830,0.4170,-0.5507,1,1
689,0,3.4450,-8.2806,8.2700,2.1459,-0.0205,0.1139,1.5921,0.4170,-0.5830,0.4170,-0.5830,1,1
690,0,3.4500,-8.2809,8.2742,2.1458,-0.0197,0.1190,1.5972,0.4170,-0.5830,0.4170,-0.5576,1,1
691,0,3.4550,-8.2813,8.2784,2.1458,-0.0182,0.1242,1.6074,0.4170,-0.5830,0.4170,-0.5830,1,1
692,0,3.4600,-8.2816,8.2826,2.1457,-0.0173,0.1292,1.6130,-0.5821,0.3018,-0.5830,0.3168,1,1
693,0,3.4650,-8.2820,8.2868,2.1456,-0.0170,0.1342,1.6135,-0.5830,0.4170,-0.5830,0.4170,1,1
694,0,3.4700,-8.2824,8.2911,2.1455,-0.0174,0.1390,1.6087,-0.5830,0.4170,-0.5830,0.4170,1,1
695,0,3.4750,-8.2827,8.2954,2.1455,-0.0173,0.1436,1.6090,0.4170,-0.5830,0.3718,-0.5681,1,1
696,0,3.4800,-8.2831,8.2998,2.1454,-0.0164,0.1484,1.6145,0.4170,-0.5830,0.4170,-0.5830,1,1
697,0,3.4850,-8.2835,8.3042,2.1454,-0.0147,0.1530,1.6252,0.4170,-0.5830,0.4062,-0.5685,1,1
698,0,3.4900,-8.2839,8.3086,2.1453,-0.0138,0.1576,1.6306,-0.5830,0.4166,-0.5830,0.4170,1,1
699,0,3.4950,-8.2843,8.3131,2.1453,-0.0138,0.1620,1.6308,-0.5830,0.4170,-0.5830,0.4170,1,1
700,0,3.5000,-8.2847,8.3176,2.1453,-0.0145,0.1663,1.6259,-0.5780,0.4033,-0.5830,0.4170,1,1
701,0,3.5050,-8.2851,8.3221,2.1453,-0.0157,0.1700,1.6161,-0.5694,0.3265,-0.5830,0.4170,1,1
702,0,3.5100,-8.2855,8.3267,2.1453,-0.0157,0.1730,1.6110,0.4170,-0.5830,0.3644,-0.4801,1,1
703,0,3.5150,-8.2860,8.3314,2.1453,-0.0149,0.1760,1.6112,0.4170,-0.5830,0.4170,-0.5830,1,1
704,0,3.5200,-8.2864,8.3360,2.1453,-0.0130,0.1789,1.6165,0.4170,-0.5830,0.4119,-0.5521,1,1
705,0,3.5250,-8.2868,8.3408,2.1453,-0.0116,0.1811,1.6170,-0.5508,0.3157,-0.5830,0.4116,1,1
706,0,3.5300,-8.2873,8.3456,2.1453,-0.0112,0.1832,1.6122,-0.5830,0.4170,-0.5830,0.4170,1,1
707,0,3.5350,-8.2877,8.3504,2.1453,-0.0117,0.1851,1.6023,-0.5688,0.3956,-0.5830,0.4170,1,1
708,0,3.5400,-8.2882,8.3552,2.1454,-0.0114,0.1866,1.5974,0.4170,-0.5830,0.3611,-0.5551,1,1
709,0,3.5450,-8.2886,8.3602,2.1454,-0.0102,0.1882,1.5978,0.4170,-0.5830,0.4170,-0.5830,1,1
710,0,3.5500,-8.2891,8.3651,2.1455,-0.0079,0.1896,1.6033,0.4170,-0.5830,0.4073,-0.5586,1,1
711,0,3.5550,-8.2896,8.3702,2.1455,-0.0047,0.1910,1.6140,0.4170,-0.5830,0.4103,-0.5830,1,1
712,0,3.5600,-8.2900,8.3752,2.1455,-0.0025,0.1924,1.6200,-0.5583,0.3430,-0.5830,0.3267,1,1
713,0,3.5650,-8.2905,8.3803,2.1456,-0.0014,0.1937,1.6208,-0.5830,0.4170,-0.5830,0.4170,1,1
714,0,3.5700,-8.2910,8.3855,2.1457,-0.0013,0.1950,1.6163,-0.5830,0.4170,-0.5830,0.4170,1,1
715,0,3.5750,-8.2915,8.3907,2.1457,-0.0007,0.1957,1.6168,0.4170,-0.5830,0.3148,-0.5762,1,1
716,0,3.5800,-8.2919,8.3960,2.1458,0.0008,0.1965,1.6225,0.4170,-0.5830,0.4170,-0.5830,1,1
717,0,3.5850,-8.2924,8.4013,2.1458,0.0033,0.1970,1.6333,0.4170,-0.5830,0.3804,-0.5768,1,1
718,0,3.5900,-8.2929,8.4066,2.1459,0.0046,0.1975,1.6390,-0.5765,0.4170,-0.5830,0.4170,1,1
719,0,3.5950,-8.2934,8.4120,2.1460,0.0050,0.1980,1.6393,-0.5830,0.4170,-0.5830,0.4170,1,1
720,0,3.6000,-8.2939,8.4175,2.1460,0.0042,0.1984,1.6345,-0.5739,0.4170,-0.5830,0.4170,1,1
721,0,3.6050,-8.2944,8.4230,2.1461,0.0027,0.1985,1.6246,-0.5654,0.3559,-0.5830,0.4170,1,1
722,0,3.6100,-8.2948,8.4286,2.1462,0.0021,0.1979,1.6196,0.4170,-0.5830,0.3478,-0.5316,1,1
723,0,3.6150,-8.2953,8.4342,2.1463,0.0024,0.1973,1.6199,0.4170,-0.5830,0.4170,-0.5830,1,1
724,0,3.6200,-8.2958,8.4399,2.1464,0.0040,0.1965,1.6253,0.4170,-0.5830,0.4093,-0.5465,1,1
725,0,3.6250,-8.2963,8.4456,2.1465,0.0048,0.1952,1.6257,-0.5663,0.3488,-0.5830,0.4170,1,1
726,0,3.6300,-8.2968,8.4513,2.1466,0.0046,0.1940,1.6209,-0.5830,0.4170,-0.5830,0.4170,1,1
727,0,3.6350,-8.2973,8.4571,2.1468,0.0037,0.1925,1.6109,-0.5763,0.3708,-0.5830,0.4170,1,1
728,0,3.6400,-8.2978,8.4630,2.1469,0.0037,0.1907,1.6061,0.4170,-0.5830,0.3937,-0.5578,1,1
729,0,3.6450,-8.2983,8.4689,2.1470,0.0047,0.1889,1.6065,0.4170,-0.5830,0.4170,-0.5830,1,1
730,0,3.6500,-8.2988,8.4749,2.1471,0.0068,0.1870,1.6121,0.4170,-0.5830,0.4163,-0.5656,1,1
731,0,3.6550,-8.2993,8.4809,2.1473,0.0098,0.1850,1.6229,0.4170,-0.5830,0.4169,-0.5830,1,1
732,0,3.6600,-8.2998,8.4870,2.1474,0.0117,0.1832,1.6287,-0.5764,0.3960,-0.5830,0.3549,1,1
733,0,3.6650,-8.3003,8.4931,2.1476,0.0126,0.1815,1.6293,-0.5830,0.4170,-0.5830,0.4170,1,1
734,0,3.6700,-8.3008,8.4992,2.1477,0.0126,0.1799,1.6246,-0.5830,0.4170,-0.5830,0.4170,1,1
735,0,3.6750,-8.3013,8.5054,2.1479,0.0131,0.1779,1.6250,0.4170,-0.5815,0.3590,-0.5830,1,1
736,0,3.6800,-8.3018,8.5116,2.1481,0.0146,0.1758,1.6307,0.4170,-0.5830,0.4170,-0.5830,1,1
737,0,3.6850,-8.3023,8.5179,2.1482,0.0169,0.1735,1.6415,0.4170,-0.5830,0.4014,-0.5830,1,1
738,0,3.6900,-8.3028,8.5243,2.1484,0.0183,0.1713,1.6471,-0.5819,0.4170,-0.5830,0.4145,1,1
739,0,3.6950,-8.3033,8.5306,2.1486,0.0188,0.1692,1.6474,-0.5830,0.4170,-0.5830,0.4170,1,1
740,0,3.7000,-8.3038,8.5370,2.1488,0.0183,0.1674,1.6426,-0.5830,0.4170,-0.5830,0.3942,1,1
741,0,3.7050,-8.3043,8.5435,2.1490,0.0170,0.1653,1.6327,-0.5673,0.3827,-0.5830,0.4170,1,1
742,0,3.7100,-8.3048,8.5500,2.1492,0.0164,0.1627,1.6278,0.4170,-0.5830,0.3495,-0.5554,1,1
743,0,3.7150,-8.3053,8.5565,2.1494,0.0166,0.1599,1.6281,0.4170,-0.5830,0.4170,-0.5830,1,1
744,0,3.7200,-8.3058,8.5631,2.1496,0.0177,0.1569,1.6336,0.4170,-0.5830,0.4097,-0.5619,1,1
745,0,3.7250,-8.3063,8.5698,2.1499,0.0181,0.1538,1.6339,-0.5785,0.3790,-0.5830,0.4170,1,1
746,0,3.7300,-8.3067,8.5764,2.1501,0.0178,0.1508,1.6290,-0.5830,0.4170,-0.5830,0.4170,1,1
747,0,3.7350,-8.3072,8.5831,2.1503,0.0168,0.1477,1.6191,-0.5830,0.3742,-0.5830,0.3979,1,1
748,0,3.7400,-8.3077,8.5899,2.1506,0.0167,0.1444,1.6143,0.4170,-0.5830,0.4044,-0.5718,1,1
749,0,3.7450,-8.3082,8.5967,2.1508,0.0172,0.1410,1.6148,0.4170,-0.5830,0.4170,-0.5830,1,1
750,0,3.7500,-8.3086,8.6035,2.1511,0.0185,0.1374,1.6203,0.4170,-0.5830,0.4069,-0.5717,1,1
751,0,3.7550,-8.3091,8.6103,2.1514,0.0203,0.1337,1.6310,0.4170,-0.5735,0.4033,-0.5830,1,1
752,0,3.7600,-8.3096,8.6172,2.1516,0.0214,0.1302,1.6365,-0.5830,0.4170,-0.5830,0.4008,1,1
753,0,3.7650,-8.3100,8.6241,2.1519,0.0218,0.1268,1.6368,-0.5830,0.4170,-0.5830,0.4170,1,1
754,0,3.7700,-8.3105,8.6311,2.1522,0.0214,0.1236,1.6321,-0.5830,0.4170,-0.5830,0.3903,1,1
755,0,3.7750,-8.3110,8.6381,2.1525,0.0216,0.1203,1.6324,0.4170,-0.5675,0.4076,-0.5830,1,1
756,0,3.7800,-8.3114,8.6451,2.1528,0.0223,0.1169,1.6379,0.4170,-0.5830,0.4170,-0.5830,1,1
757,0,3.7850,-8.3119,8.6521,2.1532,0.0236,0.1134,1.6486,0.4170,-0.5732,0.4087,-0.5830,1,1
758,0,3.7900,-8.3123,8.6592,2.1535,0.0242,0.1101,1.6540,-0.5830,0.4170,-0.5830,0.4056,1,1
759,0,3.7950,-8.3127,8.6663,2.1539,0.0242,0.1069,1.6543,-0.5830,0.4170,-0.5830,0.4170,1,1
760,0,3.8000,-8.3132,8.6734,2.1542,0.0236,0.1040,1.6496,-0.5830,0.4170,-0.5830,0.3915,1,1
761,0,3.8050,-8.3136,8.6806,2.1546,0.0225,0.1011,1.6396,-0.5830,0.4023,-0.5830,0.4170,1,1
762,0,3.8100,-8.3140,8.6878,2.1549,0.0217,0.0977,1.6347,0.4170,-0.5830,0.3609,-0.5711,1,1
763,0,3.8150,-8.3145,8.6950,2.1553,0.0214,0.0942,1.6350,0.4170,-0.5830,0.4170,-0.5830,1,1
764,0,3.8200,-8.3149,8.7022,2.1557,0.0216,0.0905,1.6403,0.4170,-0.5830,0.4165,-0.5746,1,1
765,0,3.8250,-8.3153,8.7095,2.1561,0.0215,0.0868,1.6407,-0.5830,0.3803,-0.5830,0.4064,1,1
766,0,3.8300,-8.3157,8.7167,2.1565,0.0210,0.0832,1.6359,-0.5830,0.4170,-0.5830,0.4170,1,1
767,0,3.8350,-8.3161,8.7240,2.1569,0.0201,0.0797,1.6259,-0.5830,0.4119,-0.5830,0.4158,1,1
768,0,3.8400,-8.3165,8.7314,2.1573,0.0196,0.0760,1.6211,0.4170,-0.5830,0.4013,-0.5813,1,1
769,0,3.8450,-8.3169,8.7387,2.1578,0.0194,0.0722,1.6214,0.4170,-0.5830,0.4170,-0.5830,1,1
770,0,3.8500,-8.3173,8.7461,2.1582,0.0196,0.0683,1.6268,0.4170,-0.5830,0.4170,-0.5796,1,1
771,0,3.8550,-8.3177,8.7534,2.1586,0.0202,0.0645,1.6372,0.3591,-0.5679,0.3938,-0.5830,1,1
772,0,3.8600,-8.3181,8.7608,2.1591,0.0205,0.0609,1.6424,-0.5830,0.4170,-0.5830,0.4131,1,1
773,0,3.8650,-8.3185,8.7682,2.1596,0.0205,0.0574,1.6425,-0.5830,0.4170,-0.5830,0.4170,1,1
774,0,3.8700,-8.3189,8.7757,2.1600,0.0199,0.0543,1.6378,-0.5830,0.3687,-0.5830,0.3078,1,1
775,0,3.8750,-8.3192,8.7831,2.1605,0.0195,0.0512,1.6383,0.4170,-0.5625,0.4170,-0.5830,1,1
776,0,3.8800,-8.3196,8.7905,2.1610,0.0193,0.0480,1.6438,0.4170,-0.5830,0.4170,-0.5830,1,1
777,0,3.8850,-8.3200,8.7980,2.1615,0.0194,0.0449,1.6541,0.3240,-0.5693,0.3416,-0.5830,1,1
778,0,3.8900,-8.3203,8.8055,2.1620,0.0192,0.0418,1.6592,-0.5830,0.4170,-0.5830,0.4170,1,1
779,0,3.8950,-8.3207,8.8130,2.1625,0.0189,0.0389,1.6592,-0.5830,0.4170,-0.5830,0.4170,1,1
780,0,3.9000,-8.3211,8.8204,2.1629,0.0181,0.0364,1.6547,-0.5830,0.3072,-0.5830,0.2557,1,1
781,0,3.9050,-8.3214,8.8279,2.1634,0.0171,0.0339,1.6461,-0.5830,0.2281,-0.5830,0.2290,1,1
782,0,3.9100,-8.3218,8.8355,2.1638,0.0162,0.0310,1.6419,0.3150,-0.5830,0.2720,-0.5769,1,1
783,0,3.9150,-8.3221,8.8430,2.1642,0.0153,0.0281,1.6429,0.4170,-0.5830,0.4170,-0.5830,1,1
784,0,3.9200,-8.3225,8.8505,2.1646,0.0146,0.0250,1.6478,0.1853,-0.5830,0.1748,-0.5745,1,1
785,0,3.9250,-8.3228,8.8580,2.1650,0.0138,0.0220,1.6475,-0.5830,0.4170,-0.5830,0.4170,1,1
786,0,3.9300,-8.3231,8.8656,2.1654,0.0128,0.0191,1.6422,-0.5830,0.4170,-0.5830,0.4170,1,1
787,0,3.9350,-8.3235,8.8731,2.1658,0.0119,0.0161,1.6331,-0.5830,0.1335,-0.5830,0.1466,1,1
788,0,3.9400,-8.3238,8.8806,2.1662,0.0111,0.0131,1.6291,0.4170,-0.5830,0.4170,-0.5830,1,1
789,0,3.9450,-8.3241,8.8882,2.1665,0.0103,0.0101,1.6303,0.4170,-0.5830,0.4170,-0.5830,1,1
790,0,3.9500,-8.3245,8.8957,2.1668,0.0097,0.0071,1.6351,0.0981,-0.5830,0.1238,-0.5799,1,1
791,0,3.9550,-8.3248,8.9033,2.1671,0.0094,0.0045,1.6433,0.0618,-0.5733,0.1264,-0.5830,1,1
792,0,3.9600,-8.3251,8.9108,2.1672,0.0090,0.0020,1.6478,-0.5830,0.1480,-0.5830,0.1233,1,1
793,0,3.9650,-8.3254,8.9184,2.1674,0.0086,-0.0004,1.6472,-0.5830,0.4170,-0.5830,0.4170,1,1
794,0,3.9700,-8.3257,8.9259,2.1675,0.0080,-0.0026,1.6434,-0.5830,0.0505,-0.5830,0.0212,1,1
795,0,3.9750,-8.3261,8.9335,2.1677,0.0074,-0.0049,1.6447,0.4170,-0.5830,0.4170,-0.5830,1,1
796,0,3.9800,-8.3264,8.9410,2.1678,0.0067,-0.0072,1.6512,0.4170,-0.5830,0.4170,-0.5830,1,1
797,0,3.9850,-8.3267,8.9486,2.1678,0.0062,-0.0092,1.6609,0.0332,-0.5713,0.0693,-0.5830,1,1
798,0,3.9900,-8.3270,8.9561,2.1679,0.0057,-0.0112,1.6655,-0.5830,0.4170,-0.5830,0.4170,1,1
799,0,3.9950,-8.3273,8.9637,2.1680,0.0053,-0.0132,1.6649,-0.5830,0.4170,-0.5830,0.4170,1,1
800,0,4.0000,-8.3276,8.9712,2.1679,0.0047,-0.0150,1.6610,-0.5830,0.0863,-0.5830,0.0473,1,1
801,0,4.0050,-8.3279,8.9788,2.1679,0.0042,-0.0167,1.6536,-0.5830,0.1098,-0.5830,0.1082,1,1
802,0,4.0100,-8.3283,8.9863,2.1677,0.0035,-0.0186,1.6495,0.0850,-0.5830,0.0564,-0.5819,1,1
803,0,4.0150,-8.3286,8.9938,2.1676,0.0026,-0.0206,1.6505,0.4170,-0.5830,0.4170,-0.5830,1,1
804,0,4.0200,-8.3289,9.0014,2.1674,0.0017,-0.0225,1.6553,0.1486,-0.5830,0.1456,-0.5792,1,1
805,0,4.0250,-8.3292,9.0089,2.1672,0.0009,-0.0245,1.6550,-0.5830,0.4170,-0.5830,0.4170,1,1
806,0,4.0300,-8.3295,9.0164,2.1670,0.0003,-0.0264,1.6495,-0.5830,0.4170,-0.5830,0.4170,1,1
807,0,4.0350,-8.3298,9.0239,2.1668,-0.0002,-0.0284,1.6398,-0.5830,0.2340,-0.5830,0.2445,1,1
808,0,4.0400,-8.3301,9.0314,2.1666,-0.0008,-0.0304,1.6352,0.4170,-0.5830,0.4170,-0.5830,1,1
809,0,4.0450,-8.3304,9.0389,2.1664,-0.0016,-0.0324,1.6358,0.4170,-0.5830,0.4170,-0.5830,1,1
810,0,4.0500,-8.3307,9.0464,2.1662,-0.0023,-0.0343,1.6409,0.2960,-0.5830,0.3285,-0.5830,1,1
811,0,4.0550,-8.3310,9.0539,2.1660,-0.0029,-0.0356,1.6504,0.2202,-0.5741,0.2969,-0.5830,1,1
812,0,4.0600,-8.3313,9.0613,2.1658,-0.0033,-0.0370,1.6548,-0.5830,0.4170,-0.5830,0.4170,1,1
813,0,4.0650,-8.3316,9.0688,2.1656,-0.0034,-0.0384,1.6540,-0.5830,0.4170,-0.5830,0.4170,1,1
814,0,4.0700,-8.3319,9.0762,2.1653,-0.0036,-0.0396,1.6495,-0.5830,0.1363,-0.5830,0.1084,1,1
815,0,4.0750,-8.3322,9.0837,2.1650,-0.0040,-0.0408,1.6502,0.4170,-0.5830,0.4170,-0.5830,1,1
816,0,4.0800,-8.3325,9.0911,2.1648,-0.0046,-0.0421,1.6561,0.4170,-0.5830,0.4170,-0.5830,1,1
817,0,4.0850,-8.3328,9.0985,2.1645,-0.0053,-0.0430,1.6660,0.1863,-0.5696,0.2274,-0.5830,1,1
818,0,4.0900,-8.3331,9.1059,2.1642,-0.0057,-0.0439,1.6707,-0.5830,0.4170,-0.5830,0.4170,1,1
819,0,4.0950,-8.3334,9.1133,2.1640,-0.0059,-0.0448,1.6703,-0.5830,0.4170,-0.5830,0.4170,1,1
820,0,4.1000,-8.3337,9.1207,2.1637,-0.0060,-0.0456,1.6653,-0.5830,0.3323,-0.5830,0.3013,1,1
821,0,4.1050,-8.3340,9.1281,2.1634,-0.0060,-0.0464,1.6559,-0.5830,0.2683,-0.5830,0.2637,1,1
822,0,4.1100,-8.3343,9.1355,2.1631,-0.0062,-0.0472,1.6516,0.4170,-0.5830,0.4170,-0.5830,1,1
823,0,4.1150,-8.3346,9.1428,2.1628,-0.0066,-0.0480,1.6525,0.4170,-0.5830,0.4170,-0.5830,1,1
824,0,4.1200,-8.3350,9.1502,2.1625,-0.0073,-0.0487,1.6574,0.1969,-0.5830,0.1856,-0.5829,1,1
825,0,4.1250,-8.3353,9.1575,2.1622,-0.0078,-0.0496,1.6571,-0.5830,0.4170,-0.5830,0.4170,1,1
826,0,4.1300,-8.3356,9.1648,2.1619,-0.0080,-0.0504,1.6517,-0.5830,0.4170,-0.5830,0.4170,1,1
827,0,4.1350,-8.3359,9.1721,2.1615,-0.0078,-0.0514,1.6416,-0.5830,0.3226,-0.5830,0.3342,1,1
828,0,4.1400,-8.3362,9.1794,2.1612,-0.0080,-0.0523,1.6366,0.4170,-0.5830,0.4170,-0.5830,1,1
829,0,4.1450,-8.3365,9.1867,2.1609,-0.0084,-0.0531,1.6368,0.4170,-0.5830,0.4170,-0.5830,1,1
830,0,4.1500,-8.3368,9.1940,2.1607,-0.0091,-0.0539,1.6421,0.4166,-0.5830,0.4170,-0.5830,1,1
831,0,4.1550,-8.3371,9.2012,2.1604,-0.0098,-0.0543,1.6523,0.3276,-0.5728,0.3960,-0.5830,1,1
832,0,4.1600,-8.3375,9.2084,2.1601,-0.0101,-0.0547,1.6573,-0.5830,0.4170,-0.5830,0.4170,1,1
833,0,4.1650,-8.3378,9.2157,2.1599,-0.0102,-0.0552,1.6572,-0.5830,0.4170,-0.5830,0.4170,1,1
834,0,4.1700,-8.3381,9.2229,2.1596,-0.0100,-0.0557,1.6519,-0.5830,0.4170,-0.5830,0.4170,1,1
835,0,4.1750,-8.3384,9.2301,2.1594,-0.0101,-0.0560,1.6517,0.4098,-0.5693,0.4170,-0.5830,1,1
836,0,4.1800,-8.3387,9.2373,2.1591,-0.0106,-0.0563,1.6567,0.4170,-0.5830,0.4170,-0.5830,1,1
837,0,4.1850,-8.3391,9.2444,2.1589,-0.0113,-0.0566,1.6668,0.4170,-0.5773,0.4170,-0.5830,1,1
838,0,4.1900,-8.3394,9.2516,2.1587,-0.0117,-0.0568,1.6717,-0.5830,0.4170,-0.5830,0.4170,1,1
839,0,4.1950,-8.3397,9.2587,2.1585,-0.0119,-0.0571,1.6715,-0.5830,0.4170,-0.5830,0.4170,1,1
840,0,4.2000,-8.3400,9.2658,2.1584,-0.0117,-0.0575,1.6662,-0.5830,0.4170,-0.5830,0.4170,1,1
841,0,4.2050,-8.3404,9.2729,2.1582,-0.0113,-0.0580,1.6558,-0.5830,0.3934,-0.5830,0.3907,1,1
842,0,4.2100,-8.3407,9.2800,2.1580,-0.0112,-0.0583,1.6506,0.4170,-0.5830,0.4170,-0.5830,1,1
843,0,4.2150,-8.3410,9.2871,2.1579,-0.0113,-0.0586,1.6505,0.4170,-0.5830,0.4170,-0.5830,1,1
844,0,4.2200,-8.3414,9.2942,2.1577,-0.0118,-0.0589,1.6556,0.4170,-0.5830,0.4170,-0.5830,1,1
845,0,4.2250,-8.3417,9.3012,2.1576,-0.0120,-0.0592,1.6555,-0.5830,0.4170,-0.5830,0.4170,1,1
846,0,4.2300,-8.3420,9.3082,2.1575,-0.0118,-0.0596,1.6503,-0.5830,0.4170,-0.5830,0.4170,1,1
847,0,4.2350,-8.3424,9.3152,2.1574,-0.0114,-0.0600,1.6399,-0.5830,0.4170,-0.5830,0.4170,1,1
848,0,4.2400,-8.3427,9.3222,2.1573,-0.0113,-0.0603,1.6347,0.4170,-0.5818,0.4170,-0.5830,1,1
849,0,4.2450,-8.3431,9.3292,2.1572,-0.0115,-0.0606,1.6346,0.4170,-0.5830,0.4170,-0.5830,1,1
850,0,4.2500,-8.3434,9.3362,2.1571,-0.0120,-0.0609,1.6397,0.4170,-0.5830,0.4170,-0.5830,1,1
851,0,4.2550,-8.3438,9.3431,2.1571,-0.0125,-0.0607,1.6498,0.3600,-0.5719,0.4170,-0.5830,1,1
852,0,4.2600,-8.3441,9.3501,2.1570,-0.0127,-0.0606,1.6547,-0.5830,0.4170,-0.5830,0.4170,1,1
853,0,4.2650,-8.3445,9.3570,2.1570,-0.0127,-0.0605,1.6544,-0.5830,0.4170,-0.5830,0.4170,1,1
854,0,4.2700,-8.3448,9.3639,2.1569,-0.0123,-0.0606,1.6490,-0.5830,0.4170,-0.5830,0.4170,1,1
855,0,4.2750,-8.3452,9.3708,2.1569,-0.0122,-0.0604,1.6487,0.4066,-0.5672,0.4170,-0.5830,1,1
856,0,4.2800,-8.3455,9.3777,2.1569,-0.0125,-0.0601,1.6535,0.4170,-0.5830,0.4170,-0.5830,1,1
857,0,4.2850,-8.3459,9.3845,2.1569,-0.0131,-0.0598,1.6635,0.4170,-0.5762,0.4170,-0.5830,1,1
858,0,4.2900,-8.3462,9.3914,2.1569,-0.0134,-0.0595,1.6683,-0.5830,0.4170,-0.5830,0.4128,1,1
859,0,4.2950,-8.3466,9.3982,2.1569,-0.0134,-0.0592,1.6680,-0.5830,0.4170,-0.5830,0.4170,1,1
860,0,4.3000,-8.3470,9.4050,2.1570,-0.0132,-0.0589,1.6626,-0.5830,0.4154,-0.5830,0.3886,1,1
861,0,4.3050,-8.3473,9.4118,2.1570,-0.0128,-0.0586,1.6525,-0.5830,0.3246,-0.5830,0.3202,1,1
862,0,4.3100,-8.3477,9.4186,2.1570,-0.0128,-0.0583,1.6476,0.4170,-0.5830,0.4170,-0.5830,1,1
863,0,4.3150,-8.3481,9.4253,2.1571,-0.0130,-0.0579,1.6478,0.4170,-0.5830,0.4170,-0.5830,1,1
864,0,4.3200,-8.3485,9.4321,2.1571,-0.0134,-0.0573,1.6529,0.3636,-0.5821,0.3711,-0.5830,1,1
865,0,4.3250,-8.3488,9.4388,2.1572,-0.0136,-0.0569,1.6529,-0.5830,0.4170,-0.5830,0.4170,1,1
866,0,4.3300,-8.3492,9.4455,2.1572,-0.0134,-0.0565,1.6477,-0.5830,0.4170,-0.5830,0.4170,1,1
867,0,4.3350,-8.3496,9.4522,2.1573,-0.0130,-0.0562,1.6374,-0.5830,0.4170,-0.5830,0.4170,1,1
868,0,4.3400,-8.3500,9.4589,2.1574,-0.0128,-0.0558,1.6322,0.4170,-0.5830,0.4170,-0.5830,1,1
869,0,4.3450,-8.3504,9.4656,2.1575,-0.0130,-0.0553,1.6322,0.4170,-0.5830,0.4170,-0.5830,1,1
870,0,4.3500,-8.3507,9.4723,2.1576,-0.0134,-0.0548,1.6373,0.4170,-0.5830,0.4170,-0.5830,1,1
871,0,4.3550,-8.3511,9.4789,2.1577,-0.0139,-0.0539,1.6475,0.3678,-0.5785,0.4170,-0.5830,1,1
872,0,4.3600,-8.3515,9.4856,2.1579,-0.0141,-0.0531,1.6524,-0.5830,0.4170,-0.5830,0.4170,1,1
873,0,4.3650,-8.3519,9.4922,2.1580,-0.0140,-0.0524,1.6523,-0.5830,0.4170,-0.5830,0.4170,1,1
874,0,4.3700,-8.3523,9.4988,2.1581,-0.0136,-0.0517,1.6470,-0.5830,0.4170,-0.5830,0.4170,1,1
875,0,4.3750,-8.3527,9.5054,2.1583,-0.0135,-0.0509,1.6468,0.4098,-0.5751,0.4170,-0.5830,1,1
876,0,4.3800,-8.3531,9.5119,2.1585,-0.0137,-0.0500,1.6517,0.4170,-0.5830,0.4170,-0.5830,1,1
877,0,4.3850,-8.3535,9.5185,2.1587,-0.0141,-0.0491,1.6618,0.4170,-0.5816,0.4170,-0.5830,1,1
878,0,4.3900,-8.3539,9.5251,2.1589,-0.0143,-0.0481,1.6667,-0.5830,0.4154,-0.5830,0.4116,1,1
879,0,4.3950,-8.3543,9.5316,2.1591,-0.0142,-0.0473,1.6665,-0.5830,0.4170,-0.5830,0.4170,1,1
880,0,4.4000,-8.3547,9.5381,2.1593,-0.0140,-0.0465,1.6613,-0.5830,0.4027,-0.5830,0.3942,1,1
881,0,4.4050,-8.3552,9.5447,2.1595,-0.0134,-0.0458,1.6512,-0.5830,0.3386,-0.5830,0.3581,1,1
882,0,4.4100,-8.3556,9.5512,2.1597,-0.0131,-0.0451,1.6463,0.4170,-0.5830,0.4170,-0.5830,1,1
883,0,4.4150,-8.3560,9.5576,2.1599,-0.0130,-0.0443,1.6466,0.4170,-0.5830,0.4170,-0.5830,1,1
884,0,4.4200,-8.3564,9.5641,2.1602,-0.0132,-0.0435,1.6516,0.3506,-0.5830,0.3389,-0.5811,1,1
885,0,4.4250,-8.3568,9.5706,2.1604,-0.0131,-0.0428,1.6515,-0.5830,0.4170,-0.5830,0.4170,1,1
886,0,4.4300,-8.3573,9.5771,2.1606,-0.0128,-0.0421,1.6462,-0.5830,0.4170,-0.5830,0.4170,1,1
887,0,4.4350,-8.3577,9.5835,2.1609,-0.0122,-0.0416,1.6361,-0.5830,0.3598,-0.5830,0.3847,1,1
888,0,4.4400,-8.3581,9.5899,2.1612,-0.0118,-0.0411,1.6310,0.4170,-0.5830,0.4170,-0.5830,1,1
889,0,4.4450,-8.3586,9.5964,2.1614,-0.0116,-0.0405,1.6311,0.4170,-0.5830,0.4170,-0.5830,1,1
890,0,4.4500,-8.3590,9.6028,2.1617,-0.0116,-0.0399,1.6363,0.3893,-0.5830,0.3916,-0.5813,1,1
891,0,4.4550,-8.3594,9.6092,2.1620,-0.0116,-0.0389,1.6462,0.3365,-0.5752,0.3832,-0.5830,1,1
892,0,4.4600,-8.3599,9.6156,2.1623,-0.0114,-0.0379,1.6510,-0.5830,0.4170,-0.5830,0.4170,1,1
893,0,4.4650,-8.3603,9.6220,2.1626,-0.0110,-0.0370,1.6507,-0.5830,0.4170,-0.5830,0.4170,1,1
894,0,4.4700,-8.3608,9.6284,2.1628,-0.0104,-0.0361,1.6458,-0.5830,0.3070,-0.5830,0.2969,1,1
895,0,4.4750,-8.3612,9.6347,2.1631,-0.0101,-0.0352,1.6460,0.4170,-0.5813,0.4170,-0.5830,1,1
896,0,4.4800,-8.3617,9.6411,2.1634,-0.0099,-0.0342,1.6514,0.4170,-0.5830,0.4170,-0.5830,1,1
897,0,4.4850,-8.3621,9.6474,2.1637,-0.0099,-0.0330,1.6614,0.3064,-0.5752,0.3200,-0.5830,1,1
898,0,4.4900,-8.3626,9.6538,2.1640,-0.0097,-0.0319,1.6662,-0.5830,0.4170,-0.5830,0.4170,1,1
899,0,4.4950,-8.3630,9.6601,2.1643,-0.0093,-0.0308,1.6659,-0.5830,0.4170,-0.5830,0.4170,1,1
900,0,4.5000,-8.3635,9.6664,2.1646,-0.0089,-0.0297,1.6610,-0.5830,0.3100,-0.5830,0.3010,1,1
901,0,4.5050,-8.3639,9.6728,2.1649,-0.0082,-0.0288,1.6518,-0.5830,0.2453,-0.5830,0.2700,1,1
902,0,4.5100,-8.3644,9.6791,2.1651,-0.0078,-0.0281,1.6474,0.3763,-0.5830,0.3223,-0.5778,1,1
903,0,4.5150,-8.3649,9.6854,2.1654,-0.0077,-0.0275,1.6481,0.4170,-0.5830,0.4170,-0.5830,1,1
904,0,4.5200,-8.3653,9.6917,2.1656,-0.0077,-0.0269,1.6528,0.1980,-0.5830,0.1721,-0.5780,1,1
905,0,4.5250,-8.3658,9.6980,2.1659,-0.0076,-0.0264,1.6523,-0.5830,0.4170,-0.5830,0.4170,1,1
906,0,4.5300,-8.3663,9.7043,2.1661,-0.0074,-0.0260,1.6467,-0.5830,0.4170,-0.5830,0.4170,1,1
907,0,4.5350,-8.3667,9.7106,2.1663,-0.0070,-0.0256,1.6371,-0.5830,0.1717,-0.5830,0.1961,1,1
908,0,4.5400,-8.3672,9.7168,2.1665,-0.0067,-0.0253,1.6327,0.4170,-0.5830,0.4170,-0.5830,1,1
909,0,4.5450,-8.3676,9.7231,2.1668,-0.0065,-0.0249,1.6334,0.4170,-0.5830,0.4170,-0.5830,1,1
910,0,4.5500,-8.3681,9.7294,2.1669,-0.0064,-0.0246,1.6380,0.1882,-0.5830,0.1813,-0.5788,1,1
911,0,4.5550,-8.3686,9.7356,2.1671,-0.0063,-0.0240,1.6466,0.1627,-0.5773,0.1936,-0.5830,1,1
912,0,4.5600,-8.3691,9.7419,2.1672,-0.0061,-0.0234,1.6510,-0.5830,0.2301,-0.5830,0.2242,1,1
913,0,4.5650,-8.3695,9.7481,2.1673,-0.0058,-0.0229,1.6502,-0.5830,0.4170,-0.5830,0.4170,1,1
914,0,4.5700,-8.3700,9.7544,2.1673,-0.0055,-0.0223,1.6460,-0.5830,0.1090,-0.5830,0.0988,1,1
915,0,4.5750,-8.3705,9.7606,2.1673,-0.0053,-0.0217,1.6468,0.4170,-0.5830,0.4170,-0.5830,1,1
916,0,4.5800,-8.3709,9.7668,2.1674,-0.0052,-0.0211,1.6528,0.4170,-0.5830,0.4170,-0.5830,1,1
917,0,4.5850,-8.3714,9.7731,2.1674,-0.0051,-0.0203,1.6625,0.1318,-0.5774,0.1418,-0.5830,1,1
918,0,4.5900,-8.3719,9.7793,2.1674,-0.0050,-0.0196,1.6670,-0.5830,0.4170,-0.5830,0.4170,1,1
919,0,4.5950,-8.3724,9.7855,2.1674,-0.0047,-0.0189,1.6664,-0.5830,0.4170,-0.5830,0.4170,1,1
920,0,4.6000,-8.3728,9.7917,2.1674,-0.0045,-0.0182,1.6619,-0.5830,0.1817,-0.5830,0.1703,1,1
921,0,4.6050,-8.3733,9.7979,2.1673,-0.0040,-0.0176,1.6535,-0.5830,0.1761,-0.5830,0.2006,1,1
922,0,4.6100,-8.3738,9.8041,2.1672,-0.0038,-0.0173,1.6491,0.2406,-0.5830,0.1890,-0.5752,1,1
923,0,4.6150,-8.3743,9.8103,2.1671,-0.0038,-0.0170,1.6498,0.4170,-0.5830,0.4170,-0.5830,1,1
924,0,4.6200,-8.3748,9.8165,2.1670,-0.0039,-0.0169,1.6545,0.1856,-0.5830,0.1615,-0.5765,1,1
925,0,4.6250,-8.3752,9.8227,2.1668,-0.0039,-0.0167,1.6540,-0.5830,0.4170,-0.5830,0.4170,1,1
926,0,4.6300,-8.3757,9.8289,2.1667,-0.0038,-0.0166,1.6483,-0.5830,0.4170,-0.5830,0.4170,1,1
927,0,4.6350,-8.3762,9.8351,2.1665,-0.0035,-0.0166,1.6384,-0.5830,0.2427,-0.5830,0.2653,1,1
928,0,4.6400,-8.3767,9.8413,2.1664,-0.0033,-0.0166,1.6335,0.4170,-0.5830,0.4170,-0.5830,1,1
929,0,4.6450,-8.3772,9.8475,2.1662,-0.0032,-0.0166,1.6339,0.4170,-0.5830,0.4170,-0.5830,1,1
930,0,4.6500,-8.3776,9.8536,2.1661,-0.0032,-0.0166,1.6389,0.3245,-0.5830,0.3214,-0.5782,1,1
931,0,4.6550,-8.3781,9.8598,2.1659,-0.0031,-0.0164,1.6484,0.2849,-0.5768,0.3187,-0.5830,1,1
932,0,4.6600,-8.3786,9.8660,2.1658,-0.0029,-0.0162,1.6527,-0.5830,0.4170,-0.5830,0.4170,1,1
933,0,4.6650,-8.3791,9.8721,2.1656,-0.0026,-0.0160,1.6520,-0.5830,0.4170,-0.5830,0.4170,1,1
934,0,4.6700,-8.3796,9.8783,2.1654,-0.0024,-0.0158,1.6473,-0.5830,0.1762,-0.5830,0.1594,1,1
935,0,4.6750,-8.3801,9.8845,2.1653,-0.0022,-0.0155,1.6478,0.4170,-0.5830,0.4170,-0.5830,1,1
936,0,4.6800,-8.3805,9.8906,2.1651,-0.0021,-0.0152,1.6535,0.4170,-0.5830,0.4170,-0.5830,1,1
937,0,4.6850,-8.3810,9.8968,2.1649,-0.0021,-0.0148,1.6634,0.2366,-0.5760,0.2485,-0.5830,1,1
938,0,4.6900,-8.3815,9.9029,2.1647,-0.0020,-0.0144,1.6681,-0.5830,0.4170,-0.5830,0.4170,1,1
939,0,4.6950,-8.3820,9.9090,2.1645,-0.0018,-0.0140,1.6677,-0.5830,0.4170,-0.5830,0.4170,1,1
940,0,4.7000,-8.3825,9.9152,2.1643,-0.0016,-0.0136,1.6625,-0.5830,0.3481,-0.5830,0.3328,1,1
941,0,4.7050,-8.3830,9.9213,2.1641,-0.0012,-0.0133,1.6526,-0.5830,0.3259,-0.5830,0.3469,1,1
942,0,4.7100,-8.3835,9.9274,2.1640,-0.0011,-0.0131,1.6478,0.4170,-0.5830,0.3914,-0.5797,1,1
943,0,4.7150,-8.3839,9.9336,2.1638,-0.0010,-0.0129,1.6481,0.4170,-0.5830,0.4170,-0.5830,1,1
944,0,4.7200,-8.3844,9.9397,2.1636,-0.0010,-0.0129,1.6531,0.3284,-0.5830,0.2990,-0.5761,1,1
945,0,4.7250,-8.3849,9.9458,2.1634,-0.0010,-0.0129,1.6528,-0.5830,0.4170,-0.5830,0.4170,1,1
946,0,4.7300,-8.3854,9.9519,2.1633,-0.0010,-0.0129,1.6475,-0.5830,0.4170,-0.5830,0.4170,1,1
947,0,4.7350,-8.3859,9.9580,2.1631,-0.0008,-0.0129,1.6370,-0.5830,0.4076,-0.5830,0.4170,1,1
948,0,4.7400,-8.3864,9.9642,2.1630,-0.0007,-0.0130,1.6317,0.4170,-0.5830,0.4170,-0.5830,1,1
949,0,4.7450,-8.3869,9.9703,2.1628,-0.0007,-0.0130,1.6315,0.4170,-0.5830,0.4170,-0.5830,1,1
950,0,4.7500,-8.3873,9.9764,2.1627,-0.0007,-0.0131,1.6364,0.4170,-0.5830,0.4170,-0.5830,1,1
951,0,4.7550,-8.3878,9.9825,2.1626,-0.0008,-0.0131,1.6465,0.4138,-0.5824,0.4170,-0.5830,1,1
952,0,4.7600,-8.3883,9.9886,2.1625,-0.0008,-0.0131,1.6514,-0.5830,0.4170,-0.5830,0.4170,1,1
953,0,4.7650,-8.3888,9.9947,2.1624,-0.0007,-0.0132,1.6512,-0.5830,0.4170,-0.5830,0.4170,1,1
954,0,4.7700,-8.3893,10.0007,2.1624,-0.0006,-0.0132,1.6459,-0.5830,0.4170,-0.5830,0.4170,1,1
955,0,4.7750,-8.3898,10.0068,2.1623,-0.0006,-0.0132,1.6456,0.4145,-0.5760,0.4170,-0.5830,1,1
956,0,4.7800,-8.3902,10.0129,2.1623,-0.0006,-0.0132,1.6505,0.4170,-0.5830,0.4170,-0.5830,1,1
957,0,4.7850,-8.3907,10.0190,2.1622,-0.0007,-0.0131,1.6606,0.4170,-0.5818,0.4170,-0.5830,1,1
958,0,4.7900,-8.3912,10.0251,2.1622,-0.0007,-0.0131,1.6655,-0.5830,0.4170,-0.5830,0.4170,1,1
959,0,4.7950,-8.3917,10.0312,2.1622,-0.0007,-0.0131,1.6653,-0.5830,0.4170,-0.5830,0.4170,1,1
960,0,4.8000,-8.3922,10.0372,2.1622,-0.0006,-0.0131,1.6599,-0.5830,0.4170,-0.5830,0.4170,1,1
961,0,4.8050,-8.3927,10.0433,2.1622,-0.0004,-0.0131,1.6494,-0.5830,0.4023,-0.5830,0.4170,1,1
962,0,4.8100,-8.3931,10.0494,2.1622,-0.0002,-0.0132,1.6441,0.4170,-0.5830,0.4170,-0.5830,1,1
963,0,4.8150,-8.3936,10.0554,2.1623,-0.0001,-0.0132,1.6439,0.4170,-0.5830,0.4170,-0.5830,1,1
964,0,4.8200,-8.3941,10.0615,2.1623,-0.0001,-0.0133,1.6488,0.4170,-0.5830,0.4170,-0.5830,1,1
965,0,4.8250,-8.3946,10.0675,2.1624,0.0000,-0.0133,1.6486,-0.5830,0.4170,-0.5830,0.4170,1,1
966,0,4.8300,-8.3951,10.0736,2.1624,0.0002,-0.0134,1.6433,-0.5830,0.4170,-0.5830,0.4170,1,1
967,0,4.8350,-8.3956,10.0796,2.1625,0.0005,-0.0135,1.6328,-0.5830,0.4056,-0.5830,0.4170,1,1
968,0,4.8400,-8.3960,10.0857,2.1626,0.0008,-0.0136,1.6275,0.4170,-0.5830,0.4170,-0.5830,1,1
969,0,4.8450,-8.3965,10.0917,2.1627,0.0009,-0.0137,1.6273,0.4170,-0.5830,0.4170,-0.5830,1,1
970,0,4.8500,-8.3970,10.0977,2.1628,0.0010,-0.0138,1.6323,0.4170,-0.5830,0.4170,-0.5830,1,1
971,0,4.8550,-8.3975,10.1038,2.1629,0.0012,-0.0137,1.6423,0.3813,-0.5732,0.4170,-0.5830,1,1
972,0,4.8600,-8.3980,10.1098,2.1631,0.0014,-0.0136,1.6472,-0.5830,0.4170,-0.5830,0.4170,1,1
973,0,4.8650,-8.3984,10.1158,2.1632,0.0017,-0.0135,1.6469,-0.5830,0.4170,-0.5830,0.4170,1,1
974,0,4.8700,-8.3989,10.1219,2.1634,0.0021,-0.0133,1.6415,-0.5830,0.4170,-0.5830,0.4170,1,1
975,0,4.8750,-8.3994,10.1279,2.1636,0.0023,-0.0131,1.6412,0.4170,-0.5717,0.4170,-0.5830,1,1
976,0,4.8800,-8.3999,10.1339,2.1637,0.0025,-0.0130,1.6460,0.4170,-0.5830,0.4170,-0.5830,1,1
977,0,4.8850,-8.4004,10.1399,2.1639,0.0026,-0.0128,1.6559,0.4170,-0.5774,0.4170,-0.5830,1,1
978,0,4.8900,-8.4008,10.1459,2.1641,0.0027,-0.0126,1.6608,-0.5830,0.4170,-0.5830,0.4142,1,1
979,0,4.8950,-8.4013,10.1519,2.1644,0.0029,-0.0123,1.6604,-0.5830,0.4170,-0.5830,0.4170,1,1
980,0,4.9000,-8.4018,10.1579,2.1646,0.0030,-0.0120,1.6551,-0.5830,0.4119,-0.5830,0.3878,1,1
981,0,4.9050,-8.4023,10.1639,2.1648,0.0033,-0.0116,1.6449,-0.5830,0.3511,-0.5830,0.3632,1,1
982,0,4.9100,-8.4027,10.1699,2.1651,0.0034,-0.0114,1.6398,0.4170,-0.5830,0.4089,-0.5830,1,1
983,0,4.9150,-8.4032,10.1759,2.1653,0.0035,-0.0111,1.6398,0.4170,-0.5830,0.4170,-0.5830,1,1
984,0,4.9200,-8.4037,10.1819,2.1655,0.0034,-0.0110,1.6447,0.3686,-0.5830,0.3400,-0.5772,1,1
985,0,4.9250,-8.4041,10.1879,2.1658,0.0034,-0.0110,1.6444,-0.5830,0.4170,-0.5830,0.4170,1,1
986,0,4.9300,-8.4046,10.1939,2.1661,0.0034,-0.0109,1.6390,-0.5830,0.4170,-0.5830,0.4170,1,1
987,0,4.9350,-8.4051,10.1999,2.1663,0.0036,-0.0109,1.6287,-0.5830,0.3490,-0.5830,0.3722,1,1
988,0,4.9400,-8.4055,10.2058,2.1666,0.0037,-0.0109,1.6236,0.4170,-0.5830,0.4170,-0.5830,1,1
989,0,4.9450,-8.4060,10.2118,2.1669,0.0038,-0.0110,1.6236,0.4170,-0.5830,0.4170,-0.5830,1,1
990,0,4.9500,-8.4065,10.2178,2.1672,0.0039,-0.0111,1.6285,0.3704,-0.5830,0.3630,-0.5785,1,1
991,0,4.9550,-8.4069,10.2238,2.1675,0.0040,-0.0110,1.6379,0.2866,-0.5743,0.3204,-0.5830,1,1
992,0,4.9600,-8.4074,10.2297,2.1677,0.0041,-0.0109,1.6422,-0.5830,0.4170,-0.5830,0.4170,1,1
993,0,4.9650,-8.4078,10.2357,2.1680,0.0043,-0.0108,1.6413,-0.5830,0.4170,-0.5830,0.4170,1,1
994,0,4.9700,-8.4083,10.2417,2.1683,0.0045,-0.0105,1.6366,-0.5830,0.1784,-0.5830,0.1556,1,1
995,0,4.9750,-8.4088,10.2476,2.1685,0.0046,-0.0103,1.6370,0.4170,-0.5830,0.4170,-0.5830,1,1
996,0,4.9800,-8.4092,10.2536,2.1688,0.0046,-0.0101,1.6425,0.4170,-0.5830,0.4170,-0.5830,1,1
997,0,4.9850,-8.4097,10.2595,2.1690,0.0046,-0.0098,1.6519,0.1536,-0.5749,0.1670,-0.5830,1,1
998,0,4.9900,-8.4101,10.2655,2.1692,0.0047,-0.0095,1.6561,-0.5830,0.4170,-0.5830,0.4170,1,1
999,0,4.9950,-8.4106,10.2715,2.1695,0.0048,-0.0091,1.6552,-0.5830,0.4170,-0.5830,0.4170,1,1
1000,0,5.0000,-8.4110,10.2774,2.1696,0.0048,-0.0086,1.6505,-0.5830,0.1558,-0.5830,0.1361,1,1
1001,0,5.0050,-8.4115,10.2834,2.1698,0.0050,-0.0082,1.6423,-0.5830,0.0940,-0.5830,0.1111,1,1
1002,0,5.0100,-8.4119,10.2893,2.1698,0.0049,-0.0081,1.6381,0.2070,-0.5830,0.1629,-0.5759,1,1
1003,0,5.0150,-8.4124,10.2953,2.1699,0.0048,-0.0080,1.6389,0.4170,-0.5830,0.4170,-0.5830,1,1
1004,0,5.0200,-8.4128,10.3012,2.1699,0.0046,-0.0081,1.6430,0.0530,-0.5830,0.0328,-0.5759,1,1
1005,0,5.0250,-8.4133,10.3071,2.1699,0.0045,-0.0082,1.6420,-0.5830,0.4170,-0.5830,0.4170,1,1
1006,0,5.0300,-8.4137,10.3131,2.1699,0.0044,-0.0082,1.6357,-0.5830,0.4170,-0.5830,0.4170,1,1
1007,0,5.0350,-8.4141,10.3190,2.1698,0.0044,-0.0083,1.6262,-0.5830,0.0622,-0.5830,0.0831,1,1
1008,0,5.0400,-8.4146,10.3250,2.1698,0.0043,-0.0084,1.6217,0.4170,-0.5830,0.4170,-0.5830,1,1
1009,0,5.0450,-8.4150,10.3309,2.1697,0.0043,-0.0086,1.6224,0.4170,-0.5830,0.4170,-0.5830,1,1
1010,0,5.0500,-8.4155,10.3368,2.1696,0.0042,-0.0088,1.6267,0.1032,-0.5830,0.1029,-0.5769,1,1
1011,0,5.0550,-8.4159,10.3428,2.1694,0.0042,-0.0089,1.6341,0.0373,-0.5813,0.0608,-0.5830,1,1
1012,0,5.0600,-8.4163,10.3487,2.1692,0.0043,-0.0089,1.6373,-0.5830,0.2601,-0.5830,0.2579,1,1
1013,0,5.0650,-8.4168,10.3546,2.1690,0.0044,-0.0090,1.6353,-0.5830,0.4170,-0.5830,0.4170,1,1
1014,0,5.0700,-8.4172,10.3606,2.1687,0.0044,-0.0090,1.6314,-0.5830,-0.2277,-0.5830,-0.2394,1,1
1015,0,5.0750,-8.4176,10.3665,2.1683,0.0044,-0.0089,1.6328,0.4170,-0.5830,0.4170,-0.5830,1,1
1016,0,5.0800,-8.4181,10.3724,2.1680,0.0044,-0.0090,1.6393,0.4170,-0.5830,0.4170,-0.5830,1,1
1017,0,5.0850,-8.4185,10.3783,2.1675,0.0044,-0.0089,1.6479,-0.1681,-0.5797,-0.1601,-0.5830,1,1
1018,0,5.0900,-8.4190,10.3843,2.1670,0.0044,-0.0089,1.6514,-0.5830,0.4170,-0.5830,0.4170,1,1
1019,0,5.0950,-8.4194,10.3902,2.1666,0.0044,-0.0088,1.6497,-0.5830,0.4170,-0.5830,0.4170,1,1
1020,0,5.1000,-8.4198,10.3961,2.1660,0.0044,-0.0086,1.6452,-0.5830,-0.0283,-0.5830,-0.0426,1,1
1021,0,5.1050,-8.4202,10.4020,2.1654,0.0045,-0.0085,1.6381,-0.5824,-0.0794,-0.5830,-0.0729,1,1
1022,0,5.1100,-8.4207,10.4079,2.1646,0.0044,-0.0085,1.6347,0.1366,-0.5830,0.1102,-0.5788,1,1
1023,0,5.1150,-8.4211,10.4138,2.1639,0.0042,-0.0086,1.6364,0.4170,-0.5830,0.4170,-0.5830,1,1
1024,0,5.1200,-8.4215,10.4197,2.1631,0.0041,-0.0087,1.6393,-0.1641,-0.4213,-0.1736,-0.4079,1,1
1025,0,5.1250,-8.4219,10.4257,2.1623,0.0040,-0.0089,1.6371,-0.5830,0.4170,-0.5830,0.4170,1,1
1026,0,5.1300,-8.4224,10.4316,2.1615,0.0040,-0.0091,1.6298,-0.5830,0.4170,-0.5830,0.4170,1,1
1027,0,5.1350,-8.4228,10.4375,2.1606,0.0040,-0.0093,1.6207,-0.5289,-0.1954,-0.5341,-0.1880,1,1
1028,0,5.1400,-8.4232,10.4434,2.1597,0.0039,-0.0095,1.6168,0.4170,-0.5830,0.4170,-0.5830,1,1
1029,0,5.1450,-8.4236,10.4493,2.1587,0.0038,-0.0097,1.6180,0.4170,-0.5830,0.4170,-0.5830,1,1
1030,0,5.1500,-8.4241,10.4552,2.1578,0.0038,-0.0100,1.6214,-0.0079,-0.4436,0.0020,-0.4309,1,1
1031,0,5.1550,-8.4245,10.4611,2.1568,0.0039,-0.0099,1.6269,-0.0407,-0.4196,0.0036,-0.4377,1,1
1032,0,5.1600,-8.4249,10.4670,2.1557,0.0040,-0.0097,1.6292,-0.5830,0.0681,-0.5699,0.0450,1,1
1033,0,5.1650,-8.4253,10.4729,2.1546,0.0042,-0.0094,1.6264,-0.5830,0.4170,-0.5830,0.4170,1,1
1034,0,5.1700,-8.4257,10.4788,2.1534,0.0043,-0.0089,1.6228,-0.2850,-0.1273,-0.2754,-0.1434,1,1
1035,0,5.1750,-8.4261,10.4847,2.1523,0.0044,-0.0085,1.6243,0.4170,-0.5830,0.4170,-0.5830,1,1
1036,0,5.1800,-8.4266,10.4905,2.1512,0.0044,-0.0082,1.6310,0.4170,-0.5830,0.4170,-0.5830,1,1
1037,0,5.1850,-8.4270,10.4964,2.1500,0.0044,-0.0077,1.6387,-0.0698,-0.2631,-0.0637,-0.2722,1,1
1038,0,5.1900,-8.4274,10.5023,2.1489,0.0044,-0.0072,1.6413,-0.5830,0.4170,-0.5830,0.4170,1,1
1039,0,5.1950,-8.4278,10.5082,2.1478,0.0045,-0.0067,1.6387,-0.5830,0.4170,-0.5830,0.4170,1,1
1040,0,5.2000,-8.4282,10.5141,2.1466,0.0045,-0.0062,1.6347,-0.3530,-0.0710,-0.3605,-0.0834,1,1
1041,0,5.2050,-8.4286,10.5199,2.1454,0.0044,-0.0059,1.6296,-0.3081,-0.1011,-0.3414,-0.0885,1,1
1042,0,5.2100,-8.4290,10.5258,2.1441,0.0042,-0.0059,1.6264,0.1303,-0.2990,0.1013,-0.2800,1,1
1043,0,5.2150,-8.4294,10.5317,2.1429,0.0041,-0.0060,1.6281,0.4170,-0.5266,0.4149,-0.5091,1,1
1044,0,5.2200,-8.4298,10.5376,2.1417,0.0040,-0.0061,1.6298,-0.1468,-0.1423,-0.1452,-0.1274,1,1
1045,0,5.2250,-8.4302,10.5435,2.1405,0.0040,-0.0063,1.6263,-0.5830,0.4170,-0.5830,0.4170,1,1
1046,0,5.2300,-8.4306,10.5493,2.1393,0.0040,-0.0064,1.6176,-0.5830,0.4170,-0.5830,0.4170,1,1
1047,0,5.2350,-8.4310,10.5552,2.1381,0.0040,-0.0065,1.6099,-0.0303,-0.1949,-0.0262,-0.1925,1,1
1048,0,5.2400,-8.4314,10.5611,2.1370,0.0041,-0.0066,1.6072,0.4170,-0.5830,0.4170,-0.5830,1,1
1049,0,5.2450,-8.4318,10.5669,2.1358,0.0040,-0.0068,1.6097,0.4170,-0.5830,0.4170,-0.5830,1,1
1050,0,5.2500,-8.4322,10.5728,2.1346,0.0041,-0.0069,1.6110,-0.2804,-0.0480,-0.2667,-0.0379,1,1
1051,0,5.2550,-8.4326,10.5787,2.1334,0.0044,-0.0067,1.6111,-0.2979,-0.0300,-0.2503,-0.0530,1,1
1052,0,5.2600,-8.4330,10.5845,2.1322,0.0047,-0.0061,1.6128,0.0618,-0.1989,0.1039,-0.2278,1,1
1053,0,5.2650,-8.4334,10.5904,2.1310,0.0049,-0.0053,1.6187,0.4055,-0.4125,0.4170,-0.4364,1,1
1054,0,5.2700,-8.4338,10.5963,2.1299,0.0051,-0.0044,1.6254,-0.0132,-0.1560,-0.0125,-0.1708,1,1
1055,0,5.2750,-8.4342,10.6021,2.1288,0.0052,-0.0035,1.6270,-0.5830,0.4170,-0.5830,0.4170,1,1
1056,0,5.2800,-8.4346,10.6080,2.1276,0.0054,-0.0026,1.6234,-0.5830,0.4170,-0.5830,0.4170,1,1
1057,0,5.2850,-8.4350,10.6138,2.1265,0.0055,-0.0017,1.6208,0.0158,-0.1815,-0.0022,-0.1871,1,1
1058,0,5.2900,-8.4354,10.6197,2.1254,0.0055,-0.0009,1.6234,0.4170,-0.5830,0.4170,-0.5830,1,1
1059,0,5.2950,-8.4358,10.6255,2.1243,0.0056,-0.0001,1.6311,0.4170,-0.5830,0.4170,-0.5830,1,1
1060,0,5.3000,-8.4362,10.6314,2.1232,0.0056,0.0006,1.6374,-0.2700,-0.0173,-0.2840,-0.0162,1,1
1061,0,5.3050,-8.4365,10.6372,2.1221,0.0055,0.0014,1.6386,-0.5830,0.4170,-0.5830,0.4170,1,1
1062,0,5.3100,-8.4369,10.6431,2.1211,0.0055,0.0021,1.6347,-0.5830,0.4170,-0.5830,0.4170,1,1
1063,0,5.3150,-8.4373,10.6490,2.1200,0.0055,0.0025,1.6357,0.4170,-0.5724,0.3890,-0.5337,1,1
1064,0,5.3200,-8.4377,10.6548,2.1189,0.0056,0.0029,1.6418,0.4170,-0.5830,0.4170,-0.5830,1,1
1065,0,5.3250,-8.4381,10.6607,2.1179,0.0056,0.0032,1.6531,0.4170,-0.5830,0.4170,-0.5813,1,1
1066,0,5.3300,-8.4384,10.6665,2.1169,0.0057,0.0036,1.6592,-0.5830,0.4170,-0.5830,0.4170,1,1
1067,0,5.3350,-8.4388,10.6724,2.1158,0.0057,0.0040,1.6602,-0.5830,0.4170,-0.5830,0.4170,1,1
1068,0,5.3400,-8.4392,10.6783,2.1148,0.0057,0.0044,1.6560,-0.5830,0.4170,-0.5830,0.4170,1,1
1069,0,5.3450,-8.4396,10.6841,2.1138,0.0057,0.0047,1.6569,0.4170,-0.5830,0.4032,-0.5823,1,1
1070,0,5.3500,-8.4399,10.6900,2.1129,0.0057,0.0050,1.6630,0.4170,-0.5830,0.4170,-0.5830,1,1
1071,0,5.3550,-8.4403,10.6959,2.1119,0.0057,0.0052,1.6742,0.4170,-0.5830,0.4170,-0.5830,1,1
1072,0,5.3600,-8.4407,10.7017,2.1109,0.0056,0.0048,1.6808,-0.5075,0.3229,-0.5830,0.3811,1,1
1073,0,5.3650,-8.4410,10.7076,2.1100,0.0054,0.0044,1.6823,-0.5830,0.4170,-0.5830,0.4170,1,1
1074,0,5.3700,-8.4414,10.7135,2.1090,0.0053,0.0040,1.6786,-0.5830,0.4170,-0.5830,0.4170,1,1
1075,0,5.3750,-8.4418,10.7193,2.1081,0.0052,0.0036,1.6801,0.4170,-0.5830,0.4170,-0.5830,1,1
1076,0,5.3800,-8.4421,10.7252,2.1072,0.0050,0.0031,1.6867,0.4170,-0.5830,0.4170,-0.5830,1,1
1077,0,5.3850,-8.4425,10.7311,2.1062,0.0049,0.0027,1.6984,0.4170,-0.5830,0.4170,-0.5830,1,1
1078,0,5.3900,-8.4429,10.7370,2.1053,0.0048,0.0022,1.7050,-0.5747,0.4170,-0.5830,0.4170,1,1
1079,0,5.3950,-8.4432,10.7428,2.1045,0.0046,0.0017,1.7065,-0.5830,0.4170,-0.5830,0.4170,1,1
1080,0,5.4000,-8.4436,10.7487,2.1036,0.0044,0.0013,1.7028,-0.5830,0.4170,-0.5830,0.4170,1,1
1081,0,5.4050,-8.4439,10.7546,2.1027,0.0043,0.0009,1.6940,-0.5830,0.4170,-0.5830,0.4170,1,1
1082,0,5.4100,-8.4443,10.7605,2.1019,0.0037,-0.0007,1.6891,0.4111,-0.4560,0.2696,-0.3892,1,1
1083,0,5.4150,-8.4446,10.7664,2.1011,0.0031,-0.0022,1.6894,0.4170,-0.5830,0.4170,-0.5830,1,1
1084,0,5.4200,-8.4450,10.7722,2.1003,0.0026,-0.0038,1.6948,0.4170,-0.5830,0.4170,-0.5830,1,1
1085,0,5.4250,-8.4454,10.7781,2.0995,0.0021,-0.0056,1.6951,-0.5659,0.3852,-0.5830,0.4170,1,1
1086,0,5.4300,-8.4457,10.7840,2.0987,0.0017,-0.0074,1.6904,-0.5830,0.4170,-0.5830,0.4170,1,1
1087,0,5.4350,-8.4461,10.7899,2.0979,0.0013,-0.0092,1.6805,-0.5830,0.4170,-0.5830,0.4170,1,1
1088,0,5.4400,-8.4464,10.7958,2.0972,0.0008,-0.0110,1.6757,0.4170,-0.5830,0.4170,-0.5830,1,1
1089,0,5.4450,-8.4468,10.8016,2.0964,0.0003,-0.0129,1.6761,0.4170,-0.5830,0.4170,-0.5830,1,1
1090,0,5.4500,-8.4471,10.8075,2.0957,-0.0002,-0.0147,1.6816,0.4170,-0.5830,0.4170,-0.5830,1,1
1091,0,5.4550,-8.4475,10.8134,2.0950,-0.0009,-0.0165,1.6923,0.4170,-0.5830,0.4170,-0.5830,1,1
1092,0,5.4600,-8.4478,10.8192,2.0943,-0.0014,-0.0183,1.6978,-0.5830,0.4170,-0.5830,0.4170,1,1
1093,0,5.4650,-8.4482,10.8251,2.0936,-0.0019,-0.0201,1.6982,-0.5830,0.4170,-0.5830,0.4170,1,1
1094,0,5.4700,-8.4485,10.8309,2.0929,-0.0022,-0.0219,1.6935,-0.5830,0.4170,-0.5830,0.4170,1,1
1095,0,5.4750,-8.4489,10.8368,2.0922,-0.0027,-0.0237,1.6939,0.4170,-0.5830,0.4170,-0.5830,1,1
1096,0,5.4800,-8.4492,10.8426,2.0915,-0.0033,-0.0255,1.6994,0.4170,-0.5830,0.4170,-0.5830,1,1
1097,0,5.4850,-8.4496,10.8485,2.0909,-0.0040,-0.0273,1.7101,0.4170,-0.5830,0.4170,-0.5830,1,1
1098,0,5.4900,-8.4499,10.8543,2.0902,-0.0046,-0.0291,1.7156,-0.5830,0.4170,-0.5830,0.4170,1,1
1099,0,5.4950,-8.4503,10.8601,2.0896,-0.0050,-0.0309,1.7160,-0.5830,0.4170,-0.5830,0.4170,1,1
1100,0,5.5000,-8.4506,10.8659,2.0890,-0.0053,-0.0328,1.7112,-0.5830,0.4170,-0.5830,0.4170,1,1
1101,0,5.5050,-8.4510,10.8717,2.0884,-0.0054,-0.0346,1.7013,-0.5830,0.4170,-0.5830,0.4170,1,1
1102,0,5.5100,-8.4513,10.8775,2.0878,-0.0057,-0.0365,1.6965,0.4170,-0.5830,0.4059,-0.5830,1,1
1103,0,5.5150,-8.4517,10.8833,2.0872,-0.0062,-0.0384,1.6969,0.4170,-0.5830,0.4170,-0.5830,1,1
1104,0,5.5200,-8.4520,10.8891,2.0866,-0.0069,-0.0402,1.7024,0.4170,-0.5830,0.4170,-0.5830,1,1
1105,0,5.5250,-8.4524,10.8948,2.0861,-0.0074,-0.0421,1.7028,-0.5830,0.4170,-0.5830,0.4170,1,1
1106,0,5.5300,-8.4527,10.9006,2.0855,-0.0077,-0.0440,1.6980,-0.5830,0.4170,-0.5830,0.4170,1,1
1107,0,5.5350,-8.4531,10.9063,2.0850,-0.0078,-0.0459,1.6881,-0.5830,0.4170,-0.5830,0.4170,1,1
1108,0,5.5400,-8.4534,10.9120,2.0845,-0.0080,-0.0478,1.6833,0.4170,-0.5829,0.4170,-0.5830,1,1
1109,0,5.5450,-8.4538,10.9178,2.0840,-0.0086,-0.0496,1.6837,0.4170,-0.5830,0.4170,-0.5830,1,1
1110,0,5.5500,-8.4541,10.9235,2.0834,-0.0093,-0.0514,1.6892,0.4170,-0.5830,0.4170,-0.5830,1,1
1111,0,5.5550,-8.4545,10.9292,2.0830,-0.0103,-0.0530,1.6994,0.3999,-0.4855,0.4170,-0.4957,1,1
1112,0,5.5600,-8.4548,10.9348,2.0825,-0.0110,-0.0547,1.7044,-0.5830,0.4170,-0.5830,0.4170,1,1
1113,0,5.5650,-8.4552,10.9405,2.0821,-0.0115,-0.0564,1.7042,-0.5830,0.4170,-0.5830,0.4170,1,1
1114,0,5.5700,-8.4556,10.9461,2.0816,-0.0116,-0.0582,1.6989,-0.5830,0.4170,-0.5830,0.4170,1,1
1115,0,5.5750,-8.4559,10.9518,2.0812,-0.0121,-0.0599,1.6988,0.4170,-0.5799,0.4170,-0.5830,1,1
1116,0,5.5800,-8.4563,10.9574,2.0808,-0.0128,-0.0615,1.7038,0.4170,-0.5830,0.4170,-0.5830,1,1
1117,0,5.5850,-8.4566,10.9630,2.0804,-0.0139,-0.0630,1.7139,0.4170,-0.5830,0.4170,-0.5830,1,1
1118,0,5.5900,-8.4570,10.9686,2.0800,-0.0147,-0.0647,1.7189,-0.5830,0.4170,-0.5830,0.4170,1,1
1119,0,5.5950,-8.4574,10.9741,2.0796,-0.0151,-0.0664,1.7188,-0.5830,0.4170,-0.5830,0.4170,1,1
1120,0,5.6000,-8.4577,10.9797,2.0793,-0.0152,-0.0681,1.7134,-0.5830,0.4170,-0.5830,0.4170,1,1
1121,0,5.6050,-8.4581,10.9852,2.0789,-0.0149,-0.0700,1.7030,-0.5830,0.4170,-0.5830,0.4170,1,1
1122,0,5.6100,-8.4585,10.9907,2.0786,-0.0150,-0.0717,1.6977,0.4170,-0.5743,0.4170,-0.5830,1,1
1123,0,5.6150,-8.4588,10.9962,2.0782,-0.0155,-0.0733,1.6975,0.4170,-0.5830,0.4170,-0.5830,1,1
1124,0,5.6200,-8.4592,11.0017,2.0779,-0.0164,-0.0749,1.7025,0.4170,-0.5830,0.4170,-0.5830,1,1
1125,0,5.6250,-8.4596,11.0071,2.0776,-0.0169,-0.0765,1.7023,-0.5830,0.4170,-0.5830,0.4170,1,1
1126,0,5.6300,-8.4600,11.0126,2.0773,-0.0169,-0.0782,1.6970,-0.5830,0.4170,-0.5830,0.4170,1,1
1127,0,5.6350,-8.4603,11.0180,2.0770,-0.0166,-0.0800,1.6865,-0.5830,0.4170,-0.5830,0.4170,1,1
1128,0,5.6400,-8.4607,11.0234,2.0767,-0.0168,-0.0817,1.6811,0.4163,-0.5730,0.4170,-0.5830,1,1
1129,0,5.6450,-8.4611,11.0287,2.0765,-0.0173,-0.0833,1.6809,0.4170,-0.5830,0.4170,-0.5830,1,1
1130,0,5.6500,-8.4615,11.0341,2.0762,-0.0183,-0.0847,1.6859,0.4170,-0.5824,0.4170,-0.5830,1,1
1131,0,5.6550,-8.4619,11.0394,2.0760,-0.0196,-0.0858,1.6959,0.3828,-0.5694,0.4170,-0.5830,1,1
1132,0,5.6600,-8.4622,11.0447,2.0758,-0.0205,-0.0871,1.7007,-0.5830,0.4170,-0.5830,0.4170,1,1
1133,0,5.6650,-8.4626,11.0500,2.0755,-0.0209,-0.0884,1.7004,-0.5830,0.4170,-0.5830,0.4170,1,1
1134,0,5.6700,-8.4630,11.0553,2.0753,-0.0208,-0.0898,1.6949,-0.5830,0.4170,-0.5830,0.4170,1,1
1135,0,5.6750,-8.4634,11.0605,2.0751,-0.0212,-0.0909,1.6945,0.3939,-0.5663,0.4170,-0.5830,1,1
1136,0,5.6800,-8.4638,11.0657,2.0749,-0.0221,-0.0919,1.6992,0.4170,-0.5830,0.4170,-0.5830,1,1
1137,0,5.6850,-8.4642,11.0709,2.0747,-0.0234,-0.0928,1.7091,0.4116,-0.5768,0.4170,-0.5830,1,1
1138,0,5.6900,-8.4646,11.0760,2.0746,-0.0242,-0.0937,1.7138,-0.5830,0.4170,-0.5764,0.4170,1,1
1139,0,5.6950,-8.4650,11.0812,2.0744,-0.0246,-0.0947,1.7134,-0.5830,0.4170,-0.5830,0.4170,1,1
1140,0,5.7000,-8.4654,11.0863,2.0743,-0.0244,-0.0959,1.7078,-0.5830,0.4170,-0.5830,0.4170,1,1
1141,0,5.7050,-8.4658,11.0914,2.0741,-0.0237,-0.0971,1.6970,-0.5830,0.4170,-0.5830,0.4170,1,1
1142,0,5.7100,-8.4663,11.0964,2.0740,-0.0236,-0.0982,1.6913,0.4108,-0.5659,0.4170,-0.5830,1,1
1143,0,5.7150,-8.4667,11.1015,2.0739,-0.0240,-0.0991,1.6908,0.4170,-0.5830,0.4170,-0.5830,1,1
1144,0,5.7200,-8.4671,11.1065,2.0738,-0.0250,-0.0998,1.6955,0.4170,-0.5777,0.4170,-0.5830,1,1
1145,0,5.7250,-8.4675,11.1115,2.0737,-0.0254,-0.1006,1.6950,-0.5830,0.4170,-0.5707,0.4153,1,1
1146,0,5.7300,-8.4679,11.1164,2.0736,-0.0252,-0.1015,1.6894,-0.5830,0.4170,-0.5830,0.4170,1,1
1147,0,5.7350,-8.4684,11.1214,2.0735,-0.0245,-0.1026,1.6786,-0.5830,0.4170,-0.5806,0.4170,1,1
1148,0,5.7400,-8.4688,11.1263,2.0735,-0.0243,-0.1034,1.6728,0.4034,-0.5690,0.4170,-0.5830,1,1
1149,0,5.7450,-8.4692,11.1311,2.0734,-0.0247,-0.1040,1.6723,0.4170,-0.5830,0.4170,-0.5830,1,1
1150,0,5.7500,-8.4697,11.1360,2.0734,-0.0256,-0.1045,1.6769,0.4165,-0.5801,0.4170,-0.5830,1,1
1151,0,5.7550,-8.4701,11.1408,2.0733,-0.0269,-0.1046,1.6866,0.3769,-0.5750,0.4170,-0.5830,1,1
1152,0,5.7600,-8.4706,11.1456,2.0733,-0.0275,-0.1047,1.6911,-0.5830,0.4170,-0.5519,0.4170,1,1
1153,0,5.7650,-8.4710,11.1503,2.0733,-0.0275,-0.1049,1.6905,-0.5830,0.4170,-0.5830,0.4170,1,1
1154,0,5.7700,-8.4715,11.1551,2.0733,-0.0269,-0.1052,1.6848,-0.5830,0.4170,-0.5693,0.4162,1,1
1155,0,5.7750,-8.4719,11.1598,2.0733,-0.0268,-0.1051,1.6840,0.3893,-0.5640,0.4170,-0.5830,1,1
1156,0,5.7800,-8.4724,11.1645,2.0734,-0.0272,-0.1049,1.6885,0.4170,-0.5830,0.4170,-0.5830,1,1
1157,0,5.7850,-8.4729,11.1691,2.0734,-0.0282,-0.1044,1.6981,0.4099,-0.5745,0.4170,-0.5830,1,1
1158,0,5.7900,-8.4733,11.1737,2.0734,-0.0286,-0.1039,1.7026,-0.5830,0.4170,-0.5562,0.4039,1,1
1159,0,5.7950,-8.4738,11.1783,2.0735,-0.0285,-0.1035,1.7020,-0.5830,0.4170,-0.5830,0.4170,1,1
1160,0,5.8000,-8.4743,11.1829,2.0736,-0.0277,-0.1032,1.6962,-0.5830,0.4170,-0.5736,0.4149,1,1
1161,0,5.8050,-8.4748,11.1875,2.0736,-0.0265,-0.1029,1.6853,-0.5830,0.4170,-0.5771,0.4020,1,1
1162,0,5.8100,-8.4752,11.1920,2.0737,-0.0259,-0.1024,1.6795,0.4170,-0.5701,0.4170,-0.5830,1,1
1163,0,5.8150,-8.4757,11.1965,2.0738,-0.0258,-0.1018,1.6789,0.4170,-0.5830,0.4170,-0.5830,1,1
1164,0,5.8200,-8.4762,11.2009,2.0739,-0.0263,-0.1011,1.6835,0.4170,-0.5815,0.4170,-0.5830,1,1
1165,0,5.8250,-8.4767,11.2054,2.0740,-0.0262,-0.1004,1.6829,-0.5830,0.4170,-0.5704,0.4161,1,1
1166,0,5.8300,-8.4772,11.2098,2.0742,-0.0255,-0.0998,1.6771,-0.5830,0.4170,-0.5830,0.4170,1,1
1167,0,5.8350,-8.4777,11.2141,2.0743,-0.0243,-0.0994,1.6662,-0.5830,0.4170,-0.5814,0.4170,1,1
1168,0,5.8400,-8.4782,11.2185,2.0745,-0.0237,-0.0987,1.6605,0.4120,-0.5746,0.4170,-0.5830,1,1
1169,0,5.8450,-8.4788,11.2228,2.0746,-0.0236,-0.0979,1.6599,0.4170,-0.5830,0.4170,-0.5830,1,1
1170,0,5.8500,-8.4793,11.2271,2.0748,-0.0239,-0.0970,1.6644,0.4170,-0.5830,0.4170,-0.5830,1,1
1171,0,5.8550,-8.4798,11.2314,2.0750,-0.0247,-0.0958,1.6741,0.3959,-0.5749,0.4170,-0.5830,1,1
1172,0,5.8600,-8.4803,11.2357,2.0752,-0.0249,-0.0947,1.6786,-0.5830,0.4170,-0.5586,0.4169,1,1
1173,0,5.8650,-8.4808,11.2399,2.0754,-0.0246,-0.0936,1.6780,-0.5830,0.4170,-0.5830,0.4170,1,1
1174,0,5.8700,-8.4814,11.2441,2.0756,-0.0237,-0.0926,1.6722,-0.5830,0.4170,-0.5727,0.4170,1,1
1175,0,5.8750,-8.4819,11.2483,2.0758,-0.0233,-0.0913,1.6716,0.3989,-0.5708,0.4170,-0.5830,1,1
1176,0,5.8800,-8.4824,11.2524,2.0761,-0.0233,-0.0899,1.6760,0.4170,-0.5830,0.4170,-0.5830,1,1
1177,0,5.8850,-8.4830,11.2566,2.0763,-0.0238,-0.0884,1.6857,0.4170,-0.5798,0.4170,-0.5830,1,1
1178,0,5.8900,-8.4835,11.2607,2.0766,-0.0239,-0.0869,1.6902,-0.5830,0.4170,-0.5648,0.4090,1,1
1179,0,5.8950,-8.4841,11.2648,2.0769,-0.0234,-0.0854,1.6896,-0.5830,0.4170,-0.5830,0.4170,1,1
1180,0,5.9000,-8.4846,11.2688,2.0771,-0.0225,-0.0841,1.6838,-0.5830,0.4170,-0.5805,0.4170,1,1
1181,0,5.9050,-8.4852,11.2729,2.0774,-0.0213,-0.0828,1.6729,-0.5830,0.4170,-0.5830,0.4023,1,1
1182,0,5.9100,-8.4858,11.2769,2.0777,-0.0205,-0.0814,1.6672,0.4170,-0.5805,0.4170,-0.5830,1,1
1183,0,5.9150,-8.4863,11.2809,2.0781,-0.0202,-0.0798,1.6666,0.4170,-0.5830,0.4170,-0.5830,1,1
1184,0,5.9200,-8.4869,11.2849,2.0784,-0.0202,-0.0782,1.6712,0.4170,-0.5830,0.4170,-0.5830,1,1
1185,0,5.9250,-8.4874,11.2888,2.0787,-0.0198,-0.0766,1.6706,-0.5830,0.4170,-0.5794,0.4170,1,1
1186,0,5.9300,-8.4880,11.2927,2.0791,-0.0190,-0.0752,1.6649,-0.5830,0.4170,-0.5830,0.4170,1,1
1187,0,5.9350,-8.4886,11.2967,2.0794,-0.0179,-0.0737,1.6540,-0.5830,0.4170,-0.5830,0.4093,1,1
1188,0,5.9400,-8.4892,11.3006,2.0798,-0.0172,-0.0722,1.6483,0.4170,-0.5830,0.4170,-0.5830,1,1
1189,0,5.9450,-8.4898,11.3044,2.0802,-0.0169,-0.0706,1.6478,0.4170,-0.5830,0.4170,-0.5830,1,1
1190,0,5.9500,-8.4903,11.3083,2.0806,-0.0169,-0.0689,1.6524,0.4170,-0.5830,0.4170,-0.5830,1,1
1191,0,5.9550,-8.4909,11.3121,2.0810,-0.0172,-0.0671,1.6621,0.4061,-0.5814,0.4170,-0.5830,1,1
1192,0,5.9600,-8.4915,11.3160,2.0814,-0.0171,-0.0653,1.6667,-0.5830,0.4170,-0.5821,0.4170,1,1
1193,0,5.9650,-8.4921,11.3198,2.0818,-0.0167,-0.0637,1.6661,-0.5830,0.4170,-0.5830,0.4170,1,1
1194,0,5.9700,-8.4927,11.3236,2.0823,-0.0160,-0.0621,1.6604,-0.5830,0.4170,-0.5830,0.4170,1,1
1195,0,5.9750,-8.4933,11.3273,2.0827,-0.0156,-0.0603,1.6598,0.4074,-0.5796,0.4170,-0.5830,1,1
1196,0,5.9800,-8.4939,11.3311,2.0832,-0.0155,-0.0585,1.6643,0.4170,-0.5830,0.4170,-0.5830,1,1
1197,0,5.9850,-8.4945,11.3348,2.0836,-0.0157,-0.0566,1.6740,0.4170,-0.5830,0.4170,-0.5830,1,1
1198,0,5.9900,-8.4951,11.3386,2.0841,-0.0155,-0.0547,1.6786,-0.5830,0.4170,-0.5794,0.4170,1,1
1199,0,5.9950,-8.4957,11.3423,2.0846,-0.0151,-0.0529,1.6780,-0.5830,0.4170,-0.5830,0.4170,1,1
1200,0,6.0000,-8.4963,11.3460,2.0851,-0.0145,-0.0512,1.6722,-0.5830,0.4170,-0.5830,0.4080,1,1
1201,0,6.0050,-8.4969,11.3497,2.0856,-0.0136,-0.0495,1.6615,-0.5830,0.3805,-0.5830,0.3866,1,1
1202,0,6.0100,-8.4976,11.3533,2.0861,-0.0129,-0.0478,1.6560,0.4170,-0.5830,0.4170,-0.5830,1,1
1203,0,6.0150,-8.4982,11.3570,2.0867,-0.0125,-0.0460,1.6556,0.4170,-0.5830,0.4170,-0.5830,1,1
1204,0,6.0200,-8.4988,11.3606,2.0872,-0.0124,-0.0442,1.6603,0.4170,-0.5830,0.4170,-0.5830,1,1
1205,0,6.0250,-8.4994,11.3643,2.0878,-0.0120,-0.0424,1.6599,-0.5830,0.4170,-0.5830,0.4170,1,1
1206,0,6.0300,-8.5000,11.3679,2.0883,-0.0114,-0.0406,1.6544,-0.5830,0.4170,-0.5830,0.4170,1,1
1207,0,6.0350,-8.5007,11.3715,2.0889,-0.0106,-0.0389,1.6437,-0.5830,0.4170,-0.5830,0.4170,1,1
1208,0,6.0400,-8.5013,11.3751,2.0895,-0.0100,-0.0372,1.6382,0.4170,-0.5830,0.4170,-0.5830,1,1
1209,0,6.0450,-8.5019,11.3787,2.0901,-0.0096,-0.0354,1.6378,0.4170,-0.5830,0.4170,-0.5830,1,1
1210,0,6.0500,-8.5026,11.3823,2.0907,-0.0093,-0.0335,1.6425,0.4170,-0.5830,0.4170,-0.5830,1,1
1211,0,6.0550,-8.5032,11.3859,2.0913,-0.0092,-0.0316,1.6524,0.4093,-0.5830,0.4170,-0.5821,1,1
1212,0,6.0600,-8.5038,11.3894,2.0920,-0.0090,-0.0297,1.6571,-0.5830,0.4170,-0.5830,0.4170,1,1
1213,0,6.0650,-8.5045,11.3930,2.0926,-0.0085,-0.0279,1.6567,-0.5830,0.4170,-0.5830,0.4170,1,1
1214,0,6.0700,-8.5051,11.3966,2.0933,-0.0080,-0.0261,1.6512,-0.5830,0.4170,-0.5830,0.4170,1,1
1215,0,6.0750,-8.5057,11.4001,2.0939,-0.0075,-0.0243,1.6508,0.4161,-0.5830,0.4170,-0.5799,1,1
1216,0,6.0800,-8.5064,11.4036,2.0946,-0.0072,-0.0224,1.6555,0.4170,-0.5830,0.4170,-0.5830,1,1
1217,0,6.0850,-8.5070,11.4072,2.0953,-0.0070,-0.0205,1.6653,0.4170,-0.5830,0.4170,-0.5818,1,1
1218,0,6.0900,-8.5077,11.4107,2.0960,-0.0067,-0.0186,1.6701,-0.5830,0.4170,-0.5830,0.4170,1,1
1219,0,6.0950,-8.5083,11.4142,2.0967,-0.0063,-0.0168,1.6696,-0.5830,0.4170,-0.5830,0.4170,1,1
1220,0,6.1000,-8.5090,11.4178,2.0974,-0.0058,-0.0150,1.6641,-0.5830,0.4170,-0.5830,0.4170,1,1
1221,0,6.1050,-8.5096,11.4213,2.0982,-0.0050,-0.0134,1.6535,-0.5830,0.3645,-0.5830,0.4012,1,1
1222,0,6.1100,-8.5103,11.4248,2.0989,-0.0043,-0.0118,1.6481,0.4170,-0.5830,0.4170,-0.5812,1,1
1223,0,6.1150,-8.5109,11.4283,2.0997,-0.0037,-0.0102,1.6479,0.4170,-0.5830,0.4170,-0.5830,1,1
1224,0,6.1200,-8.5116,11.4318,2.1004,-0.0031,-0.0086,1.6528,0.4170,-0.5830,0.4170,-0.5813,1,1
1225,0,6.1250,-8.5122,11.4353,2.1012,-0.0025,-0.0069,1.6525,-0.5830,0.4170,-0.5830,0.4170,1,1
1226,0,6.1300,-8.5129,11.4388,2.1020,-0.0019,-0.0053,1.6472,-0.5830,0.4170,-0.5830,0.4170,1,1
1227,0,6.1350,-8.5135,11.4423,2.1028,-0.0012,-0.0038,1.6366,-0.5830,0.4143,-0.5830,0.4170,1,1
1228,0,6.1400,-8.5142,11.4458,2.1036,-0.0005,-0.0022,1.6312,0.4170,-0.5830,0.4170,-0.5767,1,1
1229,0,6.1450,-8.5148,11.4493,2.1045,0.0002,-0.0006,1.6310,0.4170,-0.5830,0.4170,-0.5830,1,1
1230,0,6.1500,-8.5155,11.4528,2.1053,0.0009,0.0009,1.6359,0.4170,-0.5830,0.4170,-0.5787,1,1
1231,0,6.1550,-8.5161,11.4563,2.1061,0.0016,0.0024,1.6459,0.4170,-0.5830,0.4170,-0.5830,1,1
1232,0,6.1600,-8.5168,11.4598,2.1070,0.0023,0.0039,1.6508,-0.5830,0.4170,-0.5830,0.4170,1,1
1233,0,6.1650,-8.5174,11.4633,2.1079,0.0030,0.0055,1.6505,-0.5830,0.4170,-0.5830,0.4170,1,1
1234,0,6.1700,-8.5181,11.4668,2.1088,0.0036,0.0070,1.6451,-0.5830,0.4170,-0.5830,0.4170,1,1
1235,0,6.1750,-8.5187,11.4703,2.1097,0.0043,0.0086,1.6449,0.4170,-0.5830,0.4164,-0.5830,1,1
1236,0,6.1800,-8.5194,11.4738,2.1106,0.0050,0.0101,1.6498,0.4170,-0.5830,0.4170,-0.5830,1,1
1237,0,6.1850,-8.5200,11.4773,2.1115,0.0058,0.0116,1.6598,0.4170,-0.5830,0.4170,-0.5830,1,1
1238,0,6.1900,-8.5207,11.4809,2.1124,0.0065,0.0131,1.6647,-0.5830,0.4159,-0.5830,0.4170,1,1
1239,0,6.1950,-8.5213,11.4844,2.1134,0.0072,0.0146,1.6644,-0.5830,0.4170,-0.5830,0.4170,1,1
1240,0,6.2000,-8.5220,11.4879,2.1143,0.0078,0.0162,1.6591,-0.5830,0.3934,-0.5830,0.4015,1,1
1241,0,6.2050,-8.5226,11.4914,2.1153,0.0085,0.0175,1.6491,-0.5830,0.3133,-0.5830,0.3605,1,1
1242,0,6.2100,-8.5232,11.4949,2.1162,0.0093,0.0185,1.6441,0.4170,-0.5830,0.3838,-0.5712,1,1
1243,0,6.2150,-8.5239,11.4985,2.1172,0.0101,0.0195,1.6442,0.4170,-0.5830,0.4170,-0.5830,1,1
1244,0,6.2200,-8.5245,11.5020,2.1181,0.0109,0.0201,1.6491,0.3691,-0.5830,0.3173,-0.5725,1,1
1245,0,6.2250,-8.5251,11.5056,2.1191,0.0115,0.0208,1.6489,-0.5830,0.4170,-0.5830,0.4170,1,1
1246,0,6.2300,-8.5258,11.5091,2.1201,0.0120,0.0215,1.6435,-0.5830,0.4170,-0.5830,0.4170,1,1
1247,0,6.2350,-8.5264,11.5127,2.1211,0.0125,0.0221,1.6334,-0.5830,0.3002,-0.5830,0.3258,1,1
1248,0,6.2400,-8.5270,11.5162,2.1220,0.0132,0.0227,1.6286,0.4170,-0.5830,0.4170,-0.5804,1,1
1249,0,6.2450,-8.5277,11.5198,2.1230,0.0140,0.0232,1.6288,0.4170,-0.5830,0.4170,-0.5830,1,1
1250,0,6.2500,-8.5283,11.5234,2.1240,0.0147,0.0234,1.6336,0.3141,-0.5830,0.2774,-0.5760,1,1
1251,0,6.2550,-8.5289,11.5270,2.1249,0.0154,0.0234,1.6427,0.2661,-0.5799,0.2417,-0.5830,1,1
1252,0,6.2600,-8.5295,11.5305,2.1259,0.0159,0.0235,1.6471,-0.5830,0.3302,-0.5830,0.3189,1,1
1253,0,6.2650,-8.5301,11.5341,2.1268,0.0163,0.0238,1.6463,-0.5830,0.4170,-0.5830,0.4170,1,1
1254,0,6.2700,-8.5307,11.5377,2.1277,0.0166,0.0241,1.6418,-0.5830,0.1493,-0.5830,0.1392,1,1
1255,0,6.2750,-8.5313,11.5413,2.1286,0.0170,0.0244,1.6425,0.4170,-0.5830,0.4170,-0.5830,1,1
1256,0,6.2800,-8.5319,11.5450,2.1295,0.0175,0.0245,1.6483,0.4170,-0.5830,0.4170,-0.5830,1,1
1257,0,6.2850,-8.5325,11.5486,2.1303,0.0180,0.0246,1.6576,0.1209,-0.5815,0.1052,-0.5830,1,1
1258,0,6.2900,-8.5331,11.5522,2.1312,0.0184,0.0247,1.6619,-0.5830,0.4170,-0.5830,0.4170,1,1
1259,0,6.2950,-8.5337,11.5558,2.1321,0.0186,0.0249,1.6609,-0.5830,0.4170,-0.5830,0.4170,1,1
1260,0,6.3000,-8.5343,11.5594,2.1328,0.0187,0.0252,1.6567,-0.5830,0.0731,-0.5830,0.0627,1,1
1261,0,6.3050,-8.5349,11.5631,2.1335,0.0189,0.0255,1.6493,-0.5830,0.0079,-0.5830,0.0380,1,1
1262,0,6.3100,-8.5355,11.5667,2.1342,0.0190,0.0253,1.6452,0.0988,-0.5830,0.0489,-0.5690,1,1
1263,0,6.3150,-8.5360,11.5704,2.1348,0.0192,0.0250,1.6463,0.4170,-0.5830,0.4170,-0.5830,1,1
1264,0,6.3200,-8.5366,11.5740,2.1353,0.0194,0.0245,1.6504,0.0120,-0.5830,-0.0150,-0.5741,1,1
1265,0,6.3250,-8.5372,11.5777,2.1359,0.0195,0.0241,1.6493,-0.5830,0.4170,-0.5830,0.4170,1,1
1266,0,6.3300,-8.5377,11.5814,2.1365,0.0195,0.0238,1.6431,-0.5830,0.4170,-0.5830,0.4170,1,1
1267,0,6.3350,-8.5383,11.5850,2.1369,0.0194,0.0234,1.6339,-0.5830,-0.0127,-0.5830,0.0044,1,1
1268,0,6.3400,-8.5389,11.5887,2.1374,0.0195,0.0230,1.6298,0.4170,-0.5830,0.4170,-0.5830,1,1
1269,0,6.3450,-8.5394,11.5924,2.1379,0.0198,0.0224,1.6309,0.4170,-0.5830,0.4170,-0.5830,1,1
1270,0,6.3500,-8.5400,11.5961,2.1383,0.0200,0.0217,1.6350,0.0086,-0.5830,-0.0046,-0.5770,1,1
1271,0,6.3550,-8.5405,11.5998,2.1386,0.0203,0.0210,1.6418,-0.0398,-0.5797,-0.0434,-0.5830,1,1
1272,0,6.3600,-8.5410,11.6035,2.1388,0.0204,0.0203,1.6451,-0.5830,0.1228,-0.5830,0.1099,1,1
1273,0,6.3650,-8.5416,11.6072,2.1390,0.0204,0.0198,1.6432,-0.5830,0.4170,-0.5830,0.4170,1,1
1274,0,6.3700,-8.5421,11.6109,2.1391,0.0203,0.0194,1.6396,-0.5830,-0.2373,-0.5830,-0.2505,1,1
1275,0,6.3750,-8.5427,11.6146,2.1392,0.0203,0.0189,1.6411,0.4170,-0.5830,0.4170,-0.5830,1,1
1276,0,6.3800,-8.5432,11.6183,2.1393,0.0204,0.0183,1.6477,0.4170,-0.5830,0.4170,-0.5830,1,1
1277,0,6.3850,-8.5437,11.6220,2.1393,0.0205,0.0176,1.6564,-0.1818,-0.5803,-0.1855,-0.5830,1,1
1278,0,6.3900,-8.5442,11.6257,2.1392,0.0206,0.0170,1.6600,-0.5830,0.4170,-0.5830,0.4170,1,1
1279,0,6.3950,-8.5447,11.6295,2.1392,0.0205,0.0166,1.6584,-0.5830,0.4170,-0.5830,0.4170,1,1
1280,0,6.4000,-8.5453,11.6332,2.1391,0.0203,0.0163,1.6542,-0.5830,-0.0672,-0.5830,-0.0825,1,1
1281,0,6.4050,-8.5458,11.6369,2.1388,0.0202,0.0159,1.6474,-0.5808,-0.0831,-0.5830,-0.0645,1,1
1282,0,6.4100,-8.5463,11.6406,2.1385,0.0200,0.0151,1.6437,0.0514,-0.5830,0.0198,-0.5614,1,1
1283,0,6.4150,-8.5468,11.6444,2.1382,0.0199,0.0143,1.6452,0.4170,-0.5830,0.4170,-0.5830,1,1
1284,0,6.4200,-8.5473,11.6481,2.1378,0.0199,0.0133,1.6485,-0.0965,-0.4848,-0.1097,-0.4703,1,1
1285,0,6.4250,-8.5478,11.6519,2.1374,0.0198,0.0124,1.6468,-0.5830,0.4170,-0.5830,0.4170,1,1
1286,0,6.4300,-8.5483,11.6556,2.1370,0.0196,0.0116,1.6399,-0.5830,0.4170,-0.5830,0.4170,1,1
1287,0,6.4350,-8.5487,11.6594,2.1365,0.0195,0.0108,1.6304,-0.5830,-0.0859,-0.5830,-0.0825,1,1
1288,0,6.4400,-8.5492,11.6631,2.1360,0.0194,0.0100,1.6261,0.4170,-0.5830,0.4170,-0.5830,1,1
1289,0,6.4450,-8.5497,11.6669,2.1355,0.0193,0.0090,1.6269,0.4170,-0.5830,0.4170,-0.5830,1,1
1290,0,6.4500,-8.5502,11.6706,2.1350,0.0193,0.0079,1.6310,0.0968,-0.5532,0.0997,-0.5449,1,1
1291,0,6.4550,-8.5507,11.6744,2.1343,0.0194,0.0069,1.6381,0.0492,-0.5223,0.0588,-0.5302,1,1
1292,0,6.4600,-8.5511,11.6781,2.1337,0.0193,0.0060,1.6403,-0.5830,0.3960,-0.5830,0.3819,1,1
1293,0,6.4650,-8.5516,11.6819,2.1331,0.0192,0.0053,1.6373,-0.5830,0.4170,-0.5830,0.4170,1,1
1294,0,6.4700,-8.5520,11.6857,2.1325,0.0191,0.0046,1.6340,-0.3032,-0.2470,-0.3025,-0.2603,1,1
1295,0,6.4750,-8.5525,11.6894,2.1318,0.0189,0.0038,1.6359,0.4170,-0.5830,0.4170,-0.5830,1,1
1296,0,6.4800,-8.5529,11.6932,2.1311,0.0188,0.0030,1.6429,0.4170,-0.5830,0.4170,-0.5830,1,1
1297,0,6.4850,-8.5534,11.6970,2.1304,0.0187,0.0021,1.6502,-0.2190,-0.2628,-0.2149,-0.2722,1,1
1298,0,6.4900,-8.5538,11.7007,2.1297,0.0185,0.0014,1.6523,-0.5830,0.4170,-0.5830,0.4170,1,1
1299,0,6.4950,-8.5543,11.7045,2.1290,0.0183,0.0008,1.6493,-0.5830,0.4170,-0.5830,0.4170,1,1
1300,0,6.5000,-8.5547,11.7083,2.1282,0.0181,0.0003,1.6459,-0.2792,-0.1919,-0.2810,-0.2070,1,1
1301,0,6.5050,-8.5551,11.7120,2.1274,0.0178,-0.0004,1.6422,-0.2519,-0.2153,-0.2670,-0.2103,1,1
1302,0,6.5100,-8.5555,11.7158,2.1265,0.0175,-0.0011,1.6391,-0.1080,-0.2346,-0.1203,-0.2233,1,1
1303,0,6.5150,-8.5560,11.7196,2.1256,0.0172,-0.0020,1.6372,-0.0308,-0.2491,-0.0345,-0.2384,1,1
1304,0,6.5200,-8.5564,11.7233,2.1247,0.0170,-0.0029,1.6349,-0.2043,-0.1439,-0.2007,-0.1372,1,1
1305,0,6.5250,-8.5568,11.7271,2.1237,0.0168,-0.0037,1.6297,-0.5200,0.0445,-0.5127,0.0465,1,1
1306,0,6.5300,-8.5572,11.7309,2.1226,0.0167,-0.0044,1.6223,-0.4182,0.0134,-0.4099,0.0125,1,1
1307,0,6.5350,-8.5576,11.7346,2.1216,0.0166,-0.0052,1.6194,0.4146,-0.4604,0.4170,-0.4607,1,1
1308,0,6.5400,-8.5580,11.7384,2.1206,0.0164,-0.0060,1.6217,0.4170,-0.5830,0.4170,-0.5830,1,1
1309,0,6.5450,-8.5584,11.7422,2.1196,0.0164,-0.0068,1.6231,-0.2472,-0.0721,-0.2367,-0.0720,1,1
1310,0,6.5500,-8.5588,11.7459,2.1186,0.0163,-0.0075,1.6193,-0.5830,0.4170,-0.5830,0.4170,1,1
1311,0,6.5550,-8.5592,11.7497,2.1176,0.0163,-0.0082,1.6104,-0.5830,0.4170,-0.5830,0.4170,1,1
1312,0,6.5600,-8.5596,11.7535,2.1166,0.0163,-0.0086,1.6004,-0.2634,-0.0271,-0.2386,-0.0449,1,1
1313,0,6.5650,-8.5600,11.7572,2.1156,0.0163,-0.0090,1.5956,0.4170,-0.5830,0.4170,-0.5830,1,1
1314,0,6.5700,-8.5604,11.7610,2.1147,0.0163,-0.0096,1.5959,0.4170,-0.5830,0.4170,-0.5830,1,1
1315,0,6.5750,-8.5607,11.7647,2.1137,0.0163,-0.0100,1.5976,0.0602,-0.2065,0.0860,-0.2144,1,1
1316,0,6.5800,-8.5611,11.7685,2.1127,0.0164,-0.0103,1.5942,-0.5830,0.4170,-0.5830,0.4170,1,1
1317,0,6.5850,-8.5615,11.7722,2.1118,0.0165,-0.0105,1.5857,-0.5830,0.4170,-0.5830,0.4170,1,1
1318,0,6.5900,-8.5618,11.7760,2.1108,0.0167,-0.0106,1.5752,-0.3606,0.0377,-0.3434,0.0283,1,1
1319,0,6.5950,-8.5622,11.7797,2.1099,0.0169,-0.0108,1.5699,0.4170,-0.5830,0.4170,-0.5830,1,1
1320,0,6.6000,-8.5625,11.7834,2.1089,0.0170,-0.0110,1.5696,0.4170,-0.5830,0.4170,-0.5830,1,1
1321,0,6.6050,-8.5629,11.7872,2.1080,0.0170,-0.0113,1.5746,0.4170,-0.5830,0.4170,-0.5830,1,1
1322,0,6.6100,-8.5632,11.7909,2.1071,0.0171,-0.0111,1.5817,0.1410,-0.2332,0.2046,-0.2777,1,1
1323,0,6.6150,-8.5636,11.7946,2.1062,0.0173,-0.0108,1.5837,-0.5830,0.4170,-0.5830,0.4170,1,1
1324,0,6.6200,-8.5639,11.7984,2.1053,0.0175,-0.0104,1.5806,-0.5830,0.4170,-0.5830,0.4170,1,1
1325,0,6.6250,-8.5642,11.8021,2.1044,0.0177,-0.0096,1.5744,-0.4852,0.1262,-0.4554,0.0879,1,1
1326,0,6.6300,-8.5646,11.8058,2.1035,0.0178,-0.0089,1.5735,0.4170,-0.5830,0.4170,-0.5830,1,1
1327,0,6.6350,-8.5649,11.8095,2.1026,0.0179,-0.0083,1.5777,0.4170,-0.5830,0.4170,-0.5830,1,1
1328,0,6.6400,-8.5652,11.8132,2.1018,0.0180,-0.0076,1.5858,0.3909,-0.3650,0.4066,-0.3886,1,1
1329,0,6.6450,-8.5655,11.8170,2.1010,0.0181,-0.0068,1.5888,-0.5830,0.4170,-0.5830,0.4170,1,1
1330,0,6.6500,-8.5658,11.8207,2.1001,0.0182,-0.0058,1.5867,-0.5830,0.4170,-0.5830,0.4170,1,1
1331,0,6.6550,-8.5661,11.8244,2.0994,0.0183,-0.0048,1.5795,-0.5830,0.4170,-0.5830,0.4170,1,1
1332,0,6.6600,-8.5664,11.8281,2.0985,0.0185,-0.0038,1.5681,-0.5741,0.2215,-0.5830,0.2328,1,1
1333,0,6.6650,-8.5667,11.8318,2.0977,0.0186,-0.0029,1.5618,0.4170,-0.5830,0.4170,-0.5830,1,1
1334,0,6.6700,-8.5670,11.8355,2.0969,0.0187,-0.0021,1.5607,0.4170,-0.5830,0.4170,-0.5830,1,1
1335,0,6.6750,-8.5673,11.8392,2.0961,0.0189,-0.0014,1.5647,0.4170,-0.5830,0.4170,-0.5830,1,1
1336,0,6.6800,-8.5676,11.8429,2.0953,0.0190,-0.0006,1.5636,-0.5830,0.4170,-0.5830,0.4170,1,1
1337,0,6.6850,-8.5679,11.8466,2.0945,0.0191,0.0003,1.5573,-0.5830,0.4170,-0.5830,0.4170,1,1
1338,0,6.6900,-8.5681,11.8503,2.0938,0.0192,0.0013,1.5459,-0.5830,0.4170,-0.5830,0.4170,1,1
1339,0,6.6950,-8.5684,11.8540,2.0930,0.0193,0.0022,1.5397,0.4170,-0.5830,0.4170,-0.5827,1,1
1340,0,6.7000,-8.5687,11.8577,2.0923,0.0195,0.0030,1.5386,0.4170,-0.5830,0.4170,-0.5830,1,1
1341,0,6.7050,-8.5689,11.8614,2.0916,0.0196,0.0037,1.5426,0.4170,-0.5830,0.4170,-0.5830,1,1
1342,0,6.7100,-8.5692,11.8652,2.0908,0.0198,0.0046,1.5451,-0.2984,0.0153,-0.2830,-0.0018,1,1
1343,0,6.7150,-8.5694,11.8689,2.0901,0.0199,0.0056,1.5425,-0.5830,0.4170,-0.5830,0.4170,1,1
1344,0,6.7200,-8.5696,11.8726,2.0894,0.0200,0.0067,1.5347,-0.5830,0.4170,-0.5830,0.4170,1,1
1345,0,6.7250,-8.5699,11.8763,2.0887,0.0200,0.0078,1.5290,0.1564,-0.2391,0.1580,-0.2491,1,1
1346,0,6.7300,-8.5701,11.8800,2.0880,0.0201,0.0088,1.5284,0.4170,-0.5830,0.4170,-0.5830,1,1
1347,0,6.7350,-8.5703,11.8837,2.0873,0.0202,0.0097,1.5330,0.4170,-0.5830,0.4170,-0.5830,1,1
1348,0,6.7400,-8.5706,11.8874,2.0866,0.0203,0.0107,1.5348,-0.4468,0.0940,-0.4489,0.0914,1,1
1349,0,6.7450,-8.5708,11.8912,2.0859,0.0203,0.0118,1.5314,-0.5830,0.4170,-0.5830,0.4170,1,1
1350,0,6.7500,-8.5710,11.8949,2.0852,0.0203,0.0130,1.5229,-0.5830,0.4170,-0.5830,0.4170,1,1
1351,0,6.7550,-8.5712,11.8986,2.0846,0.0202,0.0142,1.5134,-0.2244,-0.0199,-0.2251,-0.0221,1,1
1352,0,6.7600,-8.5714,11.9023,2.0839,0.0202,0.0153,1.5090,0.4170,-0.5830,0.4170,-0.5830,1,1
1353,0,6.7650,-8.5716,11.9061,2.0832,0.0203,0.0163,1.5097,0.4170,-0.5830,0.4170,-0.5830,1,1
1354,0,6.7700,-8.5718,11.9098,2.0826,0.0204,0.0173,1.5119,0.0800,-0.1974,0.0810,-0.1891,1,1
1355,0,6.7750,-8.5720,11.9135,2.0820,0.0204,0.0183,1.5089,-0.5830,0.4170,-0.5830,0.4170,1,1
1356,0,6.7800,-8.5721,11.9173,2.0813,0.0204,0.0195,1.5008,-0.5830,0.4170,-0.5830,0.4170,1,1
1357,0,6.7850,-8.5723,11.9210,2.0807,0.0203,0.0206,1.4908,-0.3290,0.0300,-0.3351,0.0369,1,1
1358,0,6.7900,-8.5725,11.9248,2.0801,0.0203,0.0216,1.4859,0.4170,-0.5830,0.4170,-0.5830,1,1
1359,0,6.7950,-8.5726,11.9286,2.0795,0.0205,0.0225,1.4862,0.4170,-0.5830,0.4170,-0.5830,1,1
1360,0,6.8000,-8.5728,11.9323,2.0789,0.0207,0.0233,1.4890,0.2170,-0.2828,0.2165,-0.2667,1,1
1361,0,6.8050,-8.5729,11.9361,2.0783,0.0211,0.0243,1.4937,0.1251,-0.2205,0.1511,-0.2419,1,1
1362,0,6.8100,-8.5731,11.9399,2.0778,0.0212,0.0256,1.4944,-0.5830,0.2113,-0.5715,0.1810,1,1
1363,0,6.8150,-8.5732,11.9436,2.0772,0.0212,0.0270,1.4900,-0.5830,0.4170,-0.5830,0.4170,1,1
1364,0,6.8200,-8.5733,11.9474,2.0766,0.0212,0.0284,1.4864,0.0173,-0.1340,0.0144,-0.1459,1,1
1365,0,6.8250,-8.5735,11.9512,2.0761,0.0213,0.0297,1.4879,0.4170,-0.5830,0.4170,-0.5830,1,1
1366,0,6.8300,-8.5736,11.9550,2.0755,0.0215,0.0309,1.4946,0.4170,-0.5830,0.4170,-0.5830,1,1
1367,0,6.8350,-8.5737,11.9588,2.0750,0.0217,0.0321,1.5003,-0.2247,-0.0310,-0.2355,-0.0339,1,1
1368,0,6.8400,-8.5738,11.9627,2.0745,0.0217,0.0334,1.5008,-0.5830,0.4170,-0.5830,0.4170,1,1
1369,0,6.8450,-8.5739,11.9665,2.0740,0.0215,0.0348,1.4962,-0.5830,0.4170,-0.5830,0.4170,1,1
1370,0,6.8500,-8.5740,11.9703,2.0735,0.0212,0.0361,1.4929,0.0765,-0.2021,0.0575,-0.1995,1,1
1371,0,6.8550,-8.5741,11.9742,2.0730,0.0211,0.0369,1.4926,0.2703,-0.3278,0.2357,-0.2932,1,1
1372,0,6.8600,-8.5742,11.9780,2.0725,0.0210,0.0374,1.4919,-0.1363,-0.1041,-0.1661,-0.0687,1,1
1373,0,6.8650,-8.5743,11.9819,2.0721,0.0206,0.0380,1.4860,-0.5830,0.4170,-0.5830,0.4170,1,1
1374,0,6.8700,-8.5743,11.9857,2.0716,0.0201,0.0387,1.4751,-0.5830,0.4170,-0.5830,0.4170,1,1
1375,0,6.8750,-8.5744,11.9896,2.0712,0.0198,0.0393,1.4692,0.4170,-0.5830,0.4170,-0.5827,1,1
1376,0,6.8800,-8.5744,11.9935,2.0708,0.0197,0.0398,1.4685,0.4170,-0.5830,0.4170,-0.5830,1,1
1377,0,6.8850,-8.5745,11.9974,2.0704,0.0198,0.0402,1.4730,0.4170,-0.5830,0.4170,-0.5830,1,1
1378,0,6.8900,-8.5745,12.0013,2.0700,0.0196,0.0407,1.4723,-0.5830,0.4170,-0.5830,0.4170,1,1
1379,0,6.8950,-8.5746,12.0052,2.0696,0.0193,0.0413,1.4664,-0.5830,0.4170,-0.5830,0.4170,1,1
1380,0,6.9000,-8.5746,12.0092,2.0692,0.0188,0.0420,1.4555,-0.5830,0.4170,-0.5830,0.4170,1,1
1381,0,6.9050,-8.5746,12.0131,2.0689,0.0186,0.0428,1.4488,0.3759,-0.4511,0.4104,-0.4449,1,1
1382,0,6.9100,-8.5747,12.0171,2.0685,0.0187,0.0434,1.4473,0.4170,-0.5830,0.4170,-0.5830,1,1
1383,0,6.9150,-8.5747,12.0210,2.0682,0.0189,0.0440,1.4509,0.4170,-0.5830,0.4170,-0.5830,1,1
1384,0,6.9200,-8.5747,12.0250,2.0679,0.0190,0.0446,1.4494,-0.5830,0.4170,-0.5830,0.4170,1,1
1385,0,6.9250,-8.5747,12.0290,2.0676,0.0188,0.0454,1.4428,-0.5830,0.4170,-0.5830,0.4170,1,1
1386,0,6.9300,-8.5747,12.0330,2.0674,0.0184,0.0463,1.4310,-0.5830,0.4170,-0.5830,0.4170,1,1
1387,0,6.9350,-8.5747,12.0370,2.0671,0.0182,0.0470,1.4243,0.4170,-0.5830,0.4170,-0.5830,1,1
1388,0,6.9400,-8.5747,12.0410,2.0668,0.0183,0.0477,1.4228,0.4170,-0.5830,0.4170,-0.5830,1,1
1389,0,6.9450,-8.5746,12.0450,2.0666,0.0186,0.0482,1.4265,0.4170,-0.5830,0.4170,-0.5830,1,1
1390,0,6.9500,-8.5746,12.0491,2.0664,0.0187,0.0489,1.4250,-0.5830,0.4170,-0.5830,0.4170,1,1
1391,0,6.9550,-8.5746,12.0531,2.0662,0.0185,0.0497,1.4183,-0.5830,0.4170,-0.5830,0.4170,1,1
1392,0,6.9600,-8.5745,12.0572,2.0659,0.0185,0.0503,1.4168,0.4170,-0.5830,0.4170,-0.5830,1,1
1393,0,6.9650,-8.5745,12.0613,2.0657,0.0188,0.0509,1.4205,0.4170,-0.5830,0.4170,-0.5830,1,1
1394,0,6.9700,-8.5744,12.0654,2.0656,0.0194,0.0513,1.4293,0.4170,-0.5830,0.4170,-0.5830,1,1
1395,0,6.9750,-8.5744,12.0695,2.0654,0.0197,0.0519,1.4329,-0.5830,0.4170,-0.5830,0.4170,1,1
1396,0,6.9800,-8.5743,12.0736,2.0652,0.0198,0.0526,1.4314,-0.5830,0.4170,-0.5830,0.4170,1,1
1397,0,6.9850,-8.5742,12.0777,2.0651,0.0195,0.0533,1.4248,-0.5830,0.4170,-0.5830,0.4170,1,1
1398,0,6.9900,-8.5741,12.0818,2.0649,0.0196,0.0540,1.4233,0.4170,-0.5830,0.4170,-0.5830,1,1
1399,0,6.9950,-8.5740,12.0860,2.0648,0.0199,0.0545,1.4269,0.4170,-0.5830,0.4170,-0.5830,1,1
1400,0,7.0000,-8.5740,12.0901,2.0647,0.0205,0.0550,1.4357,0.4170,-0.5830,0.4170,-0.5830,1,1
1401,0,7.0050,-8.5738,12.0943,2.0645,0.0209,0.0553,1.4420,-0.4789,-0.0097,-0.4997,0.0007,1,1
1402,0,7.0100,-8.5737,12.0985,2.0643,0.0210,0.0558,1.4432,-0.5830,0.4170,-0.5830,0.4170,1,1
1403,0,7.0150,-8.5736,12.1027,2.0642,0.0209,0.0563,1.4392,-0.5830,0.4170,-0.5830,0.4170,1,1
1404,0,7.0200,-8.5735,12.1069,2.0640,0.0209,0.0566,1.4385,0.2546,-0.4107,0.2330,-0.3977,1,1
1405,0,7.0250,-8.5734,12.1112,2.0639,0.0211,0.0568,1.4430,0.4170,-0.5830,0.4170,-0.5830,1,1
1406,0,7.0300,-8.5732,12.1154,2.0637,0.0217,0.0569,1.4526,0.4170,-0.5830,0.4170,-0.5830,1,1
1407,0,7.0350,-8.5731,12.1196,2.0636,0.0220,0.0570,1.4577,-0.5762,0.2914,-0.5830,0.2974,1,1
1408,0,7.0400,-8.5729,12.1239,2.0634,0.0220,0.0572,1.4577,-0.5830,0.4170,-0.5830,0.4170,1,1
1409,0,7.0450,-8.5728,12.1282,2.0633,0.0217,0.0575,1.4525,-0.5830,0.4170,-0.5830,0.4170,1,1
1410,0,7.0500,-8.5726,12.1325,2.0632,0.0217,0.0577,1.4525,0.4170,-0.5830,0.4170,-0.5830,1,1
1411,0,7.0550,-8.5724,12.1368,2.0631,0.0220,0.0578,1.4576,0.4170,-0.5830,0.4170,-0.5830,1,1
1412,0,7.0600,-8.5723,12.1411,2.0630,0.0222,0.0576,1.4578,-0.5614,0.3474,-0.5830,0.4029,1,1
1413,0,7.0650,-8.5721,12.1455,2.0629,0.0221,0.0575,1.4529,-0.5830,0.4170,-0.5830,0.4170,1,1
1414,0,7.0700,-8.5719,12.1498,2.0628,0.0218,0.0575,1.4429,-0.5830,0.4146,-0.5830,0.4170,2,2
1415,0,7.0750,-8.5717,12.1542,2.0628,0.0217,0.0574,1.4380,0.4170,-0.5830,0.4170,-0.5827,2,2
1416,0,7.0800,-8.5715,12.1586,2.0627,0.0219,0.0572,1.4382,0.4170,-0.5830,0.4170,-0.5830,2,2
1417,0,7.0850,-8.5712,12.1630,2.0627,0.0224,0.0568,1.4436,0.4170,-0.5830,0.4170,-0.5830,2,2
1418,0,7.0900,-8.5710,12.1674,2.0626,0.0227,0.0565,1.4439,-0.5830,0.4021,-0.5830,0.4170,2,2
1419,0,7.0950,-8.5708,12.1718,2.0626,0.0227,0.0564,1.4390,-0.5830,0.4170,-0.5830,0.4170,2,2
1420,0,7.1000,-8.5705,12.1762,2.0626,0.0225,0.0563,1.4290,-0.5830,0.4160,-0.5830,0.4170,2,2
1421,0,7.1050,-8.5703,12.1807,2.0626,0.0225,0.0582,1.4229,0.1609,-0.3810,0.3722,-0.5696,2,2
1422,0,7.1100,-8.5700,12.1851,2.0626,0.0228,0.0601,1.4219,0.4170,-0.5830,0.4170,-0.5830,2,2
1423,0,7.1150,-8.5698,12.1896,2.0626,0.0232,0.0620,1.4259,0.4170,-0.5396,0.4170,-0.5830,2,2
1424,0,7.1200,-8.5695,12.1941,2.0626,0.0228,0.0648,1.4252,-0.5830,0.4170,-0.5647,0.3005,2,2
1425,0,7.1250,-8.5692,12.1986,2.0626,0.0220,0.0677,1.4193,-0.5830,0.4170,-0.5830,0.4170,2,2
1426,0,7.1300,-8.5689,12.2031,2.0627,0.0207,0.0708,1.4083,-0.5830,0.4170,-0.5830,0.3911,2,2
1427,0,7.1350,-8.5686,12.2076,2.0627,0.0197,0.0739,1.4024,0.4160,-0.5683,0.4170,-0.5830,2,2
1428,0,7.1400,-8.5683,12.2122,2.0628,0.0191,0.0769,1.4017,0.4170,-0.5830,0.4170,-0.5830,2,2
1429,0,7.1450,-8.5680,12.2168,2.0628,0.0189,0.0798,1.4062,0.4170,-0.5830,0.4170,-0.5830,2,2
1430,0,7.1500,-8.5677,12.2213,2.0629,0.0183,0.0828,1.4055,-0.5830,0.4170,-0.5830,0.4158,2,2
1431,0,7.1550,-8.5674,12.2260,2.0630,0.0172,0.0859,1.3996,-0.5830,0.4170,-0.5830,0.4091,2,2
1432,0,7.1600,-8.5670,12.2306,2.0631,0.0164,0.0897,1.3986,0.3588,-0.5135,0.4170,-0.5830,2,2
1433,0,7.1650,-8.5667,12.2352,2.0632,0.0161,0.0933,1.4027,0.4170,-0.5830,0.4170,-0.5830,2,2
1434,0,7.1700,-8.5663,12.2399,2.0633,0.0162,0.0969,1.4120,0.4170,-0.5736,0.4170,-0.5830,2,2
1435,0,7.1750,-8.5660,12.2446,2.0635,0.0158,0.1006,1.4162,-0.5830,0.4170,-0.5830,0.4126,2,2
1436,0,7.1800,-8.5656,12.2493,2.0636,0.0149,0.1043,1.4151,-0.5830,0.4170,-0.5830,0.4170,2,2
1437,0,7.1850,-8.5652,12.2541,2.0638,0.0135,0.1082,1.4089,-0.5830,0.4170,-0.5830,0.4170,2,2
1438,0,7.1900,-8.5648,12.2588,2.0639,0.0125,0.1119,1.4079,0.4170,-0.5800,0.4170,-0.5830,2,2
1439,0,7.1950,-8.5644,12.2636,2.0641,0.0122,0.1156,1.4120,0.4170,-0.5830,0.4170,-0.5830,2,2
1440,0,7.2000,-8.5640,12.2685,2.0643,0.0125,0.1193,1.4213,0.4170,-0.5830,0.4170,-0.5830,2,2
1441,0,7.2050,-8.5636,12.2733,2.0644,0.0122,0.1226,1.4285,-0.4877,-0.1173,-0.5491,-0.1146,2,2
1442,0,7.2100,-8.5632,12.2782,2.0645,0.0113,0.1260,1.4305,-0.5830,0.4170,-0.5830,0.4170,2,2
1443,0,7.2150,-8.5628,12.2831,2.0646,0.0097,0.1294,1.4274,-0.5830,0.4170,-0.5830,0.4170,2,2
1444,0,7.2200,-8.5623,12.2881,2.0646,0.0084,0.1324,1.4268,0.1106,-0.4430,0.0550,-0.4105,2,2
1445,0,7.2250,-8.5619,12.2930,2.0647,0.0077,0.1353,1.4315,0.4170,-0.5830,0.4170,-0.5830,2,2
1446,0,7.2300,-8.5615,12.2980,2.0648,0.0078,0.1381,1.4414,0.4170,-0.5830,0.4170,-0.5830,2,2
1447,0,7.2350,-8.5610,12.3031,2.0648,0.0074,0.1407,1.4477,-0.5602,0.0937,-0.5830,0.1262,2,2
1448,0,7.2400,-8.5606,12.3081,2.0648,0.0063,0.1433,1.4488,-0.5830,0.4170,-0.5830,0.4170,2,2
1449,0,7.2450,-8.5601,12.3132,2.0649,0.0044,0.1460,1.4447,-0.5830,0.4170,-0.5830,0.4170,2,2
1450,0,7.2500,-8.5596,12.3184,2.0649,0.0032,0.1480,1.4453,0.3729,-0.5806,0.3193,-0.5259,2,2
1451,0,7.2550,-8.5592,12.3235,2.0649,0.0033,0.1494,1.4508,0.4170,-0.5830,0.4059,-0.4773,2,2
1452,0,7.2600,-8.5587,12.3288,2.0650,0.0030,0.1503,1.4513,-0.5650,0.3267,-0.5830,0.4170,2,2
1453,0,7.2650,-8.5582,12.3340,2.0651,0.0020,0.1512,1.4467,-0.5830,0.4170,-0.5830,0.4170,2,2
1454,0,7.2700,-8.5577,12.3393,2.0651,0.0004,0.1517,1.4373,-0.5746,0.3010,-0.5830,0.3484,2,2
1455,0,7.2750,-8.5572,12.3446,2.0652,-0.0003,0.1523,1.4332,0.4170,-0.5830,0.4170,-0.5779,2,2
1456,0,7.2800,-8.5568,12.3500,2.0652,-0.0002,0.1528,1.4342,0.4170,-0.5830,0.4170,-0.5830,2,2
1457,0,7.2850,-8.5563,12.3554,2.0653,0.0007,0.1533,1.4404,0.4170,-0.5830,0.4170,-0.5699,2,2
1458,0,7.2900,-8.5557,12.3609,2.0654,0.0008,0.1537,1.4414,-0.5830,0.4116,-0.5830,0.4170,2,2
1459,0,7.2950,-8.5552,12.3664,2.0655,0.0002,0.1542,1.4372,-0.5830,0.4170,-0.5830,0.4170,2,2
1460,0,7.3000,-8.5547,12.3719,2.0656,-0.0013,0.1546,1.4279,-0.5830,0.4152,-0.5830,0.4170,2,2
1461,0,7.3050,-8.5542,12.3774,2.0656,-0.0021,0.1547,1.4214,0.1135,-0.4722,0.0990,-0.4227,2,2
1462,0,7.3100,-8.5537,12.3830,2.0657,-0.0021,0.1548,1.4201,0.4170,-0.5830,0.4170,-0.5830,2,2
1463,0,7.3150,-8.5531,12.3887,2.0658,-0.0013,0.1549,1.4240,0.4170,-0.5830,0.4170,-0.5830,2,2
1464,0,7.3200,-8.5526,12.3943,2.0658,-0.0009,0.1548,1.4241,-0.5788,0.1362,-0.5830,0.1706,2,2
1465,0,7.3250,-8.5521,12.4000,2.0659,-0.0014,0.1547,1.4190,-0.5830,0.4170,-0.5830,0.4170,2,2
1466,0,7.3300,-8.5515,12.4058,2.0659,-0.0026,0.1545,1.4087,-0.5830,0.4170,-0.5830,0.4170,2,2
1467,0,7.3350,-8.5510,12.4116,2.0660,-0.0028,0.1541,1.4034,0.4092,-0.5792,0.4071,-0.5294,2,2
1468,0,7.3400,-8.5504,12.4174,2.0660,-0.0022,0.1538,1.4033,0.4170,-0.5830,0.4170,-0.5830,2,2
1469,0,7.3450,-8.5498,12.4233,2.0661,-0.0007,0.1533,1.4083,0.4170,-0.5830,0.4170,-0.5597,2,2
1470,0,7.3500,-8.5493,12.4292,2.0662,0.0000,0.1528,1.4081,-0.5830,0.4170,-0.5830,0.4170,2,2
1471,0,7.3550,-8.5487,12.4351,2.0663,-0.0000,0.1523,1.4028,-0.5830,0.4170,-0.5830,0.4170,2,2
1472,0,7.3600,-8.5481,12.4411,2.0664,0.0006,0.1520,1.4025,0.3983,-0.5601,0.4129,-0.5830,2,2
1473,0,7.3650,-8.5475,12.4471,2.0665,0.0021,0.1517,1.4074,0.4170,-0.5830,0.4170,-0.5830,2,2
1474,0,7.3700,-8.5469,12.4532,2.0666,0.0043,0.1513,1.4175,0.4170,-0.5814,0.4170,-0.5830,2,2
1475,0,7.3750,-8.5463,12.4592,2.0668,0.0057,0.1510,1.4224,-0.5830,0.4170,-0.5830,0.4170,2,2
1476,0,7.3800,-8.5457,12.4654,2.0669,0.0063,0.1508,1.4222,-0.5830,0.4170,-0.5830,0.4170,2,2
1477,0,7.3850,-8.5451,12.4716,2.0671,0.0062,0.1505,1.4167,-0.5830,0.4170,-0.5830,0.4170,2,2
1478,0,7.3900,-8.5445,12.4778,2.0672,0.0068,0.1502,1.4163,0.4170,-0.5759,0.4096,-0.5830,2,2
1479,0,7.3950,-8.5439,12.4840,2.0674,0.0081,0.1499,1.4212,0.4170,-0.5830,0.4170,-0.5830,2,2
1480,0,7.4000,-8.5432,12.4903,2.0676,0.0102,0.1495,1.4313,0.4170,-0.5830,0.4170,-0.5830,2,2
1481,0,7.4050,-8.5426,12.4966,2.0676,0.0116,0.1488,1.4387,-0.5071,-0.0303,-0.5830,-0.0240,2,2
1482,0,7.4100,-8.5419,12.5029,2.0677,0.0121,0.1480,1.4408,-0.5830,0.4170,-0.5830,0.4170,2,2
1483,0,7.4150,-8.5413,12.5093,2.0678,0.0119,0.1474,1.4378,-0.5830,0.4170,-0.5830,0.4170,2,2
1484,0,7.4200,-8.5406,12.5157,2.0679,0.0119,0.1461,1.4382,0.2007,-0.5020,0.1215,-0.4823,2,2
1485,0,7.4250,-8.5399,12.5222,2.0680,0.0126,0.1449,1.4437,0.4170,-0.5830,0.4170,-0.5830,2,2
1486,0,7.4300,-8.5392,12.5287,2.0680,0.0141,0.1435,1.4545,0.4170,-0.5830,0.4170,-0.5830,2,2
1487,0,7.4350,-8.5385,12.5352,2.0681,0.0148,0.1420,1.4606,-0.5639,0.3130,-0.5830,0.3212,2,2
1488,0,7.4400,-8.5378,12.5417,2.0682,0.0148,0.1407,1.4615,-0.5830,0.4170,-0.5830,0.4170,2,2
1489,0,7.4450,-8.5371,12.5483,2.0683,0.0141,0.1394,1.4572,-0.5830,0.4170,-0.5830,0.4170,2,2
1490,0,7.4500,-8.5364,12.5550,2.0684,0.0141,0.1380,1.4581,0.4170,-0.5830,0.4138,-0.5830,2,2
1491,0,7.4550,-8.5357,12.5616,2.0685,0.0149,0.1364,1.4642,0.4170,-0.5830,0.4170,-0.5658,2,2
1492,0,7.4600,-8.5350,12.5683,2.0686,0.0152,0.1343,1.4654,-0.5484,0.3312,-0.5830,0.4129,2,2
1493,0,7.4650,-8.5342,12.5750,2.0687,0.0149,0.1323,1.4614,-0.5830,0.4170,-0.5830,0.4170,2,2
1494,0,7.4700,-8.5335,12.5818,2.0689,0.0139,0.1303,1.4522,-0.5777,0.4067,-0.5830,0.4170,2,2
1495,0,7.4750,-8.5327,12.5886,2.0690,0.0137,0.1282,1.4482,0.4170,-0.5830,0.4170,-0.5702,2,2
1496,0,7.4800,-8.5320,12.5954,2.0692,0.0141,0.1259,1.4494,0.4170,-0.5830,0.4170,-0.5830,2,2
1497,0,7.4850,-8.5312,12.6023,2.0693,0.0152,0.1236,1.4557,0.4170,-0.5830,0.4170,-0.5751,2,2
1498,0,7.4900,-8.5304,12.6092,2.0695,0.0158,0.1212,1.4569,-0.5773,0.3978,-0.5830,0.4170,2,2
1499,0,7.4950,-8.5296,12.6161,2.0697,0.0157,0.1188,1.4530,-0.5830,0.4170,-0.5830,0.4170,2,2
1500,0,7.5000,-8.5288,12.6231,2.0699,0.0150,0.1166,1.4439,-0.5830,0.4170,-0.5830,0.4170,2,2
1501,0,7.5050,-8.5280,12.6300,2.0700,0.0147,0.1139,1.4376,0.0838,-0.5043,0.0476,-0.4705,2,2
1502,0,7.5100,-8.5272,12.6370,2.0701,0.0149,0.1112,1.4365,0.4170,-0.5830,0.4170,-0.5830,2,2
1503,0,7.5150,-8.5264,12.6441,2.0703,0.0157,0.1083,1.4406,0.4170,-0.5830,0.4170,-0.5830,2,2
1504,0,7.5200,-8.5256,12.6511,2.0704,0.0162,0.1055,1.4407,-0.5830,0.1634,-0.5830,0.1886,2,2
1505,0,7.5250,-8.5248,12.6582,2.0705,0.0162,0.1026,1.4357,-0.5830,0.4170,-0.5830,0.4170,2,2
1506,0,7.5300,-8.5240,12.6653,2.0706,0.0156,0.0999,1.4255,-0.5830,0.4170,-0.5830,0.4170,2,2
1507,0,7.5350,-8.5231,12.6724,2.0708,0.0157,0.0970,1.4204,0.4050,-0.5830,0.4088,-0.5666,2,2
1508,0,7.5400,-8.5223,12.6796,2.0709,0.0162,0.0941,1.4205,0.4170,-0.5830,0.4170,-0.5830,2,2
1509,0,7.5450,-8.5214,12.6868,2.0711,0.0173,0.0910,1.4256,0.4154,-0.5830,0.4170,-0.5750,2,2
1510,0,7.5500,-8.5206,12.6940,2.0712,0.0180,0.0880,1.4257,-0.5830,0.4170,-0.5830,0.4170,2,2
1511,0,7.5550,-8.5197,12.7012,2.0714,0.0181,0.0851,1.4205,-0.5830,0.4170,-0.5830,0.4170,2,2
1512,0,7.5600,-8.5188,12.7084,2.0716,0.0187,0.0825,1.4196,0.2301,-0.5503,0.2717,-0.5830,2,2
1513,0,7.5650,-8.5179,12.7157,2.0717,0.0197,0.0798,1.4239,0.4170,-0.5830,0.4170,-0.5830,2,2
1514,0,7.5700,-8.5170,12.7229,2.0719,0.0212,0.0770,1.4333,0.4170,-0.5830,0.4170,-0.5830,2,2
1515,0,7.5750,-8.5161,12.7302,2.0721,0.0222,0.0743,1.4375,-0.5830,0.4170,-0.5830,0.4136,2,2
1516,0,7.5800,-8.5152,12.7375,2.0723,0.0228,0.0718,1.4366,-0.5830,0.4170,-0.5830,0.4170,2,2
1517,0,7.5850,-8.5143,12.7449,2.0725,0.0230,0.0694,1.4305,-0.5830,0.4170,-0.5830,0.4065,2,2
1518,0,7.5900,-8.5134,12.7522,2.0727,0.0235,0.0669,1.4296,0.4170,-0.5738,0.4170,-0.5830,2,2
1519,0,7.5950,-8.5124,12.7596,2.0729,0.0243,0.0643,1.4339,0.4170,-0.5830,0.4170,-0.5830,2,2
1520,0,7.6000,-8.5115,12.7670,2.0732,0.0255,0.0616,1.4433,0.4170,-0.5824,0.4170,-0.5830,2,2
1521,0,7.6050,-8.5106,12.7744,2.0733,0.0263,0.0589,1.4512,-0.4818,-0.1908,-0.5018,-0.2173,2,2
1522,0,7.6100,-8.5096,12.7818,2.0734,0.0268,0.0564,1.4539,-0.5830,0.4170,-0.5830,0.4170,2,2
1523,0,7.6150,-8.5086,12.7892,2.0735,0.0271,0.0540,1.4515,-0.5830,0.4170,-0.5830,0.4170,2,2
1524,0,7.6200,-8.5077,12.7966,2.0736,0.0271,0.0516,1.4510,-0.0344,-0.4015,-0.0600,-0.4358,2,2
1525,0,7.6250,-8.5067,12.8040,2.0737,0.0274,0.0491,1.4557,0.4170,-0.5830,0.4170,-0.5830,2,2
1526,0,7.6300,-8.5057,12.8115,2.0738,0.0279,0.0464,1.4655,0.4170,-0.5830,0.4170,-0.5830,2,2
1527,0,7.6350,-8.5047,12.8189,2.0738,0.0281,0.0439,1.4726,-0.5718,-0.0469,-0.5830,-0.0763,2,2
1528,0,7.6400,-8.5037,12.8264,2.0738,0.0281,0.0415,1.4746,-0.5830,0.4170,-0.5830,0.4170,2,2
1529,0,7.6450,-8.5027,12.8339,2.0738,0.0278,0.0393,1.4715,-0.5830,0.4170,-0.5830,0.4170,2,2
1530,0,7.6500,-8.5017,12.8413,2.0738,0.0274,0.0370,1.4718,0.1962,-0.4806,0.1738,-0.5160,2,2
1531,0,7.6550,-8.5007,12.8488,2.0737,0.0269,0.0341,1.4762,0.2758,-0.5470,0.2042,-0.5232,2,2
1532,0,7.6600,-8.4996,12.8563,2.0737,0.0263,0.0311,1.4762,-0.5643,0.2506,-0.5830,0.2848,2,2
1533,0,7.6650,-8.4986,12.8638,2.0736,0.0255,0.0282,1.4710,-0.5830,0.4170,-0.5830,0.4170,2,2
1534,0,7.6700,-8.4975,12.8713,2.0735,0.0248,0.0253,1.4623,-0.5828,0.1050,-0.5830,0.1187,2,2
1535,0,7.6750,-8.4965,12.8788,2.0734,0.0242,0.0222,1.4588,0.4170,-0.5830,0.4170,-0.5830,2,2
1536,0,7.6800,-8.4954,12.8864,2.0733,0.0236,0.0191,1.4604,0.4170,-0.5830,0.4170,-0.5830,2,2
1537,0,7.6850,-8.4944,12.8939,2.0732,0.0233,0.0158,1.4668,0.3698,-0.5675,0.3760,-0.5503,2,2
1538,0,7.6900,-8.4933,12.9014,2.0731,0.0230,0.0125,1.4680,-0.5830,0.4170,-0.5830,0.4170,2,2
1539,0,7.6950,-8.4922,12.9089,2.0730,0.0225,0.0095,1.4641,-0.5830,0.4170,-0.5830,0.4170,2,2
1540,0,7.7000,-8.4911,12.9165,2.0730,0.0221,0.0065,1.4550,-0.5830,0.4170,-0.5830,0.4170,2,2
1541,0,7.7050,-8.4901,12.9240,2.0729,0.0217,0.0039,1.4483,0.0256,-0.3707,0.0712,-0.4043,2,2
1542,0,7.7100,-8.4890,12.9315,2.0728,0.0213,0.0011,1.4466,0.4170,-0.5830,0.4170,-0.5830,2,2
1543,0,7.7150,-8.4879,12.9391,2.0728,0.0210,-0.0017,1.4501,0.4170,-0.5830,0.4170,-0.5830,2,2
1544,0,7.7200,-8.4868,12.9466,2.0726,0.0207,-0.0041,1.4505,-0.5830,0.0454,-0.5423,0.0258,2,2
1545,0,7.7250,-8.4857,12.9541,2.0725,0.0205,-0.0065,1.4458,-0.5830,0.4170,-0.5830,0.4170,2,2
1546,0,7.7300,-8.4846,12.9617,2.0724,0.0204,-0.0087,1.4360,-0.5830,0.4170,-0.5830,0.4170,2,2
1547,0,7.7350,-8.4834,12.9692,2.0723,0.0202,-0.0107,1.4302,0.2778,-0.4849,0.3187,-0.5135,2,2
1548,0,7.7400,-8.4823,12.9767,2.0721,0.0201,-0.0127,1.4296,0.4170,-0.5830,0.4170,-0.5830,2,2
1549,0,7.7450,-8.4812,12.9842,2.0721,0.0198,-0.0149,1.4342,0.4170,-0.5830,0.4170,-0.5830,2,2
1550,0,7.7500,-8.4801,12.9917,2.0720,0.0196,-0.0169,1.4336,-0.5830,0.4170,-0.5830,0.4170,2,2
1551,0,7.7550,-8.4789,12.9992,2.0719,0.0196,-0.0189,1.4278,-0.5830,0.4170,-0.5830,0.4170,2,2
1552,0,7.7600,-8.4778,13.0067,2.0718,0.0196,-0.0201,1.4250,0.1006,-0.3973,0.1894,-0.4582,2,2
1553,0,7.7650,-8.4767,13.0142,2.0717,0.0195,-0.0214,1.4274,0.4170,-0.5830,0.4170,-0.5830,2,2
1554,0,7.7700,-8.4755,13.0217,2.0717,0.0193,-0.0228,1.4349,0.4170,-0.5830,0.4170,-0.5830,2,2
1555,0,7.7750,-8.4744,13.0292,2.0716,0.0191,-0.0238,1.4385,-0.5830,0.2232,-0.5620,0.1780,2,2
1556,0,7.7800,-8.4732,13.0367,2.0715,0.0190,-0.0246,1.4368,-0.5830,0.4170,-0.5830,0.4170,2,2
1557,0,7.7850,-8.4720,13.0441,2.0714,0.0190,-0.0254,1.4301,-0.5830,0.4170,-0.5830,0.4170,2,2
1558,0,7.7900,-8.4709,13.0516,2.0713,0.0188,-0.0260,1.4283,0.4026,-0.5404,0.4170,-0.5830,2,2
1559,0,7.7950,-8.4697,13.0590,2.0713,0.0184,-0.0267,1.4317,0.4170,-0.5830,0.4170,-0.5830,2,2
1560,0,7.8000,-8.4686,13.0665,2.0712,0.0178,-0.0274,1.4403,0.4170,-0.5772,0.4170,-0.5830,2,2
1561,0,7.8050,-8.4674,13.0739,2.0711,0.0174,-0.0278,1.4482,-0.3119,-0.1689,-0.2821,-0.1869,2,2
1562,0,7.8100,-8.4662,13.0813,2.0710,0.0170,-0.0282,1.4510,-0.5830,0.4170,-0.5830,0.4170,2,2
1563,0,7.8150,-8.4650,13.0888,2.0709,0.0169,-0.0285,1.4486,-0.5830,0.4170,-0.5830,0.4170,2,2
1564,0,7.8200,-8.4639,13.0962,2.0708,0.0165,-0.0286,1.4470,-0.1095,-0.2526,-0.1038,-0.2814,2,2
1565,0,7.8250,-8.4627,13.1036,2.0707,0.0161,-0.0288,1.4506,0.4170,-0.5830,0.4170,-0.5830,2,2
1566,0,7.8300,-8.4615,13.1110,2.0706,0.0154,-0.0291,1.4594,0.4170,-0.5830,0.4170,-0.5830,2,2
1567,0,7.8350,-8.4603,13.1184,2.0704,0.0148,-0.0292,1.4670,-0.3421,-0.1125,-0.3387,-0.1316,2,2
1568,0,7.8400,-8.4591,13.1258,2.0702,0.0142,-0.0292,1.4695,-0.5830,0.4170,-0.5830,0.4170,2,2
1569,0,7.8450,-8.4579,13.1332,2.0701,0.0139,-0.0292,1.4668,-0.5830,0.4170,-0.5830,0.4170,2,2
1570,0,7.8500,-8.4567,13.1405,2.0699,0.0133,-0.0291,1.4656,0.0005,-0.2817,-0.0095,-0.3094,2,2
1571,0,7.8550,-8.4555,13.1479,2.0697,0.0123,-0.0294,1.4661,0.0350,-0.3102,-0.0253,-0.2996,2,2
1572,0,7.8600,-8.4543,13.1553,2.0695,0.0113,-0.0302,1.4645,-0.3883,-0.0485,-0.4454,-0.0232,2,2
1573,0,7.8650,-8.4531,13.1626,2.0692,0.0105,-0.0308,1.4578,-0.5830,0.4168,-0.5830,0.4170,2,2
1574,0,7.8700,-8.4519,13.1700,2.0689,0.0097,-0.0316,1.4499,-0.2840,-0.0674,-0.2873,-0.0439,2,2
1575,0,7.8750,-8.4507,13.1773,2.0687,0.0089,-0.0325,1.4472,0.4170,-0.5830,0.4170,-0.5830,2,2
1576,0,7.8800,-8.4495,13.1846,2.0684,0.0078,-0.0334,1.4496,0.4170,-0.5830,0.4170,-0.5830,2,2
1577,0,7.8850,-8.4483,13.1919,2.0682,0.0069,-0.0343,1.4537,0.0356,-0.2818,0.0545,-0.2583,2,2
1578,0,7.8900,-8.4470,13.1993,2.0679,0.0062,-0.0352,1.4526,-0.5830,0.4170,-0.5830,0.4170,2,2
1579,0,7.8950,-8.4458,13.2066,2.0677,0.0057,-0.0360,1.4463,-0.5830,0.4170,-0.5830,0.4170,2,2
1580,0,7.9000,-8.4446,13.2139,2.0674,0.0054,-0.0369,1.4379,-0.4407,-0.0042,-0.4208,0.0071,2,2
1581,0,7.9050,-8.4434,13.2211,2.0671,0.0050,-0.0377,1.4345,0.4170,-0.5830,0.4170,-0.5830,2,2
1582,0,7.9100,-8.4422,13.2284,2.0669,0.0043,-0.0385,1.4364,0.4170,-0.5830,0.4170,-0.5830,2,2
1583,0,7.9150,-8.4410,13.2357,2.0666,0.0039,-0.0388,1.4384,-0.1563,-0.1450,-0.0742,-0.1812,2,2
1584,0,7.9200,-8.4398,13.2429,2.0663,0.0036,-0.0390,1.4354,-0.5830,0.4170,-0.5830,0.4170,2,2
1585,0,7.9250,-8.4386,13.2502,2.0660,0.0036,-0.0392,1.4271,-0.5830,0.4170,-0.5830,0.4170,2,2
1586,0,7.9300,-8.4374,13.2574,2.0658,0.0037,-0.0389,1.4186,-0.2130,-0.1022,-0.1615,-0.1359,2,2
1587,0,7.9350,-8.4362,13.2647,2.0655,0.0036,-0.0386,1.4152,0.4170,-0.5830,0.4170,-0.5830,2,2
1588,0,7.9400,-8.4349,13.2719,2.0652,0.0032,-0.0384,1.4169,0.4170,-0.5830,0.4170,-0.5830,2,2
1589,0,7.9450,-8.4337,13.2791,2.0650,0.0030,-0.0379,1.4191,-0.1058,-0.1652,-0.0630,-0.1821,2,2
1590,0,7.9500,-8.4325,13.2863,2.0647,0.0030,-0.0373,1.4161,-0.5830,0.4170,-0.5830,0.4170,2,2
1591,0,7.9550,-8.4313,13.2935,2.0644,0.0032,-0.0367,1.4080,-0.5830,0.4170,-0.5830,0.4170,2,2
1592,0,7.9600,-8.4301,13.3006,2.0642,0.0033,-0.0355,1.4025,0.1427,-0.2979,0.2100,-0.3521,2,2
1593,0,7.9650,-8.4289,13.3078,2.0640,0.0032,-0.0343,1.4021,0.4170,-0.5830,0.4170,-0.5830,2,2
1594,0,7.9700,-8.4277,13.3150,2.0638,0.0030,-0.0331,1.4069,0.4170,-0.5830,0.4170,-0.5830,2,2
1595,0,7.9750,-8.4265,13.3221,2.0635,0.0029,-0.0316,1.4082,-0.5777,0.1283,-0.5384,0.1009,2,2
1596,0,7.9800,-8.4253,13.3293,2.0633,0.0030,-0.0300,1.4044,-0.5830,0.4170,-0.5830,0.4170,2,2
1597,0,7.9850,-8.4241,13.3364,2.0630,0.0033,-0.0284,1.3954,-0.5830,0.4170,-0.5830,0.4170,2,2
1598,0,7.9900,-8.4229,13.3435,2.0628,0.0033,-0.0267,1.3911,0.4048,-0.4847,0.4170,-0.5128,2,2
1599,0,7.9950,-8.4217,13.3507,2.0626,0.0032,-0.0249,1.3919,0.4170,-0.5830,0.4170,-0.5830,2,2
1600,0,8.0000,-8.4205,13.3578,2.0624,0.0030,-0.0232,1.3979,0.4170,-0.5830,0.4170,-0.5830,2,2
1601,0,8.0050,-8.4193,13.3649,2.0622,0.0027,-0.0210,1.4073,0.2419,-0.3727,0.2899,-0.4091,2,2
1602,0,8.0100,-8.4181,13.3720,2.0621,0.0026,-0.0188,1.4115,-0.5830,0.4170,-0.5830,0.4170,2,2
1603,0,8.0150,-8.4169,13.3791,2.0619,0.0025,-0.0166,1.4106,-0.5830,0.4170,-0.5830,0.4170,2,2
1604,0,8.0200,-8.4157,13.3862,2.0618,0.0024,-0.0143,1.4052,-0.5830,0.2995,-0.5830,0.2739,2,2
1605,0,8.0250,-8.4145,13.3933,2.0616,0.0022,-0.0119,1.4050,0.4170,-0.5830,0.4170,-0.5830,2,2
1606,0,8.0300,-8.4133,13.4003,2.0615,0.0020,-0.0096,1.4099,0.4170,-0.5830,0.4170,-0.5830,2,2
1607,0,8.0350,-8.4121,13.4074,2.0613,0.0017,-0.0073,1.4199,0.4170,-0.5830,0.4170,-0.5830,2,2
1608,0,8.0400,-8.4109,13.4145,2.0612,0.0014,-0.0050,1.4248,-0.5830,0.4170,-0.5830,0.4170,2,2
1609,0,8.0450,-8.4097,13.4216,2.0611,0.0012,-0.0027,1.4245,-0.5830,0.4170,-0.5830,0.4170,2,2
1610,0,8.0500,-8.4085,13.4287,2.0610,0.0009,-0.0003,1.4191,-0.5830,0.4170,-0.5830,0.4170,2,2
1611,0,8.0550,-8.4073,13.4358,2.0609,0.0007,0.0019,1.4087,-0.5717,0.4014,-0.5830,0.4170,2,2
1612,0,8.0600,-8.4061,13.4428,2.0609,0.0005,0.0040,1.4033,0.4170,-0.5830,0.4170,-0.5830,2,2
1613,0,8.0650,-8.4049,13.4499,2.0608,0.0003,0.0062,1.4032,0.4170,-0.5830,0.4170,-0.5830,2,2
1614,0,8.0700,-8.4037,13.4570,2.0607,0.0002,0.0084,1.4081,0.4170,-0.5830,0.4170,-0.5830,2,2
1615,0,8.0750,-8.4025,13.4641,2.0607,0.0001,0.0104,1.4080,-0.5751,0.3927,-0.5830,0.4170,2,2
1616,0,8.0800,-8.4013,13.4712,2.0607,-0.0001,0.0124,1.4028,-0.5830,0.4170,-0.5830,0.4170,2,2
1617,0,8.0850,-8.4001,13.4783,2.0607,-0.0003,0.0143,1.3924,-0.5830,0.4111,-0.5830,0.4170,2,2
1618,0,8.0900,-8.3989,13.4854,2.0607,-0.0004,0.0163,1.3872,0.4170,-0.5830,0.4170,-0.5830,2,2
1619,0,8.0950,-8.3977,13.4925,2.0607,-0.0004,0.0183,1.3871,0.4170,-0.5830,0.4170,-0.5830,2,2
1620,0,8.1000,-8.3965,13.4996,2.0607,-0.0004,0.0202,1.3922,0.4170,-0.5830,0.4170,-0.5830,2,2
1621,0,8.1050,-8.3953,13.5067,2.0607,-0.0002,0.0222,1.4024,0.4170,-0.5830,0.4170,-0.5830,2,2
1622,0,8.1100,-8.3941,13.5138,2.0608,-0.0002,0.0242,1.4074,-0.5830,0.4170,-0.5830,0.4170,2,2
1623,0,8.1150,-8.3929,13.5209,2.0608,-0.0002,0.0261,1.4073,-0.5830,0.4170,-0.5830,0.4170,2,2
1624,0,8.1200,-8.3917,13.5280,2.0609,-0.0005,0.0281,1.4021,-0.5830,0.4170,-0.5830,0.4170,2,2
1625,0,8.1250,-8.3905,13.5352,2.0610,-0.0005,0.0300,1.4020,0.4170,-0.5830,0.4170,-0.5830,2,2
1626,0,8.1300,-8.3893,13.5423,2.0610,-0.0004,0.0320,1.4071,0.4170,-0.5830,0.4170,-0.5830,2,2
1627,0,8.1350,-8.3881,13.5495,2.0611,-0.0002,0.0339,1.4173,0.4170,-0.5830,0.4170,-0.5830,2,2
1628,0,8.1400,-8.3868,13.5566,2.0613,-0.0001,0.0358,1.4224,-0.5722,0.4170,-0.5830,0.4170,2,2
1629,0,8.1450,-8.3856,13.5638,2.0614,-0.0003,0.0377,1.4223,-0.5830,0.4170,-0.5830,0.4170,2,2
1630,0,8.1500,-8.3844,13.5710,2.0615,-0.0007,0.0396,1.4171,-0.5759,0.4170,-0.5830,0.4170,2,2
1631,0,8.1550,-8.3832,13.5781,2.0617,-0.0011,0.0410,1.4070,-0.5546,0.3631,-0.5830,0.4170,2,2
1632,0,8.1600,-8.3820,13.5853,2.0618,-0.0013,0.0424,1.4020,0.4170,-0.5830,0.4170,-0.5750,2,2
1633,0,8.1650,-8.3808,13.5926,2.0620,-0.0013,0.0438,1.4021,0.4170,-0.5830,0.4170,-0.5830,2,2
1634,0,8.1700,-8.3795,13.5998,2.0622,-0.0010,0.0451,1.4074,0.4170,-0.5830,0.4170,-0.5759,2,2
1635,0,8.1750,-8.3783,13.6070,2.0624,-0.0008,0.0463,1.4076,-0.5754,0.3857,-0.5830,0.4170,2,2
1636,0,8.1800,-8.3771,13.6143,2.0626,-0.0009,0.0474,1.4027,-0.5830,0.4170,-0.5830,0.4170,2,2
1637,0,8.1850,-8.3759,13.6215,2.0628,-0.0011,0.0485,1.3927,-0.5830,0.4102,-0.5830,0.4170,2,2
1638,0,8.1900,-8.3746,13.6288,2.0630,-0.0011,0.0495,1.3877,0.4170,-0.5830,0.4096,-0.5693,2,2
1639,0,8.1950,-8.3734,13.6361,2.0633,-0.0008,0.0505,1.3879,0.4170,-0.5830,0.4170,-0.5830,2,2
1640,0,8.2000,-8.3722,13.6434,2.0635,-0.0003,0.0514,1.3933,0.4170,-0.5830,0.4170,-0.5738,2,2
1641,0,8.2050,-8.3709,13.6507,2.0638,0.0006,0.0524,1.4037,0.4170,-0.5830,0.4170,-0.5830,2,2
1642,0,8.2100,-8.3697,13.6580,2.0641,0.0012,0.0533,1.4091,-0.5830,0.4170,-0.5830,0.4170,2,2
1643,0,8.2150,-8.3685,13.6653,2.0643,0.0015,0.0542,1.4092,-0.5830,0.4170,-0.5830,0.4170,2,2
1644,0,8.2200,-8.3672,13.6727,2.0646,0.0015,0.0552,1.4042,-0.5830,0.4170,-0.5830,0.4170,2,2
1645,0,8.2250,-8.3660,13.6800,2.0649,0.0018,0.0561,1.4044,0.4170,-0.5830,0.4170,-0.5830,2,2
1646,0,8.2300,-8.3647,13.6874,2.0653,0.0024,0.0571,1.4097,0.4170,-0.5830,0.4170,-0.5830,2,2
1647,0,8.2350,-8.3635,13.6948,2.0656,0.0033,0.0580,1.4202,0.4170,-0.5830,0.4170,-0.5830,2,2
1648,0,8.2400,-8.3622,13.7022,2.0659,0.0039,0.0589,1.4256,-0.5710,0.4170,-0.5830,0.4170,2,2
1649,0,8.2450,-8.3610,13.7096,2.0663,0.0041,0.0598,1.4258,-0.5830,0.4170,-0.5830,0.4170,2,2
1650,0,8.2500,-8.3597,13.7171,2.0667,0.0040,0.0606,1.4209,-0.5745,0.4170,-0.5830,0.4170,2,2
1651,0,8.2550,-8.3585,13.7245,2.0670,0.0037,0.0611,1.4110,-0.5482,0.3672,-0.5830,0.4170,2,2
1652,0,8.2600,-8.3572,13.7320,2.0674,0.0036,0.0613,1.4062,0.4170,-0.5830,0.4013,-0.5683,2,2
1653,0,8.2650,-8.3559,13.7395,2.0678,0.0039,0.0616,1.4066,0.4170,-0.5830,0.4170,-0.5830,2,2
1654,0,8.2700,-8.3546,13.7470,2.0682,0.0045,0.0617,1.4121,0.4170,-0.5830,0.4143,-0.5707,2,2
1655,0,8.2750,-8.3534,13.7545,2.0687,0.0050,0.0617,1.4125,-0.5710,0.3872,-0.5830,0.4170,2,2
1656,0,8.2800,-8.3521,13.7620,2.0691,0.0051,0.0616,1.4078,-0.5830,0.4170,-0.5830,0.4170,2,2
1657,0,8.2850,-8.3508,13.7696,2.0695,0.0049,0.0616,1.3979,-0.5830,0.4118,-0.5830,0.4170,2,2
1658,0,8.2900,-8.3495,13.7771,2.0700,0.0050,0.0614,1.3931,0.4170,-0.5830,0.3996,-0.5679,2,2
1659,0,8.2950,-8.3482,13.7847,2.0705,0.0055,0.0612,1.3935,0.4170,-0.5830,0.4170,-0.5830,2,2
1660,0,8.3000,-8.3469,13.7923,2.0709,0.0063,0.0608,1.3990,0.4170,-0.5830,0.4170,-0.5731,2,2
1661,0,8.3050,-8.3456,13.7999,2.0714,0.0074,0.0605,1.4096,0.4170,-0.5830,0.4170,-0.5830,2,2
1662,0,8.3100,-8.3443,13.8075,2.0719,0.0082,0.0601,1.4151,-0.5830,0.4170,-0.5830,0.4170,2,2
1663,0,8.3150,-8.3430,13.8152,2.0725,0.0087,0.0598,1.4154,-0.5830,0.4170,-0.5830,0.4170,2,2
1664,0,8.3200,-8.3417,13.8228,2.0730,0.0089,0.0596,1.4106,-0.5830,0.4170,-0.5830,0.4170,2,2
1665,0,8.3250,-8.3404,13.8305,2.0735,0.0094,0.0593,1.4110,0.4170,-0.5830,0.4148,-0.5830,2,2
1666,0,8.3300,-8.3390,13.8382,2.0741,0.0101,0.0589,1.4164,0.4170,-0.5830,0.4170,-0.5830,2,2
1667,0,8.3350,-8.3377,13.8459,2.0746,0.0112,0.0585,1.4271,0.4170,-0.5830,0.4170,-0.5830,2,2
1668,0,8.3400,-8.3364,13.8536,2.0752,0.0120,0.0581,1.4326,-0.5762,0.4170,-0.5830,0.4170,2,2
1669,0,8.3450,-8.3350,13.8613,2.0758,0.0124,0.0578,1.4329,-0.5830,0.4170,-0.5830,0.4170,2,2
1670,0,8.3500,-8.3337,13.8690,2.0764,0.0125,0.0575,1.4281,-0.5781,0.4170,-0.5830,0.4170,2,2
1671,0,8.3550,-8.3323,13.8768,2.0770,0.0125,0.0568,1.4184,-0.5508,0.3530,-0.5830,0.4020,2,2
1672,0,8.3600,-8.3310,13.8846,2.0776,0.0126,0.0560,1.4138,0.4170,-0.5830,0.3949,-0.5752,2,2
1673,0,8.3650,-8.3296,13.8923,2.0782,0.0131,0.0550,1.4144,0.4170,-0.5830,0.4170,-0.5830,2,2
1674,0,8.3700,-8.3283,13.9001,2.0788,0.0137,0.0539,1.4200,0.4170,-0.5830,0.3981,-0.5757,2,2
1675,0,8.3750,-8.3269,13.9079,2.0795,0.0141,0.0527,1.4206,-0.5759,0.4094,-0.5830,0.4170,2,2
1676,0,8.3800,-8.3255,13.9158,2.0801,0.0142,0.0516,1.4159,-0.5830,0.4170,-0.5830,0.4170,2,2
1677,0,8.3850,-8.3241,13.9236,2.0808,0.0140,0.0506,1.4062,-0.5811,0.4109,-0.5830,0.4170,2,2
1678,0,8.3900,-8.3227,13.9315,2.0815,0.0141,0.0493,1.4015,0.4170,-0.5830,0.3990,-0.5736,2,2
1679,0,8.3950,-8.3213,13.9393,2.0821,0.0144,0.0480,1.4020,0.4170,-0.5830,0.4170,-0.5830,2,2
1680,0,8.4000,-8.3199,13.9472,2.0828,0.0150,0.0465,1.4076,0.4170,-0.5830,0.4170,-0.5773,2,2
1681,0,8.4050,-8.3185,13.9551,2.0835,0.0158,0.0450,1.4183,0.4170,-0.5830,0.4170,-0.5830,2,2
1682,0,8.4100,-8.3171,13.9630,2.0843,0.0164,0.0435,1.4239,-0.5830,0.4170,-0.5830,0.4170,2,2
1683,0,8.4150,-8.3157,13.9709,2.0850,0.0168,0.0422,1.4244,-0.5830,0.4170,-0.5830,0.4170,2,2
1684,0,8.4200,-8.3143,13.9788,2.0857,0.0170,0.0409,1.4197,-0.5830,0.4170,-0.5830,0.4170,2,2
1685,0,8.4250,-8.3129,13.9867,2.0865,0.0173,0.0395,1.4201,0.4170,-0.5806,0.4112,-0.5830,2,2
1686,0,8.4300,-8.3114,13.9946,2.0873,0.0178,0.0380,1.4257,0.4170,-0.5830,0.4170,-0.5830,2,2
1687,0,8.4350,-8.3100,14.0026,2.0880,0.0185,0.0364,1.4364,0.4170,-0.5830,0.4170,-0.5830,2,2
1688,0,8.4400,-8.3085,14.0105,2.0888,0.0190,0.0350,1.4420,-0.5830,0.4170,-0.5830,0.4170,2,2
1689,0,8.4450,-8.3071,14.0185,2.0896,0.0194,0.0336,1.4424,-0.5830,0.4170,-0.5830,0.4170,2,2
1690,0,8.4500,-8.3056,14.0265,2.0905,0.0194,0.0324,1.4377,-0.5830,0.4170,-0.5830,0.3969,2,2
1691,0,8.4550,-8.3042,14.0344,2.0913,0.0194,0.0311,1.4283,-0.5675,0.3506,-0.5830,0.3726,2,2
1692,0,8.4600,-8.3027,14.0424,2.0921,0.0193,0.0295,1.4238,0.4170,-0.5830,0.3808,-0.5830,2,2
1693,0,8.4650,-8.3012,14.0504,2.0929,0.0194,0.0278,1.4245,0.4170,-0.5830,0.4170,-0.5830,2,2
1694,0,8.4700,-8.2997,14.0584,2.0937,0.0194,0.0258,1.4302,0.4170,-0.5830,0.3718,-0.5754,2,2
1695,0,8.4750,-8.2982,14.0664,2.0946,0.0192,0.0238,1.4308,-0.5830,0.4170,-0.5830,0.4170,2,2
1696,0,8.4800,-8.2967,14.0744,2.0954,0.0190,0.0219,1.4262,-0.5830,0.4170,-0.5830,0.4170,2,2
1697,0,8.4850,-8.2952,14.0824,2.0963,0.0187,0.0201,1.4165,-0.5830,0.3943,-0.5830,0.4170,2,2
1698,0,8.4900,-8.2937,14.0904,2.0972,0.0186,0.0180,1.4120,0.4170,-0.5830,0.4064,-0.5782,2,2
1699,0,8.4950,-8.2922,14.0984,2.0981,0.0185,0.0158,1.4125,0.4170,-0.5830,0.4170,-0.5830,2,2
1700,0,8.5000,-8.2907,14.1065,2.0990,0.0185,0.0136,1.4183,0.4170,-0.5830,0.4170,-0.5806,2,2
1701,0,8.5050,-8.2892,14.1145,2.0999,0.0186,0.0112,1.4291,0.4094,-0.5779,0.4140,-0.5830,2,2
1702,0,8.5100,-8.2876,14.1225,2.1008,0.0186,0.0090,1.4348,-0.5830,0.4170,-0.5830,0.4170,2,2
1703,0,8.5150,-8.2861,14.1305,2.1018,0.0186,0.0069,1.4353,-0.5830,0.4170,-0.5830,0.4170,2,2
1704,0,8.5200,-8.2846,14.1386,2.1027,0.0185,0.0049,1.4307,-0.5830,0.4170,-0.5830,0.4170,2,2
1705,0,8.5250,-8.2830,14.1466,2.1037,0.0184,0.0028,1.4312,0.4170,-0.5678,0.4170,-0.5830,2,2
1706,0,8.5300,-8.2815,14.1546,2.1047,0.0183,0.0007,1.4368,0.4170,-0.5830,0.4170,-0.5830,2,2
1707,0,8.5350,-8.2799,14.1627,2.1056,0.0181,-0.0015,1.4476,0.4170,-0.5722,0.4170,-0.5830,2,2
1708,0,8.5400,-8.2784,14.1707,2.1066,0.0179,-0.0035,1.4532,-0.5830,0.4170,-0.5830,0.4055,2,2
1709,0,8.5450,-8.2768,14.1787,2.1077,0.0177,-0.0055,1.4537,-0.5830,0.4170,-0.5830,0.4170,2,2
1710,0,8.5500,-8.2752,14.1867,2.1087,0.0173,-0.0071,1.4491,-0.5830,0.4170,-0.5830,0.3808,2,2
1711,0,8.5550,-8.2737,14.1948,2.1097,0.0171,-0.0088,1.4398,-0.5830,0.3497,-0.5830,0.3582,2,2
1712,0,8.5600,-8.2721,14.2028,2.1107,0.0165,-0.0107,1.4354,0.4170,-0.5830,0.3773,-0.5830,2,2
1713,0,8.5650,-8.2705,14.2108,2.1117,0.0160,-0.0127,1.4363,0.4170,-0.5830,0.4170,-0.5830,2,2
1714,0,8.5700,-8.2689,14.2188,2.1128,0.0152,-0.0150,1.4419,0.3789,-0.5830,0.3417,-0.5755,2,2
1715,0,8.5750,-8.2674,14.2268,2.1138,0.0144,-0.0173,1.4424,-0.5830,0.4170,-0.5830,0.4170,2,2
1716,0,8.5800,-8.2658,14.2348,2.1149,0.0138,-0.0194,1.4378,-0.5830,0.4170,-0.5830,0.4170,2,2
1717,0,8.5850,-8.2642,14.2428,2.1159,0.0134,-0.0217,1.4284,-0.5830,0.3181,-0.5830,0.3407,2,2
1718,0,8.5900,-8.2626,14.2508,2.1170,0.0129,-0.0240,1.4243,0.4170,-0.5830,0.4170,-0.5830,2,2
1719,0,8.5950,-8.2610,14.2588,2.1180,0.0123,-0.0263,1.4252,0.4170,-0.5830,0.4170,-0.5830,2,2
1720,0,8.6000,-8.2594,14.2668,2.1191,0.0116,-0.0287,1.4307,0.2973,-0.5830,0.3085,-0.5803,2,2
1721,0,8.6050,-8.2578,14.2748,2.1201,0.0110,-0.0308,1.4404,0.1981,-0.5751,0.2515,-0.5830,2,2
1722,0,8.6100,-8.2562,14.2827,2.1211,0.0105,-0.0327,1.4451,-0.5830,0.3846,-0.5830,0.3720,2,2
1723,0,8.6150,-8.2546,14.2907,2.1221,0.0102,-0.0347,1.4447,-0.5830,0.4170,-0.5830,0.4170,2,2
1724,0,8.6200,-8.2530,14.2986,2.1231,0.0099,-0.0364,1.4412,-0.5830,0.0108,-0.5830,-0.0202,2,2
1725,0,8.6250,-8.2514,14.3066,2.1240,0.0093,-0.0381,1.4430,0.4170,-0.5830,0.4170,-0.5830,2,2
1726,0,8.6300,-8.2498,14.3145,2.1250,0.0085,-0.0400,1.4499,0.4170,-0.5830,0.4170,-0.5830,2,2
1727,0,8.6350,-8.2482,14.3224,2.1258,0.0078,-0.0415,1.4595,-0.0615,-0.5687,-0.0310,-0.5830,2,2
1728,0,8.6400,-8.2466,14.3304,2.1267,0.0072,-0.0431,1.4639,-0.5830,0.4170,-0.5830,0.4170,2,2
1729,0,8.6450,-8.2449,14.3383,2.1275,0.0069,-0.0446,1.4633,-0.5830,0.4170,-0.5830,0.4170,2,2
1730,0,8.6500,-8.2433,14.3462,2.1283,0.0064,-0.0459,1.4601,-0.5830,-0.0833,-0.5830,-0.1286,2,2
1731,0,8.6550,-8.2417,14.3541,2.1289,0.0060,-0.0471,1.4546,-0.5830,-0.1084,-0.5830,-0.1160,2,2
1732,0,8.6600,-8.2401,14.3619,2.1294,0.0053,-0.0485,1.4514,-0.0971,-0.5830,-0.1410,-0.5830,2,2
1733,0,8.6650,-8.2385,14.3698,2.1299,0.0043,-0.0500,1.4534,0.4170,-0.5830,0.4170,-0.5830,2,2
1734,0,8.6700,-8.2369,14.3777,2.1303,0.0031,-0.0516,1.4579,-0.0868,-0.5830,-0.1023,-0.5793,2,2
1735,0,8.6750,-8.2353,14.3855,2.1307,0.0022,-0.0532,1.4572,-0.5830,0.4170,-0.5830,0.4170,2,2
1736,0,8.6800,-8.2337,14.3934,2.1311,0.0016,-0.0547,1.4514,-0.5830,0.4170,-0.5830,0.4170,2,2
1737,0,8.6850,-8.2321,14.4012,2.1314,0.0012,-0.0563,1.4428,-0.5830,-0.0550,-0.5830,-0.0449,2,2
1738,0,8.6900,-8.2305,14.4090,2.1317,0.0005,-0.0580,1.4394,0.4170,-0.5830,0.4170,-0.5830,2,2
1739,0,8.6950,-8.2289,14.4168,2.1321,-0.0005,-0.0596,1.4412,0.4170,-0.5830,0.4170,-0.5830,2,2
1740,0,8.7000,-8.2273,14.4246,2.1323,-0.0015,-0.0610,1.4459,-0.0275,-0.5830,-0.0004,-0.5823,2,2
1741,0,8.7050,-8.2257,14.4324,2.1324,-0.0024,-0.0621,1.4532,-0.0893,-0.5789,-0.0268,-0.5830,2,2
1742,0,8.7100,-8.2241,14.4402,2.1325,-0.0030,-0.0632,1.4568,-0.5830,0.1622,-0.5800,0.1586,2,2
1743,0,8.7150,-8.2225,14.4480,2.1325,-0.0033,-0.0643,1.4552,-0.5830,0.4170,-0.5830,0.4170,2,2
1744,0,8.7200,-8.2209,14.4557,2.1324,-0.0037,-0.0652,1.4523,-0.5830,-0.3119,-0.5719,-0.3379,2,2
1745,0,8.7250,-8.2193,14.4634,2.1323,-0.0043,-0.0661,1.4546,0.4170,-0.5830,0.4170,-0.5830,2,2
1746,0,8.7300,-8.2177,14.4712,2.1323,-0.0053,-0.0670,1.4620,0.4170,-0.5830,0.4170,-0.5830,2,2
1747,0,8.7350,-8.2161,14.4789,2.1320,-0.0064,-0.0675,1.4710,-0.2223,-0.5150,-0.1917,-0.5411,2,2
1748,0,8.7400,-8.2145,14.4866,2.1318,-0.0071,-0.0681,1.4749,-0.5830,0.4170,-0.5830,0.4170,2,2
1749,0,8.7450,-8.2129,14.4943,2.1316,-0.0075,-0.0687,1.4737,-0.5830,0.4170,-0.5830,0.4170,2,2
1750,0,8.7500,-8.2114,14.5019,2.1313,-0.0079,-0.0691,1.4701,-0.5830,-0.1242,-0.5830,-0.1553,2,2
1751,0,8.7550,-8.2098,14.5096,2.1309,-0.0082,-0.0696,1.4641,-0.5766,-0.0979,-0.5830,-0.1066,2,2
1752,0,8.7600,-8.2082,14.5172,2.1304,-0.0088,-0.0701,1.4608,0.0404,-0.4907,0.0088,-0.4957,2,2
1753,0,8.7650,-8.2066,14.5249,2.1299,-0.0099,-0.0707,1.4627,0.4170,-0.5830,0.4170,-0.5830,2,2
1754,0,8.7700,-8.2051,14.5325,2.1293,-0.0110,-0.0713,1.4666,-0.0059,-0.4206,-0.0116,-0.4119,2,2
1755,0,8.7750,-8.2035,14.5401,2.1288,-0.0118,-0.0719,1.4654,-0.5830,0.4170,-0.5830,0.4170,2,2
1756,0,8.7800,-8.2020,14.5477,2.1282,-0.0122,-0.0726,1.4590,-0.5830,0.4170,-0.5830,0.4170,2,2
1757,0,8.7850,-8.2004,14.5553,2.1276,-0.0124,-0.0734,1.4498,-0.5830,-0.0438,-0.5830,-0.0349,2,2
1758,0,8.7900,-8.1989,14.5628,2.1270,-0.0129,-0.0741,1.4458,0.4170,-0.5830,0.4170,-0.5830,2,2
1759,0,8.7950,-8.1973,14.5704,2.1264,-0.0139,-0.0747,1.4469,0.4170,-0.5830,0.4170,-0.5830,2,2
1760,0,8.8000,-8.1958,14.5779,2.1257,-0.0149,-0.0752,1.4517,0.1866,-0.5036,0.2176,-0.4988,2,2
1761,0,8.8050,-8.1942,14.5854,2.1250,-0.0158,-0.0752,1.4599,0.1453,-0.4862,0.2176,-0.4955,2,2
1762,0,8.8100,-8.1927,14.5929,2.1244,-0.0163,-0.0752,1.4630,-0.5830,0.4122,-0.5706,0.4128,2,2
1763,0,8.8150,-8.1912,14.6003,2.1237,-0.0164,-0.0752,1.4610,-0.5830,0.4170,-0.5830,0.4170,2,2
1764,0,8.8200,-8.1897,14.6078,2.1230,-0.0164,-0.0751,1.4576,-0.4051,-0.1205,-0.3784,-0.1434,2,2
1765,0,8.8250,-8.1882,14.6152,2.1223,-0.0168,-0.0748,1.4594,0.4170,-0.5830,0.4170,-0.5830,2,2
1766,0,8.8300,-8.1867,14.6226,2.1216,-0.0175,-0.0744,1.4663,0.4170,-0.5830,0.4170,-0.5830,2,2
1767,0,8.8350,-8.1852,14.6300,2.1209,-0.0184,-0.0738,1.4750,-0.0005,-0.3165,0.0204,-0.3390,2,2
1768,0,8.8400,-8.1837,14.6374,2.1202,-0.0189,-0.0733,1.4785,-0.5830,0.4170,-0.5830,0.4170,2,2
1769,0,8.8450,-8.1822,14.6448,2.1195,-0.0190,-0.0729,1.4768,-0.5830,0.4170,-0.5830,0.4170,2,2
1770,0,8.8500,-8.1807,14.6521,2.1187,-0.0191,-0.0724,1.4729,-0.4854,-0.0179,-0.4807,-0.0390,2,2
1771,0,8.8550,-8.1792,14.6595,2.1178,-0.0192,-0.0720,1.4664,-0.4787,-0.0198,-0.5116,-0.0248,2,2
1772,0,8.8600,-8.1778,14.6668,2.1170,-0.0197,-0.0718,1.4629,0.2304,-0.3541,0.1953,-0.3586,2,2
1773,0,8.8650,-8.1763,14.6741,2.1161,-0.0205,-0.0715,1.4646,0.4170,-0.5830,0.4170,-0.5830,2,2
1774,0,8.8700,-8.1749,14.6814,2.1153,-0.0214,-0.0712,1.4681,0.0735,-0.2871,0.0740,-0.2739,2,2
1775,0,8.8750,-8.1734,14.6887,2.1145,-0.0220,-0.0710,1.4664,-0.5830,0.4170,-0.5830,0.4170,2,2
1776,0,8.8800,-8.1720,14.6959,2.1137,-0.0222,-0.0709,1.4596,-0.5830,0.4170,-0.5830,0.4170,2,2
1777,0,8.8850,-8.1705,14.7031,2.1128,-0.0221,-0.0710,1.4503,-0.4574,0.0229,-0.4502,0.0380,2,2
1778,0,8.8900,-8.1691,14.7104,2.1119,-0.0223,-0.0709,1.4461,0.4170,-0.5830,0.4170,-0.5830,2,2
1779,0,8.8950,-8.1677,14.7176,2.1111,-0.0230,-0.0707,1.4471,0.4170,-0.5830,0.4170,-0.5830,2,2
1780,0,8.9000,-8.1663,14.7248,2.1103,-0.0236,-0.0703,1.4514,0.2597,-0.3671,0.2838,-0.3559,2,2
1781,0,8.9050,-8.1649,14.7319,2.1095,-0.0242,-0.0695,1.4587,0.2169,-0.3457,0.2831,-0.3526,2,2
1782,0,8.9100,-8.1635,14.7391,2.1087,-0.0244,-0.0687,1.4616,-0.5830,0.3018,-0.5660,0.3007,2,2
1783,0,8.9150,-8.1621,14.7462,2.1079,-0.0242,-0.0680,1.4592,-0.5830,0.4170,-0.5830,0.4170,2,2
1784,0,8.9200,-8.1607,14.7533,2.1071,-0.0239,-0.0672,1.4556,-0.2952,-0.0249,-0.2748,-0.0436,2,2
1785,0,8.9250,-8.1594,14.7604,2.1063,-0.0240,-0.0662,1.4571,0.4170,-0.5830,0.4170,-0.5830,2,2
1786,0,8.9300,-8.1580,14.7675,2.1055,-0.0244,-0.0651,1.4638,0.4170,-0.5830,0.4170,-0.5830,2,2
1787,0,8.9350,-8.1566,14.7746,2.1047,-0.0250,-0.0638,1.4722,0.0841,-0.2399,0.0986,-0.2566,2,2
1788,0,8.9400,-8.1553,14.7816,2.1039,-0.0252,-0.0626,1.4755,-0.5830,0.4170,-0.5830,0.4170,2,2
1789,0,8.9450,-8.1540,14.7887,2.1031,-0.0251,-0.0616,1.4736,-0.5830,0.4170,-0.5830,0.4170,2,2
1790,0,8.9500,-8.1526,14.7957,2.1023,-0.0249,-0.0606,1.4694,-0.4098,0.0450,-0.4131,0.0315,2,2
1791,0,8.9550,-8.1513,14.8027,2.1015,-0.0248,-0.0598,1.4627,-0.4167,0.0499,-0.4509,0.0511,2,2
1792,0,8.9600,-8.1500,14.8097,2.1007,-0.0250,-0.0591,1.4589,0.2710,-0.3031,0.2392,-0.3020,2,2
1793,0,8.9650,-8.1487,14.8167,2.0999,-0.0255,-0.0582,1.4602,0.4170,-0.5830,0.4170,-0.5830,2,2
1794,0,8.9700,-8.1474,14.8237,2.0991,-0.0260,-0.0574,1.4636,0.1362,-0.2700,0.1376,-0.2552,2,2
1795,0,8.9750,-8.1461,14.8306,2.0984,-0.0262,-0.0568,1.4619,-0.5830,0.4170,-0.5830,0.4170,2,2
1796,0,8.9800,-8.1448,14.8376,2.0976,-0.0262,-0.0562,1.4550,-0.5830,0.4170,-0.5830,0.4170,2,2
1797,0,8.9850,-8.1435,14.8445,2.0968,-0.0259,-0.0558,1.4453,-0.4590,0.0796,-0.4566,0.0975,2,2
1798,0,8.9900,-8.1423,14.8514,2.0960,-0.0258,-0.0553,1.4407,0.4170,-0.5830,0.4170,-0.5830,2,2
1799,0,8.9950,-8.1410,14.8583,2.0953,-0.0261,-0.0547,1.4413,0.4170,-0.5830,0.4170,-0.5830,2,2
1800,0,9.0000,-8.1397,14.8652,2.0946,-0.0263,-0.0539,1.4456,0.3477,-0.3727,0.3672,-0.3582,2,2
1801,0,9.0050,-8.1385,14.8721,2.0939,-0.0265,-0.0527,1.4535,0.3177,-0.3557,0.3791,-0.3661,2,2
1802,0,9.0100,-8.1373,14.8790,2.0932,-0.0264,-0.0515,1.4565,-0.5830,0.3986,-0.5708,0.3931,2,2
1803,0,9.0150,-8.1361,14.8858,2.0926,-0.0261,-0.0504,1.4543,-0.5830,0.4170,-0.5830,0.4170,2,2
1804,0,9.0200,-8.1348,14.8927,2.0919,-0.0256,-0.0492,1.4502,-0.3580,0.0182,-0.3424,0.0002,2,2
1805,0,9.0250,-8.1336,14.8995,2.0912,-0.0254,-0.0479,1.4513,0.4170,-0.5830,0.4170,-0.5830,2,2
1806,0,9.0300,-8.1324,14.9063,2.0906,-0.0255,-0.0464,1.4575,0.4170,-0.5830,0.4170,-0.5830,2,2
1807,0,9.0350,-8.1312,14.9131,2.0899,-0.0257,-0.0448,1.4662,0.1868,-0.2859,0.1961,-0.3011,2,2
1808,0,9.0400,-8.1301,14.9199,2.0893,-0.0257,-0.0432,1.4698,-0.5830,0.4170,-0.5830,0.4170,2,2
1809,0,9.0450,-8.1289,14.9267,2.0887,-0.0254,-0.0419,1.4682,-0.5830,0.4170,-0.5830,0.4170,2,2
1810,0,9.0500,-8.1277,14.9335,2.0881,-0.0251,-0.0406,1.4633,-0.5253,0.1182,-0.5368,0.1088,2,2
1811,0,9.0550,-8.1265,14.9402,2.0874,-0.0249,-0.0396,1.4552,-0.5018,0.1017,-0.5435,0.1127,2,2
1812,0,9.0600,-8.1254,14.9470,2.0867,-0.0248,-0.0387,1.4515,0.4170,-0.4565,0.4033,-0.4469,2,2
1813,0,9.0650,-8.1242,14.9537,2.0860,-0.0250,-0.0376,1.4530,0.4170,-0.5830,0.4170,-0.5830,2,2
1814,0,9.0700,-8.1231,14.9605,2.0854,-0.0251,-0.0367,1.4562,0.1011,-0.2407,0.0957,-0.2214,2,2
1815,0,9.0750,-8.1220,14.9672,2.0848,-0.0251,-0.0358,1.4542,-0.5830,0.4170,-0.5830,0.4170,2,2
1816,0,9.0800,-8.1208,14.9739,2.0842,-0.0248,-0.0351,1.4471,-0.5830,0.4170,-0.5830,0.4170,2,2
1817,0,9.0850,-8.1197,14.9807,2.0835,-0.0244,-0.0346,1.4376,-0.3902,0.0494,-0.3955,0.0685,2,2
1818,0,9.0900,-8.1186,14.9874,2.0829,-0.0242,-0.0339,1.4333,0.4170,-0.5830,0.4170,-0.5830,2,2
1819,0,9.0950,-8.1175,14.9941,2.0823,-0.0242,-0.0331,1.4341,0.4170,-0.5830,0.4170,-0.5830,2,2
1820,0,9.1000,-8.1164,15.0008,2.0817,-0.0241,-0.0323,1.4381,0.2746,-0.3294,0.2874,-0.3099,2,2
1821,0,9.1050,-8.1153,15.0075,2.0811,-0.0238,-0.0311,1.4453,0.2793,-0.3292,0.3330,-0.3424,2,2
1822,0,9.1100,-8.1142,15.0141,2.0806,-0.0234,-0.0297,1.4486,-0.5830,0.2003,-0.5517,0.1847,2,2
1823,0,9.1150,-8.1132,15.0208,2.0800,-0.0228,-0.0284,1.4468,-0.5830,0.4170,-0.5830,0.4170,2,2
1824,0,9.1200,-8.1121,15.0275,2.0794,-0.0223,-0.0271,1.4424,-0.4087,0.0967,-0.4080,0.0762,2,2
1825,0,9.1250,-8.1110,15.0341,2.0788,-0.0219,-0.0256,1.4432,0.4170,-0.5830,0.4170,-0.5830,2,2
1826,0,9.1300,-8.1100,15.0408,2.0783,-0.0216,-0.0241,1.4491,0.4170,-0.5830,0.4170,-0.5830,2,2
1827,0,9.1350,-8.1089,15.0474,2.0778,-0.0215,-0.0224,1.4585,0.3280,-0.3439,0.3274,-0.3584,2,2
1828,0,9.1400,-8.1079,15.0541,2.0773,-0.0212,-0.0208,1.4627,-0.5830,0.4170,-0.5830,0.4170,2,2
1829,0,9.1450,-8.1068,15.0607,2.0768,-0.0209,-0.0193,1.4619,-0.5830,0.4170,-0.5830,0.4170,2,2
1830,0,9.1500,-8.1058,15.0673,2.0763,-0.0205,-0.0179,1.4563,-0.5822,0.3199,-0.5830,0.3123,2,2
1831,0,9.1550,-8.1048,15.0740,2.0757,-0.0200,-0.0167,1.4465,-0.5659,0.2592,-0.5830,0.2798,2,2
1832,0,9.1600,-8.1037,15.0806,2.0752,-0.0196,-0.0155,1.4418,0.4170,-0.5830,0.4170,-0.5830,2,2
1833,0,9.1650,-8.1027,15.0872,2.0747,-0.0193,-0.0142,1.4422,0.4170,-0.5830,0.4170,-0.5830,2,2
1834,0,9.1700,-8.1017,15.0938,2.0742,-0.0190,-0.0129,1.4472,0.4170,-0.4778,0.4019,-0.4544,2,2
1835,0,9.1750,-8.1007,15.1005,2.0738,-0.0187,-0.0118,1.4470,-0.5830,0.4170,-0.5830,0.4170,2,2
1836,0,9.1800,-8.0997,15.1071,2.0733,-0.0182,-0.0107,1.4417,-0.5830,0.4170,-0.5830,0.4170,2,2
1837,0,9.1850,-8.0987,15.1137,2.0729,-0.0178,-0.0098,1.4312,-0.5830,0.4170,-0.5830,0.4170,2,2
1838,0,9.1900,-8.0977,15.1203,2.0725,-0.0173,-0.0088,1.4259,0.4170,-0.5830,0.4170,-0.5830,2,2
1839,0,9.1950,-8.0967,15.1269,2.0721,-0.0170,-0.0076,1.4257,0.4170,-0.5830,0.4170,-0.5830,2,2
1840,0,9.2000,-8.0958,15.1335,2.0717,-0.0166,-0.0064,1.4306,0.4170,-0.5830,0.4170,-0.5830,2,2
1841,0,9.2050,-8.0948,15.1401,2.0713,-0.0163,-0.0051,1.4407,0.4170,-0.5830,0.4170,-0.5830,2,2
1842,0,9.2100,-8.0938,15.1467,2.0709,-0.0160,-0.0039,1.4457,-0.5830,0.4170,-0.5830,0.4170,2,2
1843,0,9.2150,-8.0929,15.1533,2.0705,-0.0156,-0.0027,1.4455,-0.5830,0.4170,-0.5830,0.4170,2,2
1844,0,9.2200,-8.0919,15.1599,2.0702,-0.0152,-0.0017,1.4402,-0.5830,0.4170,-0.5830,0.4170,2,2
1845,0,9.2250,-8.0909,15.1665,2.0698,-0.0149,-0.0006,1.4400,0.4170,-0.5830,0.4170,-0.5830,2,2
1846,0,9.2300,-8.0900,15.1732,2.0695,-0.0145,0.0007,1.4449,0.4170,-0.5830,0.4170,-0.5830,2,2
1847,0,9.2350,-8.0890,15.1798,2.0692,-0.0141,0.0019,1.4550,0.4170,-0.5830,0.4170,-0.5830,2,2
1848,0,9.2400,-8.0881,15.1864,2.0689,-0.0138,0.0032,1.4600,-0.5830,0.4170,-0.5830,0.4170,2,2
1849,0,9.2450,-8.0871,15.1930,2.0686,-0.0134,0.0043,1.4598,-0.5830,0.4170,-0.5830,0.4170,2,2
1850,0,9.2500,-8.0862,15.1996,2.0683,-0.0131,0.0054,1.4545,-0.5830,0.4170,-0.5830,0.4170,2,2
1851,0,9.2550,-8.0852,15.2062,2.0681,-0.0128,0.0063,1.4440,-0.5783,0.4124,-0.5830,0.4170,2,2
1852,0,9.2600,-8.0843,15.2128,2.0678,-0.0125,0.0074,1.4387,0.4170,-0.5830,0.4170,-0.5830,2,2
1853,0,9.2650,-8.0834,15.2194,2.0676,-0.0121,0.0085,1.4386,0.4170,-0.5830,0.4170,-0.5830,2,2
1854,0,9.2700,-8.0824,15.2260,2.0673,-0.0117,0.0096,1.4436,0.4170,-0.5830,0.4170,-0.5830,2,2
1855,0,9.2750,-8.0815,15.2327,2.0671,-0.0113,0.0106,1.4435,-0.5772,0.3986,-0.5830,0.4170,2,2
1856,0,9.2800,-8.0806,15.2393,2.0669,-0.0109,0.0115,1.4382,-0.5830,0.4170,-0.5830,0.4170,2,2
1857,0,9.2850,-8.0797,15.2459,2.0667,-0.0106,0.0123,1.4278,-0.5830,0.4152,-0.5830,0.4170,2,2
1858,0,9.2900,-8.0788,15.2526,2.0665,-0.0102,0.0133,1.4226,0.4170,-0.5830,0.4170,-0.5830,2,2
1859,0,9.2950,-8.0778,15.2592,2.0663,-0.0098,0.0142,1.4225,0.4170,-0.5830,0.4170,-0.5830,2,2
1860,0,9.3000,-8.0769,15.2658,2.0662,-0.0093,0.0152,1.4276,0.4170,-0.5830,0.4170,-0.5830,2,2
1861,0,9.3050,-8.0760,15.2725,2.0660,-0.0087,0.0163,1.4378,0.4170,-0.5830,0.4170,-0.5830,2,2
1862,0,9.3100,-8.0751,15.2791,2.0659,-0.0081,0.0173,1.4429,-0.5830,0.4170,-0.5830,0.4170,2,2
1863,0,9.3150,-8.0742,15.2858,2.0657,-0.0077,0.0182,1.4428,-0.5830,0.4170,-0.5830,0.4170,2,2
1864,0,9.3200,-8.0733,15.2924,2.0656,-0.0074,0.0192,1.4375,-0.5830,0.4170,-0.5830,0.4170,2,2
1865,0,9.3250,-8.0724,15.2991,2.0655,-0.0069,0.0201,1.4375,0.4170,-0.5830,0.4170,-0.5830,2,2
1866,0,9.3300,-8.0715,15.3058,2.0654,-0.0064,0.0211,1.4425,0.4170,-0.5830,0.4170,-0.5830,2,2
1867,0,9.3350,-8.0705,15.3124,2.0653,-0.0058,0.0222,1.4527,0.4170,-0.5830,0.4170,-0.5830,2,2
1868,0,9.3400,-8.0696,15.3191,2.0653,-0.0052,0.0232,1.4578,-0.5830,0.4170,-0.5830,0.4170,2,2
1869,0,9.3450,-8.0687,15.3258,2.0652,-0.0048,0.0241,1.4577,-0.5830,0.4170,-0.5830,0.4170,2,2
1870,0,9.3500,-8.0678,15.3325,2.0652,-0.0045,0.0251,1.4525,-0.5830,0.4170,-0.5830,0.4170,2,2
1871,0,9.3550,-8.0669,15.3392,2.0651,-0.0043,0.0258,1.4422,-0.5593,0.3910,-0.5830,0.4170,2,2
1872,0,9.3600,-8.0660,15.3459,2.0651,-0.0040,0.0264,1.4371,0.4170,-0.5830,0.4170,-0.5830,2,2
1873,0,9.3650,-8.0651,15.3526,2.0651,-0.0036,0.0272,1.4372,0.4170,-0.5830,0.4170,-0.5830,2,2
1874,0,9.3700,-8.0642,15.3593,2.0651,-0.0030,0.0279,1.4424,0.4170,-0.5830,0.4170,-0.5830,2,2
1875,0,9.3750,-8.0633,15.3661,2.0651,-0.0025,0.0284,1.4425,-0.5712,0.3956,-0.5830,0.4170,2,2
1876,0,9.3800,-8.0624,15.3728,2.0651,-0.0022,0.0289,1.4375,-0.5830,0.4170,-0.5830,0.4170,2,2
1877,0,9.3850,-8.0615,15.3796,2.0652,-0.0020,0.0295,1.4273,-0.5830,0.4153,-0.5830,0.4170,2,2
1878,0,9.3900,-8.0606,15.3863,2.0652,-0.0016,0.0299,1.4223,0.4170,-0.5830,0.4127,-0.5761,2,2
1879,0,9.3950,-8.0597,15.3931,2.0653,-0.0011,0.0304,1.4224,0.4170,-0.5830,0.4170,-0.5830,2,2
1880,0,9.4000,-8.0588,15.3998,2.0653,-0.0004,0.0308,1.4277,0.4170,-0.5830,0.4170,-0.5798,2,2
1881,0,9.4050,-8.0579,15.4066,2.0654,0.0004,0.0313,1.4381,0.4170,-0.5830,0.4170,-0.5830,2,2
1882,0,9.4100,-8.0570,15.4134,2.0655,0.0011,0.0317,1.4433,-0.5830,0.4170,-0.5830,0.4170,2,2
1883,0,9.4150,-8.0561,15.4202,2.0656,0.0016,0.0322,1.4434,-0.5830,0.4170,-0.5830,0.4170,2,2
1884,0,9.4200,-8.0552,15.4270,2.0657,0.0020,0.0327,1.4384,-0.5830,0.4170,-0.5830,0.4170,2,2
1885,0,9.4250,-8.0542,15.4338,2.0659,0.0025,0.0331,1.4385,0.4170,-0.5830,0.4170,-0.5830,2,2
1886,0,9.4300,-8.0533,15.4406,2.0660,0.0032,0.0336,1.4437,0.4170,-0.5830,0.4170,-0.5830,2,2
1887,0,9.4350,-8.0524,15.4474,2.0662,0.0040,0.0340,1.4541,0.4170,-0.5830,0.4170,-0.5830,2,2
1888,0,9.4400,-8.0515,15.4543,2.0663,0.0047,0.0344,1.4594,-0.5819,0.4170,-0.5830,0.4170,2,2
1889,0,9.4450,-8.0506,15.4611,2.0665,0.0052,0.0349,1.4595,-0.5830,0.4170,-0.5830,0.4170,2,2
1890,0,9.4500,-8.0496,15.4679,2.0667,0.0055,0.0354,1.4544,-0.5830,0.4170,-0.5830,0.4170,2,2
1891,0,9.4550,-8.0487,15.4748,2.0669,0.0057,0.0356,1.4444,-0.5520,0.3923,-0.5830,0.4170,2,2
1892,0,9.4600,-8.0478,15.4817,2.0671,0.0059,0.0357,1.4394,0.4170,-0.5830,0.4015,-0.5779,2,2
1893,0,9.4650,-8.0469,15.4885,2.0673,0.0063,0.0357,1.4396,0.4170,-0.5830,0.4170,-0.5830,2,2
1894,0,9.4700,-8.0459,15.4954,2.0676,0.0069,0.0357,1.4449,0.4170,-0.5830,0.4170,-0.5785,2,2
1895,0,9.4750,-8.0450,15.5023,2.0678,0.0074,0.0355,1.4452,-0.5662,0.3945,-0.5830,0.4170,2,2
1896,0,9.4800,-8.0440,15.5092,2.0681,0.0077,0.0354,1.4404,-0.5830,0.4170,-0.5830,0.4170,2,2
1897,0,9.4850,-8.0431,15.5161,2.0683,0.0078,0.0353,1.4304,-0.5817,0.4165,-0.5830,0.4170,2,2
1898,0,9.4900,-8.0422,15.5231,2.0686,0.0080,0.0350,1.4254,0.4170,-0.5830,0.4006,-0.5735,2,2
1899,0,9.4950,-8.0412,15.5300,2.0689,0.0084,0.0347,1.4257,0.4170,-0.5830,0.4170,-0.5830,2,2
1900,0,9.5000,-8.0402,15.5369,2.0692,0.0091,0.0343,1.4310,0.4170,-0.5830,0.4170,-0.5781,2,2
1901,0,9.5050,-8.0393,15.5439,2.0695,0.0099,0.0338,1.4415,0.4170,-0.5830,0.4170,-0.5830,2,2
1902,0,9.5100,-8.0383,15.5508,2.0698,0.0105,0.0334,1.4469,-0.5830,0.4170,-0.5830,0.4170,2,2
1903,0,9.5150,-8.0374,15.5578,2.0702,0.0109,0.0330,1.4471,-0.5830,0.4170,-0.5830,0.4170,2,2
1904,0,9.5200,-8.0364,15.5648,2.0705,0.0112,0.0328,1.4421,-0.5830,0.4170,-0.5830,0.4170,2,2
1905,0,9.5250,-8.0354,15.5718,2.0709,0.0116,0.0324,1.4423,0.4170,-0.5830,0.4121,-0.5830,2,2
1906,0,9.5300,-8.0345,15.5787,2.0713,0.0122,0.0319,1.4477,0.4170,-0.5830,0.4170,-0.5830,2,2
1907,0,9.5350,-8.0335,15.5857,2.0717,0.0130,0.0314,1.4582,0.4170,-0.5830,0.4170,-0.5830,2,2
1908,0,9.5400,-8.0325,15.5927,2.0721,0.0136,0.0310,1.4635,-0.5830,0.4170,-0.5830,0.4170,2,2
1909,0,9.5450,-8.0315,15.5998,2.0725,0.0140,0.0306,1.4637,-0.5830,0.4170,-0.5830,0.4170,2,2
1910,0,9.5500,-8.0305,15.6068,2.0729,0.0143,0.0303,1.4587,-0.5830,0.4170,-0.5830,0.4170,2,2
1911,0,9.5550,-8.0295,15.6138,2.0733,0.0143,0.0298,1.4488,-0.5519,0.3943,-0.5830,0.4170,2,2
1912,0,9.5600,-8.0285,15.6208,2.0738,0.0145,0.0290,1.4439,0.4170,-0.5830,0.3949,-0.5798,2,2
1913,0,9.5650,-8.0275,15.6279,2.0742,0.0147,0.0282,1.4441,0.4170,-0.5830,0.4170,-0.5830,2,2
1914,0,9.5700,-8.0265,15.6349,2.0747,0.0151,0.0273,1.4495,0.4170,-0.5830,0.4131,-0.5807,2,2
1915,0,9.5750,-8.0255,15.6420,2.0752,0.0154,0.0263,1.4498,-0.5677,0.3996,-0.5830,0.4170,2,2
1916,0,9.5800,-8.0244,15.6490,2.0756,0.0156,0.0254,1.4450,-0.5830,0.4170,-0.5830,0.4170,2,2
1917,0,9.5850,-8.0234,15.6561,2.0761,0.0156,0.0245,1.4351,-0.5813,0.4170,-0.5830,0.4170,2,2
1918,0,9.5900,-8.0224,15.6632,2.0766,0.0157,0.0235,1.4302,0.4170,-0.5830,0.4010,-0.5775,2,2
1919,0,9.5950,-8.0213,15.6702,2.0772,0.0159,0.0223,1.4305,0.4170,-0.5830,0.4170,-0.5830,2,2
1920,0,9.6000,-8.0203,15.6773,2.0777,0.0162,0.0211,1.4359,0.4170,-0.5830,0.4170,-0.5812,2,2
1921,0,9.6050,-8.0193,15.6844,2.0783,0.0166,0.0198,1.4464,0.4170,-0.5830,0.4170,-0.5830,2,2
1922,0,9.6100,-8.0182,15.6915,2.0788,0.0170,0.0185,1.4518,-0.5830,0.4170,-0.5830,0.4170,2,2
1923,0,9.6150,-8.0172,15.6986,2.0794,0.0172,0.0174,1.4521,-0.5830,0.4170,-0.5830,0.4170,2,2
1924,0,9.6200,-8.0161,15.7057,2.0800,0.0174,0.0163,1.4472,-0.5830,0.4170,-0.5830,0.4170,2,2
1925,0,9.6250,-8.0150,15.7128,2.0806,0.0176,0.0151,1.4474,0.4170,-0.5830,0.4104,-0.5830,2,2
1926,0,9.6300,-8.0140,15.7199,2.0812,0.0178,0.0139,1.4528,0.4170,-0.5830,0.4170,-0.5830,2,2
1927,0,9.6350,-8.0129,15.7270,2.0818,0.0182,0.0125,1.4634,0.4170,-0.5830,0.4170,-0.5830,2,2
1928,0,9.6400,-8.0118,15.7341,2.0824,0.0184,0.0112,1.4687,-0.5830,0.4170,-0.5830,0.4170,2,2
1929,0,9.6450,-8.0107,15.7413,2.0830,0.0187,0.0101,1.4690,-0.5830,0.4170,-0.5830,0.4170,2,2
1930,0,9.6500,-8.0096,15.7484,2.0837,0.0188,0.0090,1.4641,-0.5830,0.4170,-0.5830,0.4170,2,2
1931,0,9.6550,-8.0085,15.7555,2.0844,0.0189,0.0079,1.4541,-0.5683,0.4111,-0.5830,0.4170,2,2
1932,0,9.6600,-8.0074,15.7626,2.0850,0.0189,0.0066,1.4492,0.4170,-0.5830,0.3942,-0.5830,2,2
1933,0,9.6650,-8.0063,15.7697,2.0857,0.0189,0.0051,1.4494,0.4170,-0.5830,0.4170,-0.5830,2,2
1934,0,9.6700,-8.0052,15.7769,2.0864,0.0190,0.0036,1.4548,0.4170,-0.5830,0.4148,-0.5830,2,2
1935,0,9.6750,-8.0041,15.7840,2.0871,0.0191,0.0021,1.4551,-0.5748,0.4009,-0.5830,0.4170,2,2
1936,0,9.6800,-8.0030,15.7911,2.0878,0.0191,0.0006,1.4502,-0.5830,0.4170,-0.5830,0.4170,2,2
1937,0,9.6850,-8.0018,15.7982,2.0886,0.0192,-0.0008,1.4402,-0.5830,0.4147,-0.5830,0.4170,2,2
1938,0,9.6900,-8.0007,15.8054,2.0893,0.0193,-0.0023,1.4353,0.4170,-0.5830,0.4053,-0.5830,2,2
1939,0,9.6950,-7.9996,15.8125,2.0901,0.0193,-0.0039,1.4356,0.4170,-0.5830,0.4170,-0.5830,2,2
1940,0,9.7000,-7.9984,15.8196,2.0908,0.0193,-0.0056,1.4410,0.4170,-0.5830,0.4170,-0.5830,2,2
1941,0,9.7050,-7.9973,15.8267,2.0916,0.0192,-0.0075,1.4516,0.4170,-0.5830,0.4170,-0.5830,2,2
1942,0,9.7100,-7.9961,15.8338,2.0924,0.0192,-0.0092,1.4570,-0.5830,0.4170,-0.5830,0.4170,2,2
1943,0,9.7150,-7.9950,15.8409,2.0932,0.0192,-0.0108,1.4572,-0.5830,0.4170,-0.5830,0.4170,2,2
1944,0,9.7200,-7.9938,15.8481,2.0940,0.0193,-0.0123,1.4523,-0.5830,0.4170,-0.5830,0.4170,2,2
1945,0,9.7250,-7.9927,15.8552,2.0948,0.0193,-0.0139,1.4526,0.4170,-0.5712,0.4168,-0.5830,2,2
1946,0,9.7300,-7.9915,15.8623,2.0957,0.0192,-0.0156,1.4579,0.4170,-0.5830,0.4170,-0.5830,2,2
1947,0,9.7350,-7.9903,15.8694,2.0965,0.0190,-0.0173,1.4684,0.4170,-0.5768,0.4170,-0.5830,2,2
1948,0,9.7400,-7.9891,15.8765,2.0974,0.0188,-0.0189,1.4738,-0.5830,0.4170,-0.5830,0.4127,2,2
1949,0,9.7450,-7.9880,15.8835,2.0982,0.0188,-0.0204,1.4740,-0.5830,0.4170,-0.5830,0.4170,2,2
1950,0,9.7500,-7.9868,15.8906,2.0991,0.0187,-0.0216,1.4692,-0.5830,0.4170,-0.5830,0.3908,2,2
1951,0,9.7550,-7.9856,15.8977,2.1000,0.0187,-0.0228,1.4595,-0.5830,0.3433,-0.5830,0.3454,2,2
1952,0,9.7600,-7.9844,15.9048,2.1009,0.0186,-0.0242,1.4550,0.4170,-0.5830,0.3998,-0.5830,2,2
1953,0,9.7650,-7.9832,15.9118,2.1018,0.0183,-0.0257,1.4557,0.4170,-0.5830,0.4170,-0.5830,2,2
1954,0,9.7700,-7.9820,15.9189,2.1027,0.0176,-0.0275,1.4612,0.4111,-0.5830,0.3525,-0.5801,2,2
1955,0,9.7750,-7.9808,15.9259,2.1036,0.0170,-0.0293,1.4617,-0.5830,0.4170,-0.5830,0.4170,2,2
1956,0,9.7800,-7.9796,15.9330,2.1045,0.0166,-0.0310,1.4569,-0.5830,0.4170,-0.5830,0.4170,2,2
1957,0,9.7850,-7.9784,15.9400,2.1054,0.0164,-0.0327,1.4471,-0.5830,0.4044,-0.5830,0.4170,2,2
1958,0,9.7900,-7.9771,15.9470,2.1064,0.0160,-0.0345,1.4424,0.4170,-0.5830,0.4139,-0.5830,2,2
1959,0,9.7950,-7.9759,15.9540,2.1073,0.0155,-0.0364,1.4429,0.4170,-0.5830,0.4170,-0.5830,2,2
1960,0,9.8000,-7.9747,15.9610,2.1083,0.0148,-0.0383,1.4485,0.4170,-0.5830,0.4170,-0.5830,2,2
1961,0,9.8050,-7.9735,15.9680,2.1093,0.0140,-0.0401,1.4590,0.3509,-0.5751,0.3823,-0.5830,2,2
1962,0,9.8100,-7.9723,15.9750,2.1102,0.0134,-0.0418,1.4643,-0.5830,0.4170,-0.5830,0.4170,2,2
1963,0,9.8150,-7.9710,15.9820,2.1112,0.0130,-0.0435,1.4645,-0.5830,0.4170,-0.5830,0.4170,2,2
1964,0,9.8200,-7.9698,15.9889,2.1122,0.0127,-0.0449,1.4598,-0.5830,0.3755,-0.5830,0.3492,2,2
1965,0,9.8250,-7.9686,15.9959,2.1132,0.0121,-0.0463,1.4603,0.4170,-0.5692,0.4170,-0.5830,2,2
1966,0,9.8300,-7.9673,16.0028,2.1142,0.0112,-0.0478,1.4658,0.4170,-0.5830,0.4170,-0.5830,2,2
1967,0,9.8350,-7.9661,16.0098,2.1152,0.0102,-0.0492,1.4763,0.3642,-0.5706,0.3868,-0.5830,2,2
1968,0,9.8400,-7.9649,16.0167,2.1163,0.0094,-0.0505,1.4817,-0.5830,0.4170,-0.5830,0.4170,2,2
1969,0,9.8450,-7.9636,16.0236,2.1173,0.0089,-0.0517,1.4819,-0.5830,0.4170,-0.5830,0.4170,2,2
1970,0,9.8500,-7.9624,16.0305,2.1183,0.0085,-0.0528,1.4773,-0.5830,0.3524,-0.5830,0.3219,2,2
1971,0,9.8550,-7.9611,16.0373,2.1193,0.0083,-0.0538,1.4683,-0.5830,0.2819,-0.5830,0.2877,2,2
1972,0,9.8600,-7.9599,16.0442,2.1203,0.0076,-0.0551,1.4641,0.3795,-0.5830,0.3365,-0.5830,2,2
1973,0,9.8650,-7.9586,16.0510,2.1213,0.0067,-0.0565,1.4651,0.4170,-0.5830,0.4170,-0.5830,2,2
1974,0,9.8700,-7.9574,16.0579,2.1223,0.0055,-0.0579,1.4703,0.2324,-0.5830,0.2206,-0.5803,2,2
1975,0,9.8750,-7.9562,16.0647,2.1233,0.0046,-0.0593,1.4703,-0.5830,0.4170,-0.5830,0.4170,2,2
1976,0,9.8800,-7.9549,16.0715,2.1243,0.0040,-0.0607,1.4651,-0.5830,0.4170,-0.5830,0.4170,2,2
1977,0,9.8850,-7.9537,16.0783,2.1253,0.0037,-0.0622,1.4560,-0.5830,0.1692,-0.5830,0.1867,2,2
1978,0,9.8900,-7.9524,16.0851,2.1262,0.0031,-0.0636,1.4521,0.4170,-0.5830,0.4170,-0.5830,2,2
1979,0,9.8950,-7.9512,16.0918,2.1272,0.0022,-0.0651,1.4534,0.4170,-0.5830,0.4170,-0.5830,2,2
1980,0,9.9000,-7.9500,16.0986,2.1281,0.0012,-0.0665,1.4583,0.1206,-0.5830,0.1464,-0.5830,2,2
1981,0,9.9050,-7.9487,16.1053,2.1289,0.0002,-0.0675,1.4666,0.0353,-0.5783,0.0967,-0.5830,2,2
1982,0,9.9100,-7.9475,16.1120,2.1297,-0.0005,-0.0685,1.4708,-0.5830,0.2017,-0.5830,0.2000,2,2
1983,0,9.9150,-7.9462,16.1187,2.1305,-0.0008,-0.0695,1.4699,-0.5830,0.4170,-0.5830,0.4170,2,2
1984,0,9.9200,-7.9450,16.1254,2.1312,-0.0011,-0.0704,1.4665,-0.5830,-0.1015,-0.5830,-0.1224,2,2
1985,0,9.9250,-7.9438,16.1321,2.1319,-0.0018,-0.0713,1.4683,0.4170,-0.5830,0.4170,-0.5830,3,3
1986,0,9.9300,-7.9426,16.1388,2.1326,-0.0028,-0.0722,1.4752,0.4170,-0.5830,0.4170,-0.5830,3,3
1987,0,9.9350,-7.9413,16.1454,2.1331,-0.0038,-0.0728,1.4845,-0.1483,-0.5715,-0.1117,-0.5830,3,3
1988,0,9.9400,-7.9401,16.1521,2.1337,-0.0045,-0.0734,1.4886,-0.5830,0.4170,-0.5830,0.4170,3,3
1989,0,9.9450,-7.9389,16.1587,2.1343,-0.0048,-0.0741,1.4876,-0.5830,0.4170,-0.5830,0.4170,3,3
1990,0,9.9500,-7.9377,16.1653,2.1348,-0.0051,-0.0746,1.4843,-0.5830,-0.1328,-0.5830,-0.1663,3,3
1991,0,9.9550,-7.9364,16.1719,2.1351,-0.0055,-0.0748,1.4787,-0.5830,-0.1267,-0.5830,-0.1699,3,3
1992,0,9.9600,-7.9352,16.1785,2.1353,-0.0061,-0.0749,1.4755,-0.1411,-0.5663,-0.1307,-0.5830,3,3
1993,0,9.9650,-7.9340,16.1850,2.1355,-0.0071,-0.0750,1.4774,0.4170,-0.5830,0.4170,-0.5830,3,3
1994,0,9.9700,-7.9328,16.1916,2.1356,-0.0082,-0.0750,1.4816,-0.1307,-0.5770,-0.1204,-0.5830,3,3
1995,0,9.9750,-7.9316,16.1981,2.1357,-0.0089,-0.0750,1.4807,-0.5830,0.4170,-0.5830,0.4170,3,3
1996,0,9.9800,-7.9304,16.2047,2.1358,-0.0093,-0.0751,1.4746,-0.5830,0.4170,-0.5830,0.4170,3,3
1997,0,9.9850,-7.9292,16.2112,2.1358,-0.0095,-0.0751,1.4657,-0.5830,-0.0274,-0.5830,-0.0352,3,3
1998,0,9.9900,-7.9280,16.2177,2.1358,-0.0100,-0.0751,1.4619,0.4170,-0.5830,0.4170,-0.5830,3,3
1999,0,9.9950,-7.9268,16.2241,2.1358,-0.0110,-0.0751,1.4633,0.4170,-0.5830,0.4170,-0.5830,3,3
2000,0,10.0000,-7.9256,16.2306,2.1357,-0.0121,-0.0748,1.4679,0.0371,-0.5800,0.0674,-0.5830,3,3
2001,0,10.0050,-7.9244,16.2370,2.1356,-0.0132,-0.0745,1.4757,0.0220,-0.5830,0.0284,-0.5666,3,3
2002,0,10.0100,-7.9232,16.2435,2.1354,-0.0138,-0.0746,1.4791,-0.5830,0.2342,-0.5830,0.2807,3,3
2003,0,10.0150,-7.9220,16.2499,2.1352,-0.0140,-0.0747,1.4773,-0.5830,0.4170,-0.5830,0.4170,3,3
2004,0,10.0200,-7.9209,16.2563,2.1349,-0.0141,-0.0749,1.4740,-0.5784,-0.2775,-0.5812,-0.2692,3,3
2005,0,10.0250,-7.9197,16.2627,2.1346,-0.0145,-0.0750,1.4759,0.4170,-0.5830,0.4170,-0.5830,3,3
2006,0,10.0300,-7.9185,16.2691,2.1343,-0.0153,-0.0751,1.4829,0.4170,-0.5830,0.4170,-0.5830,3,3
2007,0,10.0350,-7.9174,16.2754,2.1338,-0.0163,-0.0751,1.4919,-0.1113,-0.4979,-0.1039,-0.4992,3,3
2008,0,10.0400,-7.9162,16.2818,2.1334,-0.0169,-0.0751,1.4957,-0.5830,0.4170,-0.5830,0.4170,3,3
2009,0,10.0450,-7.9151,16.2881,2.1330,-0.0170,-0.0752,1.4944,-0.5830,0.4170,-0.5830,0.4170,3,3
2010,0,10.0500,-7.9139,16.2944,2.1325,-0.0170,-0.0754,1.4903,-0.5830,-0.0430,-0.5830,-0.0496,3,3
2011,0,10.0550,-7.9128,16.3007,2.1319,-0.0171,-0.0753,1.4834,-0.5830,0.0039,-0.5765,-0.0471,3,3
2012,0,10.0600,-7.9116,16.3070,2.1313,-0.0175,-0.0746,1.4798,0.1318,-0.4797,0.1664,-0.5376,3,3
2013,0,10.0650,-7.9105,16.3133,2.1307,-0.0183,-0.0739,1.4814,0.4170,-0.5830,0.4170,-0.5830,3,3
2014,0,10.0700,-7.9094,16.3195,2.1300,-0.0192,-0.0729,1.4852,0.0210,-0.3957,0.0398,-0.4108,3,3
2015,0,10.0750,-7.9083,16.3258,2.1294,-0.0198,-0.0721,1.4838,-0.5830,0.4170,-0.5830,0.4170,3,3
2016,0,10.0800,-7.9071,16.3320,2.1287,-0.0200,-0.0713,1.4773,-0.5830,0.4170,-0.5830,0.4170,3,3
2017,0,10.0850,-7.9060,16.3382,2.1280,-0.0200,-0.0706,1.4679,-0.5830,-0.0036,-0.5817,-0.0063,3,3
2018,0,10.0900,-7.9049,16.3444,2.1272,-0.0203,-0.0698,1.4636,0.4170,-0.5830,0.4170,-0.5830,3,3
2019,0,10.0950,-7.9038,16.3505,2.1265,-0.0210,-0.0689,1.4644,0.4170,-0.5830,0.4170,-0.5830,3,3
2020,0,10.1000,-7.9027,16.3567,2.1258,-0.0219,-0.0677,1.4691,0.2475,-0.4940,0.2739,-0.4944,3,3
2021,0,10.1050,-7.9017,16.3628,2.1250,-0.0227,-0.0668,1.4774,0.2251,-0.4968,0.2160,-0.4470,3,3
2022,0,10.1100,-7.9006,16.3690,2.1243,-0.0231,-0.0661,1.4806,-0.5830,0.3926,-0.5830,0.4170,3,3
2023,0,10.1150,-7.8995,16.3751,2.1236,-0.0232,-0.0656,1.4787,-0.5830,0.4170,-0.5830,0.4170,3,3
2024,0,10.1200,-7.8985,16.3812,2.1228,-0.0230,-0.0652,1.4746,-0.4629,-0.0672,-0.4770,-0.0428,3,3
2025,0,10.1250,-7.8974,16.3872,2.1220,-0.0232,-0.0648,1.4757,0.4170,-0.5830,0.4170,-0.5830,3,3
2026,0,10.1300,-7.8964,16.3933,2.1212,-0.0237,-0.0643,1.4819,0.4170,-0.5830,0.4170,-0.5830,3,3
2027,0,10.1350,-7.8953,16.3994,2.1205,-0.0243,-0.0637,1.4909,0.1575,-0.3881,0.1572,-0.3763,3,3
2028,0,10.1400,-7.8943,16.4054,2.1197,-0.0246,-0.0633,1.4947,-0.5830,0.4170,-0.5830,0.4170,3,3
2029,0,10.1450,-7.8933,16.4114,2.1189,-0.0246,-0.0630,1.4934,-0.5830,0.4170,-0.5830,0.4170,3,3
2030,0,10.1500,-7.8922,16.4174,2.1181,-0.0243,-0.0628,1.4884,-0.5830,0.1406,-0.5830,0.1484,3,3
2031,0,10.1550,-7.8912,16.4234,2.1172,-0.0239,-0.0625,1.4797,-0.5830,0.1389,-0.5775,0.1095,3,3
2032,0,10.1600,-7.8902,16.4294,2.1164,-0.0240,-0.0619,1.4760,0.4080,-0.5369,0.4170,-0.5802,3,3
2033,0,10.1650,-7.8892,16.4354,2.1155,-0.0244,-0.0611,1.4775,0.4170,-0.5830,0.4170,-0.5830,3,3
2034,0,10.1700,-7.8882,16.4413,2.1147,-0.0249,-0.0601,1.4809,0.0732,-0.2772,0.0964,-0.2849,3,3
2035,0,10.1750,-7.8872,16.4473,2.1138,-0.0250,-0.0592,1.4791,-0.5830,0.4170,-0.5830,0.4170,3,3
2036,0,10.1800,-7.8863,16.4532,2.1130,-0.0249,-0.0585,1.4721,-0.5830,0.4170,-0.5830,0.4170,3,3
2037,0,10.1850,-7.8853,16.4591,2.1121,-0.0245,-0.0577,1.4626,-0.4647,0.0378,-0.4510,0.0377,3,3
2038,0,10.1900,-7.8843,16.4650,2.1112,-0.0244,-0.0568,1.4583,0.4170,-0.5830,0.4170,-0.5830,3,3
2039,0,10.1950,-7.8834,16.4709,2.1104,-0.0246,-0.0558,1.4591,0.4170,-0.5830,0.4170,-0.5830,3,3
2040,0,10.2000,-7.8824,16.4767,2.1096,-0.0248,-0.0546,1.4632,0.2781,-0.3691,0.2985,-0.3673,3,3
2041,0,10.2050,-7.8815,16.4826,2.1088,-0.0251,-0.0538,1.4707,0.2830,-0.3848,0.2594,-0.3316,3,3
2042,0,10.2100,-7.8806,16.4884,2.1080,-0.0249,-0.0534,1.4734,-0.5747,0.2946,-0.5830,0.3553,3,3
2043,0,10.2150,-7.8796,16.4943,2.1072,-0.0244,-0.0531,1.4711,-0.5830,0.4170,-0.5830,0.4170,3,3
2044,0,10.2200,-7.8787,16.5001,2.1064,-0.0238,-0.0530,1.4672,-0.3065,-0.0266,-0.3224,-0.0130,3,3
2045,0,10.2250,-7.8778,16.5059,2.1055,-0.0235,-0.0528,1.4685,0.4170,-0.5830,0.4170,-0.5830,3,3
2046,0,10.2300,-7.8769,16.5117,2.1047,-0.0234,-0.0525,1.4749,0.4170,-0.5830,0.4170,-0.5830,3,3
2047,0,10.2350,-7.8760,16.5175,2.1040,-0.0235,-0.0521,1.4833,0.1260,-0.2714,0.1231,-0.2658,3,3
2048,0,10.2400,-7.8751,16.5232,2.1032,-0.0233,-0.0519,1.4866,-0.5830,0.4170,-0.5830,0.4170,3,3
2049,0,10.2450,-7.8743,16.5290,2.1024,-0.0228,-0.0518,1.4847,-0.5830,0.4170,-0.5830,0.4170,3,3
2050,0,10.2500,-7.8734,16.5347,2.1016,-0.0222,-0.0518,1.4801,-0.4581,0.0677,-0.4676,0.0664,3,3
2051,0,10.2550,-7.8725,16.5405,2.1008,-0.0216,-0.0517,1.4728,-0.4742,0.0841,-0.4593,0.0522,3,3
2052,0,10.2600,-7.8717,16.5462,2.1000,-0.0212,-0.0511,1.4690,0.3303,-0.3326,0.3529,-0.3693,3,3
2053,0,10.2650,-7.8708,16.5519,2.0992,-0.0211,-0.0504,1.4704,0.4170,-0.5830,0.4170,-0.5830,3,3
2054,0,10.2700,-7.8700,16.5576,2.0984,-0.0211,-0.0496,1.4735,0.0965,-0.2421,0.1052,-0.2521,3,3
2055,0,10.2750,-7.8691,16.5633,2.0976,-0.0208,-0.0489,1.4715,-0.5830,0.4170,-0.5830,0.4170,3,3
2056,0,10.2800,-7.8683,16.5689,2.0969,-0.0203,-0.0483,1.4644,-0.5830,0.4170,-0.5830,0.4170,3,3
2057,0,10.2850,-7.8675,16.5746,2.0961,-0.0197,-0.0478,1.4548,-0.4128,0.0640,-0.4107,0.0608,3,3
2058,0,10.2900,-7.8666,16.5802,2.0953,-0.0193,-0.0471,1.4504,0.4170,-0.5830,0.4170,-0.5830,3,3
2059,0,10.2950,-7.8658,16.5859,2.0945,-0.0192,-0.0463,1.4511,0.4170,-0.5830,0.4170,-0.5830,3,3
2060,0,10.3000,-7.8650,16.5915,2.0938,-0.0191,-0.0454,1.4551,0.2939,-0.3340,0.3063,-0.3336,3,3
2061,0,10.3050,-7.8642,16.5971,2.0931,-0.0191,-0.0448,1.4622,0.2962,-0.3465,0.2663,-0.3003,3,3
2062,0,10.3100,-7.8634,16.6027,2.0924,-0.0187,-0.0446,1.4648,-0.5716,0.2665,-0.5830,0.3183,3,3
2063,0,10.3150,-7.8626,16.6083,2.0917,-0.0181,-0.0446,1.4623,-0.5830,0.4170,-0.5830,0.4170,3,3
2064,0,10.3200,-7.8618,16.6139,2.0910,-0.0174,-0.0447,1.4584,-0.2738,-0.0109,-0.2906,0.0015,3,3
2065,0,10.3250,-7.8611,16.6195,2.0903,-0.0169,-0.0447,1.4596,0.4170,-0.5830,0.4170,-0.5830,3,3
2066,0,10.3300,-7.8603,16.6250,2.0897,-0.0167,-0.0446,1.4659,0.4170,-0.5830,0.4170,-0.5830,3,3
2067,0,10.3350,-7.8595,16.6306,2.0890,-0.0166,-0.0446,1.4742,0.1303,-0.2487,0.1268,-0.2437,3,3
2068,0,10.3400,-7.8588,16.6361,2.0884,-0.0162,-0.0446,1.4773,-0.5830,0.4170,-0.5830,0.4170,3,3
2069,0,10.3450,-7.8580,16.6417,2.0877,-0.0156,-0.0447,1.4753,-0.5830,0.4170,-0.5830,0.4170,3,3
2070,0,10.3500,-7.8573,16.6472,2.0870,-0.0150,-0.0449,1.4707,-0.4295,0.0702,-0.4393,0.0665,3,3
2071,0,10.3550,-7.8565,16.6527,2.0863,-0.0143,-0.0449,1.4637,-0.4203,0.0699,-0.4087,0.0403,3,3
2072,0,10.3600,-7.8558,16.6582,2.0857,-0.0139,-0.0446,1.4602,0.3424,-0.3294,0.3614,-0.3617,3,3
2073,0,10.3650,-7.8550,16.6637,2.0850,-0.0137,-0.0442,1.4619,0.4170,-0.5830,0.4170,-0.5830,3,3
2074,0,10.3700,-7.8543,16.6691,2.0844,-0.0135,-0.0437,1.4646,-0.0020,-0.1804,0.0053,-0.1889,3,3
2075,0,10.3750,-7.8536,16.6746,2.0838,-0.0131,-0.0433,1.4621,-0.5830,0.4170,-0.5830,0.4170,3,3
2076,0,10.3800,-7.8528,16.6801,2.0831,-0.0125,-0.0429,1.4545,-0.5830,0.4170,-0.5830,0.4170,3,3
2077,0,10.3850,-7.8521,16.6855,2.0825,-0.0119,-0.0426,1.4455,-0.2710,-0.0096,-0.2686,-0.0156,3,3
2078,0,10.3900,-7.8514,16.6909,2.0819,-0.0115,-0.0421,1.4417,0.4170,-0.5830,0.4170,-0.5830,3,3
2079,0,10.3950,-7.8507,16.6964,2.0813,-0.0113,-0.0416,1.4431,0.4170,-0.5830,0.4170,-0.5830,3,3
2080,0,10.4000,-7.8500,16.7018,2.0807,-0.0111,-0.0410,1.4462,0.1102,-0.2283,0.1216,-0.2282,3,3
2081,0,10.4050,-7.8493,16.7072,2.0801,-0.0109,-0.0408,1.4511,0.1255,-0.2474,0.0984,-0.2073,3,3
2082,0,10.4100,-7.8486,16.7126,2.0795,-0.0106,-0.0409,1.4536,-0.3906,0.0377,-0.4245,0.0783,3,3
2083,0,10.4150,-7.8479,16.7180,2.0790,-0.0101,-0.0411,1.4509,-0.5830,0.4170,-0.5830,0.4170,3,3
2084,0,10.4200,-7.8472,16.7233,2.0784,-0.0095,-0.0415,1.4472,-0.2094,-0.0246,-0.2137,-0.0118,3,3
2085,0,10.4250,-7.8465,16.7287,2.0778,-0.0091,-0.0417,1.4487,0.4170,-0.5830,0.4170,-0.5830,3,3
2086,0,10.4300,-7.8458,16.7340,2.0772,-0.0089,-0.0419,1.4553,0.4170,-0.5830,0.4170,-0.5830,3,3
2087,0,10.4350,-7.8451,16.7394,2.0767,-0.0088,-0.0421,1.4633,0.0657,-0.2014,0.0703,-0.1970,3,3
2088,0,10.4400,-7.8445,16.7447,2.0761,-0.0084,-0.0424,1.4662,-0.5830,0.4170,-0.5830,0.4170,3,3
2089,0,10.4450,-7.8438,16.7500,2.0756,-0.0078,-0.0427,1.4639,-0.5830,0.4170,-0.5830,0.4170,3,3
2090,0,10.4500,-7.8431,16.7554,2.0751,-0.0072,-0.0430,1.4598,-0.3329,0.0266,-0.3364,0.0194,3,3
2091,0,10.4550,-7.8425,16.7607,2.0745,-0.0065,-0.0430,1.4540,-0.3144,0.0193,-0.3011,-0.0092,3,3
2092,0,10.4600,-7.8418,16.7660,2.0740,-0.0061,-0.0429,1.4509,0.2293,-0.2660,0.2462,-0.2949,3,3
2093,0,10.4650,-7.8411,16.7712,2.0735,-0.0059,-0.0426,1.4530,0.4170,-0.5830,0.4170,-0.5830,3,3
2094,0,10.4700,-7.8405,16.7765,2.0729,-0.0057,-0.0423,1.4554,-0.0800,-0.1271,-0.0754,-0.1358,3,3
2095,0,10.4750,-7.8398,16.7818,2.0724,-0.0053,-0.0421,1.4526,-0.5830,0.4170,-0.5830,0.4170,3,3
2096,0,10.4800,-7.8392,16.7870,2.0719,-0.0047,-0.0419,1.4446,-0.5830,0.4170,-0.5830,0.4170,3,3
2097,0,10.4850,-7.8385,16.7923,2.0714,-0.0041,-0.0416,1.4363,-0.1535,-0.0720,-0.1521,-0.0804,3,3
2098,0,10.4900,-7.8378,16.7975,2.0710,-0.0037,-0.0413,1.4331,0.4170,-0.5830,0.4170,-0.5830,3,3
2099,0,10.4950,-7.8372,16.8027,2.0705,-0.0035,-0.0409,1.4350,0.4170,-0.5830,0.4170,-0.5830,3,3
2100,0,10.5000,-7.8366,16.8079,2.0700,-0.0033,-0.0405,1.4375,-0.0446,-0.1424,-0.0348,-0.1433,3,3
2101,0,10.5050,-7.8359,16.8131,2.0696,-0.0031,-0.0404,1.4406,-0.0187,-0.1669,-0.0411,-0.1341,3,3
2102,0,10.5100,-7.8353,16.8183,2.0691,-0.0028,-0.0406,1.4431,-0.1700,-0.0765,-0.1976,-0.0452,3,3
2103,0,10.5150,-7.8346,16.8235,2.0686,-0.0025,-0.0411,1.4435,-0.3580,0.0329,-0.3745,0.0540,3,3
2104,0,10.5200,-7.8340,16.8287,2.0681,-0.0020,-0.0416,1.4432,-0.1781,-0.0560,-0.1807,-0.0463,3,3
2105,0,10.5250,-7.8334,16.8338,2.0677,-0.0018,-0.0420,1.4471,0.4152,-0.4077,0.4170,-0.4092,3,3
2106,0,10.5300,-7.8327,16.8390,2.0672,-0.0017,-0.0425,1.4562,0.4170,-0.5830,0.4170,-0.5830,3,3
2107,0,10.5350,-7.8321,16.8441,2.0668,-0.0015,-0.0429,1.4612,-0.5830,0.2167,-0.5783,0.2136,3,3
2108,0,10.5400,-7.8315,16.8492,2.0663,-0.0011,-0.0433,1.4611,-0.5830,0.4170,-0.5830,0.4170,3,3
2109,0,10.5450,-7.8308,16.8544,2.0658,-0.0004,-0.0437,1.4558,-0.5830,0.4170,-0.5830,0.4170,3,3
2110,0,10.5500,-7.8302,16.8595,2.0654,0.0000,-0.0441,1.4556,0.4170,-0.5796,0.4170,-0.5830,3,3
2111,0,10.5550,-7.8296,16.8646,2.0650,0.0002,-0.0446,1.4606,0.4170,-0.5830,0.4170,-0.5830,3,3
2112,0,10.5600,-7.8290,16.8696,2.0645,0.0005,-0.0446,1.4625,-0.4923,0.1376,-0.4657,0.0995,3,3
2113,0,10.5650,-7.8283,16.8747,2.0641,0.0010,-0.0447,1.4593,-0.5830,0.4170,-0.5830,0.4170,3,3
2114,0,10.5700,-7.8277,16.8798,2.0636,0.0018,-0.0447,1.4509,-0.5830,0.4170,-0.5830,0.4170,3,3
2115,0,10.5750,-7.8271,16.8848,2.0632,0.0022,-0.0445,1.4467,0.4032,-0.3815,0.4132,-0.4205,3,3
2116,0,10.5800,-7.8265,16.8899,2.0629,0.0023,-0.0443,1.4476,0.4170,-0.5830,0.4170,-0.5830,3,3
2117,0,10.5850,-7.8258,16.8949,2.0625,0.0023,-0.0441,1.4537,0.4170,-0.5830,0.4170,-0.5830,3,3
2118,0,10.5900,-7.8252,16.8999,2.0621,0.0025,-0.0440,1.4546,-0.5830,0.4170,-0.5830,0.4170,3,3
2119,0,10.5950,-7.8246,16.9049,2.0618,0.0029,-0.0437,1.4504,-0.5830,0.4170,-0.5830,0.4170,3,3
2120,0,10.6000,-7.8240,16.9099,2.0615,0.0035,-0.0435,1.4411,-0.5830,0.4170,-0.5830,0.4170,3,3
2121,0,10.6050,-7.8234,16.9149,2.0612,0.0039,-0.0433,1.4342,0.1942,-0.2855,0.1812,-0.2951,3,3
2122,0,10.6100,-7.8228,16.9198,2.0609,0.0041,-0.0431,1.4324,0.4170,-0.5830,0.4170,-0.5830,3,3
2123,0,10.6150,-7.8221,16.9248,2.0606,0.0040,-0.0430,1.4358,0.4170,-0.5830,0.4170,-0.5830,3,3
2124,0,10.6200,-7.8215,16.9298,2.0603,0.0041,-0.0428,1.4359,-0.5333,0.1069,-0.5325,0.1101,3,3
2125,0,10.6250,-7.8209,16.9347,2.0600,0.0045,-0.0426,1.4309,-0.5830,0.4170,-0.5830,0.4170,3,3
2126,0,10.6300,-7.8203,16.9396,2.0597,0.0050,-0.0424,1.4207,-0.5830,0.4170,-0.5830,0.4170,3,3
2127,0,10.6350,-7.8197,16.9445,2.0594,0.0054,-0.0422,1.4149,0.4110,-0.4498,0.4125,-0.4549,3,3
2128,0,10.6400,-7.8191,16.9494,2.0591,0.0055,-0.0420,1.4143,0.4170,-0.5830,0.4170,-0.5830,3,3
2129,0,10.6450,-7.8184,16.9543,2.0589,0.0054,-0.0418,1.4189,0.4170,-0.5830,0.4170,-0.5830,3,3
2130,0,10.6500,-7.8178,16.9592,2.0587,0.0055,-0.0416,1.4183,-0.5830,0.4170,-0.5830,0.4170,3,3
2131,0,10.6550,-7.8172,16.9641,2.0585,0.0059,-0.0414,1.4125,-0.5830,0.4170,-0.5830,0.4170,3,3
2132,0,10.6600,-7.8166,16.9690,2.0583,0.0060,-0.0413,1.4119,0.4170,-0.5830,0.4170,-0.5700,3,3
2133,0,10.6650,-7.8160,16.9738,2.0581,0.0060,-0.0412,1.4164,0.4170,-0.5830,0.4170,-0.5830,3,3
2134,0,10.6700,-7.8154,16.9786,2.0579,0.0058,-0.0411,1.4260,0.4170,-0.5830,0.4170,-0.5815,3,3
2135,0,10.6750,-7.8148,16.9835,2.0577,0.0058,-0.0410,1.4306,-0.5830,0.4170,-0.5830,0.4170,3,3
2136,0,10.6800,-7.8141,16.9883,2.0576,0.0060,-0.0409,1.4299,-0.5830,0.4170,-0.5830,0.4170,3,3
2137,0,10.6850,-7.8135,16.9931,2.0574,0.0064,-0.0407,1.4241,-0.5830,0.4170,-0.5830,0.4170,3,3
2138,0,10.6900,-7.8129,16.9979,2.0573,0.0066,-0.0406,1.4235,0.4170,-0.5830,0.4170,-0.5825,3,3
2139,0,10.6950,-7.8123,17.0027,2.0572,0.0066,-0.0405,1.4280,0.4170,-0.5830,0.4170,-0.5830,3,3
2140,0,10.7000,-7.8117,17.0075,2.0570,0.0064,-0.0405,1.4376,0.4170,-0.5830,0.4170,-0.5830,3,3
2141,0,10.7050,-7.8111,17.0122,2.0569,0.0063,-0.0404,1.4442,-0.5459,0.0636,-0.5431,0.0626,3,3
2142,0,10.7100,-7.8105,17.0170,2.0567,0.0064,-0.0402,1.4455,-0.5830,0.4170,-0.5830,0.4170,3,3
2143,0,10.7150,-7.8098,17.0217,2.0565,0.0068,-0.0401,1.4418,-0.5830,0.4170,-0.5830,0.4170,3,3
2144,0,10.7200,-7.8092,17.0265,2.0564,0.0068,-0.0399,1.4422,0.3752,-0.4373,0.3691,-0.4520,3,3
2145,0,10.7250,-7.8086,17.0312,2.0563,0.0067,-0.0397,1.4478,0.4170,-0.5830,0.4170,-0.5830,3,3
2146,0,10.7300,-7.8080,17.0359,2.0562,0.0063,-0.0396,1.4585,0.4170,-0.5830,0.4170,-0.5830,3,3
2147,0,10.7350,-7.8074,17.0406,2.0561,0.0062,-0.0395,1.4641,-0.5830,0.4170,-0.5830,0.4170,3,3
2148,0,10.7400,-7.8068,17.0453,2.0560,0.0062,-0.0393,1.4645,-0.5830,0.4170,-0.5830,0.4170,3,3
2149,0,10.7450,-7.8061,17.0500,2.0560,0.0065,-0.0391,1.4598,-0.5830,0.4170,-0.5830,0.4170,3,3
2150,0,10.7500,-7.8055,17.0547,2.0559,0.0066,-0.0389,1.4602,0.4170,-0.5830,0.4170,-0.5830,3,3
2151,0,10.7550,-7.8049,17.0593,2.0559,0.0064,-0.0387,1.4658,0.4170,-0.5830,0.4170,-0.5830,3,3
2152,0,10.7600,-7.8043,17.0640,2.0559,0.0064,-0.0384,1.4663,-0.5830,0.4170,-0.5830,0.3989,3,3
2153,0,10.7650,-7.8037,17.0686,2.0558,0.0065,-0.0381,1.4616,-0.5830,0.4170,-0.5830,0.4170,3,3
2154,0,10.7700,-7.8030,17.0733,2.0558,0.0068,-0.0377,1.4518,-0.5830,0.4170,-0.5830,0.4103,3,3
2155,0,10.7750,-7.8024,17.0779,2.0558,0.0070,-0.0374,1.4472,0.4170,-0.5829,0.4170,-0.5830,3,3
2156,0,10.7800,-7.8018,17.0825,2.0559,0.0069,-0.0371,1.4477,0.4170,-0.5830,0.4170,-0.5830,3,3
2157,0,10.7850,-7.8012,17.0871,2.0559,0.0066,-0.0368,1.4533,0.4170,-0.5830,0.4170,-0.5830,3,3
2158,0,10.7900,-7.8005,17.0917,2.0559,0.0065,-0.0364,1.4538,-0.5830,0.4170,-0.5830,0.4139,3,3
2159,0,10.7950,-7.7999,17.0963,2.0560,0.0066,-0.0361,1.4492,-0.5830,0.4170,-0.5830,0.4170,3,3
2160,0,10.8000,-7.7993,17.1009,2.0560,0.0069,-0.0357,1.4394,-0.5830,0.4170,-0.5830,0.4159,3,3
2161,0,10.8050,-7.7987,17.1055,2.0561,0.0069,-0.0353,1.4335,0.2912,-0.4789,0.2786,-0.4898,3,3
2162,0,10.8100,-7.7980,17.1100,2.0562,0.0067,-0.0350,1.4329,0.4170,-0.5830,0.4170,-0.5830,3,3
2163,0,10.8150,-7.7974,17.1146,2.0563,0.0063,-0.0346,1.4373,0.4170,-0.5830,0.4170,-0.5830,3,3
2164,0,10.8200,-7.7968,17.1191,2.0564,0.0062,-0.0343,1.4367,-0.5830,0.4170,-0.5830,0.4170,3,3
2165,0,10.8250,-7.7962,17.1236,2.0565,0.0062,-0.0339,1.4308,-0.5830,0.4170,-0.5830,0.4170,3,3
2166,0,10.8300,-7.7955,17.1282,2.0566,0.0063,-0.0335,1.4199,-0.5830,0.4170,-0.5830,0.4170,3,3
2167,0,10.8350,-7.7949,17.1327,2.0567,0.0063,-0.0332,1.4140,0.4170,-0.5830,0.4170,-0.5830,3,3
2168,0,10.8400,-7.7943,17.1372,2.0569,0.0061,-0.0328,1.4134,0.4170,-0.5830,0.4170,-0.5830,3,3
2169,0,10.8450,-7.7936,17.1417,2.0570,0.0058,-0.0325,1.4178,0.4170,-0.5830,0.4170,-0.5830,3,3
2170,0,10.8500,-7.7930,17.1462,2.0572,0.0056,-0.0322,1.4172,-0.5830,0.4170,-0.5830,0.4170,3,3
2171,0,10.8550,-7.7924,17.1506,2.0574,0.0056,-0.0318,1.4114,-0.5830,0.4170,-0.5830,0.4170,3,3
2172,0,10.8600,-7.7918,17.1551,2.0576,0.0055,-0.0315,1.4107,0.4170,-0.5830,0.4170,-0.5781,3,3
2173,0,10.8650,-7.7911,17.1596,2.0578,0.0051,-0.0312,1.4151,0.4170,-0.5830,0.4170,-0.5830,3,3
2174,0,10.8700,-7.7905,17.1640,2.0580,0.0047,-0.0309,1.4247,0.4170,-0.5830,0.4170,-0.5830,3,3
2175,0,10.8750,-7.7899,17.1685,2.0582,0.0044,-0.0306,1.4292,-0.5830,0.4170,-0.5830,0.4170,3,3
2176,0,10.8800,-7.7892,17.1729,2.0585,0.0042,-0.0303,1.4285,-0.5830,0.4170,-0.5830,0.4170,3,3
2177,0,10.8850,-7.7886,17.1774,2.0587,0.0042,-0.0300,1.4227,-0.5830,0.4170,-0.5830,0.4170,3,3
2178,0,10.8900,-7.7880,17.1818,2.0590,0.0041,-0.0297,1.4220,0.4170,-0.5830,0.4170,-0.5815,3,3
2179,0,10.8950,-7.7874,17.1862,2.0593,0.0038,-0.0294,1.4264,0.4170,-0.5830,0.4170,-0.5830,3,3
2180,0,10.9000,-7.7867,17.1906,2.0595,0.0033,-0.0292,1.4360,0.4170,-0.5830,0.4170,-0.5830,3,3
2181,0,10.9050,-7.7861,17.1950,2.0597,0.0030,-0.0290,1.4431,-0.5814,-0.0981,-0.5830,-0.0838,3,3
2182,0,10.9100,-7.7855,17.1994,2.0599,0.0028,-0.0288,1.4450,-0.5830,0.4170,-0.5830,0.4170,3,3
2183,0,10.9150,-7.7848,17.2038,2.0601,0.0028,-0.0286,1.4418,-0.5830,0.4170,-0.5830,0.4170,3,3
2184,0,10.9200,-7.7842,17.2082,2.0603,0.0027,-0.0284,1.4419,0.1652,-0.4896,0.1576,-0.4898,3,3
2185,0,10.9250,-7.7836,17.2126,2.0604,0.0024,-0.0282,1.4472,0.4170,-0.5830,0.4170,-0.5830,3,3
2186,0,10.9300,-7.7830,17.2169,2.0606,0.0019,-0.0281,1.4576,0.4170,-0.5830,0.4170,-0.5830,3,3
2187,0,10.9350,-7.7823,17.2213,2.0608,0.0017,-0.0279,1.4634,-0.5830,0.3014,-0.5830,0.3058,3,3
2188,0,10.9400,-7.7817,17.2256,2.0610,0.0015,-0.0278,1.4641,-0.5830,0.4170,-0.5830,0.4170,3,3
2189,0,10.9450,-7.7811,17.2300,2.0612,0.0015,-0.0276,1.4597,-0.5830,0.4170,-0.5830,0.4170,3,3
2190,0,10.9500,-7.7804,17.2343,2.0614,0.0014,-0.0275,1.4604,0.4170,-0.5830,0.4170,-0.5830,3,3
2191,0,10.9550,-7.7798,17.2387,2.0616,0.0011,-0.0274,1.4662,0.4170,-0.5830,0.4170,-0.5830,3,3
2192,0,10.9600,-7.7792,17.2430,2.0618,0.0009,-0.0272,1.4670,-0.5830,0.4170,-0.5830,0.4148,3,3
2193,0,10.9650,-7.7786,17.2473,2.0620,0.0009,-0.0270,1.4625,-0.5830,0.4170,-0.5830,0.4170,3,3
2194,0,10.9700,-7.7779,17.2516,2.0623,0.0010,-0.0269,1.4529,-0.5830,0.4170,-0.5830,0.4147,3,3
2195,0,10.9750,-7.7773,17.2559,2.0626,0.0010,-0.0267,1.4485,0.4170,-0.5827,0.4170,-0.5830,3,3
2196,0,10.9800,-7.7767,17.2602,2.0628,0.0008,-0.0265,1.4492,0.4170,-0.5830,0.4170,-0.5830,3,3
2197,0,10.9850,-7.7761,17.2645,2.0631,0.0005,-0.0264,1.4551,0.4170,-0.5830,0.4170,-0.5830,3,3
2198,0,10.9900,-7.7754,17.2688,2.0634,0.0003,-0.0262,1.4558,-0.5830,0.4170,-0.5830,0.4165,3,3
2199,0,10.9950,-7.7748,17.2731,2.0637,0.0003,-0.0260,1.4514,-0.5830,0.4170,-0.5830,0.4170,3,3
2200,0,11.0000,-7.7742,17.2774,2.0640,0.0004,-0.0258,1.4418,-0.5830,0.4170,-0.5830,0.4141,3,3
2201,0,11.0050,-7.7736,17.2816,2.0643,0.0003,-0.0256,1.4363,0.2054,-0.5765,0.2095,-0.5830,3,3
2202,0,11.0100,-7.7730,17.2859,2.0646,0.0002,-0.0253,1.4359,0.4170,-0.5830,0.4170,-0.5830,3,3
2203,0,11.0150,-7.7723,17.2901,2.0649,-0.0001,-0.0251,1.4407,0.4170,-0.5830,0.4170,-0.5830,3,3
2204,0,11.0200,-7.7717,17.2944,2.0652,-0.0003,-0.0248,1.4404,-0.5830,0.4170,-0.5830,0.4170,3,3
2205,0,11.0250,-7.7711,17.2986,2.0656,-0.0003,-0.0246,1.4348,-0.5830,0.4170,-0.5830,0.4170,3,3
2206,0,11.0300,-7.7705,17.3029,2.0659,-0.0003,-0.0244,1.4242,-0.5830,0.4170,-0.5830,0.4170,3,3
2207,0,11.0350,-7.7699,17.3071,2.0662,-0.0003,-0.0241,1.4187,0.4170,-0.5830,0.4170,-0.5830,3,3
2208,0,11.0400,-7.7693,17.3113,2.0666,-0.0005,-0.0239,1.4183,0.4170,-0.5830,0.4170,-0.5830,3,3
2209,0,11.0450,-7.7687,17.3155,2.0670,-0.0008,-0.0236,1.4231,0.4170,-0.5830,0.4170,-0.5830,3,3
2210,0,11.0500,-7.7680,17.3197,2.0674,-0.0009,-0.0234,1.4227,-0.5830,0.4170,-0.5830,0.4170,3,3
2211,0,11.0550,-7.7674,17.3240,2.0678,-0.0010,-0.0231,1.4172,-0.5830,0.4170,-0.5830,0.4170,3,3
2212,0,11.0600,-7.7668,17.3282,2.0682,-0.0011,-0.0231,1.4168,0.4170,-0.5830,0.4007,-0.5672,3,3
2213,0,11.0650,-7.7662,17.3323,2.0686,-0.0014,-0.0230,1.4215,0.4170,-0.5830,0.4170,-0.5830,3,3
2214,0,11.0700,-7.7656,17.3365,2.0690,-0.0018,-0.0229,1.4313,0.4170,-0.5830,0.4170,-0.5726,3,3
2215,0,11.0750,-7.7650,17.3407,2.0695,-0.0020,-0.0229,1.4360,-0.5830,0.4170,-0.5830,0.4170,3,3
2216,0,11.0800,-7.7644,17.3449,2.0699,-0.0021,-0.0229,1.4355,-0.5830,0.4170,-0.5830,0.4170,3,3
2217,0,11.0850,-7.7638,17.3491,2.0704,-0.0021,-0.0229,1.4299,-0.5830,0.4170,-0.5830,0.4170,3,3
2218,0,11.0900,-7.7632,17.3532,2.0709,-0.0022,-0.0229,1.4294,0.4170,-0.5830,0.4162,-0.5749,3,3
2219,0,11.0950,-7.7626,17.3574,2.0714,-0.0024,-0.0229,1.4340,0.4170,-0.5830,0.4170,-0.5830,3,3
2220,0,11.1000,-7.7620,17.3615,2.0719,-0.0027,-0.0229,1.4438,0.4170,-0.5830,0.4170,-0.5799,3,3
2221,0,11.1050,-7.7614,17.3657,2.0723,-0.0027,-0.0231,1.4510,-0.5830,-0.0996,-0.5830,-0.0728,3,3
2222,0,11.1100,-7.7608,17.3698,2.0727,-0.0027,-0.0233,1.4531,-0.5830,0.4170,-0.5830,0.4170,3,3
2223,0,11.1150,-7.7602,17.3740,2.0731,-0.0026,-0.0235,1.4501,-0.5830,0.4170,-0.5830,0.4170,3,3
2224,0,11.1200,-7.7596,17.3781,2.0734,-0.0026,-0.0237,1.4503,0.0771,-0.5830,0.0629,-0.5816,3,3
2225,0,11.1250,-7.7590,17.3822,2.0738,-0.0027,-0.0240,1.4558,0.4170,-0.5830,0.4170,-0.5830,3,3
2226,0,11.1300,-7.7584,17.3864,2.0741,-0.0029,-0.0242,1.4664,0.4170,-0.5830,0.4170,-0.5830,3,3
2227,0,11.1350,-7.7578,17.3905,2.0744,-0.0030,-0.0245,1.4724,-0.5830,0.2988,-0.5830,0.3071,3,3
2228,0,11.1400,-7.7572,17.3946,2.0748,-0.0030,-0.0248,1.4733,-0.5830,0.4170,-0.5830,0.4170,3,3
2229,0,11.1450,-7.7567,17.3987,2.0752,-0.0028,-0.0251,1.4690,-0.5830,0.4170,-0.5830,0.4170,3,3
2230,0,11.1500,-7.7561,17.4028,2.0755,-0.0028,-0.0254,1.4699,0.4170,-0.5830,0.4170,-0.5830,3,3
2231,0,11.1550,-7.7555,17.4069,2.0759,-0.0029,-0.0256,1.4758,0.4132,-0.5647,0.4170,-0.5830,3,3
2232,0,11.1600,-7.7549,17.4110,2.0763,-0.0030,-0.0258,1.4766,-0.5830,0.4170,-0.5830,0.4165,3,3
2233,0,11.1650,-7.7543,17.4151,2.0767,-0.0029,-0.0260,1.4723,-0.5830,0.4170,-0.5830,0.4170,3,3
2234,0,11.1700,-7.7537,17.4191,2.0772,-0.0027,-0.0262,1.4628,-0.5830,0.4170,-0.5830,0.4170,3,3
2235,0,11.1750,-7.7532,17.4232,2.0776,-0.0026,-0.0263,1.4584,0.4110,-0.5645,0.4170,-0.5830,3,3
2236,0,11.1800,-7.7526,17.4273,2.0781,-0.0027,-0.0263,1.4592,0.4170,-0.5830,0.4170,-0.5830,3,3
2237,0,11.1850,-7.7520,17.4313,2.0785,-0.0030,-0.0263,1.4651,0.4170,-0.5754,0.4170,-0.5830,3,3
2238,0,11.1900,-7.7514,17.4354,2.0790,-0.0032,-0.0263,1.4658,-0.5830,0.4170,-0.5830,0.4152,3,3
2239,0,11.1950,-7.7509,17.4394,2.0795,-0.0032,-0.0264,1.4614,-0.5830,0.4170,-0.5830,0.4170,3,3
2240,0,11.2000,-7.7503,17.4434,2.0800,-0.0031,-0.0264,1.4519,-0.5830,0.4170,-0.5830,0.4147,3,3
2241,0,11.2050,-7.7497,17.4475,2.0804,-0.0030,-0.0262,1.4460,0.1269,-0.5716,0.1582,-0.5830,3,3
2242,0,11.2100,-7.7492,17.4515,2.0809,-0.0030,-0.0260,1.4454,0.4170,-0.5830,0.4170,-0.5830,3,3
2243,0,11.2150,-7.7486,17.4555,2.0813,-0.0032,-0.0257,1.4498,0.4170,-0.5830,0.4170,-0.5830,3,3
2244,0,11.2200,-7.7480,17.4595,2.0818,-0.0033,-0.0254,1.4496,-0.5830,0.3366,-0.5830,0.3220,3,3
2245,0,11.2250,-7.7475,17.4635,2.0822,-0.0033,-0.0252,1.4442,-0.5830,0.4170,-0.5830,0.4170,3,3
2246,0,11.2300,-7.7469,17.4675,2.0827,-0.0031,-0.0249,1.4337,-0.5830,0.4170,-0.5830,0.4170,3,3
2247,0,11.2350,-7.7463,17.4715,2.0832,-0.0031,-0.0246,1.4283,0.4170,-0.5815,0.4170,-0.5830,3,3
2248,0,11.2400,-7.7458,17.4755,2.0837,-0.0033,-0.0243,1.4280,0.4170,-0.5830,0.4170,-0.5830,3,3
2249,0,11.2450,-7.7452,17.4795,2.0842,-0.0035,-0.0240,1.4329,0.4170,-0.5830,0.4170,-0.5830,3,3
2250,0,11.2500,-7.7447,17.4834,2.0847,-0.0036,-0.0237,1.4327,-0.5830,0.4170,-0.5830,0.4170,3,3
2251,0,11.2550,-7.7441,17.4874,2.0853,-0.0036,-0.0234,1.4273,-0.5830,0.4170,-0.5830,0.4170,3,3
2252,0,11.2600,-7.7436,17.4914,2.0858,-0.0038,-0.0233,1.4265,0.3335,-0.5830,0.3056,-0.5665,3,3
2253,0,11.2650,-7.7430,17.4953,2.0863,-0.0041,-0.0232,1.4309,0.4170,-0.5830,0.4170,-0.5830,3,3
2254,0,11.2700,-7.7425,17.4993,2.0869,-0.0045,-0.0231,1.4404,0.4170,-0.5830,0.4170,-0.5796,3,3
2255,0,11.2750,-7.7419,17.5032,2.0874,-0.0047,-0.0231,1.4447,-0.5830,0.4094,-0.5830,0.4170,3,3
2256,0,11.2800,-7.7414,17.5071,2.0880,-0.0048,-0.0230,1.4440,-0.5830,0.4170,-0.5830,0.4170,3,3
2257,0,11.2850,-7.7408,17.5111,2.0886,-0.0048,-0.0231,1.4380,-0.5830,0.4170,-0.5830,0.4170,3,3
2258,0,11.2900,-7.7403,17.5150,2.0892,-0.0049,-0.0231,1.4373,0.4170,-0.5830,0.4170,-0.5792,3,3
2259,0,11.2950,-7.7397,17.5189,2.0898,-0.0051,-0.0230,1.4416,0.4170,-0.5830,0.4170,-0.5830,3,3
2260,0,11.3000,-7.7392,17.5228,2.0904,-0.0054,-0.0230,1.4511,0.4170,-0.5830,0.4170,-0.5830,3,3
2261,0,11.3050,-7.7387,17.5268,2.0909,-0.0055,-0.0231,1.4589,-0.5830,-0.2570,-0.5830,-0.2227,3,3
2262,0,11.3100,-7.7381,17.5307,2.0913,-0.0055,-0.0233,1.4615,-0.5830,0.4170,-0.5830,0.4170,3,3
2263,0,11.3150,-7.7376,17.5346,2.0918,-0.0054,-0.0235,1.4589,-0.5830,0.4170,-0.5830,0.4170,3,3
2264,0,11.3200,-7.7371,17.5385,2.0922,-0.0054,-0.0238,1.4586,-0.1417,-0.5830,-0.1580,-0.5755,3,3
2265,0,11.3250,-7.7365,17.5424,2.0925,-0.0054,-0.0241,1.4634,0.4170,-0.5830,0.4170,-0.5830,3,3
2266,0,11.3300,-7.7360,17.5462,2.0929,-0.0057,-0.0243,1.4733,0.4170,-0.5830,0.4170,-0.5830,3,3
2267,0,11.3350,-7.7355,17.5501,2.0932,-0.0057,-0.0246,1.4802,-0.5830,0.0015,-0.5830,0.0134,3,3
2268,0,11.3400,-7.7350,17.5540,2.0935,-0.0057,-0.0250,1.4820,-0.5830,0.4170,-0.5830,0.4170,3,3
2269,0,11.3450,-7.7344,17.5579,2.0938,-0.0055,-0.0254,1.4786,-0.5830,0.4170,-0.5830,0.4170,3,3
2270,0,11.3500,-7.7339,17.5617,2.0940,-0.0055,-0.0258,1.4789,0.1519,-0.5812,0.1433,-0.5830,3,3
2271,0,11.3550,-7.7334,17.5656,2.0942,-0.0055,-0.0256,1.4827,0.0838,-0.5265,0.1406,-0.5830,3,3
2272,0,11.3600,-7.7329,17.5695,2.0944,-0.0056,-0.0252,1.4815,-0.5830,0.4170,-0.5830,0.3828,3,3
2273,0,11.3650,-7.7324,17.5733,2.0946,-0.0056,-0.0249,1.4751,-0.5830,0.4170,-0.5830,0.4170,3,3
2274,0,11.3700,-7.7319,17.5772,2.0947,-0.0056,-0.0242,1.4674,-0.5400,-0.2568,-0.5114,-0.2918,3,3
2275,0,11.3750,-7.7313,17.5810,2.0948,-0.0057,-0.0235,1.4648,0.4170,-0.5830,0.4170,-0.5830,3,3
2276,0,11.3800,-7.7308,17.5848,2.0948,-0.0059,-0.0228,1.4674,0.4170,-0.5830,0.4170,-0.5830,3,3
2277,0,11.3850,-7.7303,17.5887,2.0948,-0.0061,-0.0219,1.4717,-0.1400,-0.4423,-0.1200,-0.4625,3,3
2278,0,11.3900,-7.7298,17.5925,2.0948,-0.0063,-0.0210,1.4708,-0.5830,0.4170,-0.5830,0.4170,3,3
2279,0,11.3950,-7.7293,17.5963,2.0948,-0.0063,-0.0201,1.4647,-0.5830,0.4170,-0.5830,0.4170,3,3
2280,0,11.4000,-7.7288,17.6001,2.0947,-0.0064,-0.0192,1.4564,-0.5830,-0.1320,-0.5830,-0.1449,3,3
2281,0,11.4050,-7.7283,17.6039,2.0946,-0.0065,-0.0182,1.4532,0.4170,-0.5830,0.4170,-0.5830,3,3
2282,0,11.4100,-7.7278,17.6077,2.0945,-0.0068,-0.0172,1.4552,0.4170,-0.5830,0.4170,-0.5830,3,3
2283,0,11.4150,-7.7273,17.6115,2.0943,-0.0070,-0.0164,1.4576,-0.2206,-0.3276,-0.2379,-0.3044,3,3
2284,0,11.4200,-7.7268,17.6153,2.0941,-0.0072,-0.0157,1.4549,-0.5830,0.4170,-0.5830,0.4170,3,3
2285,0,11.4250,-7.7263,17.6191,2.0940,-0.0072,-0.0149,1.4470,-0.5830,0.4170,-0.5830,0.4170,3,3
2286,0,11.4300,-7.7258,17.6229,2.0937,-0.0072,-0.0144,1.4384,-0.3433,-0.2264,-0.3535,-0.2066,3,3
2287,0,11.4350,-7.7253,17.6267,2.0935,-0.0073,-0.0138,1.4350,0.4170,-0.5830,0.4170,-0.5830,3,3
2288,0,11.4400,-7.7249,17.6305,2.0932,-0.0075,-0.0132,1.4368,0.4170,-0.5830,0.4170,-0.5830,3,3
2289,0,11.4450,-7.7244,17.6343,2.0930,-0.0075,-0.0126,1.4393,-0.1425,-0.3150,-0.1404,-0.2934,3,3
2290,0,11.4500,-7.7239,17.6381,2.0927,-0.0075,-0.0121,1.4368,-0.5830,0.4170,-0.5830,0.4170,3,3
2291,0,11.4550,-7.7234,17.6419,2.0924,-0.0072,-0.0120,1.4296,-0.5799,0.2962,-0.5830,0.3499,3,3
2292,0,11.4600,-7.7229,17.6457,2.0921,-0.0069,-0.0118,1.4275,0.4170,-0.5830,0.4170,-0.5830,3,3
2293,0,11.4650,-7.7225,17.6494,2.0919,-0.0067,-0.0115,1.4306,0.4170,-0.5830,0.4170,-0.5830,3,3
2294,0,11.4700,-7.7220,17.6532,2.0916,-0.0065,-0.0112,1.4388,0.4170,-0.5830,0.4170,-0.5830,3,3
2295,0,11.4750,-7.7215,17.6570,2.0914,-0.0063,-0.0110,1.4418,-0.5830,0.4170,-0.5830,0.4170,3,3
2296,0,11.4800,-7.7210,17.6607,2.0911,-0.0060,-0.0108,1.4398,-0.5830,0.4170,-0.5830,0.4170,3,3
2297,0,11.4850,-7.7206,17.6645,2.0909,-0.0057,-0.0106,1.4325,-0.5830,0.4170,-0.5830,0.4170,3,3
2298,0,11.4900,-7.7201,17.6683,2.0907,-0.0054,-0.0104,1.4305,0.4170,-0.5830,0.4170,-0.5830,3,3
2299,0,11.4950,-7.7196,17.6720,2.0905,-0.0052,-0.0102,1.4335,0.4170,-0.5830,0.4170,-0.5830,3,3
2300,0,11.5000,-7.7192,17.6758,2.0903,-0.0051,-0.0099,1.4417,0.4170,-0.5830,0.4170,-0.5830,3,3
2301,0,11.5050,-7.7187,17.6795,2.0901,-0.0049,-0.0100,1.4496,-0.2735,-0.2346,-0.3094,-0.2045,3,3
2302,0,11.5100,-7.7183,17.6833,2.0898,-0.0047,-0.0101,1.4523,-0.5830,0.4170,-0.5830,0.4170,3,3
2303,0,11.5150,-7.7178,17.6871,2.0896,-0.0045,-0.0103,1.4498,-0.5830,0.4170,-0.5830,0.4170,3,3
2304,0,11.5200,-7.7173,17.6908,2.0893,-0.0043,-0.0106,1.4478,-0.1626,-0.2684,-0.1873,-0.2522,3,3
2305,0,11.5250,-7.7169,17.6946,2.0890,-0.0042,-0.0109,1.4510,0.4170,-0.5830,0.4170,-0.5830,3,3
2306,0,11.5300,-7.7164,17.6983,2.0887,-0.0041,-0.0112,1.4592,0.4170,-0.5830,0.4170,-0.5830,3,3
2307,0,11.5350,-7.7160,17.7021,2.0884,-0.0040,-0.0117,1.4669,-0.2914,-0.1772,-0.3028,-0.1656,3,3
2308,0,11.5400,-7.7155,17.7058,2.0881,-0.0039,-0.0121,1.4694,-0.5830,0.4170,-0.5830,0.4170,3,3
2309,0,11.5450,-7.7151,17.7095,2.0878,-0.0037,-0.0126,1.4667,-0.5830,0.4170,-0.5830,0.4170,3,3
2310,0,11.5500,-7.7146,17.7133,2.0874,-0.0035,-0.0131,1.4649,-0.0954,-0.2616,-0.1050,-0.2619,3,3
2311,0,11.5550,-7.7142,17.7170,2.0870,-0.0034,-0.0131,1.4636,-0.1696,-0.2153,-0.1168,-0.2666,3,3
2312,0,11.5600,-7.7137,17.7207,2.0866,-0.0032,-0.0125,1.4607,-0.3988,-0.0447,-0.3413,-0.0951,3,3
2313,0,11.5650,-7.7133,17.7245,2.0861,-0.0030,-0.0115,1.4551,-0.5204,0.0500,-0.4886,0.0126,3,3
2314,0,11.5700,-7.7128,17.7282,2.0855,-0.0028,-0.0104,1.4503,-0.0433,-0.1908,-0.0378,-0.2154,3,3
2315,0,11.5750,-7.7124,17.7319,2.0850,-0.0028,-0.0093,1.4506,0.4170,-0.5830,0.4170,-0.5830,3,3
2316,0,11.5800,-7.7119,17.7356,2.0845,-0.0028,-0.0081,1.4561,0.4170,-0.5830,0.4170,-0.5830,3,3
2317,0,11.5850,-7.7115,17.7393,2.0840,-0.0027,-0.0070,1.4565,-0.5830,0.4170,-0.5830,0.4170,3,3
2318,0,11.5900,-7.7111,17.7430,2.0835,-0.0026,-0.0058,1.4517,-0.5830,0.4170,-0.5830,0.4170,3,3
2319,0,11.5950,-7.7106,17.7468,2.0831,-0.0025,-0.0047,1.4418,-0.5830,0.4170,-0.5830,0.4170,3,3
2320,0,11.6000,-7.7102,17.7505,2.0826,-0.0025,-0.0036,1.4370,0.4170,-0.5830,0.4160,-0.5830,3,3
2321,0,11.6050,-7.7097,17.7542,2.0822,-0.0024,-0.0025,1.4373,0.4170,-0.5830,0.4170,-0.5830,3,3
2322,0,11.6100,-7.7093,17.7579,2.0817,-0.0024,-0.0018,1.4407,0.2561,-0.3875,0.2015,-0.3446,3,3
2323,0,11.6150,-7.7089,17.7616,2.0813,-0.0024,-0.0012,1.4390,-0.5830,0.4170,-0.5830,0.4170,3,3
2324,0,11.6200,-7.7084,17.7653,2.0809,-0.0024,-0.0006,1.4321,-0.5830,0.4170,-0.5830,0.4170,3,3
2325,0,11.6250,-7.7080,17.7690,2.0805,-0.0023,-0.0003,1.4212,-0.5759,0.2009,-0.5830,0.2370,3,3
2326,0,11.6300,-7.7076,17.7727,2.0800,-0.0021,0.0001,1.4153,0.4170,-0.5830,0.4170,-0.5830,3,3
2327,0,11.6350,-7.7071,17.7765,2.0796,-0.0020,0.0005,1.4147,0.4170,-0.5830,0.4170,-0.5830,3,3
2328,0,11.6400,-7.7067,17.7802,2.0792,-0.0018,0.0008,1.4191,0.4170,-0.5830,0.4170,-0.5764,3,3
2329,0,11.6450,-7.7062,17.7839,2.0788,-0.0016,0.0012,1.4184,-0.5830,0.4170,-0.5830,0.4170,3,3
2330,0,11.6500,-7.7058,17.7876,2.0784,-0.0015,0.0015,1.4126,-0.5830,0.4170,-0.5830,0.4170,3,3
2331,0,11.6550,-7.7054,17.7913,2.0781,-0.0013,0.0019,1.4016,-0.5830,0.4170,-0.5830,0.4170,3,3
2332,0,11.6600,-7.7049,17.7950,2.0777,-0.0011,0.0015,1.3939,0.2842,-0.4262,0.2239,-0.3557,3,3
2333,0,11.6650,-7.7045,17.7987,2.0774,-0.0009,0.0011,1.3914,0.4170,-0.5830,0.4170,-0.5830,3,3
2334,0,11.6700,-7.7041,17.8025,2.0771,-0.0006,0.0008,1.3940,0.4170,-0.5830,0.4170,-0.5830,3,3
2335,0,11.6750,-7.7036,17.8062,2.0767,-0.0001,0.0001,1.3921,-0.5752,0.2702,-0.5830,0.3287,3,3
2336,0,11.6800,-7.7032,17.8099,2.0764,0.0004,-0.0006,1.3851,-0.5830,0.4170,-0.5830,0.4170,3,3
2337,0,11.6850,-7.7028,17.8136,2.0761,0.0009,-0.0013,1.3729,-0.5830,0.4170,-0.5830,0.4170,3,3
2338,0,11.6900,-7.7023,17.8173,2.0758,0.0014,-0.0021,1.3658,0.4170,-0.5830,0.4170,-0.5817,3,3
2339,0,11.6950,-7.7019,17.8210,2.0755,0.0019,-0.0028,1.3639,0.4170,-0.5830,0.4170,-0.5830,3,3
2340,0,11.7000,-7.7015,17.8248,2.0752,0.0024,-0.0035,1.3672,0.4170,-0.5830,0.4170,-0.5830,3,3
2341,0,11.7050,-7.7010,17.8285,2.0749,0.0028,-0.0043,1.3756,0.4170,-0.5830,0.4170,-0.5830,3,3
2342,0,11.7100,-7.7006,17.8322,2.0746,0.0035,-0.0053,1.3790,-0.5814,0.3653,-0.5830,0.4109,3,3
2343,0,11.7150,-7.7002,17.8359,2.0744,0.0043,-0.0062,1.3772,-0.5830,0.4170,-0.5830,0.4170,3,3
2344,0,11.7200,-7.6997,17.8396,2.0741,0.0051,-0.0072,1.3703,-0.5830,0.4160,-0.5830,0.4170,3,3
2345,0,11.7250,-7.6993,17.8433,2.0739,0.0058,-0.0081,1.3686,0.4170,-0.5830,0.4170,-0.5830,3,3
2346,0,11.7300,-7.6989,17.8470,2.0737,0.0065,-0.0091,1.3720,0.4170,-0.5830,0.4170,-0.5830,3,3
2347,0,11.7350,-7.6984,17.8507,2.0735,0.0072,-0.0102,1.3805,0.4170,-0.5830,0.4170,-0.5830,3,3
2348,0,11.7400,-7.6980,17.8544,2.0733,0.0079,-0.0112,1.3839,-0.5830,0.4168,-0.5830,0.4170,3,3
2349,0,11.7450,-7.6975,17.8581,2.0731,0.0086,-0.0121,1.3822,-0.5830,0.4170,-0.5830,0.4170,3,3
2350,0,11.7500,-7.6971,17.8618,2.0729,0.0095,-0.0131,1.3753,-0.5830,0.4170,-0.5830,0.4170,3,3
2351,0,11.7550,-7.6967,17.8655,2.0727,0.0104,-0.0140,1.3644,-0.5830,0.1909,-0.5830,0.2001,3,3
2352,0,11.7600,-7.6962,17.8692,2.0725,0.0113,-0.0150,1.3586,0.4170,-0.5830,0.4170,-0.5830,3,3
2353,0,11.7650,-7.6958,17.8729,2.0723,0.0121,-0.0160,1.3580,0.4170,-0.5830,0.4170,-0.5830,3,3
2354,0,11.7700,-7.6953,17.8766,2.0721,0.0128,-0.0171,1.3625,0.4170,-0.5830,0.4170,-0.5830,3,3
2355,0,11.7750,-7.6949,17.8802,2.0720,0.0136,-0.0181,1.3619,-0.5830,0.4170,-0.5830,0.4170,3,3
2356,0,11.7800,-7.6944,17.8839,2.0718,0.0145,-0.0191,1.3562,-0.5830,0.4170,-0.5830,0.4170,3,3
2357,0,11.7850,-7.6939,17.8876,2.0716,0.0155,-0.0199,1.3453,-0.5830,0.4170,-0.5830,0.4170,3,3
2358,0,11.7900,-7.6935,17.8912,2.0715,0.0164,-0.0209,1.3395,0.4150,-0.5810,0.4170,-0.5830,3,3
2359,0,11.7950,-7.6930,17.8949,2.0714,0.0172,-0.0219,1.3389,0.4170,-0.5830,0.4170,-0.5830,3,3
2360,0,11.8000,-7.6925,17.8985,2.0713,0.0178,-0.0230,1.3434,0.4170,-0.5830,0.4170,-0.5830,3,3
2361,0,11.8050,-7.6921,17.9021,2.0712,0.0185,-0.0242,1.3530,0.4170,-0.5830,0.4162,-0.5671,3,3
2362,0,11.8100,-7.6916,17.9058,2.0711,0.0192,-0.0254,1.3575,-0.5830,0.4170,-0.5830,0.4170,3,3
2363,0,11.8150,-7.6911,17.9094,2.0710,0.0201,-0.0265,1.3568,-0.5830,0.4170,-0.5830,0.4170,3,3
2364,0,11.8200,-7.6906,17.9130,2.0710,0.0211,-0.0275,1.3510,-0.5830,0.4170,-0.5830,0.4170,3,3
2365,0,11.8250,-7.6902,17.9166,2.0709,0.0220,-0.0286,1.3503,0.4170,-0.5830,0.4099,-0.5830,3,3
2366,0,11.8300,-7.6897,17.9202,2.0709,0.0227,-0.0299,1.3548,0.4170,-0.5830,0.4170,-0.5830,3,3
2367,0,11.8350,-7.6892,17.9238,2.0708,0.0232,-0.0312,1.3643,0.4170,-0.5830,0.4170,-0.5830,3,3
2368,0,11.8400,-7.6887,17.9274,2.0708,0.0239,-0.0324,1.3688,-0.5830,0.4170,-0.5830,0.4170,3,3
2369,0,11.8450,-7.6882,17.9310,2.0708,0.0248,-0.0335,1.3681,-0.5830,0.4170,-0.5830,0.4170,3,3
2370,0,11.8500,-7.6877,17.9345,2.0708,0.0258,-0.0345,1.3623,-0.5830,0.4170,-0.5830,0.4170,3,3
2371,0,11.8550,-7.6872,17.9381,2.0708,0.0271,-0.0354,1.3513,-0.5830,0.4170,-0.5830,0.4170,3,3
2372,0,11.8600,-7.6867,17.9416,2.0709,0.0281,-0.0363,1.3454,0.4170,-0.5790,0.4170,-0.5830,3,3
2373,0,11.8650,-7.6861,17.9451,2.0709,0.0289,-0.0374,1.3447,0.4170,-0.5830,0.4170,-0.5830,3,3
2374,0,11.8700,-7.6856,17.9487,2.0710,0.0296,-0.0386,1.3491,0.4170,-0.5830,0.4170,-0.5830,3,3
2375,0,11.8750,-7.6851,17.9522,2.0710,0.0304,-0.0397,1.3484,-0.5830,0.4170,-0.5830,0.4170,3,3
2376,0,11.8800,-7.6846,17.9557,2.0711,0.0315,-0.0407,1.3426,-0.5830,0.4170,-0.5830,0.4170,3,3
2377,0,11.8850,-7.6840,17.9592,2.0712,0.0328,-0.0414,1.3316,-0.5830,0.4170,-0.5830,0.4170,3,3
2378,0,11.8900,-7.6835,17.9626,2.0713,0.0338,-0.0423,1.3257,0.4170,-0.5730,0.4170,-0.5830,3,3
2379,0,11.8950,-7.6829,17.9661,2.0714,0.0345,-0.0433,1.3249,0.4170,-0.5830,0.4170,-0.5830,3,3
2380,0,11.9000,-7.6824,17.9695,2.0715,0.0351,-0.0445,1.3293,0.4170,-0.5801,0.4170,-0.5830,3,3
2381,0,11.9050,-7.6818,17.9730,2.0717,0.0354,-0.0459,1.3389,0.4170,-0.5830,0.4170,-0.5830,3,3
2382,0,11.9100,-7.6812,17.9764,2.0718,0.0359,-0.0471,1.3433,-0.5830,0.4170,-0.5830,0.4170,3,3
2383,0,11.9150,-7.6806,17.9798,2.0720,0.0367,-0.0481,1.3425,-0.5830,0.4170,-0.5830,0.4170,3,3
2384,0,11.9200,-7.6801,17.9832,2.0721,0.0377,-0.0489,1.3366,-0.5830,0.4170,-0.5830,0.4170,3,3
2385,0,11.9250,-7.6795,17.9865,2.0723,0.0385,-0.0499,1.3359,0.4170,-0.5810,0.4170,-0.5830,3,3
2386,0,11.9300,-7.6789,17.9899,2.0725,0.0390,-0.0511,1.3403,0.4170,-0.5830,0.4170,-0.5830,3,3
2387,0,11.9350,-7.6783,17.9933,2.0727,0.0393,-0.0525,1.3498,0.4170,-0.5830,0.4170,-0.5830,3,3
2388,0,11.9400,-7.6777,17.9966,2.0729,0.0398,-0.0537,1.3542,-0.5830,0.4170,-0.5830,0.4170,3,3
2389,0,11.9450,-7.6770,17.9999,2.0731,0.0406,-0.0547,1.3534,-0.5830,0.4170,-0.5830,0.4170,3,3
2390,0,11.9500,-7.6764,18.0032,2.0734,0.0417,-0.0554,1.3475,-0.5830,0.4170,-0.5830,0.4170,3,3
2391,0,11.9550,-7.6758,18.0065,2.0736,0.0429,-0.0559,1.3365,-0.5830,0.4170,-0.5830,0.3946,3,3
2392,0,11.9600,-7.6751,18.0098,2.0739,0.0437,-0.0564,1.3307,0.4170,-0.5633,0.4170,-0.5830,3,3
2393,0,11.9650,-7.6745,18.0130,2.0742,0.0443,-0.0572,1.3299,0.4170,-0.5830,0.4170,-0.5830,3,3
2394,0,11.9700,-7.6738,18.0162,2.0744,0.0445,-0.0581,1.3343,0.4170,-0.5741,0.4170,-0.5830,3,3
2395,0,11.9750,-7.6732,18.0195,2.0747,0.0449,-0.0587,1.3336,-0.5830,0.4170,-0.5830,0.3978,3,3
2396,0,11.9800,-7.6725,18.0226,2.0750,0.0456,-0.0591,1.3277,-0.5830,0.4170,-0.5830,0.4170,3,3
2397,0,11.9850,-7.6718,18.0258,2.0753,0.0466,-0.0592,1.3168,-0.5830,0.4170,-0.5830,0.4054,3,3
2398,0,11.9900,-7.6712,18.0290,2.0757,0.0471,-0.0594,1.3109,0.4170,-0.5665,0.4170,-0.5830,3,3
2399,0,11.9950,-7.6705,18.0321,2.0760,0.0474,-0.0598,1.3102,0.4170,-0.5830,0.4170,-0.5830,3,3
2400,0,12.0000,-7.6698,18.0353,2.0763,0.0473,-0.0605,1.3146,0.4170,-0.5759,0.4170,-0.5830,3,3
2401,0,12.0050,-7.6690,18.0384,2.0767,0.0468,-0.0614,1.3242,0.4170,-0.5830,0.4170,-0.5830,3,3
2402,0,12.0100,-7.6683,18.0415,2.0771,0.0467,-0.0621,1.3286,-0.5830,0.4170,-0.5830,0.4170,3,3
2403,0,12.0150,-7.6676,18.0445,2.0775,0.0470,-0.0625,1.3279,-0.5830,0.4170,-0.5830,0.4170,3,3
2404,0,12.0200,-7.6669,18.0476,2.0779,0.0475,-0.0627,1.3220,-0.5830,0.4170,-0.5830,0.4170,3,3
2405,0,12.0250,-7.6661,18.0506,2.0783,0.0477,-0.0631,1.3212,0.4170,-0.5787,0.4170,-0.5830,3,3
2406,0,12.0300,-7.6654,18.0536,2.0787,0.0475,-0.0637,1.3256,0.4170,-0.5830,0.4170,-0.5830,3,3
2407,0,12.0350,-7.6646,18.0566,2.0791,0.0471,-0.0646,1.3352,0.4170,-0.5830,0.4170,-0.5830,3,3
2408,0,12.0400,-7.6639,18.0596,2.0795,0.0469,-0.0652,1.3396,-0.5830,0.4170,-0.5830,0.4170,3,3
2409,0,12.0450,-7.6631,18.0626,2.0800,0.0471,-0.0656,1.3389,-0.5830,0.4170,-0.5830,0.4170,3,3
2410,0,12.0500,-7.6623,18.0655,2.0804,0.0477,-0.0657,1.3330,-0.5830,0.4170,-0.5830,0.4116,3,3
2411,0,12.0550,-7.6615,18.0684,2.0809,0.0483,-0.0654,1.3220,-0.5830,0.4170,-0.5830,0.3880,3,3
2412,0,12.0600,-7.6607,18.0713,2.0814,0.0486,-0.0653,1.3162,0.4170,-0.5633,0.4170,-0.5830,3,3
2413,0,12.0650,-7.6599,18.0742,2.0819,0.0485,-0.0654,1.3155,0.4170,-0.5830,0.4170,-0.5830,3,3
2414,0,12.0700,-7.6591,18.0771,2.0824,0.0480,-0.0657,1.3200,0.4170,-0.5747,0.4170,-0.5830,3,3
2415,0,12.0750,-7.6583,18.0799,2.0829,0.0478,-0.0657,1.3193,-0.5830,0.4170,-0.5830,0.4035,3,3
2416,0,12.0800,-7.6575,18.0827,2.0834,0.0479,-0.0655,1.3135,-0.5830,0.4170,-0.5830,0.4170,3,3
2417,0,12.0850,-7.6566,18.0855,2.0839,0.0483,-0.0649,1.3025,-0.5830,0.4170,-0.5830,0.4051,3,3
2418,0,12.0900,-7.6558,18.0883,2.0845,0.0482,-0.0645,1.2967,0.4170,-0.5695,0.4170,-0.5830,3,3
2419,0,12.0950,-7.6549,18.0911,2.0850,0.0479,-0.0644,1.2961,0.4170,-0.5830,0.4170,-0.5830,3,3
2420,0,12.1000,-7.6541,18.0938,2.0856,0.0472,-0.0644,1.3005,0.4170,-0.5786,0.4170,-0.5830,3,3
2421,0,12.1050,-7.6532,18.0966,2.0862,0.0461,-0.0647,1.3102,0.4170,-0.5830,0.4170,-0.5830,3,3
2422,0,12.1100,-7.6523,18.0993,2.0868,0.0454,-0.0648,1.3146,-0.5830,0.4170,-0.5830,0.4170,3,3
2423,0,12.1150,-7.6515,18.1020,2.0874,0.0450,-0.0647,1.3140,-0.5830,0.4170,-0.5830,0.4170,3,3
2424,0,12.1200,-7.6506,18.1046,2.0880,0.0450,-0.0643,1.3081,-0.5830,0.4170,-0.5830,0.4170,3,3
2425,0,12.1250,-7.6497,18.1073,2.0886,0.0446,-0.0641,1.3075,0.4170,-0.5819,0.4159,-0.5830,3,3
2426,0,12.1300,-7.6488,18.1099,2.0892,0.0439,-0.0642,1.3119,0.4170,-0.5830,0.4170,-0.5830,3,3
2427,0,12.1350,-7.6479,18.1125,2.0899,0.0428,-0.0645,1.3215,0.4170,-0.5830,0.4170,-0.5830,3,3
2428,0,12.1400,-7.6470,18.1151,2.0905,0.0421,-0.0645,1.3260,-0.5830,0.4170,-0.5830,0.4170,3,3
2429,0,12.1450,-7.6460,18.1177,2.0912,0.0417,-0.0644,1.3253,-0.5830,0.4170,-0.5830,0.4170,3,3
2430,0,12.1500,-7.6451,18.1202,2.0919,0.0415,-0.0639,1.3195,-0.5830,0.4148,-0.5830,0.3977,3,3
2431,0,12.1550,-7.6442,18.1228,2.0926,0.0415,-0.0631,1.3087,-0.5830,0.4155,-0.5830,0.3799,3,3
2432,0,12.1600,-7.6432,18.1253,2.0933,0.0411,-0.0624,1.3030,0.4170,-0.5724,0.4150,-0.5830,3,3
2433,0,12.1650,-7.6423,18.1278,2.0940,0.0403,-0.0619,1.3025,0.4170,-0.5830,0.4170,-0.5830,3,3
2434,0,12.1700,-7.6413,18.1303,2.0947,0.0392,-0.0617,1.3071,0.4170,-0.5821,0.4163,-0.5830,3,3
2435,0,12.1750,-7.6404,18.1327,2.0954,0.0385,-0.0612,1.3065,-0.5830,0.4170,-0.5830,0.4170,3,3
2436,0,12.1800,-7.6394,18.1352,2.0961,0.0380,-0.0605,1.3008,-0.5830,0.4170,-0.5830,0.4170,3,3
2437,0,12.1850,-7.6385,18.1376,2.0969,0.0379,-0.0597,1.2900,-0.5830,0.4170,-0.5830,0.4170,3,3
2438,0,12.1900,-7.6375,18.1400,2.0977,0.0374,-0.0590,1.2843,0.4170,-0.5782,0.4107,-0.5830,3,3
2439,0,12.1950,-7.6365,18.1424,2.0984,0.0366,-0.0585,1.2837,0.4170,-0.5830,0.4170,-0.5830,3,3
2440,0,12.2000,-7.6355,18.1448,2.0992,0.0354,-0.0583,1.2882,0.4170,-0.5830,0.4170,-0.5830,3,3
2441,0,12.2050,-7.6345,18.1472,2.1000,0.0340,-0.0582,1.2980,0.4170,-0.5830,0.4155,-0.5830,3,3
2442,0,12.2100,-7.6335,18.1495,2.1008,0.0330,-0.0580,1.3026,-0.5830,0.4008,-0.5830,0.4170,3,3
2443,0,12.2150,-7.6326,18.1518,2.1016,0.0322,-0.0576,1.3020,-0.5830,0.4170,-0.5830,0.4170,3,3
2444,0,12.2200,-7.6316,18.1541,2.1024,0.0318,-0.0571,1.2964,-0.5830,0.4010,-0.5830,0.4102,3,3
2445,0,12.2250,-7.6306,18.1564,2.1033,0.0311,-0.0569,1.2959,0.4170,-0.5830,0.4091,-0.5830,3,3
2446,0,12.2300,-7.6295,18.1587,2.1041,0.0301,-0.0567,1.3005,0.4170,-0.5830,0.4170,-0.5830,3,3
2447,0,12.2350,-7.6285,18.1610,2.1050,0.0287,-0.0568,1.3103,0.4170,-0.5830,0.4134,-0.5830,3,3
2448,0,12.2400,-7.6275,18.1632,2.1058,0.0277,-0.0567,1.3149,-0.5830,0.4170,-0.5830,0.4170,3,3
2449,0,12.2450,-7.6265,18.1655,2.1067,0.0269,-0.0565,1.3144,-0.5830,0.4170,-0.5830,0.4170,3,3
2450,0,12.2500,-7.6255,18.1677,2.1076,0.0265,-0.0561,1.3088,-0.5830,0.3934,-0.5830,0.3966,3,3
2451,0,12.2550,-7.6245,18.1699,2.1085,0.0263,-0.0555,1.2981,-0.5830,0.4159,-0.5830,0.4042,3,3
2452,0,12.2600,-7.6234,18.1721,2.1094,0.0255,-0.0552,1.2925,0.4170,-0.5732,0.3883,-0.5830,3,3
2453,0,12.2650,-7.6224,18.1742,2.1103,0.0245,-0.0550,1.2920,0.4170,-0.5830,0.4170,-0.5830,3,3
2454,0,12.2700,-7.6214,18.1764,2.1112,0.0232,-0.0550,1.2967,0.4170,-0.5817,0.4127,-0.5830,3,3
2455,0,12.2750,-7.6203,18.1785,2.1122,0.0222,-0.0548,1.2962,-0.5830,0.4170,-0.5830,0.4170,3,3
2456,0,12.2800,-7.6193,18.1806,2.1131,0.0214,-0.0545,1.2906,-0.5830,0.4170,-0.5830,0.4170,3,3
2457,0,12.2850,-7.6183,18.1828,2.1141,0.0210,-0.0542,1.2799,-0.5830,0.3948,-0.5830,0.3988,3,3
2458,0,12.2900,-7.6172,18.1848,2.1150,0.0202,-0.0539,1.2744,0.4170,-0.5816,0.4167,-0.5830,3,3
2459,0,12.2950,-7.6162,18.1869,2.1160,0.0192,-0.0537,1.2740,0.4170,-0.5830,0.4170,-0.5830,3,3
2460,0,12.3000,-7.6152,18.1890,2.1170,0.0178,-0.0537,1.2786,0.4015,-0.5805,0.3928,-0.5830,3,3
2461,0,12.3050,-7.6141,18.1910,2.1180,0.0161,-0.0539,1.2884,0.4170,-0.5830,0.3944,-0.5767,3,3
2462,0,12.3100,-7.6131,18.1931,2.1190,0.0149,-0.0542,1.2931,-0.5830,0.3575,-0.5830,0.3940,3,3
2463,0,12.3150,-7.6120,18.1951,2.1200,0.0139,-0.0544,1.2928,-0.5830,0.4170,-0.5830,0.4170,3,3
2464,0,12.3200,-7.6110,18.1971,2.1210,0.0132,-0.0546,1.2873,-0.5830,0.4090,-0.5830,0.4170,3,3
2465,0,12.3250,-7.6100,18.1991,2.1220,0.0123,-0.0549,1.2868,0.3942,-0.5830,0.3934,-0.5821,3,3
2466,0,12.3300,-7.6089,18.2011,2.1230,0.0111,-0.0552,1.2915,0.4170,-0.5830,0.4170,-0.5830,3,3
2467,0,12.3350,-7.6079,18.2030,2.1241,0.0096,-0.0556,1.3013,0.4170,-0.5830,0.4170,-0.5830,3,3
2468,0,12.3400,-7.6069,18.2050,2.1251,0.0085,-0.0561,1.3062,-0.5830,0.3631,-0.5830,0.3833,3,3
2469,0,12.3450,-7.6058,18.2069,2.1262,0.0077,-0.0565,1.3060,-0.5830,0.4170,-0.5830,0.4170,3,3
2470,0,12.3500,-7.6048,18.2089,2.1273,0.0071,-0.0568,1.3006,-0.5830,0.4170,-0.5830,0.4170,3,3
2471,0,12.3550,-7.6038,18.2108,2.1283,0.0069,-0.0572,1.2901,-0.5830,0.4170,-0.5830,0.4170,3,3
2472,0,12.3600,-7.6027,18.2127,2.1294,0.0065,-0.0573,1.2841,0.2907,-0.5748,0.3167,-0.5830,3,3
2473,0,12.3650,-7.6017,18.2145,2.1305,0.0058,-0.0575,1.2832,0.4170,-0.5830,0.4170,-0.5830,3,3
2474,0,12.3700,-7.6007,18.2164,2.1316,0.0048,-0.0578,1.2875,0.4170,-0.5830,0.4170,-0.5830,3,3
2475,0,12.3750,-7.5997,18.2183,2.1326,0.0040,-0.0580,1.2876,-0.5830,0.2327,-0.5830,0.2279,3,3
2476,0,12.3800,-7.5987,18.2201,2.1337,0.0035,-0.0581,1.2826,-0.5830,0.4170,-0.5830,0.4170,3,3
2477,0,12.3850,-7.5977,18.2219,2.1347,0.0033,-0.0583,1.2724,-0.5830,0.4170,-0.5830,0.4170,3,3
2478,0,12.3900,-7.5966,18.2237,2.1358,0.0031,-0.0582,1.2661,0.1579,-0.5757,0.1874,-0.5830,3,3
2479,0,12.3950,-7.5956,18.2255,2.1368,0.0025,-0.0582,1.2650,0.4170,-0.5830,0.4170,-0.5830,3,3
2480,0,12.4000,-7.5946,18.2273,2.1378,0.0016,-0.0582,1.2690,0.4170,-0.5830,0.4170,-0.5830,3,3
2481,0,12.4050,-7.5936,18.2291,2.1389,0.0004,-0.0582,1.2781,0.4170,-0.5830,0.4170,-0.5830,3,3
2482,0,12.4100,-7.5926,18.2308,2.1398,-0.0005,-0.0583,1.2841,-0.5830,0.0221,-0.5830,0.0393,3,3
2483,0,12.4150,-7.5917,18.2326,2.1408,-0.0011,-0.0584,1.2849,-0.5830,0.4170,-0.5830,0.4170,3,3
2484,0,12.4200,-7.5907,18.2343,2.1418,-0.0014,-0.0585,1.2806,-0.5830,0.4170,-0.5830,0.4170,3,3
2485,0,12.4250,-7.5897,18.2361,2.1427,-0.0018,-0.0585,1.2791,-0.0541,-0.5820,-0.0391,-0.5830,3,3
2486,0,12.4300,-7.5887,18.2378,2.1436,-0.0025,-0.0585,1.2827,0.4170,-0.5830,0.4170,-0.5830,3,3
2487,0,12.4350,-7.5877,18.2395,2.1445,-0.0035,-0.0584,1.2914,0.4170,-0.5830,0.4170,-0.5830,3,3
2488,0,12.4400,-7.5868,18.2412,2.1453,-0.0043,-0.0584,1.2978,-0.5830,-0.1352,-0.5830,-0.1328,3,3
2489,0,12.4450,-7.5858,18.2428,2.1461,-0.0049,-0.0584,1.2991,-0.5830,0.4170,-0.5830,0.4170,3,3
2490,0,12.4500,-7.5848,18.2445,2.1468,-0.0051,-0.0585,1.2952,-0.5830,0.4170,-0.5830,0.4170,3,3
2491,0,12.4550,-7.5839,18.2461,2.1477,-0.0050,-0.0585,1.2862,-0.5830,0.4170,-0.5830,0.4170,3,3
2492,0,12.4600,-7.5829,18.2478,2.1483,-0.0050,-0.0584,1.2789,-0.2679,-0.5732,-0.2407,-0.5830,3,3
2493,0,12.4650,-7.5820,18.2494,2.1490,-0.0052,-0.0582,1.2766,0.4170,-0.5830,0.4170,-0.5830,3,3
2494,0,12.4700,-7.5810,18.2510,2.1496,-0.0058,-0.0580,1.2796,0.4170,-0.5830,0.4170,-0.5830,3,3
2495,0,12.4750,-7.5801,18.2526,2.1501,-0.0063,-0.0577,1.2812,-0.5830,-0.3203,-0.5830,-0.3387,3,3
2496,0,12.4800,-7.5792,18.2542,2.1506,-0.0066,-0.0575,1.2777,-0.5830,0.4170,-0.5830,0.4170,3,3
2497,0,12.4850,-7.5782,18.2558,2.1511,-0.0066,-0.0572,1.2691,-0.5830,0.4170,-0.5830,0.4170,3,3
2498,0,12.4900,-7.5773,18.2574,2.1515,-0.0065,-0.0569,1.2615,-0.3851,-0.5760,-0.3627,-0.5830,3,3
2499,0,12.4950,-7.5764,18.2590,2.1518,-0.0068,-0.0564,1.2590,0.4170,-0.5830,0.4170,-0.5830,3,3
2500,0,12.5000,-7.5755,18.2605,2.1522,-0.0073,-0.0560,1.2617,0.4170,-0.5830,0.4170,-0.5830,3,3
2501,0,12.5050,-7.5746,18.2621,2.1525,-0.0081,-0.0555,1.2696,0.4170,-0.5830,0.4170,-0.5830,3,3
2502,0,12.5100,-7.5737,18.2636,2.1526,-0.0088,-0.0550,1.2770,-0.5830,-0.4938,-0.5830,-0.4864,3,3
2503,0,12.5150,-7.5728,18.2651,2.1528,-0.0093,-0.0546,1.2792,-0.5830,0.4170,-0.5830,0.4170,3,3
2504,0,12.5200,-7.5719,18.2666,2.1530,-0.0095,-0.0542,1.2762,-0.5830,0.4170,-0.5830,0.4170,3,3
2505,0,12.5250,-7.5710,18.2682,2.1529,-0.0097,-0.0538,1.2738,-0.4942,-0.5818,-0.4918,-0.5811,3,3
2506,0,12.5300,-7.5701,18.2697,2.1528,-0.0102,-0.0534,1.2764,0.4170,-0.5830,0.4170,-0.5830,3,3
2507,0,12.5350,-7.5692,18.2711,2.1528,-0.0109,-0.0529,1.2843,0.4170,-0.5830,0.4170,-0.5830,3,3
2508,0,12.5400,-7.5683,18.2726,2.1526,-0.0116,-0.0524,1.2913,-0.5830,-0.4281,-0.5824,-0.4270,3,3
2509,0,12.5450,-7.5674,18.2741,2.1523,-0.0120,-0.0520,1.2932,-0.5830,0.4170,-0.5830,0.4170,3,3
2510,0,12.5500,-7.5666,18.2756,2.1521,-0.0122,-0.0516,1.2899,-0.5830,0.4170,-0.5830,0.4170,3,3
2511,0,12.5550,-7.5657,18.2770,2.1519,-0.0121,-0.0513,1.2815,-0.5830,0.4170,-0.5830,0.4170,3,3
2512,0,12.5600,-7.5649,18.2785,2.1515,-0.0120,-0.0508,1.2734,-0.4079,-0.4637,-0.3918,-0.4780,3,3
2513,0,12.5650,-7.5640,18.2799,2.1512,-0.0121,-0.0503,1.2705,0.4170,-0.5830,0.4170,-0.5830,3,3
2514,0,12.5700,-7.5632,18.2813,2.1508,-0.0125,-0.0497,1.2727,0.4170,-0.5830,0.4170,-0.5830,3,3
2515,0,12.5750,-7.5623,18.2827,2.1503,-0.0129,-0.0490,1.2743,-0.4851,-0.3504,-0.4735,-0.3591,3,3
2516,0,12.5800,-7.5615,18.2841,2.1498,-0.0130,-0.0484,1.2708,-0.5830,0.4170,-0.5830,0.4170,3,3
2517,0,12.5850,-7.5607,18.2855,2.1493,-0.0129,-0.0478,1.2621,-0.5830,0.4170,-0.5830,0.4170,3,3
2518,0,12.5900,-7.5598,18.2869,2.1487,-0.0128,-0.0472,1.2541,-0.2718,-0.4069,-0.2633,-0.4149,3,3
2519,0,12.5950,-7.5590,18.2883,2.1481,-0.0129,-0.0464,1.2513,0.4170,-0.5830,0.4170,-0.5830,3,3
2520,0,12.6000,-7.5582,18.2897,2.1475,-0.0133,-0.0456,1.2537,0.4170,-0.5830,0.4170,-0.5830,3,3
