[21:28:53] job 861 on lane f2-05 hosts=['192.168.0.169']
[21:28:53] clearing stale uartlogs on run hosts
Warning: Permanently added '192.168.0.169' (ED25519) to the list of known hosts.
[21:28:53] === phase INFRASETUP ===
[21:28:53] $ bash -c set -o pipefail; export PATH=/home/ubuntu/miniconda3/bin:/home/ubuntu/miniconda3/condabin:$PATH; unset CONDA_PREFIX CONDA_DEFAULT_ENV CONDA_PROMPT_MODIFIER CONDA_PYTHON_EXE CONDA_SHLVL CONDA_EXE _CE_M _CE_CONDA; source /home/ubuntu/chipyard-rose/env.sh; cd /home/ubuntu/chipyard-rose/sims/firesim; source /home/ubuntu/chipyard-rose/sims/firesim/sourceme-manager.sh --skip-ssh-setup; cd /home/ubuntu/chipyard-rose/sims/firesim/deploy; firesim -c /var/lib/fq/jobs/861/config_runtime.yaml -a /var/lib/fq/jobs/861/config_hwdb.yaml infrasetup
./env.sh: line 4: /scratch/dima/rose-infra/RoSE/soc/sim/chipyard/sims/firesim/../../env.sh: No such file or directory
FireSim Manager. Docs: https://docs.fires.im
Running: infrasetup

Please rename your 'deploy_triplet_override' key in your hwdb entry to 'deploy_quintuplet_override'. Support for 'deploy_triplet_override' will be removed in the future.
firesim_rocket_30MHz_singlecore_no_nic is overriding a deploy quintuplet in your config_hwdb.yaml file. Make sure you understand why!
Please rename your 'deploy_triplet_override' key in your hwdb entry to 'deploy_quintuplet_override'. Support for 'deploy_triplet_override' will be removed in the future.
firesim-rocket-singlecore-fp32gemmini-with-airsim-fast-no-nic-l2-llc4mb-ddr3 is overriding a deploy quintuplet in your config_hwdb.yaml file. Make sure you understand why!
Please rename your 'deploy_triplet_override' key in your hwdb entry to 'deploy_quintuplet_override'. Support for 'deploy_triplet_override' will be removed in the future.
firesim-dual-large-boom-fp32gemmini-singlecore-with-airsim-no-nic-l2-llc4mb-ddr3 is overriding a deploy quintuplet in your config_hwdb.yaml file. Make sure you understand why!
get_local_driver_dir f2-firesim-FireSim-DDR3FRFCFSLLC4MB_WithDefaultFireSimBridges_WithFireSimConfigTweaks_chipyard.RocketConfig-F30MHz_BaseVitisConfig
get_local_driver_dir f2-firesim-FireSim-DDR3FRFCFSLLC4MB_WithDefaultFireSimBridges_WithFireSimConfigTweaks_chipyard.AirSimIOTLFPGemminiLargeBoomConfig-F30MHz_BaseVitisConfig
get_local_driver_dir f2-firesim-FireSim-DDR3FRFCFSLLC4MB_WithDefaultFireSimBridges_WithFireSimConfigTweaks_chipyard.AirSimIOTLFPGemminiLargeDualBoomConfig-F30MHz_BaseVitisConfig
get_local_driver_dir f2-firesim-FireSim-DDR3FRFCFSLLC4MB_WithDefaultFireSimBridges_WithFireSimConfigTweaks_chipyard.AirSimIOTLFPGemminiRocketConfig-F30MHz_BaseVitisConfig
get_local_driver_dir f2-firesim-FireSim-DDR3FRFCFSLLC4MB_WithDefaultFireSimBridges_WithFireSimConfigTweaks_chipyard.AirSimIOTLFPGemminiRocketConfig-F45MHz_BaseVitisConfig
get_local_driver_dir f1-firesim-FireSim-RoseTLRocketMMIOOnlyConfig-BaseF1Config
get_local_driver_dir f1-firesim-FireSim-RoseTLRocketStereoAccRoccMMIOOnlyConfig-BaseF1Config
get_local_driver_dir f1-firesim-FireSim-RoseTLRocketStereoAccMMIOOnlyConfig-BaseF1Config
get_local_driver_dir f1-firesim-FireSim-RoseTLRocketDualDMAMMIOOnlyConfig-BaseF1Config
get_local_driver_dir f1-firesim-FireSim-RoseTLBOOMDualDMAMMIOOnlyConfig-BaseF1Config
get_local_driver_dir xilinx_alveo_u250-firesim-FireSim-RoseTLBOOMDualDMAMMIOOnlyConfig-BaseXilinxAlveoU250Config
get_local_driver_dir xilinx_alveo_u250-firesim-FireSim-RoseTLRocketStereoAccMMIOOnlyConfig-BaseXilinxAlveoU250Config
get_local_driver_dir f1-firesim-FireSim-RoseTLRocketEdgeDetAccMMIOOnlyConfig-BaseF1Config
get_local_driver_dir f1-firesim-FireSim-RoseTLRocketStereoAccNICConfig-BaseF1Config
get_local_driver_dir f1-firesim-FireSim-RocketNICConfig-BaseF1Config
get_local_driver_dir xilinx_alveo_u250-firesim-FireSim-RoseTLRocketMMIOOnlyConfig-BaseXilinxAlveoU250Config
get_local_driver_dir xilinx_alveo_u250-firesim-FireSim-RoseTLRocketSaturnMMIOOnlyConfig-BaseXilinxAlveoU250Config
get_local_driver_dir xilinx_alveo_u250-firesim-FireSim-RoseTLRocketSaturnMMIOOnlyConfig-BaseXilinxAlveoU250Config
get_local_driver_dir xilinx_alveo_u250-firesim-FireSim-RoseTLDualRocketSaturnGemminiMMIOOnlyConfig-BaseXilinxAlveoU250Config
get_local_driver_dir xilinx_alveo_u250-firesim-FireSim-RoseTLDualRocketSaturnGemminiQ31MMIOOnlyConfig-BaseXilinxAlveoU250Config
get_local_driver_dir xilinx_alveo_u250-firesim-FireSim-RoseTLDualRocketSaturnGemminiQ31WsMMIOOnlyConfig-BaseXilinxAlveoU250Config
get_local_driver_dir xilinx_alveo_u250-firesim-FireSim-RoseTLRocketSaturnTacitMMIOOnlyConfig-BaseXilinxAlveoU250Config
get_local_driver_dir xilinx_alveo_u250-firesim-FireSim-RoseTLRocketSaturnDMAMMIOOnlyConfig-BaseXilinxAlveoU250Config
get_local_driver_dir xilinx_alveo_u250-firesim-FireSim-RoseTLRocketSaturnDMAMMIOOnlyConfig-BaseXilinxAlveoU250Config
get_local_driver_dir xilinx_alveo_u250-firesim-FireSim-RoseTLBOOMMMIOOnlyConfig-BaseXilinxAlveoU250Config
get_local_driver_dir xilinx_alveo_u250-firesim-FireSim-RoseTLBOOMGemminiMMIOOnlyConfig-BaseXilinxAlveoU250Config
get_local_driver_dir xilinx_alveo_u250-firesim-FireSim-FireSimRocketConfig-BaseXilinxAlveoU250Config
get_local_driver_dir f2-firesim-FireSim-RoseTLDualSmallTacitMMIOOnlyConfig-BaseF2Config
get_local_driver_dir f2-firesim-FireSim-SatGemDualSmallTacitMMIOOnlyConfig-BaseF2Config
get_local_driver_dir f2-firesim-FireSim-RoseTLDualLargeTacitMMIOOnlyConfig-BaseF2Config
get_local_driver_dir f2-firesim-FireSim-SatGemDualLargeTacitMMIOOnlyConfig-BaseF2Config
get_local_driver_dir f2-firesim-FireSim-RoseTLQuadSmallTacitMMIOOnlyConfig-BaseF2Config
get_local_driver_dir f2-firesim-FireSim-SatGemQuadSmallTacitMMIOOnlyConfig-BaseF2Config
get_local_driver_dir f2-firesim-FireSim-RoseTLQuadLargeTacitMMIOOnlyConfig-BaseF2Config
get_local_driver_dir f2-firesim-FireSim-SatGemQuadLargeTacitMMIOOnlyConfig-BaseF2Config
get_local_driver_dir f2-firesim-FireSim-RoseTLDualSmallTacitMMIOOnlyConfig-BaseF2Config
get_local_driver_dir f2-firesim-FireSim-SatGemDualSmallTacitMMIOOnlyConfig-BaseF2Config
get_local_driver_dir f2-firesim-FireSim-RoseTLDualLargeTacitMMIOOnlyConfig-BaseF2Config
get_local_driver_dir f2-firesim-FireSim-SatGemDualLargeTacitMMIOOnlyConfig-BaseF2Config
get_local_driver_dir f2-firesim-FireSim-RoseTLQuadSmallTacitMMIOOnlyConfig-BaseF2Config
get_local_driver_dir f2-firesim-FireSim-SatGemQuadSmallTacitMMIOOnlyConfig-BaseF2Config
get_local_driver_dir f2-firesim-FireSim-RoseTLQuadLargeTacitMMIOOnlyConfig-BaseF2Config
get_local_driver_dir f2-firesim-FireSim-SatGemQuadLargeTacitMMIOOnlyConfig-BaseF2Config
get_local_driver_dir f2-firesim-FireSim-SatGemQuadHeteroTacitMMIOOnlyConfig-BaseF2Config
get_local_driver_dir f2-firesim-FireSim-RoseTLQuadHeteroTacitMMIOOnlyConfig-BaseF2Config
get_local_driver_dir f2-firesim-FireSim-SatGemQuadHeteroTacitMMIOOnlyConfig-BaseF2PCIMConfig
get_local_driver_dir f2-firesim-FireSim-SatGemDualSmallTacitMMIOOnlyConfig-BaseF2PCIMConfig
run_farm_hosts_dict defaultdict(<class 'list'>, {'192.168.0.169': [(<runtools.run_farm.Inst object at 0x791ade3dc160>, None)]})
set_server_hardware_config 0 None
[192.168.0.169] Checking if host instance is up...
Building FPGA software driver for f2-firesim-FireSim-SatGemQuadHeteroTacitMMIOOnlyConfig-BaseF2Config
[localhost] run: make PLATFORM=f2 TARGET_PROJECT=firesim TARGET_PROJECT_MAKEFRAG=/home/ubuntu/chipyard-rose/sims/firesim/deploy/../../../generators/firechip/chip/src/main/makefrag/firesim DESIGN=FireSim TARGET_CONFIG=SatGemQuadHeteroTacitMMIOOnlyConfig PLATFORM_CONFIG=BaseF2Config f2
[localhost] out: /home/ubuntu/.bash_profile: line 4: [: $?: integer expression expected
[localhost] out: ./env.sh: line 4: /scratch/dima/rose-infra/RoSE/soc/sim/chipyard/sims/firesim/../../env.sh: No such file or directory
[localhost] out: ln: /home/ubuntu/chipyard-rose/sims/firesim/sim/midas/src/main/scala/target-symlinks/bridgeinterfaces/./src: cannot overwrite directory
[localhost] out: ln: /home/ubuntu/chipyard-rose/sims/firesim/sim/midas/src/main/scala/target-symlinks/goldengateimplementations/./src: cannot overwrite directory
[localhost] out: mkdir -p /home/ubuntu/chipyard-rose/sims/firesim/sim/midas/src/main/scala/target-symlinks
[localhost] out: # make the symlink dir
[localhost] out: # symlink things
[localhost] out: # remove any folders that don't match
[localhost] out: find /home/ubuntu/chipyard-rose/sims/firesim/sim/midas/src/main/scala/target-symlinks/* -type d | grep -v -e "/home/ubuntu/chipyard-rose/sims/firesim/sim/midas/src/main/scala/target-symlinks/bridgeinterfaces" -e "/home/ubuntu/chipyard-rose/sims/firesim/sim/midas/src/main/scala/target-symlinks/goldengateimplementations" | xargs rm -rf
[localhost] out: source /home/ubuntu/chipyard-rose/env.sh && \
[localhost] out: 	make -C /home/ubuntu/chipyard-rose/sims/firesim-staging \
[localhost] out: 		SBT_PROJECT=firechip \
[localhost] out: 		MODEL=FireSim \
[localhost] out: 		MODEL_PACKAGE=firechip.chip \
[localhost] out: 		VLOG_MODEL=FireSim \
[localhost] out: 		CONFIG=SatGemQuadHeteroTacitMMIOOnlyConfig \
[localhost] out: 		CONFIG_PACKAGE=firechip.chip \
[localhost] out: 		GENERATOR_PACKAGE=chipyard \
[localhost] out: 		EXTRA_CHISEL_OPTIONS=--emit-legacy-sfc \
[localhost] out: 		TB=unused \
[localhost] out: 		TOP=unused
[localhost] out: make[1]: Entering directory '/home/ubuntu/chipyard-rose/sims/firesim-staging'
[localhost] out: make[1]: Nothing to be done for 'default'.
[localhost] out: make[1]: Leaving directory '/home/ubuntu/chipyard-rose/sims/firesim-staging'
[localhost] out: # firechip.chip.FireSim.SatGemQuadHeteroTacitMMIOOnlyConfig must be same as Chipyard
[localhost] out: ln -sf /home/ubuntu/chipyard-rose/sims/firesim-staging/generated-src/firechip.chip.FireSim.SatGemQuadHeteroTacitMMIOOnlyConfig/firechip.chip.FireSim.SatGemQuadHeteroTacitMMIOOnlyConfig.sfc.fir /home/ubuntu/chipyard-rose/sims/firesim/sim/generated-src/f2/f2-firesim-FireSim-SatGemQuadHeteroTacitMMIOOnlyConfig-BaseF2Config/firechip.chip.FireSim.SatGemQuadHeteroTacitMMIOOnlyConfig.fir
[localhost] out: ln -sf /home/ubuntu/chipyard-rose/sims/firesim-staging/generated-src/firechip.chip.FireSim.SatGemQuadHeteroTacitMMIOOnlyConfig/firechip.chip.FireSim.SatGemQuadHeteroTacitMMIOOnlyConfig.anno.json /home/ubuntu/chipyard-rose/sims/firesim/sim/generated-src/f2/f2-firesim-FireSim-SatGemQuadHeteroTacitMMIOOnlyConfig-BaseF2Config/firechip.chip.FireSim.SatGemQuadHeteroTacitMMIOOnlyConfig.anno.json
[localhost] out: # .d needed to run metasim CI tests
[localhost] out: ln -sf /home/ubuntu/chipyard-rose/sims/firesim-staging/generated-src/firechip.chip.FireSim.SatGemQuadHeteroTacitMMIOOnlyConfig/firechip.chip.FireSim.SatGemQuadHeteroTacitMMIOOnlyConfig.d /home/ubuntu/chipyard-rose/sims/firesim/sim/generated-src/f2/f2-firesim-FireSim-SatGemQuadHeteroTacitMMIOOnlyConfig-BaseF2Config/firechip.chip.FireSim.SatGemQuadHeteroTacitMMIOOnlyConfig.d
[localhost] out: 
get_local_driver_dir f2-firesim-FireSim-SatGemQuadHeteroTacitMMIOOnlyConfig-BaseF2Config
[localhost] local: pwd
[localhost] run: rsync -pthrvz -L ../sim/output/f2/f2-firesim-FireSim-SatGemQuadHeteroTacitMMIOOnlyConfig-BaseF2Config/FireSim-f2 /tmp/tmp1ti5_rek/
[localhost] out: /home/ubuntu/.bash_profile: line 4: [: $?: integer expression expected
[localhost] out: sending incremental file list
[localhost] out: FireSim-f2
[localhost] out: 
[localhost] out: sent 4.69M bytes  received 35 bytes  9.38M bytes/sec
[localhost] out: total size is 13.19M  speedup is 2.81
[localhost] out: 
[localhost] local: pwd
[localhost] run: rsync -pthrvz -L /home/ubuntu/chipyard-rose/.conda-env/riscv-tools/lib/libriscv.so /tmp/tmp1ti5_rek/libriscv.so
[localhost] out: /home/ubuntu/.bash_profile: line 4: [: $?: integer expression expected
[localhost] out: sending incremental file list
[localhost] out: libriscv.so
[localhost] out: 
[localhost] out: sent 31.69M bytes  received 35 bytes  21.13M bytes/sec
[localhost] out: total size is 178.66M  speedup is 5.64
[localhost] out: 
[localhost] local: pwd
[localhost] run: rsync -pthrvz -L /home/ubuntu/chipyard-fsim/.conda-env/lib/libdwarf.so.1.0.0 /tmp/tmp1ti5_rek/libdwarf.so.1
[localhost] out: /home/ubuntu/.bash_profile: line 4: [: $?: integer expression expected
[localhost] out: sending incremental file list
[localhost] out: libdwarf.so.1.0.0
[localhost] out: 
[localhost] out: sent 199.64K bytes  received 35 bytes  399.34K bytes/sec
[localhost] out: total size is 486.20K  speedup is 2.43
[localhost] out: 
[localhost] local: pwd
[localhost] run: rsync -pthrvz -L /home/ubuntu/chipyard-fsim/.conda-env/lib/libelf-0.187.so /tmp/tmp1ti5_rek/libelf.so.1
[localhost] out: /home/ubuntu/.bash_profile: line 4: [: $?: integer expression expected
[localhost] out: sending incremental file list
[localhost] out: libelf-0.187.so
[localhost] out: 
[localhost] out: sent 50.99K bytes  received 35 bytes  102.06K bytes/sec
[localhost] out: total size is 117.87K  speedup is 2.31
[localhost] out: 
[localhost] local: pwd
[localhost] run: rsync -pthrvz -L /home/ubuntu/chipyard-fsim/.conda-env/lib/libz.so.1.2.13 /tmp/tmp1ti5_rek/libz.so.1
[localhost] out: /home/ubuntu/.bash_profile: line 4: [: $?: integer expression expected
[localhost] out: sending incremental file list
[localhost] out: libz.so.1.2.13
[localhost] out: 
[localhost] out: sent 59.72K bytes  received 35 bytes  119.50K bytes/sec
[localhost] out: total size is 112.80K  speedup is 1.89
[localhost] out: 
[localhost] local: pwd
[localhost] run: rsync -pthrvz -L /home/ubuntu/chipyard-fsim/.conda-env/lib/libstdc++.so.6.0.35 /tmp/tmp1ti5_rek/libstdc++.so.6
[localhost] out: /home/ubuntu/.bash_profile: line 4: [: $?: integer expression expected
[localhost] out: sending incremental file list
[localhost] out: libstdc++.so.6.0.35
[localhost] out: 
[localhost] out: sent 8.22M bytes  received 35 bytes  5.48M bytes/sec
[localhost] out: total size is 23.91M  speedup is 2.91
[localhost] out: 
[localhost] local: pwd
[localhost] run: rsync -pthrvz -L /home/ubuntu/chipyard-fsim/.conda-env/lib/libgmp.so.10.5.0 /tmp/tmp1ti5_rek/libgmp.so.10
[localhost] out: /home/ubuntu/.bash_profile: line 4: [: $?: integer expression expected
[localhost] out: sending incremental file list
[localhost] out: libgmp.so.10.5.0
[localhost] out: 
[localhost] out: sent 348.26K bytes  received 35 bytes  696.58K bytes/sec
[localhost] out: total size is 749.06K  speedup is 2.15
[localhost] out: 
[localhost] local: pwd
[localhost] run: rsync -pthrvz -L /home/ubuntu/chipyard-fsim/.conda-env/lib/libgcc_s.so.1 /tmp/tmp1ti5_rek/libgcc_s.so.1
[localhost] out: /home/ubuntu/.bash_profile: line 4: [: $?: integer expression expected
[localhost] out: sending incremental file list
[localhost] out: libgcc_s.so.1
[localhost] out: 
[localhost] out: sent 363.76K bytes  received 35 bytes  727.59K bytes/sec
[localhost] out: total size is 921.30K  speedup is 2.53
[localhost] out: 
[localhost] local: pwd
[localhost] run: find . -mindepth 1 -maxdepth 1 -printf "%P
" | xargs tar -czvf /home/ubuntu/chipyard-rose/sims/firesim/deploy/../sim/output/f2/f2-firesim-FireSim-SatGemQuadHeteroTacitMMIOOnlyConfig-BaseF2Config/driver-bundle.tar.gz
[localhost] out: /home/ubuntu/.bash_profile: line 4: [: $?: integer expression expected
[localhost] out: libgcc_s.so.1
[localhost] out: libz.so.1
[localhost] out: libelf.so.1
[localhost] out: FireSim-f2
[localhost] out: libriscv.so
[localhost] out: libdwarf.so.1
[localhost] out: libstdc++.so.6
[localhost] out: libgmp.so.10
[localhost] out: 
[192.168.0.169] Copying FPGA simulation infrastructure for slot: 0.
[192.168.0.169] Installing AWS FPGA SDK on remote nodes. Upstream hash: 5e4c3c2
Warning: run() received nonzero return code 128 while executing 'git clone https://github.com/firesim/aws-fpga-firesim-f2.git aws-fpga'!
Warning: run() received nonzero return code 1 while executing 'cd aws-fpga && git checkout 5e4c3c2'!
[192.168.0.169] Unloading XRT-related Kernel Modules.
Warning: run() received nonzero return code 5 while executing 'sudo systemctl stop mpd'!
Warning: run() received nonzero return code 1 while executing 'sudo yum remove -y xrt xrt-aws'!
[192.168.0.169] Clearing FPGA Slot 0.
[192.168.0.169] Checking for Cleared FPGA Slot 0.
[192.168.0.169] Flashing FPGA Slot: 0 with agfi: agfi-0662319f4b07483a7.
[192.168.0.169] Checking for Flashed FPGA Slot: 0 with agfi: agfi-0662319f4b07483a7.
[192.168.0.169] Starting Vivado hw_server.
[192.168.0.169] Starting Vivado virtual JTAG.
The full log of this run is:
/home/ubuntu/chipyard-rose/sims/firesim/deploy/logs/2026-09-04--21-28-56-infrasetup-C5K5UZGTFNH3DLE4.log
[21:30:01] === phase RUN ===
[21:30:01] $ bash -c set -o pipefail; export PATH=/home/ubuntu/miniconda3/bin:/home/ubuntu/miniconda3/condabin:$PATH; unset CONDA_PREFIX CONDA_DEFAULT_ENV CONDA_PROMPT_MODIFIER CONDA_PYTHON_EXE CONDA_SHLVL CONDA_EXE _CE_M _CE_CONDA; source /home/ubuntu/chipyard-rose/env.sh; cd /home/ubuntu/chipyard-rose/sims/firesim; source /home/ubuntu/chipyard-rose/sims/firesim/sourceme-manager.sh --skip-ssh-setup; cd /home/ubuntu/chipyard-rose/sims/firesim/deploy; firesim -c /var/lib/fq/jobs/861/config_runtime.yaml -a /var/lib/fq/jobs/861/config_hwdb.yaml runworkload
./env.sh: line 4: /scratch/dima/rose-infra/RoSE/soc/sim/chipyard/sims/firesim/../../env.sh: No such file or directory
FireSim Manager. Docs: https://docs.fires.im
Running: runworkload

Please rename your 'deploy_triplet_override' key in your hwdb entry to 'deploy_quintuplet_override'. Support for 'deploy_triplet_override' will be removed in the future.
firesim_rocket_30MHz_singlecore_no_nic is overriding a deploy quintuplet in your config_hwdb.yaml file. Make sure you understand why!
Please rename your 'deploy_triplet_override' key in your hwdb entry to 'deploy_quintuplet_override'. Support for 'deploy_triplet_override' will be removed in the future.
firesim-rocket-singlecore-fp32gemmini-with-airsim-fast-no-nic-l2-llc4mb-ddr3 is overriding a deploy quintuplet in your config_hwdb.yaml file. Make sure you understand why!
Please rename your 'deploy_triplet_override' key in your hwdb entry to 'deploy_quintuplet_override'. Support for 'deploy_triplet_override' will be removed in the future.
firesim-dual-large-boom-fp32gemmini-singlecore-with-airsim-no-nic-l2-llc4mb-ddr3 is overriding a deploy quintuplet in your config_hwdb.yaml file. Make sure you understand why!
get_local_driver_dir f2-firesim-FireSim-DDR3FRFCFSLLC4MB_WithDefaultFireSimBridges_WithFireSimConfigTweaks_chipyard.RocketConfig-F30MHz_BaseVitisConfig
get_local_driver_dir f2-firesim-FireSim-DDR3FRFCFSLLC4MB_WithDefaultFireSimBridges_WithFireSimConfigTweaks_chipyard.AirSimIOTLFPGemminiLargeBoomConfig-F30MHz_BaseVitisConfig
get_local_driver_dir f2-firesim-FireSim-DDR3FRFCFSLLC4MB_WithDefaultFireSimBridges_WithFireSimConfigTweaks_chipyard.AirSimIOTLFPGemminiLargeDualBoomConfig-F30MHz_BaseVitisConfig
get_local_driver_dir f2-firesim-FireSim-DDR3FRFCFSLLC4MB_WithDefaultFireSimBridges_WithFireSimConfigTweaks_chipyard.AirSimIOTLFPGemminiRocketConfig-F30MHz_BaseVitisConfig
get_local_driver_dir f2-firesim-FireSim-DDR3FRFCFSLLC4MB_WithDefaultFireSimBridges_WithFireSimConfigTweaks_chipyard.AirSimIOTLFPGemminiRocketConfig-F45MHz_BaseVitisConfig
get_local_driver_dir f1-firesim-FireSim-RoseTLRocketMMIOOnlyConfig-BaseF1Config
get_local_driver_dir f1-firesim-FireSim-RoseTLRocketStereoAccRoccMMIOOnlyConfig-BaseF1Config
get_local_driver_dir f1-firesim-FireSim-RoseTLRocketStereoAccMMIOOnlyConfig-BaseF1Config
get_local_driver_dir f1-firesim-FireSim-RoseTLRocketDualDMAMMIOOnlyConfig-BaseF1Config
get_local_driver_dir f1-firesim-FireSim-RoseTLBOOMDualDMAMMIOOnlyConfig-BaseF1Config
get_local_driver_dir xilinx_alveo_u250-firesim-FireSim-RoseTLBOOMDualDMAMMIOOnlyConfig-BaseXilinxAlveoU250Config
get_local_driver_dir xilinx_alveo_u250-firesim-FireSim-RoseTLRocketStereoAccMMIOOnlyConfig-BaseXilinxAlveoU250Config
get_local_driver_dir f1-firesim-FireSim-RoseTLRocketEdgeDetAccMMIOOnlyConfig-BaseF1Config
get_local_driver_dir f1-firesim-FireSim-RoseTLRocketStereoAccNICConfig-BaseF1Config
get_local_driver_dir f1-firesim-FireSim-RocketNICConfig-BaseF1Config
get_local_driver_dir xilinx_alveo_u250-firesim-FireSim-RoseTLRocketMMIOOnlyConfig-BaseXilinxAlveoU250Config
get_local_driver_dir xilinx_alveo_u250-firesim-FireSim-RoseTLRocketSaturnMMIOOnlyConfig-BaseXilinxAlveoU250Config
get_local_driver_dir xilinx_alveo_u250-firesim-FireSim-RoseTLRocketSaturnMMIOOnlyConfig-BaseXilinxAlveoU250Config
get_local_driver_dir xilinx_alveo_u250-firesim-FireSim-RoseTLDualRocketSaturnGemminiMMIOOnlyConfig-BaseXilinxAlveoU250Config
get_local_driver_dir xilinx_alveo_u250-firesim-FireSim-RoseTLDualRocketSaturnGemminiQ31MMIOOnlyConfig-BaseXilinxAlveoU250Config
get_local_driver_dir xilinx_alveo_u250-firesim-FireSim-RoseTLDualRocketSaturnGemminiQ31WsMMIOOnlyConfig-BaseXilinxAlveoU250Config
get_local_driver_dir xilinx_alveo_u250-firesim-FireSim-RoseTLRocketSaturnTacitMMIOOnlyConfig-BaseXilinxAlveoU250Config
get_local_driver_dir xilinx_alveo_u250-firesim-FireSim-RoseTLRocketSaturnDMAMMIOOnlyConfig-BaseXilinxAlveoU250Config
get_local_driver_dir xilinx_alveo_u250-firesim-FireSim-RoseTLRocketSaturnDMAMMIOOnlyConfig-BaseXilinxAlveoU250Config
get_local_driver_dir xilinx_alveo_u250-firesim-FireSim-RoseTLBOOMMMIOOnlyConfig-BaseXilinxAlveoU250Config
get_local_driver_dir xilinx_alveo_u250-firesim-FireSim-RoseTLBOOMGemminiMMIOOnlyConfig-BaseXilinxAlveoU250Config
get_local_driver_dir xilinx_alveo_u250-firesim-FireSim-FireSimRocketConfig-BaseXilinxAlveoU250Config
get_local_driver_dir f2-firesim-FireSim-RoseTLDualSmallTacitMMIOOnlyConfig-BaseF2Config
get_local_driver_dir f2-firesim-FireSim-SatGemDualSmallTacitMMIOOnlyConfig-BaseF2Config
get_local_driver_dir f2-firesim-FireSim-RoseTLDualLargeTacitMMIOOnlyConfig-BaseF2Config
get_local_driver_dir f2-firesim-FireSim-SatGemDualLargeTacitMMIOOnlyConfig-BaseF2Config
get_local_driver_dir f2-firesim-FireSim-RoseTLQuadSmallTacitMMIOOnlyConfig-BaseF2Config
get_local_driver_dir f2-firesim-FireSim-SatGemQuadSmallTacitMMIOOnlyConfig-BaseF2Config
get_local_driver_dir f2-firesim-FireSim-RoseTLQuadLargeTacitMMIOOnlyConfig-BaseF2Config
get_local_driver_dir f2-firesim-FireSim-SatGemQuadLargeTacitMMIOOnlyConfig-BaseF2Config
get_local_driver_dir f2-firesim-FireSim-RoseTLDualSmallTacitMMIOOnlyConfig-BaseF2Config
get_local_driver_dir f2-firesim-FireSim-SatGemDualSmallTacitMMIOOnlyConfig-BaseF2Config
get_local_driver_dir f2-firesim-FireSim-RoseTLDualLargeTacitMMIOOnlyConfig-BaseF2Config
get_local_driver_dir f2-firesim-FireSim-SatGemDualLargeTacitMMIOOnlyConfig-BaseF2Config
get_local_driver_dir f2-firesim-FireSim-RoseTLQuadSmallTacitMMIOOnlyConfig-BaseF2Config
get_local_driver_dir f2-firesim-FireSim-SatGemQuadSmallTacitMMIOOnlyConfig-BaseF2Config
get_local_driver_dir f2-firesim-FireSim-RoseTLQuadLargeTacitMMIOOnlyConfig-BaseF2Config
get_local_driver_dir f2-firesim-FireSim-SatGemQuadLargeTacitMMIOOnlyConfig-BaseF2Config
get_local_driver_dir f2-firesim-FireSim-SatGemQuadHeteroTacitMMIOOnlyConfig-BaseF2Config
get_local_driver_dir f2-firesim-FireSim-RoseTLQuadHeteroTacitMMIOOnlyConfig-BaseF2Config
get_local_driver_dir f2-firesim-FireSim-SatGemQuadHeteroTacitMMIOOnlyConfig-BaseF2PCIMConfig
get_local_driver_dir f2-firesim-FireSim-SatGemDualSmallTacitMMIOOnlyConfig-BaseF2PCIMConfig
run_farm_hosts_dict defaultdict(<class 'list'>, {'192.168.0.169': [(<runtools.run_farm.Inst object at 0x78b2845d8160>, None)]})
set_server_hardware_config 0 None
Creating the directory: /home/ubuntu/chipyard-rose/sims/firesim/deploy/results-workload/2026-09-04--21-30-04-et-et3p3-57323-fq861x88fdae20/
[192.168.0.169] Checking if host instance is up...
start_simulations_instance 1
[192.168.0.169] Starting FPGA simulation for slot: 0.
start_sim_slot slotno: 0 server_id 0 remote_sim_dir /home/ubuntu/sim_slot_0/ /home/ubuntu
[2J
FireSim Simulation Status @ 2026-09-04 21:30:11.661700
--------------------------------------------------------------------------------
This workload's output is located in:
/home/ubuntu/chipyard-rose/sims/firesim/deploy/results-workload/2026-09-04--21-30-04-et-et3p3-57323-fq861x88fdae20/
This run's log is located in:
/home/ubuntu/chipyard-rose/sims/firesim/deploy/logs/2026-09-04--21-30-04-runworkload-IY1Y6S0AK7MIUMCJ.log
This status will update every 10s.
--------------------------------------------------------------------------------
Instances
--------------------------------------------------------------------------------
Hostname/IP: 192.168.0.169 | Terminated: [33mFalse[0m
--------------------------------------------------------------------------------
Simulated Switches
--------------------------------------------------------------------------------
--------------------------------------------------------------------------------
Simulated Pipes
--------------------------------------------------------------------------------
--------------------------------------------------------------------------------
Simulated Nodes/Jobs
--------------------------------------------------------------------------------
Hostname/IP: 192.168.0.169 | Job: et-et3p3-573230 | Sim running: [33mTrue [0m
--------------------------------------------------------------------------------
Summary
--------------------------------------------------------------------------------
1/1 instances are still running.
1/1 simulations are still running.
--------------------------------------------------------------------------------
[2J
FireSim Simulation Status @ 2026-09-04 21:30:22.000664
--------------------------------------------------------------------------------
This workload's output is located in:
/home/ubuntu/chipyard-rose/sims/firesim/deploy/results-workload/2026-09-04--21-30-04-et-et3p3-57323-fq861x88fdae20/
This run's log is located in:
/home/ubuntu/chipyard-rose/sims/firesim/deploy/logs/2026-09-04--21-30-04-runworkload-IY1Y6S0AK7MIUMCJ.log
This status will update every 10s.
--------------------------------------------------------------------------------
Instances
--------------------------------------------------------------------------------
Hostname/IP: 192.168.0.169 | Terminated: [33mFalse[0m
--------------------------------------------------------------------------------
Simulated Switches
--------------------------------------------------------------------------------
--------------------------------------------------------------------------------
Simulated Pipes
--------------------------------------------------------------------------------
--------------------------------------------------------------------------------
Simulated Nodes/Jobs
--------------------------------------------------------------------------------
Hostname/IP: 192.168.0.169 | Job: et-et3p3-573230 | Sim running: [33mTrue [0m
--------------------------------------------------------------------------------
Summary
--------------------------------------------------------------------------------
1/1 instances are still running.
1/1 simulations are still running.
--------------------------------------------------------------------------------
[2J
FireSim Simulation Status @ 2026-09-04 21:30:32.339557
--------------------------------------------------------------------------------
This workload's output is located in:
/home/ubuntu/chipyard-rose/sims/firesim/deploy/results-workload/2026-09-04--21-30-04-et-et3p3-57323-fq861x88fdae20/
This run's log is located in:
/home/ubuntu/chipyard-rose/sims/firesim/deploy/logs/2026-09-04--21-30-04-runworkload-IY1Y6S0AK7MIUMCJ.log
This status will update every 10s.
--------------------------------------------------------------------------------
Instances
--------------------------------------------------------------------------------
Hostname/IP: 192.168.0.169 | Terminated: [33mFalse[0m
--------------------------------------------------------------------------------
Simulated Switches
--------------------------------------------------------------------------------
--------------------------------------------------------------------------------
Simulated Pipes
--------------------------------------------------------------------------------
--------------------------------------------------------------------------------
Simulated Nodes/Jobs
--------------------------------------------------------------------------------
Hostname/IP: 192.168.0.169 | Job: et-et3p3-573230 | Sim running: [33mTrue [0m
--------------------------------------------------------------------------------
Summary
--------------------------------------------------------------------------------
1/1 instances are still running.
1/1 simulations are still running.
--------------------------------------------------------------------------------
[2J
FireSim Simulation Status @ 2026-09-04 21:30:42.668181
--------------------------------------------------------------------------------
This workload's output is located in:
/home/ubuntu/chipyard-rose/sims/firesim/deploy/results-workload/2026-09-04--21-30-04-et-et3p3-57323-fq861x88fdae20/
This run's log is located in:
/home/ubuntu/chipyard-rose/sims/firesim/deploy/logs/2026-09-04--21-30-04-runworkload-IY1Y6S0AK7MIUMCJ.log
This status will update every 10s.
--------------------------------------------------------------------------------
Instances
--------------------------------------------------------------------------------
Hostname/IP: 192.168.0.169 | Terminated: [33mFalse[0m
--------------------------------------------------------------------------------
Simulated Switches
--------------------------------------------------------------------------------
--------------------------------------------------------------------------------
Simulated Pipes
--------------------------------------------------------------------------------
--------------------------------------------------------------------------------
Simulated Nodes/Jobs
--------------------------------------------------------------------------------
Hostname/IP: 192.168.0.169 | Job: et-et3p3-573230 | Sim running: [33mTrue [0m
--------------------------------------------------------------------------------
Summary
--------------------------------------------------------------------------------
1/1 instances are still running.
1/1 simulations are still running.
--------------------------------------------------------------------------------
[2J
FireSim Simulation Status @ 2026-09-04 21:30:52.997270
--------------------------------------------------------------------------------
This workload's output is located in:
/home/ubuntu/chipyard-rose/sims/firesim/deploy/results-workload/2026-09-04--21-30-04-et-et3p3-57323-fq861x88fdae20/
This run's log is located in:
/home/ubuntu/chipyard-rose/sims/firesim/deploy/logs/2026-09-04--21-30-04-runworkload-IY1Y6S0AK7MIUMCJ.log
This status will update every 10s.
--------------------------------------------------------------------------------
Instances
--------------------------------------------------------------------------------
Hostname/IP: 192.168.0.169 | Terminated: [33mFalse[0m
--------------------------------------------------------------------------------
Simulated Switches
--------------------------------------------------------------------------------
--------------------------------------------------------------------------------
Simulated Pipes
--------------------------------------------------------------------------------
--------------------------------------------------------------------------------
Simulated Nodes/Jobs
--------------------------------------------------------------------------------
Hostname/IP: 192.168.0.169 | Job: et-et3p3-573230 | Sim running: [33mTrue [0m
--------------------------------------------------------------------------------
Summary
--------------------------------------------------------------------------------
1/1 instances are still running.
1/1 simulations are still running.
--------------------------------------------------------------------------------
[2J
FireSim Simulation Status @ 2026-09-04 21:31:03.578377
--------------------------------------------------------------------------------
This workload's output is located in:
/home/ubuntu/chipyard-rose/sims/firesim/deploy/results-workload/2026-09-04--21-30-04-et-et3p3-57323-fq861x88fdae20/
This run's log is located in:
/home/ubuntu/chipyard-rose/sims/firesim/deploy/logs/2026-09-04--21-30-04-runworkload-IY1Y6S0AK7MIUMCJ.log
This status will update every 10s.
--------------------------------------------------------------------------------
Instances
--------------------------------------------------------------------------------
Hostname/IP: 192.168.0.169 | Terminated: [33mFalse[0m
--------------------------------------------------------------------------------
Simulated Switches
--------------------------------------------------------------------------------
--------------------------------------------------------------------------------
Simulated Pipes
--------------------------------------------------------------------------------
--------------------------------------------------------------------------------
Simulated Nodes/Jobs
--------------------------------------------------------------------------------
Hostname/IP: 192.168.0.169 | Job: et-et3p3-573230 | Sim running: [33mTrue [0m
--------------------------------------------------------------------------------
Summary
--------------------------------------------------------------------------------
1/1 instances are still running.
1/1 simulations are still running.
--------------------------------------------------------------------------------
[2J
FireSim Simulation Status @ 2026-09-04 21:31:13.897691
--------------------------------------------------------------------------------
This workload's output is located in:
/home/ubuntu/chipyard-rose/sims/firesim/deploy/results-workload/2026-09-04--21-30-04-et-et3p3-57323-fq861x88fdae20/
This run's log is located in:
/home/ubuntu/chipyard-rose/sims/firesim/deploy/logs/2026-09-04--21-30-04-runworkload-IY1Y6S0AK7MIUMCJ.log
This status will update every 10s.
--------------------------------------------------------------------------------
Instances
--------------------------------------------------------------------------------
Hostname/IP: 192.168.0.169 | Terminated: [33mFalse[0m
--------------------------------------------------------------------------------
Simulated Switches
--------------------------------------------------------------------------------
--------------------------------------------------------------------------------
Simulated Pipes
--------------------------------------------------------------------------------
--------------------------------------------------------------------------------
Simulated Nodes/Jobs
--------------------------------------------------------------------------------
Hostname/IP: 192.168.0.169 | Job: et-et3p3-573230 | Sim running: [33mTrue [0m
--------------------------------------------------------------------------------
Summary
--------------------------------------------------------------------------------
1/1 instances are still running.
1/1 simulations are still running.
--------------------------------------------------------------------------------
[2J
FireSim Simulation Status @ 2026-09-04 21:31:24.226737
--------------------------------------------------------------------------------
This workload's output is located in:
/home/ubuntu/chipyard-rose/sims/firesim/deploy/results-workload/2026-09-04--21-30-04-et-et3p3-57323-fq861x88fdae20/
This run's log is located in:
/home/ubuntu/chipyard-rose/sims/firesim/deploy/logs/2026-09-04--21-30-04-runworkload-IY1Y6S0AK7MIUMCJ.log
This status will update every 10s.
--------------------------------------------------------------------------------
Instances
--------------------------------------------------------------------------------
Hostname/IP: 192.168.0.169 | Terminated: [33mFalse[0m
--------------------------------------------------------------------------------
Simulated Switches
--------------------------------------------------------------------------------
--------------------------------------------------------------------------------
Simulated Pipes
--------------------------------------------------------------------------------
--------------------------------------------------------------------------------
Simulated Nodes/Jobs
--------------------------------------------------------------------------------
Hostname/IP: 192.168.0.169 | Job: et-et3p3-573230 | Sim running: [33mTrue [0m
--------------------------------------------------------------------------------
Summary
--------------------------------------------------------------------------------
1/1 instances are still running.
1/1 simulations are still running.
--------------------------------------------------------------------------------
[2J
FireSim Simulation Status @ 2026-09-04 21:31:34.545598
--------------------------------------------------------------------------------
This workload's output is located in:
/home/ubuntu/chipyard-rose/sims/firesim/deploy/results-workload/2026-09-04--21-30-04-et-et3p3-57323-fq861x88fdae20/
This run's log is located in:
/home/ubuntu/chipyard-rose/sims/firesim/deploy/logs/2026-09-04--21-30-04-runworkload-IY1Y6S0AK7MIUMCJ.log
This status will update every 10s.
--------------------------------------------------------------------------------
Instances
--------------------------------------------------------------------------------
Hostname/IP: 192.168.0.169 | Terminated: [33mFalse[0m
--------------------------------------------------------------------------------
Simulated Switches
--------------------------------------------------------------------------------
--------------------------------------------------------------------------------
Simulated Pipes
--------------------------------------------------------------------------------
--------------------------------------------------------------------------------
Simulated Nodes/Jobs
--------------------------------------------------------------------------------
Hostname/IP: 192.168.0.169 | Job: et-et3p3-573230 | Sim running: [33mTrue [0m
--------------------------------------------------------------------------------
Summary
--------------------------------------------------------------------------------
1/1 instances are still running.
1/1 simulations are still running.
--------------------------------------------------------------------------------
[2J
FireSim Simulation Status @ 2026-09-04 21:31:44.874462
--------------------------------------------------------------------------------
This workload's output is located in:
/home/ubuntu/chipyard-rose/sims/firesim/deploy/results-workload/2026-09-04--21-30-04-et-et3p3-57323-fq861x88fdae20/
This run's log is located in:
/home/ubuntu/chipyard-rose/sims/firesim/deploy/logs/2026-09-04--21-30-04-runworkload-IY1Y6S0AK7MIUMCJ.log
This status will update every 10s.
--------------------------------------------------------------------------------
Instances
--------------------------------------------------------------------------------
Hostname/IP: 192.168.0.169 | Terminated: [33mFalse[0m
--------------------------------------------------------------------------------
Simulated Switches
--------------------------------------------------------------------------------
--------------------------------------------------------------------------------
Simulated Pipes
--------------------------------------------------------------------------------
--------------------------------------------------------------------------------
Simulated Nodes/Jobs
--------------------------------------------------------------------------------
Hostname/IP: 192.168.0.169 | Job: et-et3p3-573230 | Sim running: [33mTrue [0m
--------------------------------------------------------------------------------
Summary
--------------------------------------------------------------------------------
1/1 instances are still running.
1/1 simulations are still running.
--------------------------------------------------------------------------------
[2J
FireSim Simulation Status @ 2026-09-04 21:31:55.203444
--------------------------------------------------------------------------------
This workload's output is located in:
/home/ubuntu/chipyard-rose/sims/firesim/deploy/results-workload/2026-09-04--21-30-04-et-et3p3-57323-fq861x88fdae20/
This run's log is located in:
/home/ubuntu/chipyard-rose/sims/firesim/deploy/logs/2026-09-04--21-30-04-runworkload-IY1Y6S0AK7MIUMCJ.log
This status will update every 10s.
--------------------------------------------------------------------------------
Instances
--------------------------------------------------------------------------------
Hostname/IP: 192.168.0.169 | Terminated: [33mFalse[0m
--------------------------------------------------------------------------------
Simulated Switches
--------------------------------------------------------------------------------
--------------------------------------------------------------------------------
Simulated Pipes
--------------------------------------------------------------------------------
--------------------------------------------------------------------------------
Simulated Nodes/Jobs
--------------------------------------------------------------------------------
Hostname/IP: 192.168.0.169 | Job: et-et3p3-573230 | Sim running: [33mTrue [0m
--------------------------------------------------------------------------------
Summary
--------------------------------------------------------------------------------
1/1 instances are still running.
1/1 simulations are still running.
--------------------------------------------------------------------------------
[2J
FireSim Simulation Status @ 2026-09-04 21:32:05.532456
--------------------------------------------------------------------------------
This workload's output is located in:
/home/ubuntu/chipyard-rose/sims/firesim/deploy/results-workload/2026-09-04--21-30-04-et-et3p3-57323-fq861x88fdae20/
This run's log is located in:
/home/ubuntu/chipyard-rose/sims/firesim/deploy/logs/2026-09-04--21-30-04-runworkload-IY1Y6S0AK7MIUMCJ.log
This status will update every 10s.
--------------------------------------------------------------------------------
Instances
--------------------------------------------------------------------------------
Hostname/IP: 192.168.0.169 | Terminated: [33mFalse[0m
--------------------------------------------------------------------------------
Simulated Switches
--------------------------------------------------------------------------------
--------------------------------------------------------------------------------
Simulated Pipes
--------------------------------------------------------------------------------
--------------------------------------------------------------------------------
Simulated Nodes/Jobs
--------------------------------------------------------------------------------
Hostname/IP: 192.168.0.169 | Job: et-et3p3-573230 | Sim running: [33mTrue [0m
--------------------------------------------------------------------------------
Summary
--------------------------------------------------------------------------------
1/1 instances are still running.
1/1 simulations are still running.
--------------------------------------------------------------------------------
[2J
FireSim Simulation Status @ 2026-09-04 21:32:15.851144
--------------------------------------------------------------------------------
This workload's output is located in:
/home/ubuntu/chipyard-rose/sims/firesim/deploy/results-workload/2026-09-04--21-30-04-et-et3p3-57323-fq861x88fdae20/
This run's log is located in:
/home/ubuntu/chipyard-rose/sims/firesim/deploy/logs/2026-09-04--21-30-04-runworkload-IY1Y6S0AK7MIUMCJ.log
This status will update every 10s.
--------------------------------------------------------------------------------
Instances
--------------------------------------------------------------------------------
Hostname/IP: 192.168.0.169 | Terminated: [33mFalse[0m
--------------------------------------------------------------------------------
Simulated Switches
--------------------------------------------------------------------------------
--------------------------------------------------------------------------------
Simulated Pipes
--------------------------------------------------------------------------------
--------------------------------------------------------------------------------
Simulated Nodes/Jobs
--------------------------------------------------------------------------------
Hostname/IP: 192.168.0.169 | Job: et-et3p3-573230 | Sim running: [33mTrue [0m
--------------------------------------------------------------------------------
Summary
--------------------------------------------------------------------------------
1/1 instances are still running.
1/1 simulations are still running.
--------------------------------------------------------------------------------
[2J
FireSim Simulation Status @ 2026-09-04 21:32:26.180235
--------------------------------------------------------------------------------
This workload's output is located in:
/home/ubuntu/chipyard-rose/sims/firesim/deploy/results-workload/2026-09-04--21-30-04-et-et3p3-57323-fq861x88fdae20/
This run's log is located in:
/home/ubuntu/chipyard-rose/sims/firesim/deploy/logs/2026-09-04--21-30-04-runworkload-IY1Y6S0AK7MIUMCJ.log
This status will update every 10s.
--------------------------------------------------------------------------------
Instances
--------------------------------------------------------------------------------
Hostname/IP: 192.168.0.169 | Terminated: [33mFalse[0m
--------------------------------------------------------------------------------
Simulated Switches
--------------------------------------------------------------------------------
--------------------------------------------------------------------------------
Simulated Pipes
--------------------------------------------------------------------------------
--------------------------------------------------------------------------------
Simulated Nodes/Jobs
--------------------------------------------------------------------------------
Hostname/IP: 192.168.0.169 | Job: et-et3p3-573230 | Sim running: [33mTrue [0m
--------------------------------------------------------------------------------
Summary
--------------------------------------------------------------------------------
1/1 instances are still running.
1/1 simulations are still running.
--------------------------------------------------------------------------------
[2J
FireSim Simulation Status @ 2026-09-04 21:32:36.509236
--------------------------------------------------------------------------------
This workload's output is located in:
/home/ubuntu/chipyard-rose/sims/firesim/deploy/results-workload/2026-09-04--21-30-04-et-et3p3-57323-fq861x88fdae20/
This run's log is located in:
/home/ubuntu/chipyard-rose/sims/firesim/deploy/logs/2026-09-04--21-30-04-runworkload-IY1Y6S0AK7MIUMCJ.log
This status will update every 10s.
--------------------------------------------------------------------------------
Instances
--------------------------------------------------------------------------------
Hostname/IP: 192.168.0.169 | Terminated: [33mFalse[0m
--------------------------------------------------------------------------------
Simulated Switches
--------------------------------------------------------------------------------
--------------------------------------------------------------------------------
Simulated Pipes
--------------------------------------------------------------------------------
--------------------------------------------------------------------------------
Simulated Nodes/Jobs
--------------------------------------------------------------------------------
Hostname/IP: 192.168.0.169 | Job: et-et3p3-573230 | Sim running: [33mTrue [0m
--------------------------------------------------------------------------------
Summary
--------------------------------------------------------------------------------
1/1 instances are still running.
1/1 simulations are still running.
--------------------------------------------------------------------------------
[2J
FireSim Simulation Status @ 2026-09-04 21:32:46.838243
--------------------------------------------------------------------------------
This workload's output is located in:
/home/ubuntu/chipyard-rose/sims/firesim/deploy/results-workload/2026-09-04--21-30-04-et-et3p3-57323-fq861x88fdae20/
This run's log is located in:
/home/ubuntu/chipyard-rose/sims/firesim/deploy/logs/2026-09-04--21-30-04-runworkload-IY1Y6S0AK7MIUMCJ.log
This status will update every 10s.
--------------------------------------------------------------------------------
Instances
--------------------------------------------------------------------------------
Hostname/IP: 192.168.0.169 | Terminated: [33mFalse[0m
--------------------------------------------------------------------------------
Simulated Switches
--------------------------------------------------------------------------------
--------------------------------------------------------------------------------
Simulated Pipes
--------------------------------------------------------------------------------
--------------------------------------------------------------------------------
Simulated Nodes/Jobs
--------------------------------------------------------------------------------
Hostname/IP: 192.168.0.169 | Job: et-et3p3-573230 | Sim running: [33mTrue [0m
--------------------------------------------------------------------------------
Summary
--------------------------------------------------------------------------------
1/1 instances are still running.
1/1 simulations are still running.
--------------------------------------------------------------------------------
[2J
FireSim Simulation Status @ 2026-09-04 21:32:57.157076
--------------------------------------------------------------------------------
This workload's output is located in:
/home/ubuntu/chipyard-rose/sims/firesim/deploy/results-workload/2026-09-04--21-30-04-et-et3p3-57323-fq861x88fdae20/
This run's log is located in:
/home/ubuntu/chipyard-rose/sims/firesim/deploy/logs/2026-09-04--21-30-04-runworkload-IY1Y6S0AK7MIUMCJ.log
This status will update every 10s.
--------------------------------------------------------------------------------
Instances
--------------------------------------------------------------------------------
Hostname/IP: 192.168.0.169 | Terminated: [33mFalse[0m
--------------------------------------------------------------------------------
Simulated Switches
--------------------------------------------------------------------------------
--------------------------------------------------------------------------------
Simulated Pipes
--------------------------------------------------------------------------------
--------------------------------------------------------------------------------
Simulated Nodes/Jobs
--------------------------------------------------------------------------------
Hostname/IP: 192.168.0.169 | Job: et-et3p3-573230 | Sim running: [33mTrue [0m
--------------------------------------------------------------------------------
Summary
--------------------------------------------------------------------------------
1/1 instances are still running.
1/1 simulations are still running.
--------------------------------------------------------------------------------
[2J
FireSim Simulation Status @ 2026-09-04 21:33:07.486217
--------------------------------------------------------------------------------
This workload's output is located in:
/home/ubuntu/chipyard-rose/sims/firesim/deploy/results-workload/2026-09-04--21-30-04-et-et3p3-57323-fq861x88fdae20/
This run's log is located in:
/home/ubuntu/chipyard-rose/sims/firesim/deploy/logs/2026-09-04--21-30-04-runworkload-IY1Y6S0AK7MIUMCJ.log
This status will update every 10s.
--------------------------------------------------------------------------------
Instances
--------------------------------------------------------------------------------
Hostname/IP: 192.168.0.169 | Terminated: [33mFalse[0m
--------------------------------------------------------------------------------
Simulated Switches
--------------------------------------------------------------------------------
--------------------------------------------------------------------------------
Simulated Pipes
--------------------------------------------------------------------------------
--------------------------------------------------------------------------------
Simulated Nodes/Jobs
--------------------------------------------------------------------------------
Hostname/IP: 192.168.0.169 | Job: et-et3p3-573230 | Sim running: [33mTrue [0m
--------------------------------------------------------------------------------
Summary
--------------------------------------------------------------------------------
1/1 instances are still running.
1/1 simulations are still running.
--------------------------------------------------------------------------------
[2J
FireSim Simulation Status @ 2026-09-04 21:33:17.800780
--------------------------------------------------------------------------------
This workload's output is located in:
/home/ubuntu/chipyard-rose/sims/firesim/deploy/results-workload/2026-09-04--21-30-04-et-et3p3-57323-fq861x88fdae20/
This run's log is located in:
/home/ubuntu/chipyard-rose/sims/firesim/deploy/logs/2026-09-04--21-30-04-runworkload-IY1Y6S0AK7MIUMCJ.log
This status will update every 10s.
--------------------------------------------------------------------------------
Instances
--------------------------------------------------------------------------------
Hostname/IP: 192.168.0.169 | Terminated: [33mFalse[0m
--------------------------------------------------------------------------------
Simulated Switches
--------------------------------------------------------------------------------
--------------------------------------------------------------------------------
Simulated Pipes
--------------------------------------------------------------------------------
--------------------------------------------------------------------------------
Simulated Nodes/Jobs
--------------------------------------------------------------------------------
Hostname/IP: 192.168.0.169 | Job: et-et3p3-573230 | Sim running: [33mTrue [0m
--------------------------------------------------------------------------------
Summary
--------------------------------------------------------------------------------
1/1 instances are still running.
1/1 simulations are still running.
--------------------------------------------------------------------------------
[2J
FireSim Simulation Status @ 2026-09-04 21:33:28.119590
--------------------------------------------------------------------------------
This workload's output is located in:
/home/ubuntu/chipyard-rose/sims/firesim/deploy/results-workload/2026-09-04--21-30-04-et-et3p3-57323-fq861x88fdae20/
This run's log is located in:
/home/ubuntu/chipyard-rose/sims/firesim/deploy/logs/2026-09-04--21-30-04-runworkload-IY1Y6S0AK7MIUMCJ.log
This status will update every 10s.
--------------------------------------------------------------------------------
Instances
--------------------------------------------------------------------------------
Hostname/IP: 192.168.0.169 | Terminated: [33mFalse[0m
--------------------------------------------------------------------------------
Simulated Switches
--------------------------------------------------------------------------------
--------------------------------------------------------------------------------
Simulated Pipes
--------------------------------------------------------------------------------
--------------------------------------------------------------------------------
Simulated Nodes/Jobs
--------------------------------------------------------------------------------
Hostname/IP: 192.168.0.169 | Job: et-et3p3-573230 | Sim running: [33mTrue [0m
--------------------------------------------------------------------------------
Summary
--------------------------------------------------------------------------------
1/1 instances are still running.
1/1 simulations are still running.
--------------------------------------------------------------------------------
[2J
FireSim Simulation Status @ 2026-09-04 21:33:38.437776
--------------------------------------------------------------------------------
This workload's output is located in:
/home/ubuntu/chipyard-rose/sims/firesim/deploy/results-workload/2026-09-04--21-30-04-et-et3p3-57323-fq861x88fdae20/
This run's log is located in:
/home/ubuntu/chipyard-rose/sims/firesim/deploy/logs/2026-09-04--21-30-04-runworkload-IY1Y6S0AK7MIUMCJ.log
This status will update every 10s.
--------------------------------------------------------------------------------
Instances
--------------------------------------------------------------------------------
Hostname/IP: 192.168.0.169 | Terminated: [33mFalse[0m
--------------------------------------------------------------------------------
Simulated Switches
--------------------------------------------------------------------------------
--------------------------------------------------------------------------------
Simulated Pipes
--------------------------------------------------------------------------------
--------------------------------------------------------------------------------
Simulated Nodes/Jobs
--------------------------------------------------------------------------------
Hostname/IP: 192.168.0.169 | Job: et-et3p3-573230 | Sim running: [33mTrue [0m
--------------------------------------------------------------------------------
Summary
--------------------------------------------------------------------------------
1/1 instances are still running.
1/1 simulations are still running.
--------------------------------------------------------------------------------
[2J
FireSim Simulation Status @ 2026-09-04 21:33:48.756650
--------------------------------------------------------------------------------
This workload's output is located in:
/home/ubuntu/chipyard-rose/sims/firesim/deploy/results-workload/2026-09-04--21-30-04-et-et3p3-57323-fq861x88fdae20/
This run's log is located in:
/home/ubuntu/chipyard-rose/sims/firesim/deploy/logs/2026-09-04--21-30-04-runworkload-IY1Y6S0AK7MIUMCJ.log
This status will update every 10s.
--------------------------------------------------------------------------------
Instances
--------------------------------------------------------------------------------
Hostname/IP: 192.168.0.169 | Terminated: [33mFalse[0m
--------------------------------------------------------------------------------
Simulated Switches
--------------------------------------------------------------------------------
--------------------------------------------------------------------------------
Simulated Pipes
--------------------------------------------------------------------------------
--------------------------------------------------------------------------------
Simulated Nodes/Jobs
--------------------------------------------------------------------------------
Hostname/IP: 192.168.0.169 | Job: et-et3p3-573230 | Sim running: [33mTrue [0m
--------------------------------------------------------------------------------
Summary
--------------------------------------------------------------------------------
1/1 instances are still running.
1/1 simulations are still running.
--------------------------------------------------------------------------------
[2J
FireSim Simulation Status @ 2026-09-04 21:33:59.076186
--------------------------------------------------------------------------------
This workload's output is located in:
/home/ubuntu/chipyard-rose/sims/firesim/deploy/results-workload/2026-09-04--21-30-04-et-et3p3-57323-fq861x88fdae20/
This run's log is located in:
/home/ubuntu/chipyard-rose/sims/firesim/deploy/logs/2026-09-04--21-30-04-runworkload-IY1Y6S0AK7MIUMCJ.log
This status will update every 10s.
--------------------------------------------------------------------------------
Instances
--------------------------------------------------------------------------------
Hostname/IP: 192.168.0.169 | Terminated: [33mFalse[0m
--------------------------------------------------------------------------------
Simulated Switches
--------------------------------------------------------------------------------
--------------------------------------------------------------------------------
Simulated Pipes
--------------------------------------------------------------------------------
--------------------------------------------------------------------------------
Simulated Nodes/Jobs
--------------------------------------------------------------------------------
Hostname/IP: 192.168.0.169 | Job: et-et3p3-573230 | Sim running: [33mTrue [0m
--------------------------------------------------------------------------------
Summary
--------------------------------------------------------------------------------
1/1 instances are still running.
1/1 simulations are still running.
--------------------------------------------------------------------------------
[2J
FireSim Simulation Status @ 2026-09-04 21:34:09.415345
--------------------------------------------------------------------------------
This workload's output is located in:
/home/ubuntu/chipyard-rose/sims/firesim/deploy/results-workload/2026-09-04--21-30-04-et-et3p3-57323-fq861x88fdae20/
This run's log is located in:
/home/ubuntu/chipyard-rose/sims/firesim/deploy/logs/2026-09-04--21-30-04-runworkload-IY1Y6S0AK7MIUMCJ.log
This status will update every 10s.
--------------------------------------------------------------------------------
Instances
--------------------------------------------------------------------------------
Hostname/IP: 192.168.0.169 | Terminated: [33mFalse[0m
--------------------------------------------------------------------------------
Simulated Switches
--------------------------------------------------------------------------------
--------------------------------------------------------------------------------
Simulated Pipes
--------------------------------------------------------------------------------
--------------------------------------------------------------------------------
Simulated Nodes/Jobs
--------------------------------------------------------------------------------
Hostname/IP: 192.168.0.169 | Job: et-et3p3-573230 | Sim running: [33mTrue [0m
--------------------------------------------------------------------------------
Summary
--------------------------------------------------------------------------------
1/1 instances are still running.
1/1 simulations are still running.
--------------------------------------------------------------------------------
[2J
FireSim Simulation Status @ 2026-09-04 21:34:19.754723
--------------------------------------------------------------------------------
This workload's output is located in:
/home/ubuntu/chipyard-rose/sims/firesim/deploy/results-workload/2026-09-04--21-30-04-et-et3p3-57323-fq861x88fdae20/
This run's log is located in:
/home/ubuntu/chipyard-rose/sims/firesim/deploy/logs/2026-09-04--21-30-04-runworkload-IY1Y6S0AK7MIUMCJ.log
This status will update every 10s.
--------------------------------------------------------------------------------
Instances
--------------------------------------------------------------------------------
Hostname/IP: 192.168.0.169 | Terminated: [33mFalse[0m
--------------------------------------------------------------------------------
Simulated Switches
--------------------------------------------------------------------------------
--------------------------------------------------------------------------------
Simulated Pipes
--------------------------------------------------------------------------------
--------------------------------------------------------------------------------
Simulated Nodes/Jobs
--------------------------------------------------------------------------------
Hostname/IP: 192.168.0.169 | Job: et-et3p3-573230 | Sim running: [33mTrue [0m
--------------------------------------------------------------------------------
Summary
--------------------------------------------------------------------------------
1/1 instances are still running.
1/1 simulations are still running.
--------------------------------------------------------------------------------
[2J
FireSim Simulation Status @ 2026-09-04 21:34:30.092775
--------------------------------------------------------------------------------
This workload's output is located in:
/home/ubuntu/chipyard-rose/sims/firesim/deploy/results-workload/2026-09-04--21-30-04-et-et3p3-57323-fq861x88fdae20/
This run's log is located in:
/home/ubuntu/chipyard-rose/sims/firesim/deploy/logs/2026-09-04--21-30-04-runworkload-IY1Y6S0AK7MIUMCJ.log
This status will update every 10s.
--------------------------------------------------------------------------------
Instances
--------------------------------------------------------------------------------
Hostname/IP: 192.168.0.169 | Terminated: [33mFalse[0m
--------------------------------------------------------------------------------
Simulated Switches
--------------------------------------------------------------------------------
--------------------------------------------------------------------------------
Simulated Pipes
--------------------------------------------------------------------------------
--------------------------------------------------------------------------------
Simulated Nodes/Jobs
--------------------------------------------------------------------------------
Hostname/IP: 192.168.0.169 | Job: et-et3p3-573230 | Sim running: [33mTrue [0m
--------------------------------------------------------------------------------
Summary
--------------------------------------------------------------------------------
1/1 instances are still running.
1/1 simulations are still running.
--------------------------------------------------------------------------------
[2J
FireSim Simulation Status @ 2026-09-04 21:34:40.411686
--------------------------------------------------------------------------------
This workload's output is located in:
/home/ubuntu/chipyard-rose/sims/firesim/deploy/results-workload/2026-09-04--21-30-04-et-et3p3-57323-fq861x88fdae20/
This run's log is located in:
/home/ubuntu/chipyard-rose/sims/firesim/deploy/logs/2026-09-04--21-30-04-runworkload-IY1Y6S0AK7MIUMCJ.log
This status will update every 10s.
--------------------------------------------------------------------------------
Instances
--------------------------------------------------------------------------------
Hostname/IP: 192.168.0.169 | Terminated: [33mFalse[0m
--------------------------------------------------------------------------------
Simulated Switches
--------------------------------------------------------------------------------
--------------------------------------------------------------------------------
Simulated Pipes
--------------------------------------------------------------------------------
--------------------------------------------------------------------------------
Simulated Nodes/Jobs
--------------------------------------------------------------------------------
Hostname/IP: 192.168.0.169 | Job: et-et3p3-573230 | Sim running: [33mTrue [0m
--------------------------------------------------------------------------------
Summary
--------------------------------------------------------------------------------
1/1 instances are still running.
1/1 simulations are still running.
--------------------------------------------------------------------------------
[2J
FireSim Simulation Status @ 2026-09-04 21:34:50.738687
--------------------------------------------------------------------------------
This workload's output is located in:
/home/ubuntu/chipyard-rose/sims/firesim/deploy/results-workload/2026-09-04--21-30-04-et-et3p3-57323-fq861x88fdae20/
This run's log is located in:
/home/ubuntu/chipyard-rose/sims/firesim/deploy/logs/2026-09-04--21-30-04-runworkload-IY1Y6S0AK7MIUMCJ.log
This status will update every 10s.
--------------------------------------------------------------------------------
Instances
--------------------------------------------------------------------------------
Hostname/IP: 192.168.0.169 | Terminated: [33mFalse[0m
--------------------------------------------------------------------------------
Simulated Switches
--------------------------------------------------------------------------------
--------------------------------------------------------------------------------
Simulated Pipes
--------------------------------------------------------------------------------
--------------------------------------------------------------------------------
Simulated Nodes/Jobs
--------------------------------------------------------------------------------
Hostname/IP: 192.168.0.169 | Job: et-et3p3-573230 | Sim running: [33mTrue [0m
--------------------------------------------------------------------------------
Summary
--------------------------------------------------------------------------------
1/1 instances are still running.
1/1 simulations are still running.
--------------------------------------------------------------------------------
[2J
FireSim Simulation Status @ 2026-09-04 21:35:01.067473
--------------------------------------------------------------------------------
This workload's output is located in:
/home/ubuntu/chipyard-rose/sims/firesim/deploy/results-workload/2026-09-04--21-30-04-et-et3p3-57323-fq861x88fdae20/
This run's log is located in:
/home/ubuntu/chipyard-rose/sims/firesim/deploy/logs/2026-09-04--21-30-04-runworkload-IY1Y6S0AK7MIUMCJ.log
This status will update every 10s.
--------------------------------------------------------------------------------
Instances
--------------------------------------------------------------------------------
Hostname/IP: 192.168.0.169 | Terminated: [33mFalse[0m
--------------------------------------------------------------------------------
Simulated Switches
--------------------------------------------------------------------------------
--------------------------------------------------------------------------------
Simulated Pipes
--------------------------------------------------------------------------------
--------------------------------------------------------------------------------
Simulated Nodes/Jobs
--------------------------------------------------------------------------------
Hostname/IP: 192.168.0.169 | Job: et-et3p3-573230 | Sim running: [33mTrue [0m
--------------------------------------------------------------------------------
Summary
--------------------------------------------------------------------------------
1/1 instances are still running.
1/1 simulations are still running.
--------------------------------------------------------------------------------
[2J
FireSim Simulation Status @ 2026-09-04 21:35:11.416394
--------------------------------------------------------------------------------
This workload's output is located in:
/home/ubuntu/chipyard-rose/sims/firesim/deploy/results-workload/2026-09-04--21-30-04-et-et3p3-57323-fq861x88fdae20/
This run's log is located in:
/home/ubuntu/chipyard-rose/sims/firesim/deploy/logs/2026-09-04--21-30-04-runworkload-IY1Y6S0AK7MIUMCJ.log
This status will update every 10s.
--------------------------------------------------------------------------------
Instances
--------------------------------------------------------------------------------
Hostname/IP: 192.168.0.169 | Terminated: [33mFalse[0m
--------------------------------------------------------------------------------
Simulated Switches
--------------------------------------------------------------------------------
--------------------------------------------------------------------------------
Simulated Pipes
--------------------------------------------------------------------------------
--------------------------------------------------------------------------------
Simulated Nodes/Jobs
--------------------------------------------------------------------------------
Hostname/IP: 192.168.0.169 | Job: et-et3p3-573230 | Sim running: [33mTrue [0m
--------------------------------------------------------------------------------
Summary
--------------------------------------------------------------------------------
1/1 instances are still running.
1/1 simulations are still running.
--------------------------------------------------------------------------------
[2J
FireSim Simulation Status @ 2026-09-04 21:35:21.755781
--------------------------------------------------------------------------------
This workload's output is located in:
/home/ubuntu/chipyard-rose/sims/firesim/deploy/results-workload/2026-09-04--21-30-04-et-et3p3-57323-fq861x88fdae20/
This run's log is located in:
/home/ubuntu/chipyard-rose/sims/firesim/deploy/logs/2026-09-04--21-30-04-runworkload-IY1Y6S0AK7MIUMCJ.log
This status will update every 10s.
--------------------------------------------------------------------------------
Instances
--------------------------------------------------------------------------------
Hostname/IP: 192.168.0.169 | Terminated: [33mFalse[0m
--------------------------------------------------------------------------------
Simulated Switches
--------------------------------------------------------------------------------
--------------------------------------------------------------------------------
Simulated Pipes
--------------------------------------------------------------------------------
--------------------------------------------------------------------------------
Simulated Nodes/Jobs
--------------------------------------------------------------------------------
Hostname/IP: 192.168.0.169 | Job: et-et3p3-573230 | Sim running: [33mTrue [0m
--------------------------------------------------------------------------------
Summary
--------------------------------------------------------------------------------
1/1 instances are still running.
1/1 simulations are still running.
--------------------------------------------------------------------------------
[2J
FireSim Simulation Status @ 2026-09-04 21:35:32.074818
--------------------------------------------------------------------------------
This workload's output is located in:
/home/ubuntu/chipyard-rose/sims/firesim/deploy/results-workload/2026-09-04--21-30-04-et-et3p3-57323-fq861x88fdae20/
This run's log is located in:
/home/ubuntu/chipyard-rose/sims/firesim/deploy/logs/2026-09-04--21-30-04-runworkload-IY1Y6S0AK7MIUMCJ.log
This status will update every 10s.
--------------------------------------------------------------------------------
Instances
--------------------------------------------------------------------------------
Hostname/IP: 192.168.0.169 | Terminated: [33mFalse[0m
--------------------------------------------------------------------------------
Simulated Switches
--------------------------------------------------------------------------------
--------------------------------------------------------------------------------
Simulated Pipes
--------------------------------------------------------------------------------
--------------------------------------------------------------------------------
Simulated Nodes/Jobs
--------------------------------------------------------------------------------
Hostname/IP: 192.168.0.169 | Job: et-et3p3-573230 | Sim running: [33mTrue [0m
--------------------------------------------------------------------------------
Summary
--------------------------------------------------------------------------------
1/1 instances are still running.
1/1 simulations are still running.
--------------------------------------------------------------------------------
[2J
FireSim Simulation Status @ 2026-09-04 21:35:42.403537
--------------------------------------------------------------------------------
This workload's output is located in:
/home/ubuntu/chipyard-rose/sims/firesim/deploy/results-workload/2026-09-04--21-30-04-et-et3p3-57323-fq861x88fdae20/
This run's log is located in:
/home/ubuntu/chipyard-rose/sims/firesim/deploy/logs/2026-09-04--21-30-04-runworkload-IY1Y6S0AK7MIUMCJ.log
This status will update every 10s.
--------------------------------------------------------------------------------
Instances
--------------------------------------------------------------------------------
Hostname/IP: 192.168.0.169 | Terminated: [33mFalse[0m
--------------------------------------------------------------------------------
Simulated Switches
--------------------------------------------------------------------------------
--------------------------------------------------------------------------------
Simulated Pipes
--------------------------------------------------------------------------------
--------------------------------------------------------------------------------
Simulated Nodes/Jobs
--------------------------------------------------------------------------------
Hostname/IP: 192.168.0.169 | Job: et-et3p3-573230 | Sim running: [33mTrue [0m
--------------------------------------------------------------------------------
Summary
--------------------------------------------------------------------------------
1/1 instances are still running.
1/1 simulations are still running.
--------------------------------------------------------------------------------
[2J
FireSim Simulation Status @ 2026-09-04 21:35:52.742587
--------------------------------------------------------------------------------
This workload's output is located in:
/home/ubuntu/chipyard-rose/sims/firesim/deploy/results-workload/2026-09-04--21-30-04-et-et3p3-57323-fq861x88fdae20/
This run's log is located in:
/home/ubuntu/chipyard-rose/sims/firesim/deploy/logs/2026-09-04--21-30-04-runworkload-IY1Y6S0AK7MIUMCJ.log
This status will update every 10s.
--------------------------------------------------------------------------------
Instances
--------------------------------------------------------------------------------
Hostname/IP: 192.168.0.169 | Terminated: [33mFalse[0m
--------------------------------------------------------------------------------
Simulated Switches
--------------------------------------------------------------------------------
--------------------------------------------------------------------------------
Simulated Pipes
--------------------------------------------------------------------------------
--------------------------------------------------------------------------------
Simulated Nodes/Jobs
--------------------------------------------------------------------------------
Hostname/IP: 192.168.0.169 | Job: et-et3p3-573230 | Sim running: [33mTrue [0m
--------------------------------------------------------------------------------
Summary
--------------------------------------------------------------------------------
1/1 instances are still running.
1/1 simulations are still running.
--------------------------------------------------------------------------------
[2J
FireSim Simulation Status @ 2026-09-04 21:36:03.081786
--------------------------------------------------------------------------------
This workload's output is located in:
/home/ubuntu/chipyard-rose/sims/firesim/deploy/results-workload/2026-09-04--21-30-04-et-et3p3-57323-fq861x88fdae20/
This run's log is located in:
/home/ubuntu/chipyard-rose/sims/firesim/deploy/logs/2026-09-04--21-30-04-runworkload-IY1Y6S0AK7MIUMCJ.log
This status will update every 10s.
--------------------------------------------------------------------------------
Instances
--------------------------------------------------------------------------------
Hostname/IP: 192.168.0.169 | Terminated: [33mFalse[0m
--------------------------------------------------------------------------------
Simulated Switches
--------------------------------------------------------------------------------
--------------------------------------------------------------------------------
Simulated Pipes
--------------------------------------------------------------------------------
--------------------------------------------------------------------------------
Simulated Nodes/Jobs
--------------------------------------------------------------------------------
Hostname/IP: 192.168.0.169 | Job: et-et3p3-573230 | Sim running: [33mTrue [0m
--------------------------------------------------------------------------------
Summary
--------------------------------------------------------------------------------
1/1 instances are still running.
1/1 simulations are still running.
--------------------------------------------------------------------------------
[2J
FireSim Simulation Status @ 2026-09-04 21:36:13.410450
--------------------------------------------------------------------------------
This workload's output is located in:
/home/ubuntu/chipyard-rose/sims/firesim/deploy/results-workload/2026-09-04--21-30-04-et-et3p3-57323-fq861x88fdae20/
This run's log is located in:
/home/ubuntu/chipyard-rose/sims/firesim/deploy/logs/2026-09-04--21-30-04-runworkload-IY1Y6S0AK7MIUMCJ.log
This status will update every 10s.
--------------------------------------------------------------------------------
Instances
--------------------------------------------------------------------------------
Hostname/IP: 192.168.0.169 | Terminated: [33mFalse[0m
--------------------------------------------------------------------------------
Simulated Switches
--------------------------------------------------------------------------------
--------------------------------------------------------------------------------
Simulated Pipes
--------------------------------------------------------------------------------
--------------------------------------------------------------------------------
Simulated Nodes/Jobs
--------------------------------------------------------------------------------
Hostname/IP: 192.168.0.169 | Job: et-et3p3-573230 | Sim running: [33mTrue [0m
--------------------------------------------------------------------------------
Summary
--------------------------------------------------------------------------------
1/1 instances are still running.
1/1 simulations are still running.
--------------------------------------------------------------------------------
[2J
FireSim Simulation Status @ 2026-09-04 21:36:23.739187
--------------------------------------------------------------------------------
This workload's output is located in:
/home/ubuntu/chipyard-rose/sims/firesim/deploy/results-workload/2026-09-04--21-30-04-et-et3p3-57323-fq861x88fdae20/
This run's log is located in:
/home/ubuntu/chipyard-rose/sims/firesim/deploy/logs/2026-09-04--21-30-04-runworkload-IY1Y6S0AK7MIUMCJ.log
This status will update every 10s.
--------------------------------------------------------------------------------
Instances
--------------------------------------------------------------------------------
Hostname/IP: 192.168.0.169 | Terminated: [33mFalse[0m
--------------------------------------------------------------------------------
Simulated Switches
--------------------------------------------------------------------------------
--------------------------------------------------------------------------------
Simulated Pipes
--------------------------------------------------------------------------------
--------------------------------------------------------------------------------
Simulated Nodes/Jobs
--------------------------------------------------------------------------------
Hostname/IP: 192.168.0.169 | Job: et-et3p3-573230 | Sim running: [33mTrue [0m
--------------------------------------------------------------------------------
Summary
--------------------------------------------------------------------------------
1/1 instances are still running.
1/1 simulations are still running.
--------------------------------------------------------------------------------
[2J
FireSim Simulation Status @ 2026-09-04 21:36:34.067958
--------------------------------------------------------------------------------
This workload's output is located in:
/home/ubuntu/chipyard-rose/sims/firesim/deploy/results-workload/2026-09-04--21-30-04-et-et3p3-57323-fq861x88fdae20/
This run's log is located in:
/home/ubuntu/chipyard-rose/sims/firesim/deploy/logs/2026-09-04--21-30-04-runworkload-IY1Y6S0AK7MIUMCJ.log
This status will update every 10s.
--------------------------------------------------------------------------------
Instances
--------------------------------------------------------------------------------
Hostname/IP: 192.168.0.169 | Terminated: [33mFalse[0m
--------------------------------------------------------------------------------
Simulated Switches
--------------------------------------------------------------------------------
--------------------------------------------------------------------------------
Simulated Pipes
--------------------------------------------------------------------------------
--------------------------------------------------------------------------------
Simulated Nodes/Jobs
--------------------------------------------------------------------------------
Hostname/IP: 192.168.0.169 | Job: et-et3p3-573230 | Sim running: [33mTrue [0m
--------------------------------------------------------------------------------
Summary
--------------------------------------------------------------------------------
1/1 instances are still running.
1/1 simulations are still running.
--------------------------------------------------------------------------------
[2J
FireSim Simulation Status @ 2026-09-04 21:36:44.387253
--------------------------------------------------------------------------------
This workload's output is located in:
/home/ubuntu/chipyard-rose/sims/firesim/deploy/results-workload/2026-09-04--21-30-04-et-et3p3-57323-fq861x88fdae20/
This run's log is located in:
/home/ubuntu/chipyard-rose/sims/firesim/deploy/logs/2026-09-04--21-30-04-runworkload-IY1Y6S0AK7MIUMCJ.log
This status will update every 10s.
--------------------------------------------------------------------------------
Instances
--------------------------------------------------------------------------------
Hostname/IP: 192.168.0.169 | Terminated: [33mFalse[0m
--------------------------------------------------------------------------------
Simulated Switches
--------------------------------------------------------------------------------
--------------------------------------------------------------------------------
Simulated Pipes
--------------------------------------------------------------------------------
--------------------------------------------------------------------------------
Simulated Nodes/Jobs
--------------------------------------------------------------------------------
Hostname/IP: 192.168.0.169 | Job: et-et3p3-573230 | Sim running: [33mTrue [0m
--------------------------------------------------------------------------------
Summary
--------------------------------------------------------------------------------
1/1 instances are still running.
1/1 simulations are still running.
--------------------------------------------------------------------------------
[2J
FireSim Simulation Status @ 2026-09-04 21:36:54.726678
--------------------------------------------------------------------------------
This workload's output is located in:
/home/ubuntu/chipyard-rose/sims/firesim/deploy/results-workload/2026-09-04--21-30-04-et-et3p3-57323-fq861x88fdae20/
This run's log is located in:
/home/ubuntu/chipyard-rose/sims/firesim/deploy/logs/2026-09-04--21-30-04-runworkload-IY1Y6S0AK7MIUMCJ.log
This status will update every 10s.
--------------------------------------------------------------------------------
Instances
--------------------------------------------------------------------------------
Hostname/IP: 192.168.0.169 | Terminated: [33mFalse[0m
--------------------------------------------------------------------------------
Simulated Switches
--------------------------------------------------------------------------------
--------------------------------------------------------------------------------
Simulated Pipes
--------------------------------------------------------------------------------
--------------------------------------------------------------------------------
Simulated Nodes/Jobs
--------------------------------------------------------------------------------
Hostname/IP: 192.168.0.169 | Job: et-et3p3-573230 | Sim running: [33mTrue [0m
--------------------------------------------------------------------------------
Summary
--------------------------------------------------------------------------------
1/1 instances are still running.
1/1 simulations are still running.
--------------------------------------------------------------------------------
[2J
FireSim Simulation Status @ 2026-09-04 21:37:05.065415
--------------------------------------------------------------------------------
This workload's output is located in:
/home/ubuntu/chipyard-rose/sims/firesim/deploy/results-workload/2026-09-04--21-30-04-et-et3p3-57323-fq861x88fdae20/
This run's log is located in:
/home/ubuntu/chipyard-rose/sims/firesim/deploy/logs/2026-09-04--21-30-04-runworkload-IY1Y6S0AK7MIUMCJ.log
This status will update every 10s.
--------------------------------------------------------------------------------
Instances
--------------------------------------------------------------------------------
Hostname/IP: 192.168.0.169 | Terminated: [33mFalse[0m
--------------------------------------------------------------------------------
Simulated Switches
--------------------------------------------------------------------------------
--------------------------------------------------------------------------------
Simulated Pipes
--------------------------------------------------------------------------------
--------------------------------------------------------------------------------
Simulated Nodes/Jobs
--------------------------------------------------------------------------------
Hostname/IP: 192.168.0.169 | Job: et-et3p3-573230 | Sim running: [33mTrue [0m
--------------------------------------------------------------------------------
Summary
--------------------------------------------------------------------------------
1/1 instances are still running.
1/1 simulations are still running.
--------------------------------------------------------------------------------
[2J
FireSim Simulation Status @ 2026-09-04 21:37:15.383975
--------------------------------------------------------------------------------
This workload's output is located in:
/home/ubuntu/chipyard-rose/sims/firesim/deploy/results-workload/2026-09-04--21-30-04-et-et3p3-57323-fq861x88fdae20/
This run's log is located in:
/home/ubuntu/chipyard-rose/sims/firesim/deploy/logs/2026-09-04--21-30-04-runworkload-IY1Y6S0AK7MIUMCJ.log
This status will update every 10s.
--------------------------------------------------------------------------------
Instances
--------------------------------------------------------------------------------
Hostname/IP: 192.168.0.169 | Terminated: [33mFalse[0m
--------------------------------------------------------------------------------
Simulated Switches
--------------------------------------------------------------------------------
--------------------------------------------------------------------------------
Simulated Pipes
--------------------------------------------------------------------------------
--------------------------------------------------------------------------------
Simulated Nodes/Jobs
--------------------------------------------------------------------------------
Hostname/IP: 192.168.0.169 | Job: et-et3p3-573230 | Sim running: [33mTrue [0m
--------------------------------------------------------------------------------
Summary
--------------------------------------------------------------------------------
1/1 instances are still running.
1/1 simulations are still running.
--------------------------------------------------------------------------------
[2J
FireSim Simulation Status @ 2026-09-04 21:37:25.712767
--------------------------------------------------------------------------------
This workload's output is located in:
/home/ubuntu/chipyard-rose/sims/firesim/deploy/results-workload/2026-09-04--21-30-04-et-et3p3-57323-fq861x88fdae20/
This run's log is located in:
/home/ubuntu/chipyard-rose/sims/firesim/deploy/logs/2026-09-04--21-30-04-runworkload-IY1Y6S0AK7MIUMCJ.log
This status will update every 10s.
--------------------------------------------------------------------------------
Instances
--------------------------------------------------------------------------------
Hostname/IP: 192.168.0.169 | Terminated: [33mFalse[0m
--------------------------------------------------------------------------------
Simulated Switches
--------------------------------------------------------------------------------
--------------------------------------------------------------------------------
Simulated Pipes
--------------------------------------------------------------------------------
--------------------------------------------------------------------------------
Simulated Nodes/Jobs
--------------------------------------------------------------------------------
Hostname/IP: 192.168.0.169 | Job: et-et3p3-573230 | Sim running: [33mTrue [0m
--------------------------------------------------------------------------------
Summary
--------------------------------------------------------------------------------
1/1 instances are still running.
1/1 simulations are still running.
--------------------------------------------------------------------------------
[2J
FireSim Simulation Status @ 2026-09-04 21:37:36.031636
--------------------------------------------------------------------------------
This workload's output is located in:
/home/ubuntu/chipyard-rose/sims/firesim/deploy/results-workload/2026-09-04--21-30-04-et-et3p3-57323-fq861x88fdae20/
This run's log is located in:
/home/ubuntu/chipyard-rose/sims/firesim/deploy/logs/2026-09-04--21-30-04-runworkload-IY1Y6S0AK7MIUMCJ.log
This status will update every 10s.
--------------------------------------------------------------------------------
Instances
--------------------------------------------------------------------------------
Hostname/IP: 192.168.0.169 | Terminated: [33mFalse[0m
--------------------------------------------------------------------------------
Simulated Switches
--------------------------------------------------------------------------------
--------------------------------------------------------------------------------
Simulated Pipes
--------------------------------------------------------------------------------
--------------------------------------------------------------------------------
Simulated Nodes/Jobs
--------------------------------------------------------------------------------
Hostname/IP: 192.168.0.169 | Job: et-et3p3-573230 | Sim running: [33mTrue [0m
--------------------------------------------------------------------------------
Summary
--------------------------------------------------------------------------------
1/1 instances are still running.
1/1 simulations are still running.
--------------------------------------------------------------------------------
[2J
FireSim Simulation Status @ 2026-09-04 21:37:46.360479
--------------------------------------------------------------------------------
This workload's output is located in:
/home/ubuntu/chipyard-rose/sims/firesim/deploy/results-workload/2026-09-04--21-30-04-et-et3p3-57323-fq861x88fdae20/
This run's log is located in:
/home/ubuntu/chipyard-rose/sims/firesim/deploy/logs/2026-09-04--21-30-04-runworkload-IY1Y6S0AK7MIUMCJ.log
This status will update every 10s.
--------------------------------------------------------------------------------
Instances
--------------------------------------------------------------------------------
Hostname/IP: 192.168.0.169 | Terminated: [33mFalse[0m
--------------------------------------------------------------------------------
Simulated Switches
--------------------------------------------------------------------------------
--------------------------------------------------------------------------------
Simulated Pipes
--------------------------------------------------------------------------------
--------------------------------------------------------------------------------
Simulated Nodes/Jobs
--------------------------------------------------------------------------------
Hostname/IP: 192.168.0.169 | Job: et-et3p3-573230 | Sim running: [33mTrue [0m
--------------------------------------------------------------------------------
Summary
--------------------------------------------------------------------------------
1/1 instances are still running.
1/1 simulations are still running.
--------------------------------------------------------------------------------
[2J
FireSim Simulation Status @ 2026-09-04 21:37:56.691483
--------------------------------------------------------------------------------
This workload's output is located in:
/home/ubuntu/chipyard-rose/sims/firesim/deploy/results-workload/2026-09-04--21-30-04-et-et3p3-57323-fq861x88fdae20/
This run's log is located in:
/home/ubuntu/chipyard-rose/sims/firesim/deploy/logs/2026-09-04--21-30-04-runworkload-IY1Y6S0AK7MIUMCJ.log
This status will update every 10s.
--------------------------------------------------------------------------------
Instances
--------------------------------------------------------------------------------
Hostname/IP: 192.168.0.169 | Terminated: [33mFalse[0m
--------------------------------------------------------------------------------
Simulated Switches
--------------------------------------------------------------------------------
--------------------------------------------------------------------------------
Simulated Pipes
--------------------------------------------------------------------------------
--------------------------------------------------------------------------------
Simulated Nodes/Jobs
--------------------------------------------------------------------------------
Hostname/IP: 192.168.0.169 | Job: et-et3p3-573230 | Sim running: [33mTrue [0m
--------------------------------------------------------------------------------
Summary
--------------------------------------------------------------------------------
1/1 instances are still running.
1/1 simulations are still running.
--------------------------------------------------------------------------------
[2J
FireSim Simulation Status @ 2026-09-04 21:38:07.010455
--------------------------------------------------------------------------------
This workload's output is located in:
/home/ubuntu/chipyard-rose/sims/firesim/deploy/results-workload/2026-09-04--21-30-04-et-et3p3-57323-fq861x88fdae20/
This run's log is located in:
/home/ubuntu/chipyard-rose/sims/firesim/deploy/logs/2026-09-04--21-30-04-runworkload-IY1Y6S0AK7MIUMCJ.log
This status will update every 10s.
--------------------------------------------------------------------------------
Instances
--------------------------------------------------------------------------------
Hostname/IP: 192.168.0.169 | Terminated: [33mFalse[0m
--------------------------------------------------------------------------------
Simulated Switches
--------------------------------------------------------------------------------
--------------------------------------------------------------------------------
Simulated Pipes
--------------------------------------------------------------------------------
--------------------------------------------------------------------------------
Simulated Nodes/Jobs
--------------------------------------------------------------------------------
Hostname/IP: 192.168.0.169 | Job: et-et3p3-573230 | Sim running: [33mTrue [0m
--------------------------------------------------------------------------------
Summary
--------------------------------------------------------------------------------
1/1 instances are still running.
1/1 simulations are still running.
--------------------------------------------------------------------------------
[2J
FireSim Simulation Status @ 2026-09-04 21:38:17.561030
--------------------------------------------------------------------------------
This workload's output is located in:
/home/ubuntu/chipyard-rose/sims/firesim/deploy/results-workload/2026-09-04--21-30-04-et-et3p3-57323-fq861x88fdae20/
This run's log is located in:
/home/ubuntu/chipyard-rose/sims/firesim/deploy/logs/2026-09-04--21-30-04-runworkload-IY1Y6S0AK7MIUMCJ.log
This status will update every 10s.
--------------------------------------------------------------------------------
Instances
--------------------------------------------------------------------------------
Hostname/IP: 192.168.0.169 | Terminated: [33mFalse[0m
--------------------------------------------------------------------------------
Simulated Switches
--------------------------------------------------------------------------------
--------------------------------------------------------------------------------
Simulated Pipes
--------------------------------------------------------------------------------
--------------------------------------------------------------------------------
Simulated Nodes/Jobs
--------------------------------------------------------------------------------
Hostname/IP: 192.168.0.169 | Job: et-et3p3-573230 | Sim running: [33mTrue [0m
--------------------------------------------------------------------------------
Summary
--------------------------------------------------------------------------------
1/1 instances are still running.
1/1 simulations are still running.
--------------------------------------------------------------------------------
[2J
FireSim Simulation Status @ 2026-09-04 21:38:27.890197
--------------------------------------------------------------------------------
This workload's output is located in:
/home/ubuntu/chipyard-rose/sims/firesim/deploy/results-workload/2026-09-04--21-30-04-et-et3p3-57323-fq861x88fdae20/
This run's log is located in:
/home/ubuntu/chipyard-rose/sims/firesim/deploy/logs/2026-09-04--21-30-04-runworkload-IY1Y6S0AK7MIUMCJ.log
This status will update every 10s.
--------------------------------------------------------------------------------
Instances
--------------------------------------------------------------------------------
Hostname/IP: 192.168.0.169 | Terminated: [33mFalse[0m
--------------------------------------------------------------------------------
Simulated Switches
--------------------------------------------------------------------------------
--------------------------------------------------------------------------------
Simulated Pipes
--------------------------------------------------------------------------------
--------------------------------------------------------------------------------
Simulated Nodes/Jobs
--------------------------------------------------------------------------------
Hostname/IP: 192.168.0.169 | Job: et-et3p3-573230 | Sim running: [33mTrue [0m
--------------------------------------------------------------------------------
Summary
--------------------------------------------------------------------------------
1/1 instances are still running.
1/1 simulations are still running.
--------------------------------------------------------------------------------
[2J
FireSim Simulation Status @ 2026-09-04 21:38:38.219216
--------------------------------------------------------------------------------
This workload's output is located in:
/home/ubuntu/chipyard-rose/sims/firesim/deploy/results-workload/2026-09-04--21-30-04-et-et3p3-57323-fq861x88fdae20/
This run's log is located in:
/home/ubuntu/chipyard-rose/sims/firesim/deploy/logs/2026-09-04--21-30-04-runworkload-IY1Y6S0AK7MIUMCJ.log
This status will update every 10s.
--------------------------------------------------------------------------------
Instances
--------------------------------------------------------------------------------
Hostname/IP: 192.168.0.169 | Terminated: [33mFalse[0m
--------------------------------------------------------------------------------
Simulated Switches
--------------------------------------------------------------------------------
--------------------------------------------------------------------------------
Simulated Pipes
--------------------------------------------------------------------------------
--------------------------------------------------------------------------------
Simulated Nodes/Jobs
--------------------------------------------------------------------------------
Hostname/IP: 192.168.0.169 | Job: et-et3p3-573230 | Sim running: [33mTrue [0m
--------------------------------------------------------------------------------
Summary
--------------------------------------------------------------------------------
1/1 instances are still running.
1/1 simulations are still running.
--------------------------------------------------------------------------------
[2J
FireSim Simulation Status @ 2026-09-04 21:38:48.558587
--------------------------------------------------------------------------------
This workload's output is located in:
/home/ubuntu/chipyard-rose/sims/firesim/deploy/results-workload/2026-09-04--21-30-04-et-et3p3-57323-fq861x88fdae20/
This run's log is located in:
/home/ubuntu/chipyard-rose/sims/firesim/deploy/logs/2026-09-04--21-30-04-runworkload-IY1Y6S0AK7MIUMCJ.log
This status will update every 10s.
--------------------------------------------------------------------------------
Instances
--------------------------------------------------------------------------------
Hostname/IP: 192.168.0.169 | Terminated: [33mFalse[0m
--------------------------------------------------------------------------------
Simulated Switches
--------------------------------------------------------------------------------
--------------------------------------------------------------------------------
Simulated Pipes
--------------------------------------------------------------------------------
--------------------------------------------------------------------------------
Simulated Nodes/Jobs
--------------------------------------------------------------------------------
Hostname/IP: 192.168.0.169 | Job: et-et3p3-573230 | Sim running: [33mTrue [0m
--------------------------------------------------------------------------------
Summary
--------------------------------------------------------------------------------
1/1 instances are still running.
1/1 simulations are still running.
--------------------------------------------------------------------------------
[2J
FireSim Simulation Status @ 2026-09-04 21:38:58.888051
--------------------------------------------------------------------------------
This workload's output is located in:
/home/ubuntu/chipyard-rose/sims/firesim/deploy/results-workload/2026-09-04--21-30-04-et-et3p3-57323-fq861x88fdae20/
This run's log is located in:
/home/ubuntu/chipyard-rose/sims/firesim/deploy/logs/2026-09-04--21-30-04-runworkload-IY1Y6S0AK7MIUMCJ.log
This status will update every 10s.
--------------------------------------------------------------------------------
Instances
--------------------------------------------------------------------------------
Hostname/IP: 192.168.0.169 | Terminated: [33mFalse[0m
--------------------------------------------------------------------------------
Simulated Switches
--------------------------------------------------------------------------------
--------------------------------------------------------------------------------
Simulated Pipes
--------------------------------------------------------------------------------
--------------------------------------------------------------------------------
Simulated Nodes/Jobs
--------------------------------------------------------------------------------
Hostname/IP: 192.168.0.169 | Job: et-et3p3-573230 | Sim running: [33mTrue [0m
--------------------------------------------------------------------------------
Summary
--------------------------------------------------------------------------------
1/1 instances are still running.
1/1 simulations are still running.
--------------------------------------------------------------------------------
[2J
FireSim Simulation Status @ 2026-09-04 21:39:09.217004
--------------------------------------------------------------------------------
This workload's output is located in:
/home/ubuntu/chipyard-rose/sims/firesim/deploy/results-workload/2026-09-04--21-30-04-et-et3p3-57323-fq861x88fdae20/
This run's log is located in:
/home/ubuntu/chipyard-rose/sims/firesim/deploy/logs/2026-09-04--21-30-04-runworkload-IY1Y6S0AK7MIUMCJ.log
This status will update every 10s.
--------------------------------------------------------------------------------
Instances
--------------------------------------------------------------------------------
Hostname/IP: 192.168.0.169 | Terminated: [33mFalse[0m
--------------------------------------------------------------------------------
Simulated Switches
--------------------------------------------------------------------------------
--------------------------------------------------------------------------------
Simulated Pipes
--------------------------------------------------------------------------------
--------------------------------------------------------------------------------
Simulated Nodes/Jobs
--------------------------------------------------------------------------------
Hostname/IP: 192.168.0.169 | Job: et-et3p3-573230 | Sim running: [33mTrue [0m
--------------------------------------------------------------------------------
Summary
--------------------------------------------------------------------------------
1/1 instances are still running.
1/1 simulations are still running.
--------------------------------------------------------------------------------
[2J
FireSim Simulation Status @ 2026-09-04 21:39:19.799000
--------------------------------------------------------------------------------
This workload's output is located in:
/home/ubuntu/chipyard-rose/sims/firesim/deploy/results-workload/2026-09-04--21-30-04-et-et3p3-57323-fq861x88fdae20/
This run's log is located in:
/home/ubuntu/chipyard-rose/sims/firesim/deploy/logs/2026-09-04--21-30-04-runworkload-IY1Y6S0AK7MIUMCJ.log
This status will update every 10s.
--------------------------------------------------------------------------------
Instances
--------------------------------------------------------------------------------
Hostname/IP: 192.168.0.169 | Terminated: [33mFalse[0m
--------------------------------------------------------------------------------
Simulated Switches
--------------------------------------------------------------------------------
--------------------------------------------------------------------------------
Simulated Pipes
--------------------------------------------------------------------------------
--------------------------------------------------------------------------------
Simulated Nodes/Jobs
--------------------------------------------------------------------------------
Hostname/IP: 192.168.0.169 | Job: et-et3p3-573230 | Sim running: [33mTrue [0m
--------------------------------------------------------------------------------
Summary
--------------------------------------------------------------------------------
1/1 instances are still running.
1/1 simulations are still running.
--------------------------------------------------------------------------------
[2J
FireSim Simulation Status @ 2026-09-04 21:39:30.127937
--------------------------------------------------------------------------------
This workload's output is located in:
/home/ubuntu/chipyard-rose/sims/firesim/deploy/results-workload/2026-09-04--21-30-04-et-et3p3-57323-fq861x88fdae20/
This run's log is located in:
/home/ubuntu/chipyard-rose/sims/firesim/deploy/logs/2026-09-04--21-30-04-runworkload-IY1Y6S0AK7MIUMCJ.log
This status will update every 10s.
--------------------------------------------------------------------------------
Instances
--------------------------------------------------------------------------------
Hostname/IP: 192.168.0.169 | Terminated: [33mFalse[0m
--------------------------------------------------------------------------------
Simulated Switches
--------------------------------------------------------------------------------
--------------------------------------------------------------------------------
Simulated Pipes
--------------------------------------------------------------------------------
--------------------------------------------------------------------------------
Simulated Nodes/Jobs
--------------------------------------------------------------------------------
Hostname/IP: 192.168.0.169 | Job: et-et3p3-573230 | Sim running: [33mTrue [0m
--------------------------------------------------------------------------------
Summary
--------------------------------------------------------------------------------
1/1 instances are still running.
1/1 simulations are still running.
--------------------------------------------------------------------------------
[2J
FireSim Simulation Status @ 2026-09-04 21:39:40.456901
--------------------------------------------------------------------------------
This workload's output is located in:
/home/ubuntu/chipyard-rose/sims/firesim/deploy/results-workload/2026-09-04--21-30-04-et-et3p3-57323-fq861x88fdae20/
This run's log is located in:
/home/ubuntu/chipyard-rose/sims/firesim/deploy/logs/2026-09-04--21-30-04-runworkload-IY1Y6S0AK7MIUMCJ.log
This status will update every 10s.
--------------------------------------------------------------------------------
Instances
--------------------------------------------------------------------------------
Hostname/IP: 192.168.0.169 | Terminated: [33mFalse[0m
--------------------------------------------------------------------------------
Simulated Switches
--------------------------------------------------------------------------------
--------------------------------------------------------------------------------
Simulated Pipes
--------------------------------------------------------------------------------
--------------------------------------------------------------------------------
Simulated Nodes/Jobs
--------------------------------------------------------------------------------
Hostname/IP: 192.168.0.169 | Job: et-et3p3-573230 | Sim running: [33mTrue [0m
--------------------------------------------------------------------------------
Summary
--------------------------------------------------------------------------------
1/1 instances are still running.
1/1 simulations are still running.
--------------------------------------------------------------------------------
[2J
FireSim Simulation Status @ 2026-09-04 21:39:50.786019
--------------------------------------------------------------------------------
This workload's output is located in:
/home/ubuntu/chipyard-rose/sims/firesim/deploy/results-workload/2026-09-04--21-30-04-et-et3p3-57323-fq861x88fdae20/
This run's log is located in:
/home/ubuntu/chipyard-rose/sims/firesim/deploy/logs/2026-09-04--21-30-04-runworkload-IY1Y6S0AK7MIUMCJ.log
This status will update every 10s.
--------------------------------------------------------------------------------
Instances
--------------------------------------------------------------------------------
Hostname/IP: 192.168.0.169 | Terminated: [33mFalse[0m
--------------------------------------------------------------------------------
Simulated Switches
--------------------------------------------------------------------------------
--------------------------------------------------------------------------------
Simulated Pipes
--------------------------------------------------------------------------------
--------------------------------------------------------------------------------
Simulated Nodes/Jobs
--------------------------------------------------------------------------------
Hostname/IP: 192.168.0.169 | Job: et-et3p3-573230 | Sim running: [33mTrue [0m
--------------------------------------------------------------------------------
Summary
--------------------------------------------------------------------------------
1/1 instances are still running.
1/1 simulations are still running.
--------------------------------------------------------------------------------
[2J
FireSim Simulation Status @ 2026-09-04 21:40:01.105144
--------------------------------------------------------------------------------
This workload's output is located in:
/home/ubuntu/chipyard-rose/sims/firesim/deploy/results-workload/2026-09-04--21-30-04-et-et3p3-57323-fq861x88fdae20/
This run's log is located in:
/home/ubuntu/chipyard-rose/sims/firesim/deploy/logs/2026-09-04--21-30-04-runworkload-IY1Y6S0AK7MIUMCJ.log
This status will update every 10s.
--------------------------------------------------------------------------------
Instances
--------------------------------------------------------------------------------
Hostname/IP: 192.168.0.169 | Terminated: [33mFalse[0m
--------------------------------------------------------------------------------
Simulated Switches
--------------------------------------------------------------------------------
--------------------------------------------------------------------------------
Simulated Pipes
--------------------------------------------------------------------------------
--------------------------------------------------------------------------------
Simulated Nodes/Jobs
--------------------------------------------------------------------------------
Hostname/IP: 192.168.0.169 | Job: et-et3p3-573230 | Sim running: [33mTrue [0m
--------------------------------------------------------------------------------
Summary
--------------------------------------------------------------------------------
1/1 instances are still running.
1/1 simulations are still running.
--------------------------------------------------------------------------------
[2J
FireSim Simulation Status @ 2026-09-04 21:40:11.433948
--------------------------------------------------------------------------------
This workload's output is located in:
/home/ubuntu/chipyard-rose/sims/firesim/deploy/results-workload/2026-09-04--21-30-04-et-et3p3-57323-fq861x88fdae20/
This run's log is located in:
/home/ubuntu/chipyard-rose/sims/firesim/deploy/logs/2026-09-04--21-30-04-runworkload-IY1Y6S0AK7MIUMCJ.log
This status will update every 10s.
--------------------------------------------------------------------------------
Instances
--------------------------------------------------------------------------------
Hostname/IP: 192.168.0.169 | Terminated: [33mFalse[0m
--------------------------------------------------------------------------------
Simulated Switches
--------------------------------------------------------------------------------
--------------------------------------------------------------------------------
Simulated Pipes
--------------------------------------------------------------------------------
--------------------------------------------------------------------------------
Simulated Nodes/Jobs
--------------------------------------------------------------------------------
Hostname/IP: 192.168.0.169 | Job: et-et3p3-573230 | Sim running: [33mTrue [0m
--------------------------------------------------------------------------------
Summary
--------------------------------------------------------------------------------
1/1 instances are still running.
1/1 simulations are still running.
--------------------------------------------------------------------------------
[2J
FireSim Simulation Status @ 2026-09-04 21:40:22.015091
--------------------------------------------------------------------------------
This workload's output is located in:
/home/ubuntu/chipyard-rose/sims/firesim/deploy/results-workload/2026-09-04--21-30-04-et-et3p3-57323-fq861x88fdae20/
This run's log is located in:
/home/ubuntu/chipyard-rose/sims/firesim/deploy/logs/2026-09-04--21-30-04-runworkload-IY1Y6S0AK7MIUMCJ.log
This status will update every 10s.
--------------------------------------------------------------------------------
Instances
--------------------------------------------------------------------------------
Hostname/IP: 192.168.0.169 | Terminated: [33mFalse[0m
--------------------------------------------------------------------------------
Simulated Switches
--------------------------------------------------------------------------------
--------------------------------------------------------------------------------
Simulated Pipes
--------------------------------------------------------------------------------
--------------------------------------------------------------------------------
Simulated Nodes/Jobs
--------------------------------------------------------------------------------
Hostname/IP: 192.168.0.169 | Job: et-et3p3-573230 | Sim running: [33mTrue [0m
--------------------------------------------------------------------------------
Summary
--------------------------------------------------------------------------------
1/1 instances are still running.
1/1 simulations are still running.
--------------------------------------------------------------------------------
[2J
FireSim Simulation Status @ 2026-09-04 21:40:32.344220
--------------------------------------------------------------------------------
This workload's output is located in:
/home/ubuntu/chipyard-rose/sims/firesim/deploy/results-workload/2026-09-04--21-30-04-et-et3p3-57323-fq861x88fdae20/
This run's log is located in:
/home/ubuntu/chipyard-rose/sims/firesim/deploy/logs/2026-09-04--21-30-04-runworkload-IY1Y6S0AK7MIUMCJ.log
This status will update every 10s.
--------------------------------------------------------------------------------
Instances
--------------------------------------------------------------------------------
Hostname/IP: 192.168.0.169 | Terminated: [33mFalse[0m
--------------------------------------------------------------------------------
Simulated Switches
--------------------------------------------------------------------------------
--------------------------------------------------------------------------------
Simulated Pipes
--------------------------------------------------------------------------------
--------------------------------------------------------------------------------
Simulated Nodes/Jobs
--------------------------------------------------------------------------------
Hostname/IP: 192.168.0.169 | Job: et-et3p3-573230 | Sim running: [33mTrue [0m
--------------------------------------------------------------------------------
Summary
--------------------------------------------------------------------------------
1/1 instances are still running.
1/1 simulations are still running.
--------------------------------------------------------------------------------
[2J
FireSim Simulation Status @ 2026-09-04 21:40:42.668663
--------------------------------------------------------------------------------
This workload's output is located in:
/home/ubuntu/chipyard-rose/sims/firesim/deploy/results-workload/2026-09-04--21-30-04-et-et3p3-57323-fq861x88fdae20/
This run's log is located in:
/home/ubuntu/chipyard-rose/sims/firesim/deploy/logs/2026-09-04--21-30-04-runworkload-IY1Y6S0AK7MIUMCJ.log
This status will update every 10s.
--------------------------------------------------------------------------------
Instances
--------------------------------------------------------------------------------
Hostname/IP: 192.168.0.169 | Terminated: [33mFalse[0m
--------------------------------------------------------------------------------
Simulated Switches
--------------------------------------------------------------------------------
--------------------------------------------------------------------------------
Simulated Pipes
--------------------------------------------------------------------------------
--------------------------------------------------------------------------------
Simulated Nodes/Jobs
--------------------------------------------------------------------------------
Hostname/IP: 192.168.0.169 | Job: et-et3p3-573230 | Sim running: [33mTrue [0m
--------------------------------------------------------------------------------
Summary
--------------------------------------------------------------------------------
1/1 instances are still running.
1/1 simulations are still running.
--------------------------------------------------------------------------------
[2J
FireSim Simulation Status @ 2026-09-04 21:40:52.997824
--------------------------------------------------------------------------------
This workload's output is located in:
/home/ubuntu/chipyard-rose/sims/firesim/deploy/results-workload/2026-09-04--21-30-04-et-et3p3-57323-fq861x88fdae20/
This run's log is located in:
/home/ubuntu/chipyard-rose/sims/firesim/deploy/logs/2026-09-04--21-30-04-runworkload-IY1Y6S0AK7MIUMCJ.log
This status will update every 10s.
--------------------------------------------------------------------------------
Instances
--------------------------------------------------------------------------------
Hostname/IP: 192.168.0.169 | Terminated: [33mFalse[0m
--------------------------------------------------------------------------------
Simulated Switches
--------------------------------------------------------------------------------
--------------------------------------------------------------------------------
Simulated Pipes
--------------------------------------------------------------------------------
--------------------------------------------------------------------------------
Simulated Nodes/Jobs
--------------------------------------------------------------------------------
Hostname/IP: 192.168.0.169 | Job: et-et3p3-573230 | Sim running: [33mTrue [0m
--------------------------------------------------------------------------------
Summary
--------------------------------------------------------------------------------
1/1 instances are still running.
1/1 simulations are still running.
--------------------------------------------------------------------------------
[2J
FireSim Simulation Status @ 2026-09-04 21:41:03.336977
--------------------------------------------------------------------------------
This workload's output is located in:
/home/ubuntu/chipyard-rose/sims/firesim/deploy/results-workload/2026-09-04--21-30-04-et-et3p3-57323-fq861x88fdae20/
This run's log is located in:
/home/ubuntu/chipyard-rose/sims/firesim/deploy/logs/2026-09-04--21-30-04-runworkload-IY1Y6S0AK7MIUMCJ.log
This status will update every 10s.
--------------------------------------------------------------------------------
Instances
--------------------------------------------------------------------------------
Hostname/IP: 192.168.0.169 | Terminated: [33mFalse[0m
--------------------------------------------------------------------------------
Simulated Switches
--------------------------------------------------------------------------------
--------------------------------------------------------------------------------
Simulated Pipes
--------------------------------------------------------------------------------
--------------------------------------------------------------------------------
Simulated Nodes/Jobs
--------------------------------------------------------------------------------
Hostname/IP: 192.168.0.169 | Job: et-et3p3-573230 | Sim running: [33mTrue [0m
--------------------------------------------------------------------------------
Summary
--------------------------------------------------------------------------------
1/1 instances are still running.
1/1 simulations are still running.
--------------------------------------------------------------------------------
[2J
FireSim Simulation Status @ 2026-09-04 21:41:13.665879
--------------------------------------------------------------------------------
This workload's output is located in:
/home/ubuntu/chipyard-rose/sims/firesim/deploy/results-workload/2026-09-04--21-30-04-et-et3p3-57323-fq861x88fdae20/
This run's log is located in:
/home/ubuntu/chipyard-rose/sims/firesim/deploy/logs/2026-09-04--21-30-04-runworkload-IY1Y6S0AK7MIUMCJ.log
This status will update every 10s.
--------------------------------------------------------------------------------
Instances
--------------------------------------------------------------------------------
Hostname/IP: 192.168.0.169 | Terminated: [33mFalse[0m
--------------------------------------------------------------------------------
Simulated Switches
--------------------------------------------------------------------------------
--------------------------------------------------------------------------------
Simulated Pipes
--------------------------------------------------------------------------------
--------------------------------------------------------------------------------
Simulated Nodes/Jobs
--------------------------------------------------------------------------------
Hostname/IP: 192.168.0.169 | Job: et-et3p3-573230 | Sim running: [33mTrue [0m
--------------------------------------------------------------------------------
Summary
--------------------------------------------------------------------------------
1/1 instances are still running.
1/1 simulations are still running.
--------------------------------------------------------------------------------
[2J
FireSim Simulation Status @ 2026-09-04 21:41:24.287335
--------------------------------------------------------------------------------
This workload's output is located in:
/home/ubuntu/chipyard-rose/sims/firesim/deploy/results-workload/2026-09-04--21-30-04-et-et3p3-57323-fq861x88fdae20/
This run's log is located in:
/home/ubuntu/chipyard-rose/sims/firesim/deploy/logs/2026-09-04--21-30-04-runworkload-IY1Y6S0AK7MIUMCJ.log
This status will update every 10s.
--------------------------------------------------------------------------------
Instances
--------------------------------------------------------------------------------
Hostname/IP: 192.168.0.169 | Terminated: [33mFalse[0m
--------------------------------------------------------------------------------
Simulated Switches
--------------------------------------------------------------------------------
--------------------------------------------------------------------------------
Simulated Pipes
--------------------------------------------------------------------------------
--------------------------------------------------------------------------------
Simulated Nodes/Jobs
--------------------------------------------------------------------------------
Hostname/IP: 192.168.0.169 | Job: et-et3p3-573230 | Sim running: [33mTrue [0m
--------------------------------------------------------------------------------
Summary
--------------------------------------------------------------------------------
1/1 instances are still running.
1/1 simulations are still running.
--------------------------------------------------------------------------------
[2J
FireSim Simulation Status @ 2026-09-04 21:41:34.606169
--------------------------------------------------------------------------------
This workload's output is located in:
/home/ubuntu/chipyard-rose/sims/firesim/deploy/results-workload/2026-09-04--21-30-04-et-et3p3-57323-fq861x88fdae20/
This run's log is located in:
/home/ubuntu/chipyard-rose/sims/firesim/deploy/logs/2026-09-04--21-30-04-runworkload-IY1Y6S0AK7MIUMCJ.log
This status will update every 10s.
--------------------------------------------------------------------------------
Instances
--------------------------------------------------------------------------------
Hostname/IP: 192.168.0.169 | Terminated: [33mFalse[0m
--------------------------------------------------------------------------------
Simulated Switches
--------------------------------------------------------------------------------
--------------------------------------------------------------------------------
Simulated Pipes
--------------------------------------------------------------------------------
--------------------------------------------------------------------------------
Simulated Nodes/Jobs
--------------------------------------------------------------------------------
Hostname/IP: 192.168.0.169 | Job: et-et3p3-573230 | Sim running: [33mTrue [0m
--------------------------------------------------------------------------------
Summary
--------------------------------------------------------------------------------
1/1 instances are still running.
1/1 simulations are still running.
--------------------------------------------------------------------------------
[2J
FireSim Simulation Status @ 2026-09-04 21:41:44.935401
--------------------------------------------------------------------------------
This workload's output is located in:
/home/ubuntu/chipyard-rose/sims/firesim/deploy/results-workload/2026-09-04--21-30-04-et-et3p3-57323-fq861x88fdae20/
This run's log is located in:
/home/ubuntu/chipyard-rose/sims/firesim/deploy/logs/2026-09-04--21-30-04-runworkload-IY1Y6S0AK7MIUMCJ.log
This status will update every 10s.
--------------------------------------------------------------------------------
Instances
--------------------------------------------------------------------------------
Hostname/IP: 192.168.0.169 | Terminated: [33mFalse[0m
--------------------------------------------------------------------------------
Simulated Switches
--------------------------------------------------------------------------------
--------------------------------------------------------------------------------
Simulated Pipes
--------------------------------------------------------------------------------
--------------------------------------------------------------------------------
Simulated Nodes/Jobs
--------------------------------------------------------------------------------
Hostname/IP: 192.168.0.169 | Job: et-et3p3-573230 | Sim running: [33mTrue [0m
--------------------------------------------------------------------------------
Summary
--------------------------------------------------------------------------------
1/1 instances are still running.
1/1 simulations are still running.
--------------------------------------------------------------------------------
[2J
FireSim Simulation Status @ 2026-09-04 21:41:55.264176
--------------------------------------------------------------------------------
This workload's output is located in:
/home/ubuntu/chipyard-rose/sims/firesim/deploy/results-workload/2026-09-04--21-30-04-et-et3p3-57323-fq861x88fdae20/
This run's log is located in:
/home/ubuntu/chipyard-rose/sims/firesim/deploy/logs/2026-09-04--21-30-04-runworkload-IY1Y6S0AK7MIUMCJ.log
This status will update every 10s.
--------------------------------------------------------------------------------
Instances
--------------------------------------------------------------------------------
Hostname/IP: 192.168.0.169 | Terminated: [33mFalse[0m
--------------------------------------------------------------------------------
Simulated Switches
--------------------------------------------------------------------------------
--------------------------------------------------------------------------------
Simulated Pipes
--------------------------------------------------------------------------------
--------------------------------------------------------------------------------
Simulated Nodes/Jobs
--------------------------------------------------------------------------------
Hostname/IP: 192.168.0.169 | Job: et-et3p3-573230 | Sim running: [33mTrue [0m
--------------------------------------------------------------------------------
Summary
--------------------------------------------------------------------------------
1/1 instances are still running.
1/1 simulations are still running.
--------------------------------------------------------------------------------
[2J
FireSim Simulation Status @ 2026-09-04 21:42:05.593019
--------------------------------------------------------------------------------
This workload's output is located in:
/home/ubuntu/chipyard-rose/sims/firesim/deploy/results-workload/2026-09-04--21-30-04-et-et3p3-57323-fq861x88fdae20/
This run's log is located in:
/home/ubuntu/chipyard-rose/sims/firesim/deploy/logs/2026-09-04--21-30-04-runworkload-IY1Y6S0AK7MIUMCJ.log
This status will update every 10s.
--------------------------------------------------------------------------------
Instances
--------------------------------------------------------------------------------
Hostname/IP: 192.168.0.169 | Terminated: [33mFalse[0m
--------------------------------------------------------------------------------
Simulated Switches
--------------------------------------------------------------------------------
--------------------------------------------------------------------------------
Simulated Pipes
--------------------------------------------------------------------------------
--------------------------------------------------------------------------------
Simulated Nodes/Jobs
--------------------------------------------------------------------------------
Hostname/IP: 192.168.0.169 | Job: et-et3p3-573230 | Sim running: [33mTrue [0m
--------------------------------------------------------------------------------
Summary
--------------------------------------------------------------------------------
1/1 instances are still running.
1/1 simulations are still running.
--------------------------------------------------------------------------------
[2J
FireSim Simulation Status @ 2026-09-04 21:42:15.932170
--------------------------------------------------------------------------------
This workload's output is located in:
/home/ubuntu/chipyard-rose/sims/firesim/deploy/results-workload/2026-09-04--21-30-04-et-et3p3-57323-fq861x88fdae20/
This run's log is located in:
/home/ubuntu/chipyard-rose/sims/firesim/deploy/logs/2026-09-04--21-30-04-runworkload-IY1Y6S0AK7MIUMCJ.log
This status will update every 10s.
--------------------------------------------------------------------------------
Instances
--------------------------------------------------------------------------------
Hostname/IP: 192.168.0.169 | Terminated: [33mFalse[0m
--------------------------------------------------------------------------------
Simulated Switches
--------------------------------------------------------------------------------
--------------------------------------------------------------------------------
Simulated Pipes
--------------------------------------------------------------------------------
--------------------------------------------------------------------------------
Simulated Nodes/Jobs
--------------------------------------------------------------------------------
Hostname/IP: 192.168.0.169 | Job: et-et3p3-573230 | Sim running: [33mTrue [0m
--------------------------------------------------------------------------------
Summary
--------------------------------------------------------------------------------
1/1 instances are still running.
1/1 simulations are still running.
--------------------------------------------------------------------------------
[2J
FireSim Simulation Status @ 2026-09-04 21:42:26.492785
--------------------------------------------------------------------------------
This workload's output is located in:
/home/ubuntu/chipyard-rose/sims/firesim/deploy/results-workload/2026-09-04--21-30-04-et-et3p3-57323-fq861x88fdae20/
This run's log is located in:
/home/ubuntu/chipyard-rose/sims/firesim/deploy/logs/2026-09-04--21-30-04-runworkload-IY1Y6S0AK7MIUMCJ.log
This status will update every 10s.
--------------------------------------------------------------------------------
Instances
--------------------------------------------------------------------------------
Hostname/IP: 192.168.0.169 | Terminated: [33mFalse[0m
--------------------------------------------------------------------------------
Simulated Switches
--------------------------------------------------------------------------------
--------------------------------------------------------------------------------
Simulated Pipes
--------------------------------------------------------------------------------
--------------------------------------------------------------------------------
Simulated Nodes/Jobs
--------------------------------------------------------------------------------
Hostname/IP: 192.168.0.169 | Job: et-et3p3-573230 | Sim running: [33mTrue [0m
--------------------------------------------------------------------------------
Summary
--------------------------------------------------------------------------------
1/1 instances are still running.
1/1 simulations are still running.
--------------------------------------------------------------------------------
[2J
FireSim Simulation Status @ 2026-09-04 21:42:36.821829
--------------------------------------------------------------------------------
This workload's output is located in:
/home/ubuntu/chipyard-rose/sims/firesim/deploy/results-workload/2026-09-04--21-30-04-et-et3p3-57323-fq861x88fdae20/
This run's log is located in:
/home/ubuntu/chipyard-rose/sims/firesim/deploy/logs/2026-09-04--21-30-04-runworkload-IY1Y6S0AK7MIUMCJ.log
This status will update every 10s.
--------------------------------------------------------------------------------
Instances
--------------------------------------------------------------------------------
Hostname/IP: 192.168.0.169 | Terminated: [33mFalse[0m
--------------------------------------------------------------------------------
Simulated Switches
--------------------------------------------------------------------------------
--------------------------------------------------------------------------------
Simulated Pipes
--------------------------------------------------------------------------------
--------------------------------------------------------------------------------
Simulated Nodes/Jobs
--------------------------------------------------------------------------------
Hostname/IP: 192.168.0.169 | Job: et-et3p3-573230 | Sim running: [33mTrue [0m
--------------------------------------------------------------------------------
Summary
--------------------------------------------------------------------------------
1/1 instances are still running.
1/1 simulations are still running.
--------------------------------------------------------------------------------
[2J
FireSim Simulation Status @ 2026-09-04 21:42:47.160781
--------------------------------------------------------------------------------
This workload's output is located in:
/home/ubuntu/chipyard-rose/sims/firesim/deploy/results-workload/2026-09-04--21-30-04-et-et3p3-57323-fq861x88fdae20/
This run's log is located in:
/home/ubuntu/chipyard-rose/sims/firesim/deploy/logs/2026-09-04--21-30-04-runworkload-IY1Y6S0AK7MIUMCJ.log
This status will update every 10s.
--------------------------------------------------------------------------------
Instances
--------------------------------------------------------------------------------
Hostname/IP: 192.168.0.169 | Terminated: [33mFalse[0m
--------------------------------------------------------------------------------
Simulated Switches
--------------------------------------------------------------------------------
--------------------------------------------------------------------------------
Simulated Pipes
--------------------------------------------------------------------------------
--------------------------------------------------------------------------------
Simulated Nodes/Jobs
--------------------------------------------------------------------------------
Hostname/IP: 192.168.0.169 | Job: et-et3p3-573230 | Sim running: [33mTrue [0m
--------------------------------------------------------------------------------
Summary
--------------------------------------------------------------------------------
1/1 instances are still running.
1/1 simulations are still running.
--------------------------------------------------------------------------------
[2J
FireSim Simulation Status @ 2026-09-04 21:42:57.499782
--------------------------------------------------------------------------------
This workload's output is located in:
/home/ubuntu/chipyard-rose/sims/firesim/deploy/results-workload/2026-09-04--21-30-04-et-et3p3-57323-fq861x88fdae20/
This run's log is located in:
/home/ubuntu/chipyard-rose/sims/firesim/deploy/logs/2026-09-04--21-30-04-runworkload-IY1Y6S0AK7MIUMCJ.log
This status will update every 10s.
--------------------------------------------------------------------------------
Instances
--------------------------------------------------------------------------------
Hostname/IP: 192.168.0.169 | Terminated: [33mFalse[0m
--------------------------------------------------------------------------------
Simulated Switches
--------------------------------------------------------------------------------
--------------------------------------------------------------------------------
Simulated Pipes
--------------------------------------------------------------------------------
--------------------------------------------------------------------------------
Simulated Nodes/Jobs
--------------------------------------------------------------------------------
Hostname/IP: 192.168.0.169 | Job: et-et3p3-573230 | Sim running: [33mTrue [0m
--------------------------------------------------------------------------------
Summary
--------------------------------------------------------------------------------
1/1 instances are still running.
1/1 simulations are still running.
--------------------------------------------------------------------------------
[2J
FireSim Simulation Status @ 2026-09-04 21:43:07.828563
--------------------------------------------------------------------------------
This workload's output is located in:
/home/ubuntu/chipyard-rose/sims/firesim/deploy/results-workload/2026-09-04--21-30-04-et-et3p3-57323-fq861x88fdae20/
This run's log is located in:
/home/ubuntu/chipyard-rose/sims/firesim/deploy/logs/2026-09-04--21-30-04-runworkload-IY1Y6S0AK7MIUMCJ.log
This status will update every 10s.
--------------------------------------------------------------------------------
Instances
--------------------------------------------------------------------------------
Hostname/IP: 192.168.0.169 | Terminated: [33mFalse[0m
--------------------------------------------------------------------------------
Simulated Switches
--------------------------------------------------------------------------------
--------------------------------------------------------------------------------
Simulated Pipes
--------------------------------------------------------------------------------
--------------------------------------------------------------------------------
Simulated Nodes/Jobs
--------------------------------------------------------------------------------
Hostname/IP: 192.168.0.169 | Job: et-et3p3-573230 | Sim running: [33mTrue [0m
--------------------------------------------------------------------------------
Summary
--------------------------------------------------------------------------------
1/1 instances are still running.
1/1 simulations are still running.
--------------------------------------------------------------------------------
[2J
FireSim Simulation Status @ 2026-09-04 21:43:18.157377
--------------------------------------------------------------------------------
This workload's output is located in:
/home/ubuntu/chipyard-rose/sims/firesim/deploy/results-workload/2026-09-04--21-30-04-et-et3p3-57323-fq861x88fdae20/
This run's log is located in:
/home/ubuntu/chipyard-rose/sims/firesim/deploy/logs/2026-09-04--21-30-04-runworkload-IY1Y6S0AK7MIUMCJ.log
This status will update every 10s.
--------------------------------------------------------------------------------
Instances
--------------------------------------------------------------------------------
Hostname/IP: 192.168.0.169 | Terminated: [33mFalse[0m
--------------------------------------------------------------------------------
Simulated Switches
--------------------------------------------------------------------------------
--------------------------------------------------------------------------------
Simulated Pipes
--------------------------------------------------------------------------------
--------------------------------------------------------------------------------
Simulated Nodes/Jobs
--------------------------------------------------------------------------------
Hostname/IP: 192.168.0.169 | Job: et-et3p3-573230 | Sim running: [33mTrue [0m
--------------------------------------------------------------------------------
Summary
--------------------------------------------------------------------------------
1/1 instances are still running.
1/1 simulations are still running.
--------------------------------------------------------------------------------
[2J
FireSim Simulation Status @ 2026-09-04 21:43:28.728367
--------------------------------------------------------------------------------
This workload's output is located in:
/home/ubuntu/chipyard-rose/sims/firesim/deploy/results-workload/2026-09-04--21-30-04-et-et3p3-57323-fq861x88fdae20/
This run's log is located in:
/home/ubuntu/chipyard-rose/sims/firesim/deploy/logs/2026-09-04--21-30-04-runworkload-IY1Y6S0AK7MIUMCJ.log
This status will update every 10s.
--------------------------------------------------------------------------------
Instances
--------------------------------------------------------------------------------
Hostname/IP: 192.168.0.169 | Terminated: [33mFalse[0m
--------------------------------------------------------------------------------
Simulated Switches
--------------------------------------------------------------------------------
--------------------------------------------------------------------------------
Simulated Pipes
--------------------------------------------------------------------------------
--------------------------------------------------------------------------------
Simulated Nodes/Jobs
--------------------------------------------------------------------------------
Hostname/IP: 192.168.0.169 | Job: et-et3p3-573230 | Sim running: [33mTrue [0m
--------------------------------------------------------------------------------
Summary
--------------------------------------------------------------------------------
1/1 instances are still running.
1/1 simulations are still running.
--------------------------------------------------------------------------------
[2J
FireSim Simulation Status @ 2026-09-04 21:43:39.057212
--------------------------------------------------------------------------------
This workload's output is located in:
/home/ubuntu/chipyard-rose/sims/firesim/deploy/results-workload/2026-09-04--21-30-04-et-et3p3-57323-fq861x88fdae20/
This run's log is located in:
/home/ubuntu/chipyard-rose/sims/firesim/deploy/logs/2026-09-04--21-30-04-runworkload-IY1Y6S0AK7MIUMCJ.log
This status will update every 10s.
--------------------------------------------------------------------------------
Instances
--------------------------------------------------------------------------------
Hostname/IP: 192.168.0.169 | Terminated: [33mFalse[0m
--------------------------------------------------------------------------------
Simulated Switches
--------------------------------------------------------------------------------
--------------------------------------------------------------------------------
Simulated Pipes
--------------------------------------------------------------------------------
--------------------------------------------------------------------------------
Simulated Nodes/Jobs
--------------------------------------------------------------------------------
Hostname/IP: 192.168.0.169 | Job: et-et3p3-573230 | Sim running: [33mTrue [0m
--------------------------------------------------------------------------------
Summary
--------------------------------------------------------------------------------
1/1 instances are still running.
1/1 simulations are still running.
--------------------------------------------------------------------------------
[2J
FireSim Simulation Status @ 2026-09-04 21:43:49.396154
--------------------------------------------------------------------------------
This workload's output is located in:
/home/ubuntu/chipyard-rose/sims/firesim/deploy/results-workload/2026-09-04--21-30-04-et-et3p3-57323-fq861x88fdae20/
This run's log is located in:
/home/ubuntu/chipyard-rose/sims/firesim/deploy/logs/2026-09-04--21-30-04-runworkload-IY1Y6S0AK7MIUMCJ.log
This status will update every 10s.
--------------------------------------------------------------------------------
Instances
--------------------------------------------------------------------------------
Hostname/IP: 192.168.0.169 | Terminated: [33mFalse[0m
--------------------------------------------------------------------------------
Simulated Switches
--------------------------------------------------------------------------------
--------------------------------------------------------------------------------
Simulated Pipes
--------------------------------------------------------------------------------
--------------------------------------------------------------------------------
Simulated Nodes/Jobs
--------------------------------------------------------------------------------
Hostname/IP: 192.168.0.169 | Job: et-et3p3-573230 | Sim running: [33mTrue [0m
--------------------------------------------------------------------------------
Summary
--------------------------------------------------------------------------------
1/1 instances are still running.
1/1 simulations are still running.
--------------------------------------------------------------------------------
[2J
FireSim Simulation Status @ 2026-09-04 21:43:59.714868
--------------------------------------------------------------------------------
This workload's output is located in:
/home/ubuntu/chipyard-rose/sims/firesim/deploy/results-workload/2026-09-04--21-30-04-et-et3p3-57323-fq861x88fdae20/
This run's log is located in:
/home/ubuntu/chipyard-rose/sims/firesim/deploy/logs/2026-09-04--21-30-04-runworkload-IY1Y6S0AK7MIUMCJ.log
This status will update every 10s.
--------------------------------------------------------------------------------
Instances
--------------------------------------------------------------------------------
Hostname/IP: 192.168.0.169 | Terminated: [33mFalse[0m
--------------------------------------------------------------------------------
Simulated Switches
--------------------------------------------------------------------------------
--------------------------------------------------------------------------------
Simulated Pipes
--------------------------------------------------------------------------------
--------------------------------------------------------------------------------
Simulated Nodes/Jobs
--------------------------------------------------------------------------------
Hostname/IP: 192.168.0.169 | Job: et-et3p3-573230 | Sim running: [33mTrue [0m
--------------------------------------------------------------------------------
Summary
--------------------------------------------------------------------------------
1/1 instances are still running.
1/1 simulations are still running.
--------------------------------------------------------------------------------
[2J
FireSim Simulation Status @ 2026-09-04 21:44:10.043781
--------------------------------------------------------------------------------
This workload's output is located in:
/home/ubuntu/chipyard-rose/sims/firesim/deploy/results-workload/2026-09-04--21-30-04-et-et3p3-57323-fq861x88fdae20/
This run's log is located in:
/home/ubuntu/chipyard-rose/sims/firesim/deploy/logs/2026-09-04--21-30-04-runworkload-IY1Y6S0AK7MIUMCJ.log
This status will update every 10s.
--------------------------------------------------------------------------------
Instances
--------------------------------------------------------------------------------
Hostname/IP: 192.168.0.169 | Terminated: [33mFalse[0m
--------------------------------------------------------------------------------
Simulated Switches
--------------------------------------------------------------------------------
--------------------------------------------------------------------------------
Simulated Pipes
--------------------------------------------------------------------------------
--------------------------------------------------------------------------------
Simulated Nodes/Jobs
--------------------------------------------------------------------------------
Hostname/IP: 192.168.0.169 | Job: et-et3p3-573230 | Sim running: [33mTrue [0m
--------------------------------------------------------------------------------
Summary
--------------------------------------------------------------------------------
1/1 instances are still running.
1/1 simulations are still running.
--------------------------------------------------------------------------------
[2J
FireSim Simulation Status @ 2026-09-04 21:44:20.382829
--------------------------------------------------------------------------------
This workload's output is located in:
/home/ubuntu/chipyard-rose/sims/firesim/deploy/results-workload/2026-09-04--21-30-04-et-et3p3-57323-fq861x88fdae20/
This run's log is located in:
/home/ubuntu/chipyard-rose/sims/firesim/deploy/logs/2026-09-04--21-30-04-runworkload-IY1Y6S0AK7MIUMCJ.log
This status will update every 10s.
--------------------------------------------------------------------------------
Instances
--------------------------------------------------------------------------------
Hostname/IP: 192.168.0.169 | Terminated: [33mFalse[0m
--------------------------------------------------------------------------------
Simulated Switches
--------------------------------------------------------------------------------
--------------------------------------------------------------------------------
Simulated Pipes
--------------------------------------------------------------------------------
--------------------------------------------------------------------------------
Simulated Nodes/Jobs
--------------------------------------------------------------------------------
Hostname/IP: 192.168.0.169 | Job: et-et3p3-573230 | Sim running: [33mTrue [0m
--------------------------------------------------------------------------------
Summary
--------------------------------------------------------------------------------
1/1 instances are still running.
1/1 simulations are still running.
--------------------------------------------------------------------------------
[2J
FireSim Simulation Status @ 2026-09-04 21:44:30.721926
--------------------------------------------------------------------------------
This workload's output is located in:
/home/ubuntu/chipyard-rose/sims/firesim/deploy/results-workload/2026-09-04--21-30-04-et-et3p3-57323-fq861x88fdae20/
This run's log is located in:
/home/ubuntu/chipyard-rose/sims/firesim/deploy/logs/2026-09-04--21-30-04-runworkload-IY1Y6S0AK7MIUMCJ.log
This status will update every 10s.
--------------------------------------------------------------------------------
Instances
--------------------------------------------------------------------------------
Hostname/IP: 192.168.0.169 | Terminated: [33mFalse[0m
--------------------------------------------------------------------------------
Simulated Switches
--------------------------------------------------------------------------------
--------------------------------------------------------------------------------
Simulated Pipes
--------------------------------------------------------------------------------
--------------------------------------------------------------------------------
Simulated Nodes/Jobs
--------------------------------------------------------------------------------
Hostname/IP: 192.168.0.169 | Job: et-et3p3-573230 | Sim running: [33mTrue [0m
--------------------------------------------------------------------------------
Summary
--------------------------------------------------------------------------------
1/1 instances are still running.
1/1 simulations are still running.
--------------------------------------------------------------------------------
[2J
FireSim Simulation Status @ 2026-09-04 21:44:41.061119
--------------------------------------------------------------------------------
This workload's output is located in:
/home/ubuntu/chipyard-rose/sims/firesim/deploy/results-workload/2026-09-04--21-30-04-et-et3p3-57323-fq861x88fdae20/
This run's log is located in:
/home/ubuntu/chipyard-rose/sims/firesim/deploy/logs/2026-09-04--21-30-04-runworkload-IY1Y6S0AK7MIUMCJ.log
This status will update every 10s.
--------------------------------------------------------------------------------
Instances
--------------------------------------------------------------------------------
Hostname/IP: 192.168.0.169 | Terminated: [33mFalse[0m
--------------------------------------------------------------------------------
Simulated Switches
--------------------------------------------------------------------------------
--------------------------------------------------------------------------------
Simulated Pipes
--------------------------------------------------------------------------------
--------------------------------------------------------------------------------
Simulated Nodes/Jobs
--------------------------------------------------------------------------------
Hostname/IP: 192.168.0.169 | Job: et-et3p3-573230 | Sim running: [33mTrue [0m
--------------------------------------------------------------------------------
Summary
--------------------------------------------------------------------------------
1/1 instances are still running.
1/1 simulations are still running.
--------------------------------------------------------------------------------
[2J
FireSim Simulation Status @ 2026-09-04 21:44:51.400443
--------------------------------------------------------------------------------
This workload's output is located in:
/home/ubuntu/chipyard-rose/sims/firesim/deploy/results-workload/2026-09-04--21-30-04-et-et3p3-57323-fq861x88fdae20/
This run's log is located in:
/home/ubuntu/chipyard-rose/sims/firesim/deploy/logs/2026-09-04--21-30-04-runworkload-IY1Y6S0AK7MIUMCJ.log
This status will update every 10s.
--------------------------------------------------------------------------------
Instances
--------------------------------------------------------------------------------
Hostname/IP: 192.168.0.169 | Terminated: [33mFalse[0m
--------------------------------------------------------------------------------
Simulated Switches
--------------------------------------------------------------------------------
--------------------------------------------------------------------------------
Simulated Pipes
--------------------------------------------------------------------------------
--------------------------------------------------------------------------------
Simulated Nodes/Jobs
--------------------------------------------------------------------------------
Hostname/IP: 192.168.0.169 | Job: et-et3p3-573230 | Sim running: [33mTrue [0m
--------------------------------------------------------------------------------
Summary
--------------------------------------------------------------------------------
1/1 instances are still running.
1/1 simulations are still running.
--------------------------------------------------------------------------------
[2J
FireSim Simulation Status @ 2026-09-04 21:45:01.739470
--------------------------------------------------------------------------------
This workload's output is located in:
/home/ubuntu/chipyard-rose/sims/firesim/deploy/results-workload/2026-09-04--21-30-04-et-et3p3-57323-fq861x88fdae20/
This run's log is located in:
/home/ubuntu/chipyard-rose/sims/firesim/deploy/logs/2026-09-04--21-30-04-runworkload-IY1Y6S0AK7MIUMCJ.log
This status will update every 10s.
--------------------------------------------------------------------------------
Instances
--------------------------------------------------------------------------------
Hostname/IP: 192.168.0.169 | Terminated: [33mFalse[0m
--------------------------------------------------------------------------------
Simulated Switches
--------------------------------------------------------------------------------
--------------------------------------------------------------------------------
Simulated Pipes
--------------------------------------------------------------------------------
--------------------------------------------------------------------------------
Simulated Nodes/Jobs
--------------------------------------------------------------------------------
Hostname/IP: 192.168.0.169 | Job: et-et3p3-573230 | Sim running: [33mTrue [0m
--------------------------------------------------------------------------------
Summary
--------------------------------------------------------------------------------
1/1 instances are still running.
1/1 simulations are still running.
--------------------------------------------------------------------------------
[2J
FireSim Simulation Status @ 2026-09-04 21:45:12.068531
--------------------------------------------------------------------------------
This workload's output is located in:
/home/ubuntu/chipyard-rose/sims/firesim/deploy/results-workload/2026-09-04--21-30-04-et-et3p3-57323-fq861x88fdae20/
This run's log is located in:
/home/ubuntu/chipyard-rose/sims/firesim/deploy/logs/2026-09-04--21-30-04-runworkload-IY1Y6S0AK7MIUMCJ.log
This status will update every 10s.
--------------------------------------------------------------------------------
Instances
--------------------------------------------------------------------------------
Hostname/IP: 192.168.0.169 | Terminated: [33mFalse[0m
--------------------------------------------------------------------------------
Simulated Switches
--------------------------------------------------------------------------------
--------------------------------------------------------------------------------
Simulated Pipes
--------------------------------------------------------------------------------
--------------------------------------------------------------------------------
Simulated Nodes/Jobs
--------------------------------------------------------------------------------
Hostname/IP: 192.168.0.169 | Job: et-et3p3-573230 | Sim running: [33mTrue [0m
--------------------------------------------------------------------------------
Summary
--------------------------------------------------------------------------------
1/1 instances are still running.
1/1 simulations are still running.
--------------------------------------------------------------------------------
[2J
FireSim Simulation Status @ 2026-09-04 21:45:22.387472
--------------------------------------------------------------------------------
This workload's output is located in:
/home/ubuntu/chipyard-rose/sims/firesim/deploy/results-workload/2026-09-04--21-30-04-et-et3p3-57323-fq861x88fdae20/
This run's log is located in:
/home/ubuntu/chipyard-rose/sims/firesim/deploy/logs/2026-09-04--21-30-04-runworkload-IY1Y6S0AK7MIUMCJ.log
This status will update every 10s.
--------------------------------------------------------------------------------
Instances
--------------------------------------------------------------------------------
Hostname/IP: 192.168.0.169 | Terminated: [33mFalse[0m
--------------------------------------------------------------------------------
Simulated Switches
--------------------------------------------------------------------------------
--------------------------------------------------------------------------------
Simulated Pipes
--------------------------------------------------------------------------------
--------------------------------------------------------------------------------
Simulated Nodes/Jobs
--------------------------------------------------------------------------------
Hostname/IP: 192.168.0.169 | Job: et-et3p3-573230 | Sim running: [33mTrue [0m
--------------------------------------------------------------------------------
Summary
--------------------------------------------------------------------------------
1/1 instances are still running.
1/1 simulations are still running.
--------------------------------------------------------------------------------
[2J
FireSim Simulation Status @ 2026-09-04 21:45:32.980623
--------------------------------------------------------------------------------
This workload's output is located in:
/home/ubuntu/chipyard-rose/sims/firesim/deploy/results-workload/2026-09-04--21-30-04-et-et3p3-57323-fq861x88fdae20/
This run's log is located in:
/home/ubuntu/chipyard-rose/sims/firesim/deploy/logs/2026-09-04--21-30-04-runworkload-IY1Y6S0AK7MIUMCJ.log
This status will update every 10s.
--------------------------------------------------------------------------------
Instances
--------------------------------------------------------------------------------
Hostname/IP: 192.168.0.169 | Terminated: [33mFalse[0m
--------------------------------------------------------------------------------
Simulated Switches
--------------------------------------------------------------------------------
--------------------------------------------------------------------------------
Simulated Pipes
--------------------------------------------------------------------------------
--------------------------------------------------------------------------------
Simulated Nodes/Jobs
--------------------------------------------------------------------------------
Hostname/IP: 192.168.0.169 | Job: et-et3p3-573230 | Sim running: [33mTrue [0m
--------------------------------------------------------------------------------
Summary
--------------------------------------------------------------------------------
1/1 instances are still running.
1/1 simulations are still running.
--------------------------------------------------------------------------------
[2J
FireSim Simulation Status @ 2026-09-04 21:45:43.319423
--------------------------------------------------------------------------------
This workload's output is located in:
/home/ubuntu/chipyard-rose/sims/firesim/deploy/results-workload/2026-09-04--21-30-04-et-et3p3-57323-fq861x88fdae20/
This run's log is located in:
/home/ubuntu/chipyard-rose/sims/firesim/deploy/logs/2026-09-04--21-30-04-runworkload-IY1Y6S0AK7MIUMCJ.log
This status will update every 10s.
--------------------------------------------------------------------------------
Instances
--------------------------------------------------------------------------------
Hostname/IP: 192.168.0.169 | Terminated: [33mFalse[0m
--------------------------------------------------------------------------------
Simulated Switches
--------------------------------------------------------------------------------
--------------------------------------------------------------------------------
Simulated Pipes
--------------------------------------------------------------------------------
--------------------------------------------------------------------------------
Simulated Nodes/Jobs
--------------------------------------------------------------------------------
Hostname/IP: 192.168.0.169 | Job: et-et3p3-573230 | Sim running: [33mTrue [0m
--------------------------------------------------------------------------------
Summary
--------------------------------------------------------------------------------
1/1 instances are still running.
1/1 simulations are still running.
--------------------------------------------------------------------------------
[2J
FireSim Simulation Status @ 2026-09-04 21:45:53.648625
--------------------------------------------------------------------------------
This workload's output is located in:
/home/ubuntu/chipyard-rose/sims/firesim/deploy/results-workload/2026-09-04--21-30-04-et-et3p3-57323-fq861x88fdae20/
This run's log is located in:
/home/ubuntu/chipyard-rose/sims/firesim/deploy/logs/2026-09-04--21-30-04-runworkload-IY1Y6S0AK7MIUMCJ.log
This status will update every 10s.
--------------------------------------------------------------------------------
Instances
--------------------------------------------------------------------------------
Hostname/IP: 192.168.0.169 | Terminated: [33mFalse[0m
--------------------------------------------------------------------------------
Simulated Switches
--------------------------------------------------------------------------------
--------------------------------------------------------------------------------
Simulated Pipes
--------------------------------------------------------------------------------
--------------------------------------------------------------------------------
Simulated Nodes/Jobs
--------------------------------------------------------------------------------
Hostname/IP: 192.168.0.169 | Job: et-et3p3-573230 | Sim running: [33mTrue [0m
--------------------------------------------------------------------------------
Summary
--------------------------------------------------------------------------------
1/1 instances are still running.
1/1 simulations are still running.
--------------------------------------------------------------------------------
[2J
FireSim Simulation Status @ 2026-09-04 21:46:03.977379
--------------------------------------------------------------------------------
This workload's output is located in:
/home/ubuntu/chipyard-rose/sims/firesim/deploy/results-workload/2026-09-04--21-30-04-et-et3p3-57323-fq861x88fdae20/
This run's log is located in:
/home/ubuntu/chipyard-rose/sims/firesim/deploy/logs/2026-09-04--21-30-04-runworkload-IY1Y6S0AK7MIUMCJ.log
This status will update every 10s.
--------------------------------------------------------------------------------
Instances
--------------------------------------------------------------------------------
Hostname/IP: 192.168.0.169 | Terminated: [33mFalse[0m
--------------------------------------------------------------------------------
Simulated Switches
--------------------------------------------------------------------------------
--------------------------------------------------------------------------------
Simulated Pipes
--------------------------------------------------------------------------------
--------------------------------------------------------------------------------
Simulated Nodes/Jobs
--------------------------------------------------------------------------------
Hostname/IP: 192.168.0.169 | Job: et-et3p3-573230 | Sim running: [33mTrue [0m
--------------------------------------------------------------------------------
Summary
--------------------------------------------------------------------------------
1/1 instances are still running.
1/1 simulations are still running.
--------------------------------------------------------------------------------
[2J
FireSim Simulation Status @ 2026-09-04 21:46:14.297558
--------------------------------------------------------------------------------
This workload's output is located in:
/home/ubuntu/chipyard-rose/sims/firesim/deploy/results-workload/2026-09-04--21-30-04-et-et3p3-57323-fq861x88fdae20/
This run's log is located in:
/home/ubuntu/chipyard-rose/sims/firesim/deploy/logs/2026-09-04--21-30-04-runworkload-IY1Y6S0AK7MIUMCJ.log
This status will update every 10s.
--------------------------------------------------------------------------------
Instances
--------------------------------------------------------------------------------
Hostname/IP: 192.168.0.169 | Terminated: [33mFalse[0m
--------------------------------------------------------------------------------
Simulated Switches
--------------------------------------------------------------------------------
--------------------------------------------------------------------------------
Simulated Pipes
--------------------------------------------------------------------------------
--------------------------------------------------------------------------------
Simulated Nodes/Jobs
--------------------------------------------------------------------------------
Hostname/IP: 192.168.0.169 | Job: et-et3p3-573230 | Sim running: [33mTrue [0m
--------------------------------------------------------------------------------
Summary
--------------------------------------------------------------------------------
1/1 instances are still running.
1/1 simulations are still running.
--------------------------------------------------------------------------------
[2J
FireSim Simulation Status @ 2026-09-04 21:46:24.636418
--------------------------------------------------------------------------------
This workload's output is located in:
/home/ubuntu/chipyard-rose/sims/firesim/deploy/results-workload/2026-09-04--21-30-04-et-et3p3-57323-fq861x88fdae20/
This run's log is located in:
/home/ubuntu/chipyard-rose/sims/firesim/deploy/logs/2026-09-04--21-30-04-runworkload-IY1Y6S0AK7MIUMCJ.log
This status will update every 10s.
--------------------------------------------------------------------------------
Instances
--------------------------------------------------------------------------------
Hostname/IP: 192.168.0.169 | Terminated: [33mFalse[0m
--------------------------------------------------------------------------------
Simulated Switches
--------------------------------------------------------------------------------
--------------------------------------------------------------------------------
Simulated Pipes
--------------------------------------------------------------------------------
--------------------------------------------------------------------------------
Simulated Nodes/Jobs
--------------------------------------------------------------------------------
Hostname/IP: 192.168.0.169 | Job: et-et3p3-573230 | Sim running: [33mTrue [0m
--------------------------------------------------------------------------------
Summary
--------------------------------------------------------------------------------
1/1 instances are still running.
1/1 simulations are still running.
--------------------------------------------------------------------------------
[2J
FireSim Simulation Status @ 2026-09-04 21:46:35.237541
--------------------------------------------------------------------------------
This workload's output is located in:
/home/ubuntu/chipyard-rose/sims/firesim/deploy/results-workload/2026-09-04--21-30-04-et-et3p3-57323-fq861x88fdae20/
This run's log is located in:
/home/ubuntu/chipyard-rose/sims/firesim/deploy/logs/2026-09-04--21-30-04-runworkload-IY1Y6S0AK7MIUMCJ.log
This status will update every 10s.
--------------------------------------------------------------------------------
Instances
--------------------------------------------------------------------------------
Hostname/IP: 192.168.0.169 | Terminated: [33mFalse[0m
--------------------------------------------------------------------------------
Simulated Switches
--------------------------------------------------------------------------------
--------------------------------------------------------------------------------
Simulated Pipes
--------------------------------------------------------------------------------
--------------------------------------------------------------------------------
Simulated Nodes/Jobs
--------------------------------------------------------------------------------
Hostname/IP: 192.168.0.169 | Job: et-et3p3-573230 | Sim running: [33mTrue [0m
--------------------------------------------------------------------------------
Summary
--------------------------------------------------------------------------------
1/1 instances are still running.
1/1 simulations are still running.
--------------------------------------------------------------------------------
[2J
FireSim Simulation Status @ 2026-09-04 21:46:45.566467
--------------------------------------------------------------------------------
This workload's output is located in:
/home/ubuntu/chipyard-rose/sims/firesim/deploy/results-workload/2026-09-04--21-30-04-et-et3p3-57323-fq861x88fdae20/
This run's log is located in:
/home/ubuntu/chipyard-rose/sims/firesim/deploy/logs/2026-09-04--21-30-04-runworkload-IY1Y6S0AK7MIUMCJ.log
This status will update every 10s.
--------------------------------------------------------------------------------
Instances
--------------------------------------------------------------------------------
Hostname/IP: 192.168.0.169 | Terminated: [33mFalse[0m
--------------------------------------------------------------------------------
Simulated Switches
--------------------------------------------------------------------------------
--------------------------------------------------------------------------------
Simulated Pipes
--------------------------------------------------------------------------------
--------------------------------------------------------------------------------
Simulated Nodes/Jobs
--------------------------------------------------------------------------------
Hostname/IP: 192.168.0.169 | Job: et-et3p3-573230 | Sim running: [33mTrue [0m
--------------------------------------------------------------------------------
Summary
--------------------------------------------------------------------------------
1/1 instances are still running.
1/1 simulations are still running.
--------------------------------------------------------------------------------
[2J
FireSim Simulation Status @ 2026-09-04 21:46:55.905404
--------------------------------------------------------------------------------
This workload's output is located in:
/home/ubuntu/chipyard-rose/sims/firesim/deploy/results-workload/2026-09-04--21-30-04-et-et3p3-57323-fq861x88fdae20/
This run's log is located in:
/home/ubuntu/chipyard-rose/sims/firesim/deploy/logs/2026-09-04--21-30-04-runworkload-IY1Y6S0AK7MIUMCJ.log
This status will update every 10s.
--------------------------------------------------------------------------------
Instances
--------------------------------------------------------------------------------
Hostname/IP: 192.168.0.169 | Terminated: [33mFalse[0m
--------------------------------------------------------------------------------
Simulated Switches
--------------------------------------------------------------------------------
--------------------------------------------------------------------------------
Simulated Pipes
--------------------------------------------------------------------------------
--------------------------------------------------------------------------------
Simulated Nodes/Jobs
--------------------------------------------------------------------------------
Hostname/IP: 192.168.0.169 | Job: et-et3p3-573230 | Sim running: [33mTrue [0m
--------------------------------------------------------------------------------
Summary
--------------------------------------------------------------------------------
1/1 instances are still running.
1/1 simulations are still running.
--------------------------------------------------------------------------------
[2J
FireSim Simulation Status @ 2026-09-04 21:47:06.234213
--------------------------------------------------------------------------------
This workload's output is located in:
/home/ubuntu/chipyard-rose/sims/firesim/deploy/results-workload/2026-09-04--21-30-04-et-et3p3-57323-fq861x88fdae20/
This run's log is located in:
/home/ubuntu/chipyard-rose/sims/firesim/deploy/logs/2026-09-04--21-30-04-runworkload-IY1Y6S0AK7MIUMCJ.log
This status will update every 10s.
--------------------------------------------------------------------------------
Instances
--------------------------------------------------------------------------------
Hostname/IP: 192.168.0.169 | Terminated: [33mFalse[0m
--------------------------------------------------------------------------------
Simulated Switches
--------------------------------------------------------------------------------
--------------------------------------------------------------------------------
Simulated Pipes
--------------------------------------------------------------------------------
--------------------------------------------------------------------------------
Simulated Nodes/Jobs
--------------------------------------------------------------------------------
Hostname/IP: 192.168.0.169 | Job: et-et3p3-573230 | Sim running: [33mTrue [0m
--------------------------------------------------------------------------------
Summary
--------------------------------------------------------------------------------
1/1 instances are still running.
1/1 simulations are still running.
--------------------------------------------------------------------------------
[2J
FireSim Simulation Status @ 2026-09-04 21:47:16.583469
--------------------------------------------------------------------------------
This workload's output is located in:
/home/ubuntu/chipyard-rose/sims/firesim/deploy/results-workload/2026-09-04--21-30-04-et-et3p3-57323-fq861x88fdae20/
This run's log is located in:
/home/ubuntu/chipyard-rose/sims/firesim/deploy/logs/2026-09-04--21-30-04-runworkload-IY1Y6S0AK7MIUMCJ.log
This status will update every 10s.
--------------------------------------------------------------------------------
Instances
--------------------------------------------------------------------------------
Hostname/IP: 192.168.0.169 | Terminated: [33mFalse[0m
--------------------------------------------------------------------------------
Simulated Switches
--------------------------------------------------------------------------------
--------------------------------------------------------------------------------
Simulated Pipes
--------------------------------------------------------------------------------
--------------------------------------------------------------------------------
Simulated Nodes/Jobs
--------------------------------------------------------------------------------
Hostname/IP: 192.168.0.169 | Job: et-et3p3-573230 | Sim running: [33mTrue [0m
--------------------------------------------------------------------------------
Summary
--------------------------------------------------------------------------------
1/1 instances are still running.
1/1 simulations are still running.
--------------------------------------------------------------------------------
[2J
FireSim Simulation Status @ 2026-09-04 21:47:26.922762
--------------------------------------------------------------------------------
This workload's output is located in:
/home/ubuntu/chipyard-rose/sims/firesim/deploy/results-workload/2026-09-04--21-30-04-et-et3p3-57323-fq861x88fdae20/
This run's log is located in:
/home/ubuntu/chipyard-rose/sims/firesim/deploy/logs/2026-09-04--21-30-04-runworkload-IY1Y6S0AK7MIUMCJ.log
This status will update every 10s.
--------------------------------------------------------------------------------
Instances
--------------------------------------------------------------------------------
Hostname/IP: 192.168.0.169 | Terminated: [33mFalse[0m
--------------------------------------------------------------------------------
Simulated Switches
--------------------------------------------------------------------------------
--------------------------------------------------------------------------------
Simulated Pipes
--------------------------------------------------------------------------------
--------------------------------------------------------------------------------
Simulated Nodes/Jobs
--------------------------------------------------------------------------------
Hostname/IP: 192.168.0.169 | Job: et-et3p3-573230 | Sim running: [33mTrue [0m
--------------------------------------------------------------------------------
Summary
--------------------------------------------------------------------------------
1/1 instances are still running.
1/1 simulations are still running.
--------------------------------------------------------------------------------
[2J
FireSim Simulation Status @ 2026-09-04 21:47:37.473447
--------------------------------------------------------------------------------
This workload's output is located in:
/home/ubuntu/chipyard-rose/sims/firesim/deploy/results-workload/2026-09-04--21-30-04-et-et3p3-57323-fq861x88fdae20/
This run's log is located in:
/home/ubuntu/chipyard-rose/sims/firesim/deploy/logs/2026-09-04--21-30-04-runworkload-IY1Y6S0AK7MIUMCJ.log
This status will update every 10s.
--------------------------------------------------------------------------------
Instances
--------------------------------------------------------------------------------
Hostname/IP: 192.168.0.169 | Terminated: [33mFalse[0m
--------------------------------------------------------------------------------
Simulated Switches
--------------------------------------------------------------------------------
--------------------------------------------------------------------------------
Simulated Pipes
--------------------------------------------------------------------------------
--------------------------------------------------------------------------------
Simulated Nodes/Jobs
--------------------------------------------------------------------------------
Hostname/IP: 192.168.0.169 | Job: et-et3p3-573230 | Sim running: [33mTrue [0m
--------------------------------------------------------------------------------
Summary
--------------------------------------------------------------------------------
1/1 instances are still running.
1/1 simulations are still running.
--------------------------------------------------------------------------------
[2J
FireSim Simulation Status @ 2026-09-04 21:47:47.802676
--------------------------------------------------------------------------------
This workload's output is located in:
/home/ubuntu/chipyard-rose/sims/firesim/deploy/results-workload/2026-09-04--21-30-04-et-et3p3-57323-fq861x88fdae20/
This run's log is located in:
/home/ubuntu/chipyard-rose/sims/firesim/deploy/logs/2026-09-04--21-30-04-runworkload-IY1Y6S0AK7MIUMCJ.log
This status will update every 10s.
--------------------------------------------------------------------------------
Instances
--------------------------------------------------------------------------------
Hostname/IP: 192.168.0.169 | Terminated: [33mFalse[0m
--------------------------------------------------------------------------------
Simulated Switches
--------------------------------------------------------------------------------
--------------------------------------------------------------------------------
Simulated Pipes
--------------------------------------------------------------------------------
--------------------------------------------------------------------------------
Simulated Nodes/Jobs
--------------------------------------------------------------------------------
Hostname/IP: 192.168.0.169 | Job: et-et3p3-573230 | Sim running: [33mTrue [0m
--------------------------------------------------------------------------------
Summary
--------------------------------------------------------------------------------
1/1 instances are still running.
1/1 simulations are still running.
--------------------------------------------------------------------------------
[2J
FireSim Simulation Status @ 2026-09-04 21:47:58.151931
--------------------------------------------------------------------------------
This workload's output is located in:
/home/ubuntu/chipyard-rose/sims/firesim/deploy/results-workload/2026-09-04--21-30-04-et-et3p3-57323-fq861x88fdae20/
This run's log is located in:
/home/ubuntu/chipyard-rose/sims/firesim/deploy/logs/2026-09-04--21-30-04-runworkload-IY1Y6S0AK7MIUMCJ.log
This status will update every 10s.
--------------------------------------------------------------------------------
Instances
--------------------------------------------------------------------------------
Hostname/IP: 192.168.0.169 | Terminated: [33mFalse[0m
--------------------------------------------------------------------------------
Simulated Switches
--------------------------------------------------------------------------------
--------------------------------------------------------------------------------
Simulated Pipes
--------------------------------------------------------------------------------
--------------------------------------------------------------------------------
Simulated Nodes/Jobs
--------------------------------------------------------------------------------
Hostname/IP: 192.168.0.169 | Job: et-et3p3-573230 | Sim running: [33mTrue [0m
--------------------------------------------------------------------------------
Summary
--------------------------------------------------------------------------------
1/1 instances are still running.
1/1 simulations are still running.
--------------------------------------------------------------------------------
[2J
FireSim Simulation Status @ 2026-09-04 21:48:08.480927
--------------------------------------------------------------------------------
This workload's output is located in:
/home/ubuntu/chipyard-rose/sims/firesim/deploy/results-workload/2026-09-04--21-30-04-et-et3p3-57323-fq861x88fdae20/
This run's log is located in:
/home/ubuntu/chipyard-rose/sims/firesim/deploy/logs/2026-09-04--21-30-04-runworkload-IY1Y6S0AK7MIUMCJ.log
This status will update every 10s.
--------------------------------------------------------------------------------
Instances
--------------------------------------------------------------------------------
Hostname/IP: 192.168.0.169 | Terminated: [33mFalse[0m
--------------------------------------------------------------------------------
Simulated Switches
--------------------------------------------------------------------------------
--------------------------------------------------------------------------------
Simulated Pipes
--------------------------------------------------------------------------------
--------------------------------------------------------------------------------
Simulated Nodes/Jobs
--------------------------------------------------------------------------------
Hostname/IP: 192.168.0.169 | Job: et-et3p3-573230 | Sim running: [33mTrue [0m
--------------------------------------------------------------------------------
Summary
--------------------------------------------------------------------------------
1/1 instances are still running.
1/1 simulations are still running.
--------------------------------------------------------------------------------
[2J
FireSim Simulation Status @ 2026-09-04 21:48:18.810008
--------------------------------------------------------------------------------
This workload's output is located in:
/home/ubuntu/chipyard-rose/sims/firesim/deploy/results-workload/2026-09-04--21-30-04-et-et3p3-57323-fq861x88fdae20/
This run's log is located in:
/home/ubuntu/chipyard-rose/sims/firesim/deploy/logs/2026-09-04--21-30-04-runworkload-IY1Y6S0AK7MIUMCJ.log
This status will update every 10s.
--------------------------------------------------------------------------------
Instances
--------------------------------------------------------------------------------
Hostname/IP: 192.168.0.169 | Terminated: [33mFalse[0m
--------------------------------------------------------------------------------
Simulated Switches
--------------------------------------------------------------------------------
--------------------------------------------------------------------------------
Simulated Pipes
--------------------------------------------------------------------------------
--------------------------------------------------------------------------------
Simulated Nodes/Jobs
--------------------------------------------------------------------------------
Hostname/IP: 192.168.0.169 | Job: et-et3p3-573230 | Sim running: [33mTrue [0m
--------------------------------------------------------------------------------
Summary
--------------------------------------------------------------------------------
1/1 instances are still running.
1/1 simulations are still running.
--------------------------------------------------------------------------------
[2J
FireSim Simulation Status @ 2026-09-04 21:48:29.138954
--------------------------------------------------------------------------------
This workload's output is located in:
/home/ubuntu/chipyard-rose/sims/firesim/deploy/results-workload/2026-09-04--21-30-04-et-et3p3-57323-fq861x88fdae20/
This run's log is located in:
/home/ubuntu/chipyard-rose/sims/firesim/deploy/logs/2026-09-04--21-30-04-runworkload-IY1Y6S0AK7MIUMCJ.log
This status will update every 10s.
--------------------------------------------------------------------------------
Instances
--------------------------------------------------------------------------------
Hostname/IP: 192.168.0.169 | Terminated: [33mFalse[0m
--------------------------------------------------------------------------------
Simulated Switches
--------------------------------------------------------------------------------
--------------------------------------------------------------------------------
Simulated Pipes
--------------------------------------------------------------------------------
--------------------------------------------------------------------------------
Simulated Nodes/Jobs
--------------------------------------------------------------------------------
Hostname/IP: 192.168.0.169 | Job: et-et3p3-573230 | Sim running: [33mTrue [0m
--------------------------------------------------------------------------------
Summary
--------------------------------------------------------------------------------
1/1 instances are still running.
1/1 simulations are still running.
--------------------------------------------------------------------------------
[2J
FireSim Simulation Status @ 2026-09-04 21:48:39.692833
--------------------------------------------------------------------------------
This workload's output is located in:
/home/ubuntu/chipyard-rose/sims/firesim/deploy/results-workload/2026-09-04--21-30-04-et-et3p3-57323-fq861x88fdae20/
This run's log is located in:
/home/ubuntu/chipyard-rose/sims/firesim/deploy/logs/2026-09-04--21-30-04-runworkload-IY1Y6S0AK7MIUMCJ.log
This status will update every 10s.
--------------------------------------------------------------------------------
Instances
--------------------------------------------------------------------------------
Hostname/IP: 192.168.0.169 | Terminated: [33mFalse[0m
--------------------------------------------------------------------------------
Simulated Switches
--------------------------------------------------------------------------------
--------------------------------------------------------------------------------
Simulated Pipes
--------------------------------------------------------------------------------
--------------------------------------------------------------------------------
Simulated Nodes/Jobs
--------------------------------------------------------------------------------
Hostname/IP: 192.168.0.169 | Job: et-et3p3-573230 | Sim running: [33mTrue [0m
--------------------------------------------------------------------------------
Summary
--------------------------------------------------------------------------------
1/1 instances are still running.
1/1 simulations are still running.
--------------------------------------------------------------------------------
[2J
FireSim Simulation Status @ 2026-09-04 21:48:50.031604
--------------------------------------------------------------------------------
This workload's output is located in:
/home/ubuntu/chipyard-rose/sims/firesim/deploy/results-workload/2026-09-04--21-30-04-et-et3p3-57323-fq861x88fdae20/
This run's log is located in:
/home/ubuntu/chipyard-rose/sims/firesim/deploy/logs/2026-09-04--21-30-04-runworkload-IY1Y6S0AK7MIUMCJ.log
This status will update every 10s.
--------------------------------------------------------------------------------
Instances
--------------------------------------------------------------------------------
Hostname/IP: 192.168.0.169 | Terminated: [33mFalse[0m
--------------------------------------------------------------------------------
Simulated Switches
--------------------------------------------------------------------------------
--------------------------------------------------------------------------------
Simulated Pipes
--------------------------------------------------------------------------------
--------------------------------------------------------------------------------
Simulated Nodes/Jobs
--------------------------------------------------------------------------------
Hostname/IP: 192.168.0.169 | Job: et-et3p3-573230 | Sim running: [33mTrue [0m
--------------------------------------------------------------------------------
Summary
--------------------------------------------------------------------------------
1/1 instances are still running.
1/1 simulations are still running.
--------------------------------------------------------------------------------
[2J
FireSim Simulation Status @ 2026-09-04 21:49:00.362408
--------------------------------------------------------------------------------
This workload's output is located in:
/home/ubuntu/chipyard-rose/sims/firesim/deploy/results-workload/2026-09-04--21-30-04-et-et3p3-57323-fq861x88fdae20/
This run's log is located in:
/home/ubuntu/chipyard-rose/sims/firesim/deploy/logs/2026-09-04--21-30-04-runworkload-IY1Y6S0AK7MIUMCJ.log
This status will update every 10s.
--------------------------------------------------------------------------------
Instances
--------------------------------------------------------------------------------
Hostname/IP: 192.168.0.169 | Terminated: [33mFalse[0m
--------------------------------------------------------------------------------
Simulated Switches
--------------------------------------------------------------------------------
--------------------------------------------------------------------------------
Simulated Pipes
--------------------------------------------------------------------------------
--------------------------------------------------------------------------------
Simulated Nodes/Jobs
--------------------------------------------------------------------------------
Hostname/IP: 192.168.0.169 | Job: et-et3p3-573230 | Sim running: [33mTrue [0m
--------------------------------------------------------------------------------
Summary
--------------------------------------------------------------------------------
1/1 instances are still running.
1/1 simulations are still running.
--------------------------------------------------------------------------------
[2J
FireSim Simulation Status @ 2026-09-04 21:49:10.691173
--------------------------------------------------------------------------------
This workload's output is located in:
/home/ubuntu/chipyard-rose/sims/firesim/deploy/results-workload/2026-09-04--21-30-04-et-et3p3-57323-fq861x88fdae20/
This run's log is located in:
/home/ubuntu/chipyard-rose/sims/firesim/deploy/logs/2026-09-04--21-30-04-runworkload-IY1Y6S0AK7MIUMCJ.log
This status will update every 10s.
--------------------------------------------------------------------------------
Instances
--------------------------------------------------------------------------------
Hostname/IP: 192.168.0.169 | Terminated: [33mFalse[0m
--------------------------------------------------------------------------------
Simulated Switches
--------------------------------------------------------------------------------
--------------------------------------------------------------------------------
Simulated Pipes
--------------------------------------------------------------------------------
--------------------------------------------------------------------------------
Simulated Nodes/Jobs
--------------------------------------------------------------------------------
Hostname/IP: 192.168.0.169 | Job: et-et3p3-573230 | Sim running: [33mTrue [0m
--------------------------------------------------------------------------------
Summary
--------------------------------------------------------------------------------
1/1 instances are still running.
1/1 simulations are still running.
--------------------------------------------------------------------------------
[2J
FireSim Simulation Status @ 2026-09-04 21:49:21.010782
--------------------------------------------------------------------------------
This workload's output is located in:
/home/ubuntu/chipyard-rose/sims/firesim/deploy/results-workload/2026-09-04--21-30-04-et-et3p3-57323-fq861x88fdae20/
This run's log is located in:
/home/ubuntu/chipyard-rose/sims/firesim/deploy/logs/2026-09-04--21-30-04-runworkload-IY1Y6S0AK7MIUMCJ.log
This status will update every 10s.
--------------------------------------------------------------------------------
Instances
--------------------------------------------------------------------------------
Hostname/IP: 192.168.0.169 | Terminated: [33mFalse[0m
--------------------------------------------------------------------------------
Simulated Switches
--------------------------------------------------------------------------------
--------------------------------------------------------------------------------
Simulated Pipes
--------------------------------------------------------------------------------
--------------------------------------------------------------------------------
Simulated Nodes/Jobs
--------------------------------------------------------------------------------
Hostname/IP: 192.168.0.169 | Job: et-et3p3-573230 | Sim running: [33mTrue [0m
--------------------------------------------------------------------------------
Summary
--------------------------------------------------------------------------------
1/1 instances are still running.
1/1 simulations are still running.
--------------------------------------------------------------------------------
[2J
FireSim Simulation Status @ 2026-09-04 21:49:31.349606
--------------------------------------------------------------------------------
This workload's output is located in:
/home/ubuntu/chipyard-rose/sims/firesim/deploy/results-workload/2026-09-04--21-30-04-et-et3p3-57323-fq861x88fdae20/
This run's log is located in:
/home/ubuntu/chipyard-rose/sims/firesim/deploy/logs/2026-09-04--21-30-04-runworkload-IY1Y6S0AK7MIUMCJ.log
This status will update every 10s.
--------------------------------------------------------------------------------
Instances
--------------------------------------------------------------------------------
Hostname/IP: 192.168.0.169 | Terminated: [33mFalse[0m
--------------------------------------------------------------------------------
Simulated Switches
--------------------------------------------------------------------------------
--------------------------------------------------------------------------------
Simulated Pipes
--------------------------------------------------------------------------------
--------------------------------------------------------------------------------
Simulated Nodes/Jobs
--------------------------------------------------------------------------------
Hostname/IP: 192.168.0.169 | Job: et-et3p3-573230 | Sim running: [33mTrue [0m
--------------------------------------------------------------------------------
Summary
--------------------------------------------------------------------------------
1/1 instances are still running.
1/1 simulations are still running.
--------------------------------------------------------------------------------
[2J
FireSim Simulation Status @ 2026-09-04 21:49:41.912035
--------------------------------------------------------------------------------
This workload's output is located in:
/home/ubuntu/chipyard-rose/sims/firesim/deploy/results-workload/2026-09-04--21-30-04-et-et3p3-57323-fq861x88fdae20/
This run's log is located in:
/home/ubuntu/chipyard-rose/sims/firesim/deploy/logs/2026-09-04--21-30-04-runworkload-IY1Y6S0AK7MIUMCJ.log
This status will update every 10s.
--------------------------------------------------------------------------------
Instances
--------------------------------------------------------------------------------
Hostname/IP: 192.168.0.169 | Terminated: [33mFalse[0m
--------------------------------------------------------------------------------
Simulated Switches
--------------------------------------------------------------------------------
--------------------------------------------------------------------------------
Simulated Pipes
--------------------------------------------------------------------------------
--------------------------------------------------------------------------------
Simulated Nodes/Jobs
--------------------------------------------------------------------------------
Hostname/IP: 192.168.0.169 | Job: et-et3p3-573230 | Sim running: [33mTrue [0m
--------------------------------------------------------------------------------
Summary
--------------------------------------------------------------------------------
1/1 instances are still running.
1/1 simulations are still running.
--------------------------------------------------------------------------------
[2J
FireSim Simulation Status @ 2026-09-04 21:49:52.261228
--------------------------------------------------------------------------------
This workload's output is located in:
/home/ubuntu/chipyard-rose/sims/firesim/deploy/results-workload/2026-09-04--21-30-04-et-et3p3-57323-fq861x88fdae20/
This run's log is located in:
/home/ubuntu/chipyard-rose/sims/firesim/deploy/logs/2026-09-04--21-30-04-runworkload-IY1Y6S0AK7MIUMCJ.log
This status will update every 10s.
--------------------------------------------------------------------------------
Instances
--------------------------------------------------------------------------------
Hostname/IP: 192.168.0.169 | Terminated: [33mFalse[0m
--------------------------------------------------------------------------------
Simulated Switches
--------------------------------------------------------------------------------
--------------------------------------------------------------------------------
Simulated Pipes
--------------------------------------------------------------------------------
--------------------------------------------------------------------------------
Simulated Nodes/Jobs
--------------------------------------------------------------------------------
Hostname/IP: 192.168.0.169 | Job: et-et3p3-573230 | Sim running: [33mTrue [0m
--------------------------------------------------------------------------------
Summary
--------------------------------------------------------------------------------
1/1 instances are still running.
1/1 simulations are still running.
--------------------------------------------------------------------------------
[2J
FireSim Simulation Status @ 2026-09-04 21:50:02.596410
--------------------------------------------------------------------------------
This workload's output is located in:
/home/ubuntu/chipyard-rose/sims/firesim/deploy/results-workload/2026-09-04--21-30-04-et-et3p3-57323-fq861x88fdae20/
This run's log is located in:
/home/ubuntu/chipyard-rose/sims/firesim/deploy/logs/2026-09-04--21-30-04-runworkload-IY1Y6S0AK7MIUMCJ.log
This status will update every 10s.
--------------------------------------------------------------------------------
Instances
--------------------------------------------------------------------------------
Hostname/IP: 192.168.0.169 | Terminated: [33mFalse[0m
--------------------------------------------------------------------------------
Simulated Switches
--------------------------------------------------------------------------------
--------------------------------------------------------------------------------
Simulated Pipes
--------------------------------------------------------------------------------
--------------------------------------------------------------------------------
Simulated Nodes/Jobs
--------------------------------------------------------------------------------
Hostname/IP: 192.168.0.169 | Job: et-et3p3-573230 | Sim running: [33mTrue [0m
--------------------------------------------------------------------------------
Summary
--------------------------------------------------------------------------------
1/1 instances are still running.
1/1 simulations are still running.
--------------------------------------------------------------------------------
[2J
FireSim Simulation Status @ 2026-09-04 21:50:12.926425
--------------------------------------------------------------------------------
This workload's output is located in:
/home/ubuntu/chipyard-rose/sims/firesim/deploy/results-workload/2026-09-04--21-30-04-et-et3p3-57323-fq861x88fdae20/
This run's log is located in:
/home/ubuntu/chipyard-rose/sims/firesim/deploy/logs/2026-09-04--21-30-04-runworkload-IY1Y6S0AK7MIUMCJ.log
This status will update every 10s.
--------------------------------------------------------------------------------
Instances
--------------------------------------------------------------------------------
Hostname/IP: 192.168.0.169 | Terminated: [33mFalse[0m
--------------------------------------------------------------------------------
Simulated Switches
--------------------------------------------------------------------------------
--------------------------------------------------------------------------------
Simulated Pipes
--------------------------------------------------------------------------------
--------------------------------------------------------------------------------
Simulated Nodes/Jobs
--------------------------------------------------------------------------------
Hostname/IP: 192.168.0.169 | Job: et-et3p3-573230 | Sim running: [33mTrue [0m
--------------------------------------------------------------------------------
Summary
--------------------------------------------------------------------------------
1/1 instances are still running.
1/1 simulations are still running.
--------------------------------------------------------------------------------
[2J
FireSim Simulation Status @ 2026-09-04 21:50:23.255650
--------------------------------------------------------------------------------
This workload's output is located in:
/home/ubuntu/chipyard-rose/sims/firesim/deploy/results-workload/2026-09-04--21-30-04-et-et3p3-57323-fq861x88fdae20/
This run's log is located in:
/home/ubuntu/chipyard-rose/sims/firesim/deploy/logs/2026-09-04--21-30-04-runworkload-IY1Y6S0AK7MIUMCJ.log
This status will update every 10s.
--------------------------------------------------------------------------------
Instances
--------------------------------------------------------------------------------
Hostname/IP: 192.168.0.169 | Terminated: [33mFalse[0m
--------------------------------------------------------------------------------
Simulated Switches
--------------------------------------------------------------------------------
--------------------------------------------------------------------------------
Simulated Pipes
--------------------------------------------------------------------------------
--------------------------------------------------------------------------------
Simulated Nodes/Jobs
--------------------------------------------------------------------------------
Hostname/IP: 192.168.0.169 | Job: et-et3p3-573230 | Sim running: [33mTrue [0m
--------------------------------------------------------------------------------
Summary
--------------------------------------------------------------------------------
1/1 instances are still running.
1/1 simulations are still running.
--------------------------------------------------------------------------------
[2J
FireSim Simulation Status @ 2026-09-04 21:50:33.584523
--------------------------------------------------------------------------------
This workload's output is located in:
/home/ubuntu/chipyard-rose/sims/firesim/deploy/results-workload/2026-09-04--21-30-04-et-et3p3-57323-fq861x88fdae20/
This run's log is located in:
/home/ubuntu/chipyard-rose/sims/firesim/deploy/logs/2026-09-04--21-30-04-runworkload-IY1Y6S0AK7MIUMCJ.log
This status will update every 10s.
--------------------------------------------------------------------------------
Instances
--------------------------------------------------------------------------------
Hostname/IP: 192.168.0.169 | Terminated: [33mFalse[0m
--------------------------------------------------------------------------------
Simulated Switches
--------------------------------------------------------------------------------
--------------------------------------------------------------------------------
Simulated Pipes
--------------------------------------------------------------------------------
--------------------------------------------------------------------------------
Simulated Nodes/Jobs
--------------------------------------------------------------------------------
Hostname/IP: 192.168.0.169 | Job: et-et3p3-573230 | Sim running: [33mTrue [0m
--------------------------------------------------------------------------------
Summary
--------------------------------------------------------------------------------
1/1 instances are still running.
1/1 simulations are still running.
--------------------------------------------------------------------------------
[2J
FireSim Simulation Status @ 2026-09-04 21:50:44.143529
--------------------------------------------------------------------------------
This workload's output is located in:
/home/ubuntu/chipyard-rose/sims/firesim/deploy/results-workload/2026-09-04--21-30-04-et-et3p3-57323-fq861x88fdae20/
This run's log is located in:
/home/ubuntu/chipyard-rose/sims/firesim/deploy/logs/2026-09-04--21-30-04-runworkload-IY1Y6S0AK7MIUMCJ.log
This status will update every 10s.
--------------------------------------------------------------------------------
Instances
--------------------------------------------------------------------------------
Hostname/IP: 192.168.0.169 | Terminated: [33mFalse[0m
--------------------------------------------------------------------------------
Simulated Switches
--------------------------------------------------------------------------------
--------------------------------------------------------------------------------
Simulated Pipes
--------------------------------------------------------------------------------
--------------------------------------------------------------------------------
Simulated Nodes/Jobs
--------------------------------------------------------------------------------
Hostname/IP: 192.168.0.169 | Job: et-et3p3-573230 | Sim running: [33mTrue [0m
--------------------------------------------------------------------------------
Summary
--------------------------------------------------------------------------------
1/1 instances are still running.
1/1 simulations are still running.
--------------------------------------------------------------------------------
[2J
FireSim Simulation Status @ 2026-09-04 21:50:54.482707
--------------------------------------------------------------------------------
This workload's output is located in:
/home/ubuntu/chipyard-rose/sims/firesim/deploy/results-workload/2026-09-04--21-30-04-et-et3p3-57323-fq861x88fdae20/
This run's log is located in:
/home/ubuntu/chipyard-rose/sims/firesim/deploy/logs/2026-09-04--21-30-04-runworkload-IY1Y6S0AK7MIUMCJ.log
This status will update every 10s.
--------------------------------------------------------------------------------
Instances
--------------------------------------------------------------------------------
Hostname/IP: 192.168.0.169 | Terminated: [33mFalse[0m
--------------------------------------------------------------------------------
Simulated Switches
--------------------------------------------------------------------------------
--------------------------------------------------------------------------------
Simulated Pipes
--------------------------------------------------------------------------------
--------------------------------------------------------------------------------
Simulated Nodes/Jobs
--------------------------------------------------------------------------------
Hostname/IP: 192.168.0.169 | Job: et-et3p3-573230 | Sim running: [33mTrue [0m
--------------------------------------------------------------------------------
Summary
--------------------------------------------------------------------------------
1/1 instances are still running.
1/1 simulations are still running.
--------------------------------------------------------------------------------
[2J
FireSim Simulation Status @ 2026-09-04 21:51:04.813113
--------------------------------------------------------------------------------
This workload's output is located in:
/home/ubuntu/chipyard-rose/sims/firesim/deploy/results-workload/2026-09-04--21-30-04-et-et3p3-57323-fq861x88fdae20/
This run's log is located in:
/home/ubuntu/chipyard-rose/sims/firesim/deploy/logs/2026-09-04--21-30-04-runworkload-IY1Y6S0AK7MIUMCJ.log
This status will update every 10s.
--------------------------------------------------------------------------------
Instances
--------------------------------------------------------------------------------
Hostname/IP: 192.168.0.169 | Terminated: [33mFalse[0m
--------------------------------------------------------------------------------
Simulated Switches
--------------------------------------------------------------------------------
--------------------------------------------------------------------------------
Simulated Pipes
--------------------------------------------------------------------------------
--------------------------------------------------------------------------------
Simulated Nodes/Jobs
--------------------------------------------------------------------------------
Hostname/IP: 192.168.0.169 | Job: et-et3p3-573230 | Sim running: [33mTrue [0m
--------------------------------------------------------------------------------
Summary
--------------------------------------------------------------------------------
1/1 instances are still running.
1/1 simulations are still running.
--------------------------------------------------------------------------------
[2J
FireSim Simulation Status @ 2026-09-04 21:51:15.152639
--------------------------------------------------------------------------------
This workload's output is located in:
/home/ubuntu/chipyard-rose/sims/firesim/deploy/results-workload/2026-09-04--21-30-04-et-et3p3-57323-fq861x88fdae20/
This run's log is located in:
/home/ubuntu/chipyard-rose/sims/firesim/deploy/logs/2026-09-04--21-30-04-runworkload-IY1Y6S0AK7MIUMCJ.log
This status will update every 10s.
--------------------------------------------------------------------------------
Instances
--------------------------------------------------------------------------------
Hostname/IP: 192.168.0.169 | Terminated: [33mFalse[0m
--------------------------------------------------------------------------------
Simulated Switches
--------------------------------------------------------------------------------
--------------------------------------------------------------------------------
Simulated Pipes
--------------------------------------------------------------------------------
--------------------------------------------------------------------------------
Simulated Nodes/Jobs
--------------------------------------------------------------------------------
Hostname/IP: 192.168.0.169 | Job: et-et3p3-573230 | Sim running: [33mTrue [0m
--------------------------------------------------------------------------------
Summary
--------------------------------------------------------------------------------
1/1 instances are still running.
1/1 simulations are still running.
--------------------------------------------------------------------------------
[2J
FireSim Simulation Status @ 2026-09-04 21:51:25.502068
--------------------------------------------------------------------------------
This workload's output is located in:
/home/ubuntu/chipyard-rose/sims/firesim/deploy/results-workload/2026-09-04--21-30-04-et-et3p3-57323-fq861x88fdae20/
This run's log is located in:
/home/ubuntu/chipyard-rose/sims/firesim/deploy/logs/2026-09-04--21-30-04-runworkload-IY1Y6S0AK7MIUMCJ.log
This status will update every 10s.
--------------------------------------------------------------------------------
Instances
--------------------------------------------------------------------------------
Hostname/IP: 192.168.0.169 | Terminated: [33mFalse[0m
--------------------------------------------------------------------------------
Simulated Switches
--------------------------------------------------------------------------------
--------------------------------------------------------------------------------
Simulated Pipes
--------------------------------------------------------------------------------
--------------------------------------------------------------------------------
Simulated Nodes/Jobs
--------------------------------------------------------------------------------
Hostname/IP: 192.168.0.169 | Job: et-et3p3-573230 | Sim running: [33mTrue [0m
--------------------------------------------------------------------------------
Summary
--------------------------------------------------------------------------------
1/1 instances are still running.
1/1 simulations are still running.
--------------------------------------------------------------------------------
[2J
FireSim Simulation Status @ 2026-09-04 21:51:35.837084
--------------------------------------------------------------------------------
This workload's output is located in:
/home/ubuntu/chipyard-rose/sims/firesim/deploy/results-workload/2026-09-04--21-30-04-et-et3p3-57323-fq861x88fdae20/
This run's log is located in:
/home/ubuntu/chipyard-rose/sims/firesim/deploy/logs/2026-09-04--21-30-04-runworkload-IY1Y6S0AK7MIUMCJ.log
This status will update every 10s.
--------------------------------------------------------------------------------
Instances
--------------------------------------------------------------------------------
Hostname/IP: 192.168.0.169 | Terminated: [33mFalse[0m
--------------------------------------------------------------------------------
Simulated Switches
--------------------------------------------------------------------------------
--------------------------------------------------------------------------------
Simulated Pipes
--------------------------------------------------------------------------------
--------------------------------------------------------------------------------
Simulated Nodes/Jobs
--------------------------------------------------------------------------------
Hostname/IP: 192.168.0.169 | Job: et-et3p3-573230 | Sim running: [33mTrue [0m
--------------------------------------------------------------------------------
Summary
--------------------------------------------------------------------------------
1/1 instances are still running.
1/1 simulations are still running.
--------------------------------------------------------------------------------
[2J
FireSim Simulation Status @ 2026-09-04 21:51:46.380087
--------------------------------------------------------------------------------
This workload's output is located in:
/home/ubuntu/chipyard-rose/sims/firesim/deploy/results-workload/2026-09-04--21-30-04-et-et3p3-57323-fq861x88fdae20/
This run's log is located in:
/home/ubuntu/chipyard-rose/sims/firesim/deploy/logs/2026-09-04--21-30-04-runworkload-IY1Y6S0AK7MIUMCJ.log
This status will update every 10s.
--------------------------------------------------------------------------------
Instances
--------------------------------------------------------------------------------
Hostname/IP: 192.168.0.169 | Terminated: [33mFalse[0m
--------------------------------------------------------------------------------
Simulated Switches
--------------------------------------------------------------------------------
--------------------------------------------------------------------------------
Simulated Pipes
--------------------------------------------------------------------------------
--------------------------------------------------------------------------------
Simulated Nodes/Jobs
--------------------------------------------------------------------------------
Hostname/IP: 192.168.0.169 | Job: et-et3p3-573230 | Sim running: [33mTrue [0m
--------------------------------------------------------------------------------
Summary
--------------------------------------------------------------------------------
1/1 instances are still running.
1/1 simulations are still running.
--------------------------------------------------------------------------------
[2J
FireSim Simulation Status @ 2026-09-04 21:51:56.719188
--------------------------------------------------------------------------------
This workload's output is located in:
/home/ubuntu/chipyard-rose/sims/firesim/deploy/results-workload/2026-09-04--21-30-04-et-et3p3-57323-fq861x88fdae20/
This run's log is located in:
/home/ubuntu/chipyard-rose/sims/firesim/deploy/logs/2026-09-04--21-30-04-runworkload-IY1Y6S0AK7MIUMCJ.log
This status will update every 10s.
--------------------------------------------------------------------------------
Instances
--------------------------------------------------------------------------------
Hostname/IP: 192.168.0.169 | Terminated: [33mFalse[0m
--------------------------------------------------------------------------------
Simulated Switches
--------------------------------------------------------------------------------
--------------------------------------------------------------------------------
Simulated Pipes
--------------------------------------------------------------------------------
--------------------------------------------------------------------------------
Simulated Nodes/Jobs
--------------------------------------------------------------------------------
Hostname/IP: 192.168.0.169 | Job: et-et3p3-573230 | Sim running: [33mTrue [0m
--------------------------------------------------------------------------------
Summary
--------------------------------------------------------------------------------
1/1 instances are still running.
1/1 simulations are still running.
--------------------------------------------------------------------------------
[2J
FireSim Simulation Status @ 2026-09-04 21:52:07.048238
--------------------------------------------------------------------------------
This workload's output is located in:
/home/ubuntu/chipyard-rose/sims/firesim/deploy/results-workload/2026-09-04--21-30-04-et-et3p3-57323-fq861x88fdae20/
This run's log is located in:
/home/ubuntu/chipyard-rose/sims/firesim/deploy/logs/2026-09-04--21-30-04-runworkload-IY1Y6S0AK7MIUMCJ.log
This status will update every 10s.
--------------------------------------------------------------------------------
Instances
--------------------------------------------------------------------------------
Hostname/IP: 192.168.0.169 | Terminated: [33mFalse[0m
--------------------------------------------------------------------------------
Simulated Switches
--------------------------------------------------------------------------------
--------------------------------------------------------------------------------
Simulated Pipes
--------------------------------------------------------------------------------
--------------------------------------------------------------------------------
Simulated Nodes/Jobs
--------------------------------------------------------------------------------
Hostname/IP: 192.168.0.169 | Job: et-et3p3-573230 | Sim running: [33mTrue [0m
--------------------------------------------------------------------------------
Summary
--------------------------------------------------------------------------------
1/1 instances are still running.
1/1 simulations are still running.
--------------------------------------------------------------------------------
[2J
FireSim Simulation Status @ 2026-09-04 21:52:17.387277
--------------------------------------------------------------------------------
This workload's output is located in:
/home/ubuntu/chipyard-rose/sims/firesim/deploy/results-workload/2026-09-04--21-30-04-et-et3p3-57323-fq861x88fdae20/
This run's log is located in:
/home/ubuntu/chipyard-rose/sims/firesim/deploy/logs/2026-09-04--21-30-04-runworkload-IY1Y6S0AK7MIUMCJ.log
This status will update every 10s.
--------------------------------------------------------------------------------
Instances
--------------------------------------------------------------------------------
Hostname/IP: 192.168.0.169 | Terminated: [33mFalse[0m
--------------------------------------------------------------------------------
Simulated Switches
--------------------------------------------------------------------------------
--------------------------------------------------------------------------------
Simulated Pipes
--------------------------------------------------------------------------------
--------------------------------------------------------------------------------
Simulated Nodes/Jobs
--------------------------------------------------------------------------------
Hostname/IP: 192.168.0.169 | Job: et-et3p3-573230 | Sim running: [33mTrue [0m
--------------------------------------------------------------------------------
Summary
--------------------------------------------------------------------------------
1/1 instances are still running.
1/1 simulations are still running.
--------------------------------------------------------------------------------
[192.168.0.169] Slot 0, Job et-et3p3-573230 completed!
[2J
FireSim Simulation Status @ 2026-09-04 21:52:28.059733
--------------------------------------------------------------------------------
This workload's output is located in:
/home/ubuntu/chipyard-rose/sims/firesim/deploy/results-workload/2026-09-04--21-30-04-et-et3p3-57323-fq861x88fdae20/
This run's log is located in:
/home/ubuntu/chipyard-rose/sims/firesim/deploy/logs/2026-09-04--21-30-04-runworkload-IY1Y6S0AK7MIUMCJ.log
This status will update every 10s.
--------------------------------------------------------------------------------
Instances
--------------------------------------------------------------------------------
Hostname/IP: 192.168.0.169 | Terminated: [33mFalse[0m
--------------------------------------------------------------------------------
Simulated Switches
--------------------------------------------------------------------------------
--------------------------------------------------------------------------------
Simulated Pipes
--------------------------------------------------------------------------------
--------------------------------------------------------------------------------
Simulated Nodes/Jobs
--------------------------------------------------------------------------------
Hostname/IP: 192.168.0.169 | Job: et-et3p3-573230 | Sim running: [32mFalse[0m
--------------------------------------------------------------------------------
Summary
--------------------------------------------------------------------------------
1/1 instances are still running.
0/1 simulations are still running.
--------------------------------------------------------------------------------
FireSim Simulation Exited Successfully. See results in:
/home/ubuntu/chipyard-rose/sims/firesim/deploy/results-workload/2026-09-04--21-30-04-et-et3p3-57323-fq861x88fdae20/
The full log of this run is:
/home/ubuntu/chipyard-rose/sims/firesim/deploy/logs/2026-09-04--21-30-04-runworkload-IY1Y6S0AK7MIUMCJ.log
[21:52:29] === phase KILL ===
[21:52:29] $ bash -c set -o pipefail; export PATH=/home/ubuntu/miniconda3/bin:/home/ubuntu/miniconda3/condabin:$PATH; unset CONDA_PREFIX CONDA_DEFAULT_ENV CONDA_PROMPT_MODIFIER CONDA_PYTHON_EXE CONDA_SHLVL CONDA_EXE _CE_M _CE_CONDA; source /home/ubuntu/chipyard-rose/env.sh; cd /home/ubuntu/chipyard-rose/sims/firesim; source /home/ubuntu/chipyard-rose/sims/firesim/sourceme-manager.sh --skip-ssh-setup; cd /home/ubuntu/chipyard-rose/sims/firesim/deploy; firesim -c /var/lib/fq/jobs/861/config_runtime.yaml -a /var/lib/fq/jobs/861/config_hwdb.yaml kill
./env.sh: line 4: /scratch/dima/rose-infra/RoSE/soc/sim/chipyard/sims/firesim/../../env.sh: No such file or directory
FireSim Manager. Docs: https://docs.fires.im
Running: kill

Please rename your 'deploy_triplet_override' key in your hwdb entry to 'deploy_quintuplet_override'. Support for 'deploy_triplet_override' will be removed in the future.
firesim_rocket_30MHz_singlecore_no_nic is overriding a deploy quintuplet in your config_hwdb.yaml file. Make sure you understand why!
Please rename your 'deploy_triplet_override' key in your hwdb entry to 'deploy_quintuplet_override'. Support for 'deploy_triplet_override' will be removed in the future.
firesim-rocket-singlecore-fp32gemmini-with-airsim-fast-no-nic-l2-llc4mb-ddr3 is overriding a deploy quintuplet in your config_hwdb.yaml file. Make sure you understand why!
Please rename your 'deploy_triplet_override' key in your hwdb entry to 'deploy_quintuplet_override'. Support for 'deploy_triplet_override' will be removed in the future.
firesim-dual-large-boom-fp32gemmini-singlecore-with-airsim-no-nic-l2-llc4mb-ddr3 is overriding a deploy quintuplet in your config_hwdb.yaml file. Make sure you understand why!
get_local_driver_dir f2-firesim-FireSim-DDR3FRFCFSLLC4MB_WithDefaultFireSimBridges_WithFireSimConfigTweaks_chipyard.RocketConfig-F30MHz_BaseVitisConfig
get_local_driver_dir f2-firesim-FireSim-DDR3FRFCFSLLC4MB_WithDefaultFireSimBridges_WithFireSimConfigTweaks_chipyard.AirSimIOTLFPGemminiLargeBoomConfig-F30MHz_BaseVitisConfig
get_local_driver_dir f2-firesim-FireSim-DDR3FRFCFSLLC4MB_WithDefaultFireSimBridges_WithFireSimConfigTweaks_chipyard.AirSimIOTLFPGemminiLargeDualBoomConfig-F30MHz_BaseVitisConfig
get_local_driver_dir f2-firesim-FireSim-DDR3FRFCFSLLC4MB_WithDefaultFireSimBridges_WithFireSimConfigTweaks_chipyard.AirSimIOTLFPGemminiRocketConfig-F30MHz_BaseVitisConfig
get_local_driver_dir f2-firesim-FireSim-DDR3FRFCFSLLC4MB_WithDefaultFireSimBridges_WithFireSimConfigTweaks_chipyard.AirSimIOTLFPGemminiRocketConfig-F45MHz_BaseVitisConfig
get_local_driver_dir f1-firesim-FireSim-RoseTLRocketMMIOOnlyConfig-BaseF1Config
get_local_driver_dir f1-firesim-FireSim-RoseTLRocketStereoAccRoccMMIOOnlyConfig-BaseF1Config
get_local_driver_dir f1-firesim-FireSim-RoseTLRocketStereoAccMMIOOnlyConfig-BaseF1Config
get_local_driver_dir f1-firesim-FireSim-RoseTLRocketDualDMAMMIOOnlyConfig-BaseF1Config
get_local_driver_dir f1-firesim-FireSim-RoseTLBOOMDualDMAMMIOOnlyConfig-BaseF1Config
get_local_driver_dir xilinx_alveo_u250-firesim-FireSim-RoseTLBOOMDualDMAMMIOOnlyConfig-BaseXilinxAlveoU250Config
get_local_driver_dir xilinx_alveo_u250-firesim-FireSim-RoseTLRocketStereoAccMMIOOnlyConfig-BaseXilinxAlveoU250Config
get_local_driver_dir f1-firesim-FireSim-RoseTLRocketEdgeDetAccMMIOOnlyConfig-BaseF1Config
get_local_driver_dir f1-firesim-FireSim-RoseTLRocketStereoAccNICConfig-BaseF1Config
get_local_driver_dir f1-firesim-FireSim-RocketNICConfig-BaseF1Config
get_local_driver_dir xilinx_alveo_u250-firesim-FireSim-RoseTLRocketMMIOOnlyConfig-BaseXilinxAlveoU250Config
get_local_driver_dir xilinx_alveo_u250-firesim-FireSim-RoseTLRocketSaturnMMIOOnlyConfig-BaseXilinxAlveoU250Config
get_local_driver_dir xilinx_alveo_u250-firesim-FireSim-RoseTLRocketSaturnMMIOOnlyConfig-BaseXilinxAlveoU250Config
get_local_driver_dir xilinx_alveo_u250-firesim-FireSim-RoseTLDualRocketSaturnGemminiMMIOOnlyConfig-BaseXilinxAlveoU250Config
get_local_driver_dir xilinx_alveo_u250-firesim-FireSim-RoseTLDualRocketSaturnGemminiQ31MMIOOnlyConfig-BaseXilinxAlveoU250Config
get_local_driver_dir xilinx_alveo_u250-firesim-FireSim-RoseTLDualRocketSaturnGemminiQ31WsMMIOOnlyConfig-BaseXilinxAlveoU250Config
get_local_driver_dir xilinx_alveo_u250-firesim-FireSim-RoseTLRocketSaturnTacitMMIOOnlyConfig-BaseXilinxAlveoU250Config
get_local_driver_dir xilinx_alveo_u250-firesim-FireSim-RoseTLRocketSaturnDMAMMIOOnlyConfig-BaseXilinxAlveoU250Config
get_local_driver_dir xilinx_alveo_u250-firesim-FireSim-RoseTLRocketSaturnDMAMMIOOnlyConfig-BaseXilinxAlveoU250Config
get_local_driver_dir xilinx_alveo_u250-firesim-FireSim-RoseTLBOOMMMIOOnlyConfig-BaseXilinxAlveoU250Config
get_local_driver_dir xilinx_alveo_u250-firesim-FireSim-RoseTLBOOMGemminiMMIOOnlyConfig-BaseXilinxAlveoU250Config
get_local_driver_dir xilinx_alveo_u250-firesim-FireSim-FireSimRocketConfig-BaseXilinxAlveoU250Config
get_local_driver_dir f2-firesim-FireSim-RoseTLDualSmallTacitMMIOOnlyConfig-BaseF2Config
get_local_driver_dir f2-firesim-FireSim-SatGemDualSmallTacitMMIOOnlyConfig-BaseF2Config
get_local_driver_dir f2-firesim-FireSim-RoseTLDualLargeTacitMMIOOnlyConfig-BaseF2Config
get_local_driver_dir f2-firesim-FireSim-SatGemDualLargeTacitMMIOOnlyConfig-BaseF2Config
get_local_driver_dir f2-firesim-FireSim-RoseTLQuadSmallTacitMMIOOnlyConfig-BaseF2Config
get_local_driver_dir f2-firesim-FireSim-SatGemQuadSmallTacitMMIOOnlyConfig-BaseF2Config
get_local_driver_dir f2-firesim-FireSim-RoseTLQuadLargeTacitMMIOOnlyConfig-BaseF2Config
get_local_driver_dir f2-firesim-FireSim-SatGemQuadLargeTacitMMIOOnlyConfig-BaseF2Config
get_local_driver_dir f2-firesim-FireSim-RoseTLDualSmallTacitMMIOOnlyConfig-BaseF2Config
get_local_driver_dir f2-firesim-FireSim-SatGemDualSmallTacitMMIOOnlyConfig-BaseF2Config
get_local_driver_dir f2-firesim-FireSim-RoseTLDualLargeTacitMMIOOnlyConfig-BaseF2Config
get_local_driver_dir f2-firesim-FireSim-SatGemDualLargeTacitMMIOOnlyConfig-BaseF2Config
get_local_driver_dir f2-firesim-FireSim-RoseTLQuadSmallTacitMMIOOnlyConfig-BaseF2Config
get_local_driver_dir f2-firesim-FireSim-SatGemQuadSmallTacitMMIOOnlyConfig-BaseF2Config
get_local_driver_dir f2-firesim-FireSim-RoseTLQuadLargeTacitMMIOOnlyConfig-BaseF2Config
get_local_driver_dir f2-firesim-FireSim-SatGemQuadLargeTacitMMIOOnlyConfig-BaseF2Config
get_local_driver_dir f2-firesim-FireSim-SatGemQuadHeteroTacitMMIOOnlyConfig-BaseF2Config
get_local_driver_dir f2-firesim-FireSim-RoseTLQuadHeteroTacitMMIOOnlyConfig-BaseF2Config
get_local_driver_dir f2-firesim-FireSim-SatGemQuadHeteroTacitMMIOOnlyConfig-BaseF2PCIMConfig
get_local_driver_dir f2-firesim-FireSim-SatGemDualSmallTacitMMIOOnlyConfig-BaseF2PCIMConfig
run_farm_hosts_dict defaultdict(<class 'list'>, {'192.168.0.169': [(<runtools.run_farm.Inst object at 0x7bae62fec160>, None)]})
set_server_hardware_config 0 None
[192.168.0.169] Killing FPGA simulation for slot: 0.
Warning: run() received nonzero return code 1 while executing 'sudo pkill -SIGKILL FireSim-f2'!
Confirming exit...
screenoutput There are screens on:
	1571382.virtual_jtag	(09/04/26 21:29:58)	(Detached)
	1571220.hw_server	(09/04/26 21:29:57)	(Detached)
2 Sockets in /run/screen/S-ubuntu.
The full log of this run is:
/home/ubuntu/chipyard-rose/sims/firesim/deploy/logs/2026-09-04--21-52-32-kill-WS68LGFCWX4C1OX9.log
[21:52:39] === phase COLLECT -> /home/ubuntu/etres_et3p3 ===
[21:52:39] $ bash -c mkdir -p /home/ubuntu/etres_et3p3; shopt -s nullglob; for r in /home/ubuntu/chipyard-rose/sims/firesim/deploy/results-workload/*-et-et3p3-57323-fq861x88fdae20; do cp -a "$r" /home/ubuntu/etres_et3p3/ || true; done
