✓ Conda environment 'zephyr' activated successfully
Zephyr SDK environment variables set:
  ZEPHYR_BASE=/scratch/dima/rose-infra/RoSE/soc/sw/xpu-rt/zephyr-chipyard-sw/zephyr_ws/zephyr
  ZEPHYR_SDK_INSTALL_DIR=/scratch/dima/rose-infra/RoSE/soc/sw/xpu-rt/zephyr-chipyard-sw/tools-manual/zephyr-sdk-1.0.0-beta1
  ZEPHYR_TOOLCHAIN_VARIANT=zephyr
### tag=3net_hetero_greedy_periodic dispatches=288 predicted_ms=81.94 sched=/scratch/dima/rose-infra/RoSE/soc/sw/xpu-rt/schedules/scheduled_networks_3net_hetero_greedy_periodic_profiled.json 2026-09-02T10:17:20Z
MODELBLASTER_STAGE_BEGIN:generate_kernels
[xpurt] ingest schedule
ingested 288 entries from /scratch/dima/rose-infra/RoSE/soc/sw/xpu-rt/schedules/scheduled_networks_3net_hetero_greedy_periodic_profiled.json
wrote /scratch/dima/rose-infra/RoSE/soc/sw/xpu-rt/zephyr-chipyard-sw/modelblaster/examples/xpurt_demo_armB/int8/generated/3net_hetero_greedy_periodic.c
wrote /scratch/dima/rose-infra/RoSE/soc/sw/xpu-rt/zephyr-chipyard-sw/modelblaster/examples/xpurt_demo_armB/int8/generated/3net_hetero_greedy_periodic.h
by core kind: {'gemmini_q31': 131, 'rvv': 157}
by job_name: {'yolov8_nano': 155, 'mlp_control0': 7, 'mlp_control1': 7, 'mlp_control2': 7, 'mlp_control3': 7, 'mlp_control4': 7, 'mlp_control5': 7, 'mlp_control6': 7, 'dronet0': 21, 'dronet1': 21, 'dronet2': 21, 'dronet3': 21}
[xpurt] generate main
wrote /scratch/dima/rose-infra/RoSE/soc/sw/xpu-rt/zephyr-chipyard-sw/modelblaster/examples/xpurt_demo_armB/int8/generated/3net_hetero_greedy_periodic_main.c  (platform: zephyr networks: ['mlp_control', 'dronet', 'yolov8_nano'] instances: {'mlp_control': 7, 'dronet': 4, 'yolov8_nano': 1} kinds: ['gemmini_q31', 'rvv'] backends: ['gemmini_q31', 'rvv'] pool_sizes: [2, 2])
MODELBLASTER_STAGE_END:generate_kernels:0.090
MODELBLASTER_STAGE_BEGIN:build
[xpurt] west build (BACKENDS=gemmini_q31,rvv, pool=4)
-- west build: making build dir /scratch/dima/rose-infra/RoSE/soc/sw/xpu-rt/zephyr-chipyard-sw/modelblaster/examples/xpurt_demo_armB/int8/build/gemmini_q31_rvv_firesim pristine
-- west build: generating a build system
Loading Zephyr default modules (Zephyr base).
-- Application: /scratch/dima/rose-infra/RoSE/soc/sw/xpu-rt/zephyr-chipyard-sw/modelblaster/harness_xpurt
-- CMake version: 3.28.3
-- Found Python3: /scratch/dima/rose-infra/RoSE/soc/sw/xpu-rt/zephyr-chipyard-sw/tools/miniforge3/envs/zephyr/bin/python3.12 (found suitable version "3.12.13", minimum required is "3.10") found components: Interpreter 
-- Cache files will be written to: /home/dima/.cache/zephyr
-- Zephyr version: 4.2.99 (/scratch/dima/rose-infra/RoSE/soc/sw/xpu-rt/zephyr-chipyard-sw/zephyr_ws/zephyr)
-- Found west (found suitable version "1.5.0", minimum required is "0.14.0")
-- Board: chipyard_riscv64, qualifiers: rocketchip_virt_riscv64
-- Found host-tools: zephyr 1.0.0 (/scratch/dima/rose-infra/RoSE/soc/sw/xpu-rt/zephyr-chipyard-sw/tools-manual/zephyr-sdk-1.0.0-beta1)
-- Found toolchain: zephyr 1.0.0 (/scratch/dima/rose-infra/RoSE/soc/sw/xpu-rt/zephyr-chipyard-sw/tools-manual/zephyr-sdk-1.0.0-beta1)
-- Found Dtc: /scratch/dima/rose-infra/RoSE/soc/sw/xpu-rt/zephyr-chipyard-sw/tools-manual/zephyr-sdk-1.0.0-beta1/hosttools/sysroots/x86_64-pokysdk-linux/usr/bin/dtc (found suitable version "1.7.0", minimum required is "1.4.6") 
-- Found BOARD.dts: /scratch/dima/rose-infra/RoSE/soc/sw/xpu-rt/zephyr-chipyard-sw/zephyr_ws/zephyr/boards/chipyard/riscv64/chipyard_riscv64.dts
node '/uart' compatible 'ucb,htif' has unknown vendor prefix 'ucb'
-- Generated zephyr.dts: /scratch/dima/rose-infra/RoSE/soc/sw/xpu-rt/zephyr-chipyard-sw/modelblaster/examples/xpurt_demo_armB/int8/build/gemmini_q31_rvv_firesim/zephyr/zephyr.dts
-- Generated pickled edt: /scratch/dima/rose-infra/RoSE/soc/sw/xpu-rt/zephyr-chipyard-sw/modelblaster/examples/xpurt_demo_armB/int8/build/gemmini_q31_rvv_firesim/zephyr/edt.pickle
-- Generated devicetree_generated.h: /scratch/dima/rose-infra/RoSE/soc/sw/xpu-rt/zephyr-chipyard-sw/modelblaster/examples/xpurt_demo_armB/int8/build/gemmini_q31_rvv_firesim/zephyr/include/generated/zephyr/devicetree_generated.h
/scratch/dima/rose-infra/RoSE/soc/sw/xpu-rt/zephyr-chipyard-sw/modelblaster/examples/xpurt_demo_armB/int8/build/gemmini_q31_rvv_firesim/zephyr/zephyr.dts:213.25-216.4: Warning (unit_address_format): /memory@08000000: unit name should not have leading 0s

warning: PRIVILEGED_STACK_SIZE (defined at soc/cdns/sample_controller32/Kconfig.defconfig:8,
soc/andestech/ae350/Kconfig.defconfig.ae350:15, arch/x86/Kconfig:495, arch/xtensa/Kconfig:250,
arch/arm64/core/Kconfig:132, arch/Kconfig:340) was assigned the value '2048' but got the value ''.
Check these unsatisfied dependencies: (SOC_XTENSA_SAMPLE_CONTROLLER32 || ((SOC_ANDES_AE350 ||
SOC_ANDES_AE350_CLIC) && SOC_SERIES_ANDES_AE350 && SOC_FAMILY_ANDES_V5) || X86 || (XTENSA_MMU &&
CPU_HAS_MMU && XTENSA) || ARM64 || USERSPACE) (=n). See
http://docs.zephyrproject.org/latest/kconfig.html#CONFIG_PRIVILEGED_STACK_SIZE and/or look up
PRIVILEGED_STACK_SIZE in the menuconfig/guiconfig interface. The Application Development Primer,
Setting Configuration Values, and Kconfig - Tips and Best Practices sections of the manual might be
helpful too.


warning: THREAD_STACK_MEM_MAPPED (defined at kernel/Kconfig:196) was assigned the value 'y' but got
the value 'n'. Check these unsatisfied dependencies: MMU (=n), ARCH_SUPPORTS_MEM_MAPPED_STACKS (=n).
See http://docs.zephyrproject.org/latest/kconfig.html#CONFIG_THREAD_STACK_MEM_MAPPED and/or look up
THREAD_STACK_MEM_MAPPED in the menuconfig/guiconfig interface. The Application Development Primer,
Setting Configuration Values, and Kconfig - Tips and Best Practices sections of the manual might be
helpful too.


warning: Deprecated symbol SCHED_DUMB is enabled.

Parsing /scratch/dima/rose-infra/RoSE/soc/sw/xpu-rt/zephyr-chipyard-sw/zephyr_ws/zephyr/Kconfig
Loaded configuration '/scratch/dima/rose-infra/RoSE/soc/sw/xpu-rt/zephyr-chipyard-sw/zephyr_ws/zephyr/boards/chipyard/riscv64/chipyard_riscv64_defconfig'
Merged configuration '/scratch/dima/rose-infra/RoSE/soc/sw/xpu-rt/zephyr-chipyard-sw/modelblaster/harness_xpurt/prj.conf'
Merged configuration '/scratch/dima/rose-infra/RoSE/soc/sw/xpu-rt/zephyr-chipyard-sw/modelblaster/harness_xpurt/backends/rvv.conf'
Merged configuration '/scratch/dima/rose-infra/RoSE/soc/sw/xpu-rt/zephyr-chipyard-sw/modelblaster/harness/backends/firesim_chipyard_quad_hetero_q31.conf'
Configuration saved to '/scratch/dima/rose-infra/RoSE/soc/sw/xpu-rt/zephyr-chipyard-sw/modelblaster/examples/xpurt_demo_armB/int8/build/gemmini_q31_rvv_firesim/zephyr/.config'
Kconfig header saved to '/scratch/dima/rose-infra/RoSE/soc/sw/xpu-rt/zephyr-chipyard-sw/modelblaster/examples/xpurt_demo_armB/int8/build/gemmini_q31_rvv_firesim/zephyr/include/generated/zephyr/autoconf.h'
-- RISCV_V_KERNEL_ONLY=y: global -march=rv64imafdc_zicsr_zifencei (V stripped); per-file -march=rv64imafdcv_zicsr_zifencei
-- Found GnuLd: /scratch/dima/rose-infra/RoSE/soc/sw/xpu-rt/zephyr-chipyard-sw/tools-manual/zephyr-sdk-1.0.0-beta1/gnu/riscv64-zephyr-elf/riscv64-zephyr-elf/bin/ld.bfd (found version "2.43.1") 
-- The C compiler identification is GNU 14.3.0
-- The CXX compiler identification is GNU 14.3.0
-- The ASM compiler identification is GNU
-- Found assembler: /scratch/dima/rose-infra/RoSE/soc/sw/xpu-rt/zephyr-chipyard-sw/tools-manual/zephyr-sdk-1.0.0-beta1/gnu/riscv64-zephyr-elf/bin/riscv64-zephyr-elf-gcc
-- Using ccache: /usr/bin/ccache
-- Found gen_kobject_list: /scratch/dima/rose-infra/RoSE/soc/sw/xpu-rt/zephyr-chipyard-sw/zephyr_ws/zephyr/scripts/build/gen_kobject_list.py
-- harness_xpurt: mlp_control/gemmini_q31 -> modelblaster_mlp_control_gemmini_q31_objs
-- harness_xpurt: mlp_control/rvv -> modelblaster_mlp_control_rvv_objs
-- harness_xpurt: dronet/gemmini_q31 -> modelblaster_dronet_gemmini_q31_objs
-- harness_xpurt: dronet/rvv -> modelblaster_dronet_rvv_objs
-- harness_xpurt: yolov8_nano/gemmini_q31 -> modelblaster_yolov8_nano_gemmini_q31_objs
-- harness_xpurt: yolov8_nano/rvv -> modelblaster_yolov8_nano_rvv_objs
-- harness_xpurt: backends=gemmini_q31;rvv models=mlp_control;dronet;yolov8_nano
-- harness_xpurt: xpurt_main=/scratch/dima/rose-infra/RoSE/soc/sw/xpu-rt/zephyr-chipyard-sw/modelblaster/examples/xpurt_demo_armB/int8/generated/3net_hetero_greedy_periodic_main.c
-- harness_xpurt: dispatch_table=/scratch/dima/rose-infra/RoSE/soc/sw/xpu-rt/zephyr-chipyard-sw/modelblaster/examples/xpurt_demo_armB/int8/generated/3net_hetero_greedy_periodic.c
-- Configuring done (6.5s)
-- Generating done (0.1s)
-- Build files have been written to: /scratch/dima/rose-infra/RoSE/soc/sw/xpu-rt/zephyr-chipyard-sw/modelblaster/examples/xpurt_demo_armB/int8/build/gemmini_q31_rvv_firesim
-- west build: building application
[1/220] Preparing syscall dependency handling

[2/220] Generating misc/generated/syscalls_subdirs.trigger
[3/220] Generating misc/generated/syscalls.json, misc/generated/struct_tags.json
[4/220] Generating include/generated/device-api-sections.ld, include/generated/device-api-sections.cmake
[5/220] Generating include/generated/zephyr/syscall_dispatch.c, include/generated/zephyr/syscall_exports_llext.c, syscall_weakdefs_llext.c, include/generated/zephyr/syscall_list.h
[6/220] Generating include/generated/zephyr/driver-validation.h
[7/220] Generating include/generated/zephyr/kobj-types-enum.h, include/generated/zephyr/otype-to-str.h, include/generated/zephyr/otype-to-size.h
[8/220] Building ASM object CMakeFiles/modelblaster_mlp_control_test_io_obj.dir/scratch/dima/rose-infra/RoSE/soc/sw/xpu-rt/zephyr-chipyard-sw/modelblaster/examples/mlp_control_armB/fp32/generated/gemmini_q31/test_io.S.obj
[9/220] Building ASM object CMakeFiles/modelblaster_dronet_test_io_obj.dir/scratch/dima/rose-infra/RoSE/soc/sw/xpu-rt/zephyr-chipyard-sw/modelblaster/examples/dronet_armB/int8/generated/gemmini_q31/test_io.S.obj
[10/220] Building ASM object CMakeFiles/modelblaster_yolov8_nano_test_io_obj.dir/scratch/dima/rose-infra/RoSE/soc/sw/xpu-rt/zephyr-chipyard-sw/modelblaster/examples/yolov8_nano_armB/int8/generated/gemmini_q31/test_io.S.obj
[11/220] Building C object CMakeFiles/modelblaster_mlp_control_buffers_obj.dir/scratch/dima/rose-infra/RoSE/soc/sw/xpu-rt/zephyr-chipyard-sw/modelblaster/examples/mlp_control_armB/fp32/generated/gemmini_q31/buffers.c.obj
[12/220] Building C object CMakeFiles/modelblaster_dronet_buffers_obj.dir/scratch/dima/rose-infra/RoSE/soc/sw/xpu-rt/zephyr-chipyard-sw/modelblaster/examples/dronet_armB/int8/generated/gemmini_q31/buffers.c.obj
[13/220] Building C object CMakeFiles/modelblaster_yolov8_nano_buffers_obj.dir/scratch/dima/rose-infra/RoSE/soc/sw/xpu-rt/zephyr-chipyard-sw/modelblaster/examples/yolov8_nano_armB/int8/generated/gemmini_q31/buffers.c.obj
[14/220] Building C object CMakeFiles/modelblaster_mlp_control_gemmini_q31_objs.dir/scratch/dima/rose-infra/RoSE/soc/sw/xpu-rt/zephyr-chipyard-sw/modelblaster/examples/mlp_control_armB/fp32/generated/gemmini_q31/kernels.c.obj
[15/220] Building C object zephyr/CMakeFiles/offsets.dir/arch/riscv/core/offsets/offsets.c.obj
[16/220] Building C object CMakeFiles/modelblaster_mlp_control_gemmini_q31_objs.dir/scratch/dima/rose-infra/RoSE/soc/sw/xpu-rt/zephyr-chipyard-sw/modelblaster/examples/mlp_control_armB/fp32/generated/gemmini_q31/model.c.obj
[17/220] Building C object CMakeFiles/modelblaster_mlp_control_gemmini_q31_weights_obj.dir/scratch/dima/rose-infra/RoSE/soc/sw/xpu-rt/zephyr-chipyard-sw/modelblaster/examples/mlp_control_armB/fp32/generated/gemmini_q31/weights.c.obj
[18/220] Building C object modelblaster_pool_build/CMakeFiles/modelblaster_pool.dir/modelblaster_pool.c.obj
In file included from /scratch/dima/rose-infra/RoSE/soc/sw/xpu-rt/zephyr-chipyard-sw/zephyr_ws/zephyr/include/zephyr/posix/sys/sysconf.h:11,
                 from /scratch/dima/rose-infra/RoSE/soc/sw/xpu-rt/zephyr-chipyard-sw/zephyr_ws/zephyr/include/zephyr/posix/unistd.h:18,
                 from /scratch/dima/rose-infra/RoSE/soc/sw/xpu-rt/zephyr-chipyard-sw/zephyr_ws/zephyr/include/zephyr/posix/pthread.h:15,
                 from /scratch/dima/rose-infra/RoSE/soc/sw/xpu-rt/zephyr-chipyard-sw/modelblaster/runtime/modelblaster_pool/modelblaster_pool.c:30:
/scratch/dima/rose-infra/RoSE/soc/sw/xpu-rt/zephyr-chipyard-sw/zephyr_ws/zephyr/include/zephyr/posix/posix_limits.h:23:9: warning: "_POSIX_AIO_LISTIO_MAX" redefined
   23 | #define _POSIX_AIO_LISTIO_MAX               (2)
      |         ^~~~~~~~~~~~~~~~~~~~~
In file included from /scratch/dima/rose-infra/RoSE/soc/sw/xpu-rt/zephyr-chipyard-sw/tools-manual/zephyr-sdk-1.0.0-beta1/gnu/riscv64-zephyr-elf/riscv64-zephyr-elf/sys-include/limits.h:6,
                 from /scratch/dima/rose-infra/RoSE/soc/sw/xpu-rt/zephyr-chipyard-sw/tools-manual/zephyr-sdk-1.0.0-beta1/gnu/riscv64-zephyr-elf/lib/gcc/riscv64-zephyr-elf/14.3.0/include/limits.h:210,
                 from /scratch/dima/rose-infra/RoSE/soc/sw/xpu-rt/zephyr-chipyard-sw/tools-manual/zephyr-sdk-1.0.0-beta1/gnu/riscv64-zephyr-elf/lib/gcc/riscv64-zephyr-elf/14.3.0/include/syslimits.h:7,
                 from /scratch/dima/rose-infra/RoSE/soc/sw/xpu-rt/zephyr-chipyard-sw/tools-manual/zephyr-sdk-1.0.0-beta1/gnu/riscv64-zephyr-elf/lib/gcc/riscv64-zephyr-elf/14.3.0/include/limits.h:34,
                 from /scratch/dima/rose-infra/RoSE/soc/sw/xpu-rt/zephyr-chipyard-sw/zephyr_ws/zephyr/include/zephyr/kernel_includes.h:22,
                 from /scratch/dima/rose-infra/RoSE/soc/sw/xpu-rt/zephyr-chipyard-sw/zephyr_ws/zephyr/include/zephyr/kernel.h:17,
                 from /scratch/dima/rose-infra/RoSE/soc/sw/xpu-rt/zephyr-chipyard-sw/zephyr_ws/zephyr/include/zephyr/posix/pthread.h:14:
/scratch/dima/rose-infra/RoSE/soc/sw/xpu-rt/zephyr-chipyard-sw/tools-manual/zephyr-sdk-1.0.0-beta1/gnu/riscv64-zephyr-elf/riscv64-zephyr-elf/sys-include/sys/syslimits.h:63:9: note: this is the location of the previous definition
   63 | #define _POSIX_AIO_LISTIO_MAX   2
      |         ^~~~~~~~~~~~~~~~~~~~~
/scratch/dima/rose-infra/RoSE/soc/sw/xpu-rt/zephyr-chipyard-sw/zephyr_ws/zephyr/include/zephyr/posix/posix_limits.h:24:9: warning: "_POSIX_AIO_MAX" redefined
   24 | #define _POSIX_AIO_MAX                      (1)
      |         ^~~~~~~~~~~~~~
/scratch/dima/rose-infra/RoSE/soc/sw/xpu-rt/zephyr-chipyard-sw/tools-manual/zephyr-sdk-1.0.0-beta1/gnu/riscv64-zephyr-elf/riscv64-zephyr-elf/sys-include/sys/syslimits.h:64:9: note: this is the location of the previous definition
   64 | #define _POSIX_AIO_MAX          1
      |         ^~~~~~~~~~~~~~
/scratch/dima/rose-infra/RoSE/soc/sw/xpu-rt/zephyr-chipyard-sw/zephyr_ws/zephyr/include/zephyr/posix/posix_limits.h:25:9: warning: "_POSIX_ARG_MAX" redefined
   25 | #define _POSIX_ARG_MAX                      (4096)
      |         ^~~~~~~~~~~~~~
/scratch/dima/rose-infra/RoSE/soc/sw/xpu-rt/zephyr-chipyard-sw/tools-manual/zephyr-sdk-1.0.0-beta1/gnu/riscv64-zephyr-elf/riscv64-zephyr-elf/sys-include/sys/syslimits.h:65:9: note: this is the location of the previous definition
   65 | #define _POSIX_ARG_MAX          4096
      |         ^~~~~~~~~~~~~~
/scratch/dima/rose-infra/RoSE/soc/sw/xpu-rt/zephyr-chipyard-sw/zephyr_ws/zephyr/include/zephyr/posix/posix_limits.h:26:9: warning: "_POSIX_CHILD_MAX" redefined
   26 | #define _POSIX_CHILD_MAX                    (25)
      |         ^~~~~~~~~~~~~~~~
/scratch/dima/rose-infra/RoSE/soc/sw/xpu-rt/zephyr-chipyard-sw/tools-manual/zephyr-sdk-1.0.0-beta1/gnu/riscv64-zephyr-elf/riscv64-zephyr-elf/sys-include/sys/syslimits.h:66:9: note: this is the location of the previous definition
   66 | #define _POSIX_CHILD_MAX        6
      |         ^~~~~~~~~~~~~~~~
/scratch/dima/rose-infra/RoSE/soc/sw/xpu-rt/zephyr-chipyard-sw/zephyr_ws/zephyr/include/zephyr/posix/posix_limits.h:27:9: warning: "_POSIX_DELAYTIMER_MAX" redefined
   27 | #define _POSIX_DELAYTIMER_MAX               (32)
      |         ^~~~~~~~~~~~~~~~~~~~~
/scratch/dima/rose-infra/RoSE/soc/sw/xpu-rt/zephyr-chipyard-sw/tools-manual/zephyr-sdk-1.0.0-beta1/gnu/riscv64-zephyr-elf/riscv64-zephyr-elf/sys-include/sys/syslimits.h:67:9: note: this is the location of the previous definition
   67 | #define _POSIX_DELAYTIMER_MAX   32
      |         ^~~~~~~~~~~~~~~~~~~~~
/scratch/dima/rose-infra/RoSE/soc/sw/xpu-rt/zephyr-chipyard-sw/zephyr_ws/zephyr/include/zephyr/posix/posix_limits.h:28:9: warning: "_POSIX_HOST_NAME_MAX" redefined
   28 | #define _POSIX_HOST_NAME_MAX                (255)
      |         ^~~~~~~~~~~~~~~~~~~~
/scratch/dima/rose-infra/RoSE/soc/sw/xpu-rt/zephyr-chipyard-sw/tools-manual/zephyr-sdk-1.0.0-beta1/gnu/riscv64-zephyr-elf/riscv64-zephyr-elf/sys-include/sys/syslimits.h:68:9: note: this is the location of the previous definition
   68 | #define _POSIX_HOST_NAME_MAX    255
      |         ^~~~~~~~~~~~~~~~~~~~
/scratch/dima/rose-infra/RoSE/soc/sw/xpu-rt/zephyr-chipyard-sw/zephyr_ws/zephyr/include/zephyr/posix/posix_limits.h:29:9: warning: "_POSIX_LINK_MAX" redefined
   29 | #define _POSIX_LINK_MAX                     (8)
      |         ^~~~~~~~~~~~~~~
/scratch/dima/rose-infra/RoSE/soc/sw/xpu-rt/zephyr-chipyard-sw/tools-manual/zephyr-sdk-1.0.0-beta1/gnu/riscv64-zephyr-elf/riscv64-zephyr-elf/sys-include/sys/syslimits.h:69:9: note: this is the location of the previous definition
   69 | #define _POSIX_LINK_MAX         8
      |         ^~~~~~~~~~~~~~~
/scratch/dima/rose-infra/RoSE/soc/sw/xpu-rt/zephyr-chipyard-sw/zephyr_ws/zephyr/include/zephyr/posix/posix_limits.h:30:9: warning: "_POSIX_LOGIN_NAME_MAX" redefined
   30 | #define _POSIX_LOGIN_NAME_MAX               (9)
      |         ^~~~~~~~~~~~~~~~~~~~~
/scratch/dima/rose-infra/RoSE/soc/sw/xpu-rt/zephyr-chipyard-sw/tools-manual/zephyr-sdk-1.0.0-beta1/gnu/riscv64-zephyr-elf/riscv64-zephyr-elf/sys-include/sys/syslimits.h:70:9: note: this is the location of the previous definition
   70 | #define _POSIX_LOGIN_NAME_MAX   9
      |         ^~~~~~~~~~~~~~~~~~~~~
/scratch/dima/rose-infra/RoSE/soc/sw/xpu-rt/zephyr-chipyard-sw/zephyr_ws/zephyr/include/zephyr/posix/posix_limits.h:31:9: warning: "_POSIX_MAX_CANON" redefined
   31 | #define _POSIX_MAX_CANON                    (255)
      |         ^~~~~~~~~~~~~~~~
/scratch/dima/rose-infra/RoSE/soc/sw/xpu-rt/zephyr-chipyard-sw/tools-manual/zephyr-sdk-1.0.0-beta1/gnu/riscv64-zephyr-elf/riscv64-zephyr-elf/sys-include/sys/syslimits.h:71:9: note: this is the location of the previous definition
   71 | #define _POSIX_MAX_CANON        255
      |         ^~~~~~~~~~~~~~~~
/scratch/dima/rose-infra/RoSE/soc/sw/xpu-rt/zephyr-chipyard-sw/zephyr_ws/zephyr/include/zephyr/posix/posix_limits.h:32:9: warning: "_POSIX_MAX_INPUT" redefined
   32 | #define _POSIX_MAX_INPUT                    (255)
      |         ^~~~~~~~~~~~~~~~
/scratch/dima/rose-infra/RoSE/soc/sw/xpu-rt/zephyr-chipyard-sw/tools-manual/zephyr-sdk-1.0.0-beta1/gnu/riscv64-zephyr-elf/riscv64-zephyr-elf/sys-include/sys/syslimits.h:72:9: note: this is the location of the previous definition
   72 | #define _POSIX_MAX_INPUT        255
      |         ^~~~~~~~~~~~~~~~
/scratch/dima/rose-infra/RoSE/soc/sw/xpu-rt/zephyr-chipyard-sw/zephyr_ws/zephyr/include/zephyr/posix/posix_limits.h:33:9: warning: "_POSIX_MQ_OPEN_MAX" redefined
   33 | #define _POSIX_MQ_OPEN_MAX                  (8)
      |         ^~~~~~~~~~~~~~~~~~
/scratch/dima/rose-infra/RoSE/soc/sw/xpu-rt/zephyr-chipyard-sw/tools-manual/zephyr-sdk-1.0.0-beta1/gnu/riscv64-zephyr-elf/riscv64-zephyr-elf/sys-include/sys/syslimits.h:73:9: note: this is the location of the previous definition
   73 | #define _POSIX_MQ_OPEN_MAX      8
      |         ^~~~~~~~~~~~~~~~~~
/scratch/dima/rose-infra/RoSE/soc/sw/xpu-rt/zephyr-chipyard-sw/zephyr_ws/zephyr/include/zephyr/posix/posix_limits.h:34:9: warning: "_POSIX_MQ_PRIO_MAX" redefined
   34 | #define _POSIX_MQ_PRIO_MAX                  (32)
      |         ^~~~~~~~~~~~~~~~~~
/scratch/dima/rose-infra/RoSE/soc/sw/xpu-rt/zephyr-chipyard-sw/tools-manual/zephyr-sdk-1.0.0-beta1/gnu/riscv64-zephyr-elf/riscv64-zephyr-elf/sys-include/sys/syslimits.h:74:9: note: this is the location of the previous definition
   74 | #define _POSIX_MQ_PRIO_MAX      32
      |         ^~~~~~~~~~~~~~~~~~
/scratch/dima/rose-infra/RoSE/soc/sw/xpu-rt/zephyr-chipyard-sw/zephyr_ws/zephyr/include/zephyr/posix/posix_limits.h:35:9: warning: "_POSIX_NAME_MAX" redefined
   35 | #define _POSIX_NAME_MAX                     (14)
      |         ^~~~~~~~~~~~~~~
/scratch/dima/rose-infra/RoSE/soc/sw/xpu-rt/zephyr-chipyard-sw/tools-manual/zephyr-sdk-1.0.0-beta1/gnu/riscv64-zephyr-elf/riscv64-zephyr-elf/sys-include/sys/syslimits.h:75:9: note: this is the location of the previous definition
   75 | #define _POSIX_NAME_MAX         14
      |         ^~~~~~~~~~~~~~~
/scratch/dima/rose-infra/RoSE/soc/sw/xpu-rt/zephyr-chipyard-sw/zephyr_ws/zephyr/include/zephyr/posix/posix_limits.h:36:9: warning: "_POSIX_NGROUPS_MAX" redefined
   36 | #define _POSIX_NGROUPS_MAX                  (8)
      |         ^~~~~~~~~~~~~~~~~~
/scratch/dima/rose-infra/RoSE/soc/sw/xpu-rt/zephyr-chipyard-sw/tools-manual/zephyr-sdk-1.0.0-beta1/gnu/riscv64-zephyr-elf/riscv64-zephyr-elf/sys-include/sys/syslimits.h:76:9: note: this is the location of the previous definition
   76 | #define _POSIX_NGROUPS_MAX      0
      |         ^~~~~~~~~~~~~~~~~~
/scratch/dima/rose-infra/RoSE/soc/sw/xpu-rt/zephyr-chipyard-sw/zephyr_ws/zephyr/include/zephyr/posix/posix_limits.h:37:9: warning: "_POSIX_OPEN_MAX" redefined
   37 | #define _POSIX_OPEN_MAX                     (20)
      |         ^~~~~~~~~~~~~~~
/scratch/dima/rose-infra/RoSE/soc/sw/xpu-rt/zephyr-chipyard-sw/tools-manual/zephyr-sdk-1.0.0-beta1/gnu/riscv64-zephyr-elf/riscv64-zephyr-elf/sys-include/sys/syslimits.h:77:9: note: this is the location of the previous definition
   77 | #define _POSIX_OPEN_MAX         16
      |         ^~~~~~~~~~~~~~~
/scratch/dima/rose-infra/RoSE/soc/sw/xpu-rt/zephyr-chipyard-sw/zephyr_ws/zephyr/include/zephyr/posix/posix_limits.h:38:9: warning: "_POSIX_PATH_MAX" redefined
   38 | #define _POSIX_PATH_MAX                     (256)
      |         ^~~~~~~~~~~~~~~
/scratch/dima/rose-infra/RoSE/soc/sw/xpu-rt/zephyr-chipyard-sw/tools-manual/zephyr-sdk-1.0.0-beta1/gnu/riscv64-zephyr-elf/riscv64-zephyr-elf/sys-include/sys/syslimits.h:78:9: note: this is the location of the previous definition
   78 | #define _POSIX_PATH_MAX         255
      |         ^~~~~~~~~~~~~~~
/scratch/dima/rose-infra/RoSE/soc/sw/xpu-rt/zephyr-chipyard-sw/zephyr_ws/zephyr/include/zephyr/posix/posix_limits.h:39:9: warning: "_POSIX_PIPE_BUF" redefined
   39 | #define _POSIX_PIPE_BUF                     (512)
      |         ^~~~~~~~~~~~~~~
/scratch/dima/rose-infra/RoSE/soc/sw/xpu-rt/zephyr-chipyard-sw/tools-manual/zephyr-sdk-1.0.0-beta1/gnu/riscv64-zephyr-elf/riscv64-zephyr-elf/sys-include/sys/syslimits.h:79:9: note: this is the location of the previous definition
   79 | #define _POSIX_PIPE_BUF         512
      |         ^~~~~~~~~~~~~~~
/scratch/dima/rose-infra/RoSE/soc/sw/xpu-rt/zephyr-chipyard-sw/zephyr_ws/zephyr/include/zephyr/posix/posix_limits.h:40:9: warning: "_POSIX_RE_DUP_MAX" redefined
   40 | #define _POSIX_RE_DUP_MAX                   (255)
      |         ^~~~~~~~~~~~~~~~~
/scratch/dima/rose-infra/RoSE/soc/sw/xpu-rt/zephyr-chipyard-sw/tools-manual/zephyr-sdk-1.0.0-beta1/gnu/riscv64-zephyr-elf/riscv64-zephyr-elf/sys-include/sys/syslimits.h:80:9: note: this is the location of the previous definition
   80 | #define _POSIX_RE_DUP_MAX       255
      |         ^~~~~~~~~~~~~~~~~
/scratch/dima/rose-infra/RoSE/soc/sw/xpu-rt/zephyr-chipyard-sw/zephyr_ws/zephyr/include/zephyr/posix/posix_limits.h:41:9: warning: "_POSIX_RTSIG_MAX" redefined
   41 | #define _POSIX_RTSIG_MAX                    (8)
      |         ^~~~~~~~~~~~~~~~
/scratch/dima/rose-infra/RoSE/soc/sw/xpu-rt/zephyr-chipyard-sw/tools-manual/zephyr-sdk-1.0.0-beta1/gnu/riscv64-zephyr-elf/riscv64-zephyr-elf/sys-include/sys/syslimits.h:81:9: note: this is the location of the previous definition
   81 | #define _POSIX_RTSIG_MAX        8
      |         ^~~~~~~~~~~~~~~~
/scratch/dima/rose-infra/RoSE/soc/sw/xpu-rt/zephyr-chipyard-sw/zephyr_ws/zephyr/include/zephyr/posix/posix_limits.h:42:9: warning: "_POSIX_SEM_NSEMS_MAX" redefined
   42 | #define _POSIX_SEM_NSEMS_MAX                (256)
      |         ^~~~~~~~~~~~~~~~~~~~
/scratch/dima/rose-infra/RoSE/soc/sw/xpu-rt/zephyr-chipyard-sw/tools-manual/zephyr-sdk-1.0.0-beta1/gnu/riscv64-zephyr-elf/riscv64-zephyr-elf/sys-include/sys/syslimits.h:82:9: note: this is the location of the previous definition
   82 | #define _POSIX_SEM_NSEMS_MAX    256
      |         ^~~~~~~~~~~~~~~~~~~~
/scratch/dima/rose-infra/RoSE/soc/sw/xpu-rt/zephyr-chipyard-sw/zephyr_ws/zephyr/include/zephyr/posix/posix_limits.h:43:9: warning: "_POSIX_SEM_VALUE_MAX" redefined
   43 | #define _POSIX_SEM_VALUE_MAX                (32767)
      |         ^~~~~~~~~~~~~~~~~~~~
/scratch/dima/rose-infra/RoSE/soc/sw/xpu-rt/zephyr-chipyard-sw/tools-manual/zephyr-sdk-1.0.0-beta1/gnu/riscv64-zephyr-elf/riscv64-zephyr-elf/sys-include/sys/syslimits.h:83:9: note: this is the location of the previous definition
   83 | #define _POSIX_SEM_VALUE_MAX    32767
      |         ^~~~~~~~~~~~~~~~~~~~
/scratch/dima/rose-infra/RoSE/soc/sw/xpu-rt/zephyr-chipyard-sw/zephyr_ws/zephyr/include/zephyr/posix/posix_limits.h:44:9: warning: "_POSIX_SIGQUEUE_MAX" redefined
   44 | #define _POSIX_SIGQUEUE_MAX                 (32)
      |         ^~~~~~~~~~~~~~~~~~~
/scratch/dima/rose-infra/RoSE/soc/sw/xpu-rt/zephyr-chipyard-sw/tools-manual/zephyr-sdk-1.0.0-beta1/gnu/riscv64-zephyr-elf/riscv64-zephyr-elf/sys-include/sys/syslimits.h:84:9: note: this is the location of the previous definition
   84 | #define _POSIX_SIGQUEUE_MAX     32
      |         ^~~~~~~~~~~~~~~~~~~
/scratch/dima/rose-infra/RoSE/soc/sw/xpu-rt/zephyr-chipyard-sw/zephyr_ws/zephyr/include/zephyr/posix/posix_limits.h:45:9: warning: "_POSIX_SSIZE_MAX" redefined
   45 | #define _POSIX_SSIZE_MAX                    (32767)
      |         ^~~~~~~~~~~~~~~~
/scratch/dima/rose-infra/RoSE/soc/sw/xpu-rt/zephyr-chipyard-sw/tools-manual/zephyr-sdk-1.0.0-beta1/gnu/riscv64-zephyr-elf/riscv64-zephyr-elf/sys-include/sys/syslimits.h:85:9: note: this is the location of the previous definition
   85 | #define _POSIX_SSIZE_MAX        32767
      |         ^~~~~~~~~~~~~~~~
/scratch/dima/rose-infra/RoSE/soc/sw/xpu-rt/zephyr-chipyard-sw/zephyr_ws/zephyr/include/zephyr/posix/posix_limits.h:46:9: warning: "_POSIX_SS_REPL_MAX" redefined
   46 | #define _POSIX_SS_REPL_MAX                  (4)
      |         ^~~~~~~~~~~~~~~~~~
/scratch/dima/rose-infra/RoSE/soc/sw/xpu-rt/zephyr-chipyard-sw/tools-manual/zephyr-sdk-1.0.0-beta1/gnu/riscv64-zephyr-elf/riscv64-zephyr-elf/sys-include/sys/syslimits.h:86:9: note: this is the location of the previous definition
   86 | #define _POSIX_SS_REPL_MAX      4
      |         ^~~~~~~~~~~~~~~~~~
/scratch/dima/rose-infra/RoSE/soc/sw/xpu-rt/zephyr-chipyard-sw/zephyr_ws/zephyr/include/zephyr/posix/posix_limits.h:47:9: warning: "_POSIX_STREAM_MAX" redefined
   47 | #define _POSIX_STREAM_MAX                   (8)
      |         ^~~~~~~~~~~~~~~~~
/scratch/dima/rose-infra/RoSE/soc/sw/xpu-rt/zephyr-chipyard-sw/tools-manual/zephyr-sdk-1.0.0-beta1/gnu/riscv64-zephyr-elf/riscv64-zephyr-elf/sys-include/sys/syslimits.h:87:9: note: this is the location of the previous definition
   87 | #define _POSIX_STREAM_MAX       8
      |         ^~~~~~~~~~~~~~~~~
/scratch/dima/rose-infra/RoSE/soc/sw/xpu-rt/zephyr-chipyard-sw/zephyr_ws/zephyr/include/zephyr/posix/posix_limits.h:48:9: warning: "_POSIX_SYMLINK_MAX" redefined
   48 | #define _POSIX_SYMLINK_MAX                  (255)
      |         ^~~~~~~~~~~~~~~~~~
/scratch/dima/rose-infra/RoSE/soc/sw/xpu-rt/zephyr-chipyard-sw/tools-manual/zephyr-sdk-1.0.0-beta1/gnu/riscv64-zephyr-elf/riscv64-zephyr-elf/sys-include/sys/syslimits.h:88:9: note: this is the location of the previous definition
   88 | #define _POSIX_SYMLINK_MAX      255
      |         ^~~~~~~~~~~~~~~~~~
/scratch/dima/rose-infra/RoSE/soc/sw/xpu-rt/zephyr-chipyard-sw/zephyr_ws/zephyr/include/zephyr/posix/posix_limits.h:49:9: warning: "_POSIX_SYMLOOP_MAX" redefined
   49 | #define _POSIX_SYMLOOP_MAX                  (8)
      |         ^~~~~~~~~~~~~~~~~~
/scratch/dima/rose-infra/RoSE/soc/sw/xpu-rt/zephyr-chipyard-sw/tools-manual/zephyr-sdk-1.0.0-beta1/gnu/riscv64-zephyr-elf/riscv64-zephyr-elf/sys-include/sys/syslimits.h:89:9: note: this is the location of the previous definition
   89 | #define _POSIX_SYMLOOP_MAX      8
      |         ^~~~~~~~~~~~~~~~~~
/scratch/dima/rose-infra/RoSE/soc/sw/xpu-rt/zephyr-chipyard-sw/zephyr_ws/zephyr/include/zephyr/posix/posix_limits.h:50:9: warning: "_POSIX_THREAD_DESTRUCTOR_ITERATIONS" redefined
   50 | #define _POSIX_THREAD_DESTRUCTOR_ITERATIONS (4)
      |         ^~~~~~~~~~~~~~~~~~~~~~~~~~~~~~~~~~~
/scratch/dima/rose-infra/RoSE/soc/sw/xpu-rt/zephyr-chipyard-sw/tools-manual/zephyr-sdk-1.0.0-beta1/gnu/riscv64-zephyr-elf/riscv64-zephyr-elf/sys-include/sys/syslimits.h:90:9: note: this is the location of the previous definition
   90 | #define _POSIX_THREAD_DESTRUCTOR_ITERATIONS     4
      |         ^~~~~~~~~~~~~~~~~~~~~~~~~~~~~~~~~~~
/scratch/dima/rose-infra/RoSE/soc/sw/xpu-rt/zephyr-chipyard-sw/zephyr_ws/zephyr/include/zephyr/posix/posix_limits.h:51:9: warning: "_POSIX_THREAD_KEYS_MAX" redefined
   51 | #define _POSIX_THREAD_KEYS_MAX              (128)
      |         ^~~~~~~~~~~~~~~~~~~~~~
/scratch/dima/rose-infra/RoSE/soc/sw/xpu-rt/zephyr-chipyard-sw/tools-manual/zephyr-sdk-1.0.0-beta1/gnu/riscv64-zephyr-elf/riscv64-zephyr-elf/sys-include/sys/syslimits.h:91:9: note: this is the location of the previous definition
   91 | #define _POSIX_THREAD_KEYS_MAX  128
      |         ^~~~~~~~~~~~~~~~~~~~~~
/scratch/dima/rose-infra/RoSE/soc/sw/xpu-rt/zephyr-chipyard-sw/zephyr_ws/zephyr/include/zephyr/posix/posix_limits.h:52:9: warning: "_POSIX_THREAD_THREADS_MAX" redefined
   52 | #define _POSIX_THREAD_THREADS_MAX           (64)
      |         ^~~~~~~~~~~~~~~~~~~~~~~~~
/scratch/dima/rose-infra/RoSE/soc/sw/xpu-rt/zephyr-chipyard-sw/tools-manual/zephyr-sdk-1.0.0-beta1/gnu/riscv64-zephyr-elf/riscv64-zephyr-elf/sys-include/sys/syslimits.h:92:9: note: this is the location of the previous definition
   92 | #define _POSIX_THREAD_THREADS_MAX       64
      |         ^~~~~~~~~~~~~~~~~~~~~~~~~
/scratch/dima/rose-infra/RoSE/soc/sw/xpu-rt/zephyr-chipyard-sw/zephyr_ws/zephyr/include/zephyr/posix/posix_limits.h:53:9: warning: "_POSIX_TIMER_MAX" redefined
   53 | #define _POSIX_TIMER_MAX                    (32)
      |         ^~~~~~~~~~~~~~~~
/scratch/dima/rose-infra/RoSE/soc/sw/xpu-rt/zephyr-chipyard-sw/tools-manual/zephyr-sdk-1.0.0-beta1/gnu/riscv64-zephyr-elf/riscv64-zephyr-elf/sys-include/sys/syslimits.h:93:9: note: this is the location of the previous definition
   93 | #define _POSIX_TIMER_MAX        32
      |         ^~~~~~~~~~~~~~~~
/scratch/dima/rose-infra/RoSE/soc/sw/xpu-rt/zephyr-chipyard-sw/zephyr_ws/zephyr/include/zephyr/posix/posix_limits.h:54:9: warning: "_POSIX_TRACE_EVENT_NAME_MAX" redefined
   54 | #define _POSIX_TRACE_EVENT_NAME_MAX         (30)
      |         ^~~~~~~~~~~~~~~~~~~~~~~~~~~
/scratch/dima/rose-infra/RoSE/soc/sw/xpu-rt/zephyr-chipyard-sw/tools-manual/zephyr-sdk-1.0.0-beta1/gnu/riscv64-zephyr-elf/riscv64-zephyr-elf/sys-include/sys/syslimits.h:94:9: note: this is the location of the previous definition
   94 | #define _POSIX_TRACE_EVENT_NAME_MAX     30
      |         ^~~~~~~~~~~~~~~~~~~~~~~~~~~
/scratch/dima/rose-infra/RoSE/soc/sw/xpu-rt/zephyr-chipyard-sw/zephyr_ws/zephyr/include/zephyr/posix/posix_limits.h:55:9: warning: "_POSIX_TRACE_NAME_MAX" redefined
   55 | #define _POSIX_TRACE_NAME_MAX               (8)
      |         ^~~~~~~~~~~~~~~~~~~~~
/scratch/dima/rose-infra/RoSE/soc/sw/xpu-rt/zephyr-chipyard-sw/tools-manual/zephyr-sdk-1.0.0-beta1/gnu/riscv64-zephyr-elf/riscv64-zephyr-elf/sys-include/sys/syslimits.h:95:9: note: this is the location of the previous definition
   95 | #define _POSIX_TRACE_NAME_MAX   8
      |         ^~~~~~~~~~~~~~~~~~~~~
/scratch/dima/rose-infra/RoSE/soc/sw/xpu-rt/zephyr-chipyard-sw/zephyr_ws/zephyr/include/zephyr/posix/posix_limits.h:56:9: warning: "_POSIX_TRACE_SYS_MAX" redefined
   56 | #define _POSIX_TRACE_SYS_MAX                (8)
      |         ^~~~~~~~~~~~~~~~~~~~
/scratch/dima/rose-infra/RoSE/soc/sw/xpu-rt/zephyr-chipyard-sw/tools-manual/zephyr-sdk-1.0.0-beta1/gnu/riscv64-zephyr-elf/riscv64-zephyr-elf/sys-include/sys/syslimits.h:96:9: note: this is the location of the previous definition
   96 | #define _POSIX_TRACE_SYS_MAX    8
      |         ^~~~~~~~~~~~~~~~~~~~
/scratch/dima/rose-infra/RoSE/soc/sw/xpu-rt/zephyr-chipyard-sw/zephyr_ws/zephyr/include/zephyr/posix/posix_limits.h:57:9: warning: "_POSIX_TRACE_USER_EVENT_MAX" redefined
   57 | #define _POSIX_TRACE_USER_EVENT_MAX         (32)
      |         ^~~~~~~~~~~~~~~~~~~~~~~~~~~
/scratch/dima/rose-infra/RoSE/soc/sw/xpu-rt/zephyr-chipyard-sw/tools-manual/zephyr-sdk-1.0.0-beta1/gnu/riscv64-zephyr-elf/riscv64-zephyr-elf/sys-include/sys/syslimits.h:97:9: note: this is the location of the previous definition
   97 | #define _POSIX_TRACE_USER_EVENT_MAX     32
      |         ^~~~~~~~~~~~~~~~~~~~~~~~~~~
/scratch/dima/rose-infra/RoSE/soc/sw/xpu-rt/zephyr-chipyard-sw/zephyr_ws/zephyr/include/zephyr/posix/posix_limits.h:58:9: warning: "_POSIX_TTY_NAME_MAX" redefined
   58 | #define _POSIX_TTY_NAME_MAX                 (9)
      |         ^~~~~~~~~~~~~~~~~~~
/scratch/dima/rose-infra/RoSE/soc/sw/xpu-rt/zephyr-chipyard-sw/tools-manual/zephyr-sdk-1.0.0-beta1/gnu/riscv64-zephyr-elf/riscv64-zephyr-elf/sys-include/sys/syslimits.h:98:9: note: this is the location of the previous definition
   98 | #define _POSIX_TTY_NAME_MAX     9
      |         ^~~~~~~~~~~~~~~~~~~
/scratch/dima/rose-infra/RoSE/soc/sw/xpu-rt/zephyr-chipyard-sw/zephyr_ws/zephyr/include/zephyr/posix/posix_limits.h:59:9: warning: "_POSIX_TZNAME_MAX" redefined
   59 | #define _POSIX_TZNAME_MAX                   (6)
      |         ^~~~~~~~~~~~~~~~~
/scratch/dima/rose-infra/RoSE/soc/sw/xpu-rt/zephyr-chipyard-sw/tools-manual/zephyr-sdk-1.0.0-beta1/gnu/riscv64-zephyr-elf/riscv64-zephyr-elf/sys-include/sys/syslimits.h:99:9: note: this is the location of the previous definition
   99 | #define _POSIX_TZNAME_MAX       3
      |         ^~~~~~~~~~~~~~~~~
/scratch/dima/rose-infra/RoSE/soc/sw/xpu-rt/zephyr-chipyard-sw/zephyr_ws/zephyr/include/zephyr/posix/posix_limits.h:60:9: warning: "_POSIX2_BC_BASE_MAX" redefined
   60 | #define _POSIX2_BC_BASE_MAX                 (99)
      |         ^~~~~~~~~~~~~~~~~~~
/scratch/dima/rose-infra/RoSE/soc/sw/xpu-rt/zephyr-chipyard-sw/tools-manual/zephyr-sdk-1.0.0-beta1/gnu/riscv64-zephyr-elf/riscv64-zephyr-elf/sys-include/sys/syslimits.h:100:9: note: this is the location of the previous definition
  100 | #define _POSIX2_BC_BASE_MAX     99
      |         ^~~~~~~~~~~~~~~~~~~
/scratch/dima/rose-infra/RoSE/soc/sw/xpu-rt/zephyr-chipyard-sw/zephyr_ws/zephyr/include/zephyr/posix/posix_limits.h:61:9: warning: "_POSIX2_BC_DIM_MAX" redefined
   61 | #define _POSIX2_BC_DIM_MAX                  (2048)
      |         ^~~~~~~~~~~~~~~~~~
/scratch/dima/rose-infra/RoSE/soc/sw/xpu-rt/zephyr-chipyard-sw/tools-manual/zephyr-sdk-1.0.0-beta1/gnu/riscv64-zephyr-elf/riscv64-zephyr-elf/sys-include/sys/syslimits.h:101:9: note: this is the location of the previous definition
  101 | #define _POSIX2_BC_DIM_MAX      2048
      |         ^~~~~~~~~~~~~~~~~~
/scratch/dima/rose-infra/RoSE/soc/sw/xpu-rt/zephyr-chipyard-sw/zephyr_ws/zephyr/include/zephyr/posix/posix_limits.h:62:9: warning: "_POSIX2_BC_SCALE_MAX" redefined
   62 | #define _POSIX2_BC_SCALE_MAX                (99)
      |         ^~~~~~~~~~~~~~~~~~~~
/scratch/dima/rose-infra/RoSE/soc/sw/xpu-rt/zephyr-chipyard-sw/tools-manual/zephyr-sdk-1.0.0-beta1/gnu/riscv64-zephyr-elf/riscv64-zephyr-elf/sys-include/sys/syslimits.h:102:9: note: this is the location of the previous definition
  102 | #define _POSIX2_BC_SCALE_MAX    99
      |         ^~~~~~~~~~~~~~~~~~~~
/scratch/dima/rose-infra/RoSE/soc/sw/xpu-rt/zephyr-chipyard-sw/zephyr_ws/zephyr/include/zephyr/posix/posix_limits.h:63:9: warning: "_POSIX2_BC_STRING_MAX" redefined
   63 | #define _POSIX2_BC_STRING_MAX               (1000)
      |         ^~~~~~~~~~~~~~~~~~~~~
/scratch/dima/rose-infra/RoSE/soc/sw/xpu-rt/zephyr-chipyard-sw/tools-manual/zephyr-sdk-1.0.0-beta1/gnu/riscv64-zephyr-elf/riscv64-zephyr-elf/sys-include/sys/syslimits.h:103:9: note: this is the location of the previous definition
  103 | #define _POSIX2_BC_STRING_MAX   1000
      |         ^~~~~~~~~~~~~~~~~~~~~
/scratch/dima/rose-infra/RoSE/soc/sw/xpu-rt/zephyr-chipyard-sw/zephyr_ws/zephyr/include/zephyr/posix/posix_limits.h:64:9: warning: "_POSIX2_CHARCLASS_NAME_MAX" redefined
   64 | #define _POSIX2_CHARCLASS_NAME_MAX          (14)
      |         ^~~~~~~~~~~~~~~~~~~~~~~~~~
/scratch/dima/rose-infra/RoSE/soc/sw/xpu-rt/zephyr-chipyard-sw/tools-manual/zephyr-sdk-1.0.0-beta1/gnu/riscv64-zephyr-elf/riscv64-zephyr-elf/sys-include/sys/syslimits.h:104:9: note: this is the location of the previous definition
  104 | #define _POSIX2_CHARCLASS_NAME_MAX      14
      |         ^~~~~~~~~~~~~~~~~~~~~~~~~~
/scratch/dima/rose-infra/RoSE/soc/sw/xpu-rt/zephyr-chipyard-sw/zephyr_ws/zephyr/include/zephyr/posix/posix_limits.h:65:9: warning: "_POSIX2_COLL_WEIGHTS_MAX" redefined
   65 | #define _POSIX2_COLL_WEIGHTS_MAX            (2)
      |         ^~~~~~~~~~~~~~~~~~~~~~~~
/scratch/dima/rose-infra/RoSE/soc/sw/xpu-rt/zephyr-chipyard-sw/tools-manual/zephyr-sdk-1.0.0-beta1/gnu/riscv64-zephyr-elf/riscv64-zephyr-elf/sys-include/sys/syslimits.h:105:9: note: this is the location of the previous definition
  105 | #define _POSIX2_COLL_WEIGHTS_MAX        2
      |         ^~~~~~~~~~~~~~~~~~~~~~~~
/scratch/dima/rose-infra/RoSE/soc/sw/xpu-rt/zephyr-chipyard-sw/zephyr_ws/zephyr/include/zephyr/posix/posix_limits.h:66:9: warning: "_POSIX2_EXPR_NEST_MAX" redefined
   66 | #define _POSIX2_EXPR_NEST_MAX               (32)
      |         ^~~~~~~~~~~~~~~~~~~~~
/scratch/dima/rose-infra/RoSE/soc/sw/xpu-rt/zephyr-chipyard-sw/tools-manual/zephyr-sdk-1.0.0-beta1/gnu/riscv64-zephyr-elf/riscv64-zephyr-elf/sys-include/sys/syslimits.h:106:9: note: this is the location of the previous definition
  106 | #define _POSIX2_EXPR_NEST_MAX   32
      |         ^~~~~~~~~~~~~~~~~~~~~
/scratch/dima/rose-infra/RoSE/soc/sw/xpu-rt/zephyr-chipyard-sw/zephyr_ws/zephyr/include/zephyr/posix/posix_limits.h:67:9: warning: "_POSIX2_LINE_MAX" redefined
   67 | #define _POSIX2_LINE_MAX                    (2048)
      |         ^~~~~~~~~~~~~~~~
/scratch/dima/rose-infra/RoSE/soc/sw/xpu-rt/zephyr-chipyard-sw/tools-manual/zephyr-sdk-1.0.0-beta1/gnu/riscv64-zephyr-elf/riscv64-zephyr-elf/sys-include/sys/syslimits.h:107:9: note: this is the location of the previous definition
  107 | #define _POSIX2_LINE_MAX        2048
      |         ^~~~~~~~~~~~~~~~
/scratch/dima/rose-infra/RoSE/soc/sw/xpu-rt/zephyr-chipyard-sw/zephyr_ws/zephyr/include/zephyr/posix/posix_limits.h:83:9: warning: "ARG_MAX" redefined
   83 | #define ARG_MAX                       _POSIX_ARG_MAX
      |         ^~~~~~~
/scratch/dima/rose-infra/RoSE/soc/sw/xpu-rt/zephyr-chipyard-sw/tools-manual/zephyr-sdk-1.0.0-beta1/gnu/riscv64-zephyr-elf/riscv64-zephyr-elf/sys-include/sys/syslimits.h:41:9: note: this is the location of the previous definition
   41 | #define ARG_MAX                 65536   /* max bytes for an exec function */
      |         ^~~~~~~
/scratch/dima/rose-infra/RoSE/soc/sw/xpu-rt/zephyr-chipyard-sw/zephyr_ws/zephyr/include/zephyr/posix/posix_limits.h:84:9: warning: "ATEXIT_MAX" redefined
   84 | #define ATEXIT_MAX                    (32)
      |         ^~~~~~~~~~
/scratch/dima/rose-infra/RoSE/soc/sw/xpu-rt/zephyr-chipyard-sw/tools-manual/zephyr-sdk-1.0.0-beta1/gnu/riscv64-zephyr-elf/riscv64-zephyr-elf/sys-include/sys/syslimits.h:42:9: note: this is the location of the previous definition
   42 | #define ATEXIT_MAX                 32   /* max atexit functions */
      |         ^~~~~~~~~~
/scratch/dima/rose-infra/RoSE/soc/sw/xpu-rt/zephyr-chipyard-sw/zephyr_ws/zephyr/include/zephyr/posix/posix_limits.h:93:9: warning: "OPEN_MAX" redefined
   93 | #define OPEN_MAX                      CONFIG_POSIX_OPEN_MAX
      |         ^~~~~~~~
/scratch/dima/rose-infra/RoSE/soc/sw/xpu-rt/zephyr-chipyard-sw/tools-manual/zephyr-sdk-1.0.0-beta1/gnu/riscv64-zephyr-elf/riscv64-zephyr-elf/sys-include/sys/syslimits.h:45:9: note: this is the location of the previous definition
   45 | #define OPEN_MAX                   64   /* max open files per process */
      |         ^~~~~~~~
/scratch/dima/rose-infra/RoSE/soc/sw/xpu-rt/zephyr-chipyard-sw/zephyr_ws/zephyr/include/zephyr/posix/posix_limits.h:96:9: warning: "PATH_MAX" redefined
   96 | #define PATH_MAX                      _POSIX_PATH_MAX
      |         ^~~~~~~~
/scratch/dima/rose-infra/RoSE/soc/sw/xpu-rt/zephyr-chipyard-sw/tools-manual/zephyr-sdk-1.0.0-beta1/gnu/riscv64-zephyr-elf/riscv64-zephyr-elf/sys-include/sys/syslimits.h:53:9: note: this is the location of the previous definition
   53 | #define PATH_MAX                 1024   /* max bytes in pathname */
      |         ^~~~~~~~
/scratch/dima/rose-infra/RoSE/soc/sw/xpu-rt/zephyr-chipyard-sw/zephyr_ws/zephyr/include/zephyr/posix/posix_limits.h:114:9: warning: "TZNAME_MAX" redefined
  114 | #define TZNAME_MAX                    _POSIX_TZNAME_MAX
      |         ^~~~~~~~~~
/scratch/dima/rose-infra/RoSE/soc/sw/xpu-rt/zephyr-chipyard-sw/tools-manual/zephyr-sdk-1.0.0-beta1/gnu/riscv64-zephyr-elf/riscv64-zephyr-elf/sys-include/sys/syslimits.h:46:9: note: this is the location of the previous definition
   46 | #define TZNAME_MAX                 10   /* max time zone name length */
      |         ^~~~~~~~~~
[19/220] Building C object CMakeFiles/modelblaster_mlp_control_rvv_weights_obj.dir/scratch/dima/rose-infra/RoSE/soc/sw/xpu-rt/zephyr-chipyard-sw/modelblaster/examples/mlp_control_armB/fp32/generated/rvv/weights.c.obj
[20/220] Building C object CMakeFiles/modelblaster_mlp_control_rvv_objs.dir/scratch/dima/rose-infra/RoSE/soc/sw/xpu-rt/zephyr-chipyard-sw/modelblaster/examples/mlp_control_armB/fp32/generated/rvv/model.c.obj
[21/220] Generating include/generated/zephyr/offsets.h
[22/220] Building C object CMakeFiles/modelblaster_dronet_gemmini_q31_objs.dir/scratch/dima/rose-infra/RoSE/soc/sw/xpu-rt/zephyr-chipyard-sw/modelblaster/examples/dronet_armB/int8/generated/gemmini_q31/model.c.obj
[23/220] Building C object CMakeFiles/modelblaster_dronet_rvv_objs.dir/scratch/dima/rose-infra/RoSE/soc/sw/xpu-rt/zephyr-chipyard-sw/modelblaster/examples/dronet_armB/int8/generated/rvv/model.c.obj
[24/220] Generating include/generated/zephyr/version.h
-- Zephyr version: 4.2.99 (/scratch/dima/rose-infra/RoSE/soc/sw/xpu-rt/zephyr-chipyard-sw/zephyr_ws/zephyr), build: c93d5bdb6078
[25/220] Building C object CMakeFiles/modelblaster_mlp_control_rvv_objs.dir/scratch/dima/rose-infra/RoSE/soc/sw/xpu-rt/zephyr-chipyard-sw/modelblaster/examples/mlp_control_armB/fp32/generated/rvv/kernels.c.obj
[26/220] Building C object CMakeFiles/modelblaster_dronet_rvv_weights_obj.dir/scratch/dima/rose-infra/RoSE/soc/sw/xpu-rt/zephyr-chipyard-sw/modelblaster/examples/dronet_armB/int8/generated/rvv/weights.c.obj
[27/220] Building C object zephyr/CMakeFiles/zephyr.dir/lib/utils/last_section_id.c.obj
[28/220] Building ASM object zephyr/CMakeFiles/zephyr.dir/soc/common/riscv-privileged/vector.S.obj
[29/220] Building C object zephyr/CMakeFiles/zephyr.dir/lib/utils/dec.c.obj
[30/220] Building C object zephyr/CMakeFiles/zephyr.dir/lib/hash/hash_func32_murmur3.c.obj
[31/220] Building C object zephyr/CMakeFiles/zephyr.dir/misc/generated/configs.c.obj
[32/220] Building ASM object zephyr/CMakeFiles/zephyr.dir/soc/common/riscv-privileged/soc_irq.S.obj
[33/220] Building C object zephyr/CMakeFiles/zephyr.dir/soc/rocketchip/virt_riscv/common/tacit/tacit.c.obj
In file included from /scratch/dima/rose-infra/RoSE/soc/sw/xpu-rt/zephyr-chipyard-sw/zephyr_ws/zephyr/soc/rocketchip/virt_riscv/common/tacit/tacit.c:6:
/scratch/dima/rose-infra/RoSE/soc/sw/xpu-rt/zephyr-chipyard-sw/zephyr_ws/zephyr/soc/rocketchip/virt_riscv/common/tacit/tacit.h: In function 'l_trace_encoder_get':
/scratch/dima/rose-infra/RoSE/soc/sw/xpu-rt/zephyr-chipyard-sw/zephyr_ws/zephyr/soc/rocketchip/virt_riscv/common/tacit/tacit.h:50:10: warning: cast to pointer from integer of different size [-Wint-to-pointer-cast]
   50 |   return (LTraceEncoderType *)(L_TRACE_ENCODER_BASE_ADDRESS + hart_id * 0x1000);
      |          ^
/scratch/dima/rose-infra/RoSE/soc/sw/xpu-rt/zephyr-chipyard-sw/zephyr_ws/zephyr/soc/rocketchip/virt_riscv/common/tacit/tacit.h: In function 'l_trace_sink_dma_get':
/scratch/dima/rose-infra/RoSE/soc/sw/xpu-rt/zephyr-chipyard-sw/zephyr_ws/zephyr/soc/rocketchip/virt_riscv/common/tacit/tacit.h:54:10: warning: cast to pointer from integer of different size [-Wint-to-pointer-cast]
   54 |   return (LTraceSinkDmaType *)(L_TRACE_SINK_DMA_BASE_ADDRESS + hart_id * 0x1000);
      |          ^
[34/220] Building C object zephyr/CMakeFiles/zephyr.dir/lib/hash/hash_func32_djb2.c.obj
[35/220] Building C object CMakeFiles/app.dir/scratch/dima/rose-infra/RoSE/soc/sw/xpu-rt/zephyr-chipyard-sw/modelblaster/examples/xpurt_demo_armB/int8/generated/3net_hetero_greedy_periodic_main.c.obj
FAILED: CMakeFiles/app.dir/scratch/dima/rose-infra/RoSE/soc/sw/xpu-rt/zephyr-chipyard-sw/modelblaster/examples/xpurt_demo_armB/int8/generated/3net_hetero_greedy_periodic_main.c.obj 
ccache /scratch/dima/rose-infra/RoSE/soc/sw/xpu-rt/zephyr-chipyard-sw/tools-manual/zephyr-sdk-1.0.0-beta1/gnu/riscv64-zephyr-elf/bin/riscv64-zephyr-elf-gcc -DKERNEL -DK_HEAP_MEM_POOL_SIZE=8388608 -DMODELBLASTER_DISABLE_UNMANGLED=1 -DMODELBLASTER_POOL_THREADS=4 -DMODELBLASTER_XPURT_TRACE=1 -DPICOLIBC_DOUBLE_PRINTF_SCANF -D_POSIX_CLOCK_SELECTION=200809L -D_POSIX_CPUTIME=200809L -D_POSIX_C_SOURCE=200809L -D_POSIX_MONOTONIC_CLOCK=200809L -D_POSIX_MULTI_PROCESS=200809L -D_POSIX_REALTIME_SIGNALS=200809L -D_POSIX_THREADS=200809L -D_POSIX_THREAD_SAFE_FUNCTIONS=200809L -D_POSIX_TIMERS=200809L -D__LINUX_ERRNO_EXTENSIONS__ -D__ZEPHYR__=1 -I/scratch/dima/rose-infra/RoSE/soc/sw/xpu-rt/zephyr-chipyard-sw/modelblaster/examples/xpurt_demo_armB/int8/build/gemmini_q31_rvv_firesim/modelblaster_xpurt -I/scratch/dima/rose-infra/RoSE/soc/sw/xpu-rt/zephyr-chipyard-sw/modelblaster/examples/xpurt_demo_armB/int8/generated -I/scratch/dima/rose-infra/RoSE/soc/sw/xpu-rt/zephyr-chipyard-sw/modelblaster/examples/xpurt_demo_armB/int8/build/gemmini_q31_rvv_firesim/zephyr/include/generated/zephyr -I/scratch/dima/rose-infra/RoSE/soc/sw/xpu-rt/zephyr-chipyard-sw/zephyr_ws/zephyr/include -I/scratch/dima/rose-infra/RoSE/soc/sw/xpu-rt/zephyr-chipyard-sw/modelblaster/examples/xpurt_demo_armB/int8/build/gemmini_q31_rvv_firesim/zephyr/include/generated -I/scratch/dima/rose-infra/RoSE/soc/sw/xpu-rt/zephyr-chipyard-sw/zephyr_ws/zephyr/lib/libc/picolibc/include -I/scratch/dima/rose-infra/RoSE/soc/sw/xpu-rt/zephyr-chipyard-sw/zephyr_ws/zephyr/lib/posix/c_lib_ext/getopt -I/scratch/dima/rose-infra/RoSE/soc/sw/xpu-rt/zephyr-chipyard-sw/zephyr_ws/zephyr/include/zephyr/posix -I/scratch/dima/rose-infra/RoSE/soc/sw/xpu-rt/zephyr-chipyard-sw/zephyr_ws/zephyr/lib/midi2/. -I/scratch/dima/rose-infra/RoSE/soc/sw/xpu-rt/zephyr-chipyard-sw/zephyr_ws/zephyr/soc/common/riscv-privileged/. -I/scratch/dima/rose-infra/RoSE/soc/sw/xpu-rt/zephyr-chipyard-sw/zephyr_ws/zephyr/soc/rocketchip/virt_riscv/common/. -I/scratch/dima/rose-infra/RoSE/soc/sw/xpu-rt/zephyr-chipyard-sw/modelblaster/runtime/modelblaster_pool -isystem /scratch/dima/rose-infra/RoSE/soc/sw/xpu-rt/zephyr-chipyard-sw/zephyr_ws/zephyr/lib/libc/common/include -fno-strict-aliasing -O2 -imacros /scratch/dima/rose-infra/RoSE/soc/sw/xpu-rt/zephyr-chipyard-sw/modelblaster/examples/xpurt_demo_armB/int8/build/gemmini_q31_rvv_firesim/zephyr/include/generated/zephyr/autoconf.h -fno-common -g -gdwarf-4 -fdiagnostics-color=always -mabi=lp64d -march=rv64imafdc_zicsr_zifencei -mcmodel=medany -fno-tree-vectorize -fno-tree-loop-vectorize -fno-tree-slp-vectorize --sysroot=/scratch/dima/rose-infra/RoSE/soc/sw/xpu-rt/zephyr-chipyard-sw/tools-manual/zephyr-sdk-1.0.0-beta1/gnu/riscv64-zephyr-elf/riscv64-zephyr-elf -imacros /scratch/dima/rose-infra/RoSE/soc/sw/xpu-rt/zephyr-chipyard-sw/zephyr_ws/zephyr/include/zephyr/toolchain/zephyr_stdint.h -Wall -Wformat -Wformat-security -Wno-format-zero-length -Wdouble-promotion -Wno-pointer-sign -Wpointer-arith -Wexpansion-to-defined -Wno-unused-but-set-variable -Werror=implicit-int -fno-pic -fno-pie -fno-asynchronous-unwind-tables -ftls-model=local-exec -fno-reorder-functions --param=min-pagesize=0 -fno-defer-pop -fmacro-prefix-map=/scratch/dima/rose-infra/RoSE/soc/sw/xpu-rt/zephyr-chipyard-sw/modelblaster/harness_xpurt=CMAKE_SOURCE_DIR -fmacro-prefix-map=/scratch/dima/rose-infra/RoSE/soc/sw/xpu-rt/zephyr-chipyard-sw/zephyr_ws/zephyr=ZEPHYR_BASE -fmacro-prefix-map=/scratch/dima/rose-infra/RoSE/soc/sw/xpu-rt/zephyr-chipyard-sw/zephyr_ws=WEST_TOPDIR -ffunction-sections -fdata-sections -specs=picolibc.specs -std=gnu17 -MD -MT CMakeFiles/app.dir/scratch/dima/rose-infra/RoSE/soc/sw/xpu-rt/zephyr-chipyard-sw/modelblaster/examples/xpurt_demo_armB/int8/generated/3net_hetero_greedy_periodic_main.c.obj -MF CMakeFiles/app.dir/scratch/dima/rose-infra/RoSE/soc/sw/xpu-rt/zephyr-chipyard-sw/modelblaster/examples/xpurt_demo_armB/int8/generated/3net_hetero_greedy_periodic_main.c.obj.d -o CMakeFiles/app.dir/scratch/dima/rose-infra/RoSE/soc/sw/xpu-rt/zephyr-chipyard-sw/modelblaster/examples/xpurt_demo_armB/int8/generated/3net_hetero_greedy_periodic_main.c.obj -c /scratch/dima/rose-infra/RoSE/soc/sw/xpu-rt/zephyr-chipyard-sw/modelblaster/examples/xpurt_demo_armB/int8/generated/3net_hetero_greedy_periodic_main.c
/scratch/dima/rose-infra/RoSE/soc/sw/xpu-rt/zephyr-chipyard-sw/modelblaster/examples/xpurt_demo_armB/int8/generated/3net_hetero_greedy_periodic_main.c:44:9: warning: "MODELBLASTER_DISABLE_UNMANGLED" redefined
   44 | #define MODELBLASTER_DISABLE_UNMANGLED
      |         ^~~~~~~~~~~~~~~~~~~~~~~~~~~~~~
<command-line>: note: this is the location of the previous definition
In file included from /scratch/dima/rose-infra/RoSE/soc/sw/xpu-rt/zephyr-chipyard-sw/zephyr_ws/zephyr/include/zephyr/posix/sys/sysconf.h:11,
                 from /scratch/dima/rose-infra/RoSE/soc/sw/xpu-rt/zephyr-chipyard-sw/zephyr_ws/zephyr/include/zephyr/posix/unistd.h:18,
                 from /scratch/dima/rose-infra/RoSE/soc/sw/xpu-rt/zephyr-chipyard-sw/zephyr_ws/zephyr/include/zephyr/posix/pthread.h:15,
                 from /scratch/dima/rose-infra/RoSE/soc/sw/xpu-rt/zephyr-chipyard-sw/modelblaster/examples/xpurt_demo_armB/int8/generated/3net_hetero_greedy_periodic_main.c:50:
/scratch/dima/rose-infra/RoSE/soc/sw/xpu-rt/zephyr-chipyard-sw/zephyr_ws/zephyr/include/zephyr/posix/posix_limits.h:23:9: warning: "_POSIX_AIO_LISTIO_MAX" redefined
   23 | #define _POSIX_AIO_LISTIO_MAX               (2)
      |         ^~~~~~~~~~~~~~~~~~~~~
In file included from /scratch/dima/rose-infra/RoSE/soc/sw/xpu-rt/zephyr-chipyard-sw/tools-manual/zephyr-sdk-1.0.0-beta1/gnu/riscv64-zephyr-elf/riscv64-zephyr-elf/sys-include/limits.h:6,
                 from /scratch/dima/rose-infra/RoSE/soc/sw/xpu-rt/zephyr-chipyard-sw/tools-manual/zephyr-sdk-1.0.0-beta1/gnu/riscv64-zephyr-elf/lib/gcc/riscv64-zephyr-elf/14.3.0/include/limits.h:210,
                 from /scratch/dima/rose-infra/RoSE/soc/sw/xpu-rt/zephyr-chipyard-sw/tools-manual/zephyr-sdk-1.0.0-beta1/gnu/riscv64-zephyr-elf/lib/gcc/riscv64-zephyr-elf/14.3.0/include/syslimits.h:7,
                 from /scratch/dima/rose-infra/RoSE/soc/sw/xpu-rt/zephyr-chipyard-sw/tools-manual/zephyr-sdk-1.0.0-beta1/gnu/riscv64-zephyr-elf/lib/gcc/riscv64-zephyr-elf/14.3.0/include/limits.h:34,
                 from /scratch/dima/rose-infra/RoSE/soc/sw/xpu-rt/zephyr-chipyard-sw/zephyr_ws/zephyr/include/zephyr/kernel_includes.h:22,
                 from /scratch/dima/rose-infra/RoSE/soc/sw/xpu-rt/zephyr-chipyard-sw/zephyr_ws/zephyr/include/zephyr/kernel.h:17,
                 from /scratch/dima/rose-infra/RoSE/soc/sw/xpu-rt/zephyr-chipyard-sw/zephyr_ws/zephyr/include/zephyr/posix/pthread.h:14:
/scratch/dima/rose-infra/RoSE/soc/sw/xpu-rt/zephyr-chipyard-sw/tools-manual/zephyr-sdk-1.0.0-beta1/gnu/riscv64-zephyr-elf/riscv64-zephyr-elf/sys-include/sys/syslimits.h:63:9: note: this is the location of the previous definition
   63 | #define _POSIX_AIO_LISTIO_MAX   2
      |         ^~~~~~~~~~~~~~~~~~~~~
/scratch/dima/rose-infra/RoSE/soc/sw/xpu-rt/zephyr-chipyard-sw/zephyr_ws/zephyr/include/zephyr/posix/posix_limits.h:24:9: warning: "_POSIX_AIO_MAX" redefined
   24 | #define _POSIX_AIO_MAX                      (1)
      |         ^~~~~~~~~~~~~~
/scratch/dima/rose-infra/RoSE/soc/sw/xpu-rt/zephyr-chipyard-sw/tools-manual/zephyr-sdk-1.0.0-beta1/gnu/riscv64-zephyr-elf/riscv64-zephyr-elf/sys-include/sys/syslimits.h:64:9: note: this is the location of the previous definition
   64 | #define _POSIX_AIO_MAX          1
      |         ^~~~~~~~~~~~~~
/scratch/dima/rose-infra/RoSE/soc/sw/xpu-rt/zephyr-chipyard-sw/zephyr_ws/zephyr/include/zephyr/posix/posix_limits.h:25:9: warning: "_POSIX_ARG_MAX" redefined
   25 | #define _POSIX_ARG_MAX                      (4096)
      |         ^~~~~~~~~~~~~~
/scratch/dima/rose-infra/RoSE/soc/sw/xpu-rt/zephyr-chipyard-sw/tools-manual/zephyr-sdk-1.0.0-beta1/gnu/riscv64-zephyr-elf/riscv64-zephyr-elf/sys-include/sys/syslimits.h:65:9: note: this is the location of the previous definition
   65 | #define _POSIX_ARG_MAX          4096
      |         ^~~~~~~~~~~~~~
/scratch/dima/rose-infra/RoSE/soc/sw/xpu-rt/zephyr-chipyard-sw/zephyr_ws/zephyr/include/zephyr/posix/posix_limits.h:26:9: warning: "_POSIX_CHILD_MAX" redefined
   26 | #define _POSIX_CHILD_MAX                    (25)
      |         ^~~~~~~~~~~~~~~~
/scratch/dima/rose-infra/RoSE/soc/sw/xpu-rt/zephyr-chipyard-sw/tools-manual/zephyr-sdk-1.0.0-beta1/gnu/riscv64-zephyr-elf/riscv64-zephyr-elf/sys-include/sys/syslimits.h:66:9: note: this is the location of the previous definition
   66 | #define _POSIX_CHILD_MAX        6
      |         ^~~~~~~~~~~~~~~~
/scratch/dima/rose-infra/RoSE/soc/sw/xpu-rt/zephyr-chipyard-sw/zephyr_ws/zephyr/include/zephyr/posix/posix_limits.h:27:9: warning: "_POSIX_DELAYTIMER_MAX" redefined
   27 | #define _POSIX_DELAYTIMER_MAX               (32)
      |         ^~~~~~~~~~~~~~~~~~~~~
/scratch/dima/rose-infra/RoSE/soc/sw/xpu-rt/zephyr-chipyard-sw/tools-manual/zephyr-sdk-1.0.0-beta1/gnu/riscv64-zephyr-elf/riscv64-zephyr-elf/sys-include/sys/syslimits.h:67:9: note: this is the location of the previous definition
   67 | #define _POSIX_DELAYTIMER_MAX   32
      |         ^~~~~~~~~~~~~~~~~~~~~
/scratch/dima/rose-infra/RoSE/soc/sw/xpu-rt/zephyr-chipyard-sw/zephyr_ws/zephyr/include/zephyr/posix/posix_limits.h:28:9: warning: "_POSIX_HOST_NAME_MAX" redefined
   28 | #define _POSIX_HOST_NAME_MAX                (255)
      |         ^~~~~~~~~~~~~~~~~~~~
/scratch/dima/rose-infra/RoSE/soc/sw/xpu-rt/zephyr-chipyard-sw/tools-manual/zephyr-sdk-1.0.0-beta1/gnu/riscv64-zephyr-elf/riscv64-zephyr-elf/sys-include/sys/syslimits.h:68:9: note: this is the location of the previous definition
   68 | #define _POSIX_HOST_NAME_MAX    255
      |         ^~~~~~~~~~~~~~~~~~~~
/scratch/dima/rose-infra/RoSE/soc/sw/xpu-rt/zephyr-chipyard-sw/zephyr_ws/zephyr/include/zephyr/posix/posix_limits.h:29:9: warning: "_POSIX_LINK_MAX" redefined
   29 | #define _POSIX_LINK_MAX                     (8)
      |         ^~~~~~~~~~~~~~~
/scratch/dima/rose-infra/RoSE/soc/sw/xpu-rt/zephyr-chipyard-sw/tools-manual/zephyr-sdk-1.0.0-beta1/gnu/riscv64-zephyr-elf/riscv64-zephyr-elf/sys-include/sys/syslimits.h:69:9: note: this is the location of the previous definition
   69 | #define _POSIX_LINK_MAX         8
      |         ^~~~~~~~~~~~~~~
/scratch/dima/rose-infra/RoSE/soc/sw/xpu-rt/zephyr-chipyard-sw/zephyr_ws/zephyr/include/zephyr/posix/posix_limits.h:30:9: warning: "_POSIX_LOGIN_NAME_MAX" redefined
   30 | #define _POSIX_LOGIN_NAME_MAX               (9)
      |         ^~~~~~~~~~~~~~~~~~~~~
/scratch/dima/rose-infra/RoSE/soc/sw/xpu-rt/zephyr-chipyard-sw/tools-manual/zephyr-sdk-1.0.0-beta1/gnu/riscv64-zephyr-elf/riscv64-zephyr-elf/sys-include/sys/syslimits.h:70:9: note: this is the location of the previous definition
   70 | #define _POSIX_LOGIN_NAME_MAX   9
      |         ^~~~~~~~~~~~~~~~~~~~~
/scratch/dima/rose-infra/RoSE/soc/sw/xpu-rt/zephyr-chipyard-sw/zephyr_ws/zephyr/include/zephyr/posix/posix_limits.h:31:9: warning: "_POSIX_MAX_CANON" redefined
   31 | #define _POSIX_MAX_CANON                    (255)
      |         ^~~~~~~~~~~~~~~~
/scratch/dima/rose-infra/RoSE/soc/sw/xpu-rt/zephyr-chipyard-sw/tools-manual/zephyr-sdk-1.0.0-beta1/gnu/riscv64-zephyr-elf/riscv64-zephyr-elf/sys-include/sys/syslimits.h:71:9: note: this is the location of the previous definition
   71 | #define _POSIX_MAX_CANON        255
      |         ^~~~~~~~~~~~~~~~
/scratch/dima/rose-infra/RoSE/soc/sw/xpu-rt/zephyr-chipyard-sw/zephyr_ws/zephyr/include/zephyr/posix/posix_limits.h:32:9: warning: "_POSIX_MAX_INPUT" redefined
   32 | #define _POSIX_MAX_INPUT                    (255)
      |         ^~~~~~~~~~~~~~~~
/scratch/dima/rose-infra/RoSE/soc/sw/xpu-rt/zephyr-chipyard-sw/tools-manual/zephyr-sdk-1.0.0-beta1/gnu/riscv64-zephyr-elf/riscv64-zephyr-elf/sys-include/sys/syslimits.h:72:9: note: this is the location of the previous definition
   72 | #define _POSIX_MAX_INPUT        255
      |         ^~~~~~~~~~~~~~~~
/scratch/dima/rose-infra/RoSE/soc/sw/xpu-rt/zephyr-chipyard-sw/zephyr_ws/zephyr/include/zephyr/posix/posix_limits.h:33:9: warning: "_POSIX_MQ_OPEN_MAX" redefined
   33 | #define _POSIX_MQ_OPEN_MAX                  (8)
      |         ^~~~~~~~~~~~~~~~~~
/scratch/dima/rose-infra/RoSE/soc/sw/xpu-rt/zephyr-chipyard-sw/tools-manual/zephyr-sdk-1.0.0-beta1/gnu/riscv64-zephyr-elf/riscv64-zephyr-elf/sys-include/sys/syslimits.h:73:9: note: this is the location of the previous definition
   73 | #define _POSIX_MQ_OPEN_MAX      8
      |         ^~~~~~~~~~~~~~~~~~
/scratch/dima/rose-infra/RoSE/soc/sw/xpu-rt/zephyr-chipyard-sw/zephyr_ws/zephyr/include/zephyr/posix/posix_limits.h:34:9: warning: "_POSIX_MQ_PRIO_MAX" redefined
   34 | #define _POSIX_MQ_PRIO_MAX                  (32)
      |         ^~~~~~~~~~~~~~~~~~
/scratch/dima/rose-infra/RoSE/soc/sw/xpu-rt/zephyr-chipyard-sw/tools-manual/zephyr-sdk-1.0.0-beta1/gnu/riscv64-zephyr-elf/riscv64-zephyr-elf/sys-include/sys/syslimits.h:74:9: note: this is the location of the previous definition
   74 | #define _POSIX_MQ_PRIO_MAX      32
      |         ^~~~~~~~~~~~~~~~~~
/scratch/dima/rose-infra/RoSE/soc/sw/xpu-rt/zephyr-chipyard-sw/zephyr_ws/zephyr/include/zephyr/posix/posix_limits.h:35:9: warning: "_POSIX_NAME_MAX" redefined
   35 | #define _POSIX_NAME_MAX                     (14)
      |         ^~~~~~~~~~~~~~~
/scratch/dima/rose-infra/RoSE/soc/sw/xpu-rt/zephyr-chipyard-sw/tools-manual/zephyr-sdk-1.0.0-beta1/gnu/riscv64-zephyr-elf/riscv64-zephyr-elf/sys-include/sys/syslimits.h:75:9: note: this is the location of the previous definition
   75 | #define _POSIX_NAME_MAX         14
      |         ^~~~~~~~~~~~~~~
/scratch/dima/rose-infra/RoSE/soc/sw/xpu-rt/zephyr-chipyard-sw/zephyr_ws/zephyr/include/zephyr/posix/posix_limits.h:36:9: warning: "_POSIX_NGROUPS_MAX" redefined
   36 | #define _POSIX_NGROUPS_MAX                  (8)
      |         ^~~~~~~~~~~~~~~~~~
/scratch/dima/rose-infra/RoSE/soc/sw/xpu-rt/zephyr-chipyard-sw/tools-manual/zephyr-sdk-1.0.0-beta1/gnu/riscv64-zephyr-elf/riscv64-zephyr-elf/sys-include/sys/syslimits.h:76:9: note: this is the location of the previous definition
   76 | #define _POSIX_NGROUPS_MAX      0
      |         ^~~~~~~~~~~~~~~~~~
/scratch/dima/rose-infra/RoSE/soc/sw/xpu-rt/zephyr-chipyard-sw/zephyr_ws/zephyr/include/zephyr/posix/posix_limits.h:37:9: warning: "_POSIX_OPEN_MAX" redefined
   37 | #define _POSIX_OPEN_MAX                     (20)
      |         ^~~~~~~~~~~~~~~
/scratch/dima/rose-infra/RoSE/soc/sw/xpu-rt/zephyr-chipyard-sw/tools-manual/zephyr-sdk-1.0.0-beta1/gnu/riscv64-zephyr-elf/riscv64-zephyr-elf/sys-include/sys/syslimits.h:77:9: note: this is the location of the previous definition
   77 | #define _POSIX_OPEN_MAX         16
      |         ^~~~~~~~~~~~~~~
/scratch/dima/rose-infra/RoSE/soc/sw/xpu-rt/zephyr-chipyard-sw/zephyr_ws/zephyr/include/zephyr/posix/posix_limits.h:38:9: warning: "_POSIX_PATH_MAX" redefined
   38 | #define _POSIX_PATH_MAX                     (256)
      |         ^~~~~~~~~~~~~~~
/scratch/dima/rose-infra/RoSE/soc/sw/xpu-rt/zephyr-chipyard-sw/tools-manual/zephyr-sdk-1.0.0-beta1/gnu/riscv64-zephyr-elf/riscv64-zephyr-elf/sys-include/sys/syslimits.h:78:9: note: this is the location of the previous definition
   78 | #define _POSIX_PATH_MAX         255
      |         ^~~~~~~~~~~~~~~
/scratch/dima/rose-infra/RoSE/soc/sw/xpu-rt/zephyr-chipyard-sw/zephyr_ws/zephyr/include/zephyr/posix/posix_limits.h:39:9: warning: "_POSIX_PIPE_BUF" redefined
   39 | #define _POSIX_PIPE_BUF                     (512)
      |         ^~~~~~~~~~~~~~~
/scratch/dima/rose-infra/RoSE/soc/sw/xpu-rt/zephyr-chipyard-sw/tools-manual/zephyr-sdk-1.0.0-beta1/gnu/riscv64-zephyr-elf/riscv64-zephyr-elf/sys-include/sys/syslimits.h:79:9: note: this is the location of the previous definition
   79 | #define _POSIX_PIPE_BUF         512
      |         ^~~~~~~~~~~~~~~
/scratch/dima/rose-infra/RoSE/soc/sw/xpu-rt/zephyr-chipyard-sw/zephyr_ws/zephyr/include/zephyr/posix/posix_limits.h:40:9: warning: "_POSIX_RE_DUP_MAX" redefined
   40 | #define _POSIX_RE_DUP_MAX                   (255)
      |         ^~~~~~~~~~~~~~~~~
/scratch/dima/rose-infra/RoSE/soc/sw/xpu-rt/zephyr-chipyard-sw/tools-manual/zephyr-sdk-1.0.0-beta1/gnu/riscv64-zephyr-elf/riscv64-zephyr-elf/sys-include/sys/syslimits.h:80:9: note: this is the location of the previous definition
   80 | #define _POSIX_RE_DUP_MAX       255
      |         ^~~~~~~~~~~~~~~~~
/scratch/dima/rose-infra/RoSE/soc/sw/xpu-rt/zephyr-chipyard-sw/zephyr_ws/zephyr/include/zephyr/posix/posix_limits.h:41:9: warning: "_POSIX_RTSIG_MAX" redefined
   41 | #define _POSIX_RTSIG_MAX                    (8)
      |         ^~~~~~~~~~~~~~~~
/scratch/dima/rose-infra/RoSE/soc/sw/xpu-rt/zephyr-chipyard-sw/tools-manual/zephyr-sdk-1.0.0-beta1/gnu/riscv64-zephyr-elf/riscv64-zephyr-elf/sys-include/sys/syslimits.h:81:9: note: this is the location of the previous definition
   81 | #define _POSIX_RTSIG_MAX        8
      |         ^~~~~~~~~~~~~~~~
/scratch/dima/rose-infra/RoSE/soc/sw/xpu-rt/zephyr-chipyard-sw/zephyr_ws/zephyr/include/zephyr/posix/posix_limits.h:42:9: warning: "_POSIX_SEM_NSEMS_MAX" redefined
   42 | #define _POSIX_SEM_NSEMS_MAX                (256)
      |         ^~~~~~~~~~~~~~~~~~~~
/scratch/dima/rose-infra/RoSE/soc/sw/xpu-rt/zephyr-chipyard-sw/tools-manual/zephyr-sdk-1.0.0-beta1/gnu/riscv64-zephyr-elf/riscv64-zephyr-elf/sys-include/sys/syslimits.h:82:9: note: this is the location of the previous definition
   82 | #define _POSIX_SEM_NSEMS_MAX    256
      |         ^~~~~~~~~~~~~~~~~~~~
/scratch/dima/rose-infra/RoSE/soc/sw/xpu-rt/zephyr-chipyard-sw/zephyr_ws/zephyr/include/zephyr/posix/posix_limits.h:43:9: warning: "_POSIX_SEM_VALUE_MAX" redefined
   43 | #define _POSIX_SEM_VALUE_MAX                (32767)
      |         ^~~~~~~~~~~~~~~~~~~~
/scratch/dima/rose-infra/RoSE/soc/sw/xpu-rt/zephyr-chipyard-sw/tools-manual/zephyr-sdk-1.0.0-beta1/gnu/riscv64-zephyr-elf/riscv64-zephyr-elf/sys-include/sys/syslimits.h:83:9: note: this is the location of the previous definition
   83 | #define _POSIX_SEM_VALUE_MAX    32767
      |         ^~~~~~~~~~~~~~~~~~~~
/scratch/dima/rose-infra/RoSE/soc/sw/xpu-rt/zephyr-chipyard-sw/zephyr_ws/zephyr/include/zephyr/posix/posix_limits.h:44:9: warning: "_POSIX_SIGQUEUE_MAX" redefined
   44 | #define _POSIX_SIGQUEUE_MAX                 (32)
      |         ^~~~~~~~~~~~~~~~~~~
/scratch/dima/rose-infra/RoSE/soc/sw/xpu-rt/zephyr-chipyard-sw/tools-manual/zephyr-sdk-1.0.0-beta1/gnu/riscv64-zephyr-elf/riscv64-zephyr-elf/sys-include/sys/syslimits.h:84:9: note: this is the location of the previous definition
   84 | #define _POSIX_SIGQUEUE_MAX     32
      |         ^~~~~~~~~~~~~~~~~~~
/scratch/dima/rose-infra/RoSE/soc/sw/xpu-rt/zephyr-chipyard-sw/zephyr_ws/zephyr/include/zephyr/posix/posix_limits.h:45:9: warning: "_POSIX_SSIZE_MAX" redefined
   45 | #define _POSIX_SSIZE_MAX                    (32767)
      |         ^~~~~~~~~~~~~~~~
/scratch/dima/rose-infra/RoSE/soc/sw/xpu-rt/zephyr-chipyard-sw/tools-manual/zephyr-sdk-1.0.0-beta1/gnu/riscv64-zephyr-elf/riscv64-zephyr-elf/sys-include/sys/syslimits.h:85:9: note: this is the location of the previous definition
   85 | #define _POSIX_SSIZE_MAX        32767
      |         ^~~~~~~~~~~~~~~~
/scratch/dima/rose-infra/RoSE/soc/sw/xpu-rt/zephyr-chipyard-sw/zephyr_ws/zephyr/include/zephyr/posix/posix_limits.h:46:9: warning: "_POSIX_SS_REPL_MAX" redefined
   46 | #define _POSIX_SS_REPL_MAX                  (4)
      |         ^~~~~~~~~~~~~~~~~~
/scratch/dima/rose-infra/RoSE/soc/sw/xpu-rt/zephyr-chipyard-sw/tools-manual/zephyr-sdk-1.0.0-beta1/gnu/riscv64-zephyr-elf/riscv64-zephyr-elf/sys-include/sys/syslimits.h:86:9: note: this is the location of the previous definition
   86 | #define _POSIX_SS_REPL_MAX      4
      |         ^~~~~~~~~~~~~~~~~~
/scratch/dima/rose-infra/RoSE/soc/sw/xpu-rt/zephyr-chipyard-sw/zephyr_ws/zephyr/include/zephyr/posix/posix_limits.h:47:9: warning: "_POSIX_STREAM_MAX" redefined
   47 | #define _POSIX_STREAM_MAX                   (8)
      |         ^~~~~~~~~~~~~~~~~
/scratch/dima/rose-infra/RoSE/soc/sw/xpu-rt/zephyr-chipyard-sw/tools-manual/zephyr-sdk-1.0.0-beta1/gnu/riscv64-zephyr-elf/riscv64-zephyr-elf/sys-include/sys/syslimits.h:87:9: note: this is the location of the previous definition
   87 | #define _POSIX_STREAM_MAX       8
      |         ^~~~~~~~~~~~~~~~~
/scratch/dima/rose-infra/RoSE/soc/sw/xpu-rt/zephyr-chipyard-sw/zephyr_ws/zephyr/include/zephyr/posix/posix_limits.h:48:9: warning: "_POSIX_SYMLINK_MAX" redefined
   48 | #define _POSIX_SYMLINK_MAX                  (255)
      |         ^~~~~~~~~~~~~~~~~~
/scratch/dima/rose-infra/RoSE/soc/sw/xpu-rt/zephyr-chipyard-sw/tools-manual/zephyr-sdk-1.0.0-beta1/gnu/riscv64-zephyr-elf/riscv64-zephyr-elf/sys-include/sys/syslimits.h:88:9: note: this is the location of the previous definition
   88 | #define _POSIX_SYMLINK_MAX      255
      |         ^~~~~~~~~~~~~~~~~~
/scratch/dima/rose-infra/RoSE/soc/sw/xpu-rt/zephyr-chipyard-sw/zephyr_ws/zephyr/include/zephyr/posix/posix_limits.h:49:9: warning: "_POSIX_SYMLOOP_MAX" redefined
   49 | #define _POSIX_SYMLOOP_MAX                  (8)
      |         ^~~~~~~~~~~~~~~~~~
/scratch/dima/rose-infra/RoSE/soc/sw/xpu-rt/zephyr-chipyard-sw/tools-manual/zephyr-sdk-1.0.0-beta1/gnu/riscv64-zephyr-elf/riscv64-zephyr-elf/sys-include/sys/syslimits.h:89:9: note: this is the location of the previous definition
   89 | #define _POSIX_SYMLOOP_MAX      8
      |         ^~~~~~~~~~~~~~~~~~
/scratch/dima/rose-infra/RoSE/soc/sw/xpu-rt/zephyr-chipyard-sw/zephyr_ws/zephyr/include/zephyr/posix/posix_limits.h:50:9: warning: "_POSIX_THREAD_DESTRUCTOR_ITERATIONS" redefined
   50 | #define _POSIX_THREAD_DESTRUCTOR_ITERATIONS (4)
      |         ^~~~~~~~~~~~~~~~~~~~~~~~~~~~~~~~~~~
/scratch/dima/rose-infra/RoSE/soc/sw/xpu-rt/zephyr-chipyard-sw/tools-manual/zephyr-sdk-1.0.0-beta1/gnu/riscv64-zephyr-elf/riscv64-zephyr-elf/sys-include/sys/syslimits.h:90:9: note: this is the location of the previous definition
   90 | #define _POSIX_THREAD_DESTRUCTOR_ITERATIONS     4
      |         ^~~~~~~~~~~~~~~~~~~~~~~~~~~~~~~~~~~
/scratch/dima/rose-infra/RoSE/soc/sw/xpu-rt/zephyr-chipyard-sw/zephyr_ws/zephyr/include/zephyr/posix/posix_limits.h:51:9: warning: "_POSIX_THREAD_KEYS_MAX" redefined
   51 | #define _POSIX_THREAD_KEYS_MAX              (128)
      |         ^~~~~~~~~~~~~~~~~~~~~~
/scratch/dima/rose-infra/RoSE/soc/sw/xpu-rt/zephyr-chipyard-sw/tools-manual/zephyr-sdk-1.0.0-beta1/gnu/riscv64-zephyr-elf/riscv64-zephyr-elf/sys-include/sys/syslimits.h:91:9: note: this is the location of the previous definition
   91 | #define _POSIX_THREAD_KEYS_MAX  128
      |         ^~~~~~~~~~~~~~~~~~~~~~
/scratch/dima/rose-infra/RoSE/soc/sw/xpu-rt/zephyr-chipyard-sw/zephyr_ws/zephyr/include/zephyr/posix/posix_limits.h:52:9: warning: "_POSIX_THREAD_THREADS_MAX" redefined
   52 | #define _POSIX_THREAD_THREADS_MAX           (64)
      |         ^~~~~~~~~~~~~~~~~~~~~~~~~
/scratch/dima/rose-infra/RoSE/soc/sw/xpu-rt/zephyr-chipyard-sw/tools-manual/zephyr-sdk-1.0.0-beta1/gnu/riscv64-zephyr-elf/riscv64-zephyr-elf/sys-include/sys/syslimits.h:92:9: note: this is the location of the previous definition
   92 | #define _POSIX_THREAD_THREADS_MAX       64
      |         ^~~~~~~~~~~~~~~~~~~~~~~~~
/scratch/dima/rose-infra/RoSE/soc/sw/xpu-rt/zephyr-chipyard-sw/zephyr_ws/zephyr/include/zephyr/posix/posix_limits.h:53:9: warning: "_POSIX_TIMER_MAX" redefined
   53 | #define _POSIX_TIMER_MAX                    (32)
      |         ^~~~~~~~~~~~~~~~
/scratch/dima/rose-infra/RoSE/soc/sw/xpu-rt/zephyr-chipyard-sw/tools-manual/zephyr-sdk-1.0.0-beta1/gnu/riscv64-zephyr-elf/riscv64-zephyr-elf/sys-include/sys/syslimits.h:93:9: note: this is the location of the previous definition
   93 | #define _POSIX_TIMER_MAX        32
      |         ^~~~~~~~~~~~~~~~
/scratch/dima/rose-infra/RoSE/soc/sw/xpu-rt/zephyr-chipyard-sw/zephyr_ws/zephyr/include/zephyr/posix/posix_limits.h:54:9: warning: "_POSIX_TRACE_EVENT_NAME_MAX" redefined
   54 | #define _POSIX_TRACE_EVENT_NAME_MAX         (30)
      |         ^~~~~~~~~~~~~~~~~~~~~~~~~~~
/scratch/dima/rose-infra/RoSE/soc/sw/xpu-rt/zephyr-chipyard-sw/tools-manual/zephyr-sdk-1.0.0-beta1/gnu/riscv64-zephyr-elf/riscv64-zephyr-elf/sys-include/sys/syslimits.h:94:9: note: this is the location of the previous definition
   94 | #define _POSIX_TRACE_EVENT_NAME_MAX     30
      |         ^~~~~~~~~~~~~~~~~~~~~~~~~~~
/scratch/dima/rose-infra/RoSE/soc/sw/xpu-rt/zephyr-chipyard-sw/zephyr_ws/zephyr/include/zephyr/posix/posix_limits.h:55:9: warning: "_POSIX_TRACE_NAME_MAX" redefined
   55 | #define _POSIX_TRACE_NAME_MAX               (8)
      |         ^~~~~~~~~~~~~~~~~~~~~
/scratch/dima/rose-infra/RoSE/soc/sw/xpu-rt/zephyr-chipyard-sw/tools-manual/zephyr-sdk-1.0.0-beta1/gnu/riscv64-zephyr-elf/riscv64-zephyr-elf/sys-include/sys/syslimits.h:95:9: note: this is the location of the previous definition
   95 | #define _POSIX_TRACE_NAME_MAX   8
      |         ^~~~~~~~~~~~~~~~~~~~~
/scratch/dima/rose-infra/RoSE/soc/sw/xpu-rt/zephyr-chipyard-sw/zephyr_ws/zephyr/include/zephyr/posix/posix_limits.h:56:9: warning: "_POSIX_TRACE_SYS_MAX" redefined
   56 | #define _POSIX_TRACE_SYS_MAX                (8)
      |         ^~~~~~~~~~~~~~~~~~~~
/scratch/dima/rose-infra/RoSE/soc/sw/xpu-rt/zephyr-chipyard-sw/tools-manual/zephyr-sdk-1.0.0-beta1/gnu/riscv64-zephyr-elf/riscv64-zephyr-elf/sys-include/sys/syslimits.h:96:9: note: this is the location of the previous definition
   96 | #define _POSIX_TRACE_SYS_MAX    8
      |         ^~~~~~~~~~~~~~~~~~~~
/scratch/dima/rose-infra/RoSE/soc/sw/xpu-rt/zephyr-chipyard-sw/zephyr_ws/zephyr/include/zephyr/posix/posix_limits.h:57:9: warning: "_POSIX_TRACE_USER_EVENT_MAX" redefined
   57 | #define _POSIX_TRACE_USER_EVENT_MAX         (32)
      |         ^~~~~~~~~~~~~~~~~~~~~~~~~~~
/scratch/dima/rose-infra/RoSE/soc/sw/xpu-rt/zephyr-chipyard-sw/tools-manual/zephyr-sdk-1.0.0-beta1/gnu/riscv64-zephyr-elf/riscv64-zephyr-elf/sys-include/sys/syslimits.h:97:9: note: this is the location of the previous definition
   97 | #define _POSIX_TRACE_USER_EVENT_MAX     32
      |         ^~~~~~~~~~~~~~~~~~~~~~~~~~~
/scratch/dima/rose-infra/RoSE/soc/sw/xpu-rt/zephyr-chipyard-sw/zephyr_ws/zephyr/include/zephyr/posix/posix_limits.h:58:9: warning: "_POSIX_TTY_NAME_MAX" redefined
   58 | #define _POSIX_TTY_NAME_MAX                 (9)
      |         ^~~~~~~~~~~~~~~~~~~
/scratch/dima/rose-infra/RoSE/soc/sw/xpu-rt/zephyr-chipyard-sw/tools-manual/zephyr-sdk-1.0.0-beta1/gnu/riscv64-zephyr-elf/riscv64-zephyr-elf/sys-include/sys/syslimits.h:98:9: note: this is the location of the previous definition
   98 | #define _POSIX_TTY_NAME_MAX     9
      |         ^~~~~~~~~~~~~~~~~~~
/scratch/dima/rose-infra/RoSE/soc/sw/xpu-rt/zephyr-chipyard-sw/zephyr_ws/zephyr/include/zephyr/posix/posix_limits.h:59:9: warning: "_POSIX_TZNAME_MAX" redefined
   59 | #define _POSIX_TZNAME_MAX                   (6)
      |         ^~~~~~~~~~~~~~~~~
/scratch/dima/rose-infra/RoSE/soc/sw/xpu-rt/zephyr-chipyard-sw/tools-manual/zephyr-sdk-1.0.0-beta1/gnu/riscv64-zephyr-elf/riscv64-zephyr-elf/sys-include/sys/syslimits.h:99:9: note: this is the location of the previous definition
   99 | #define _POSIX_TZNAME_MAX       3
      |         ^~~~~~~~~~~~~~~~~
/scratch/dima/rose-infra/RoSE/soc/sw/xpu-rt/zephyr-chipyard-sw/zephyr_ws/zephyr/include/zephyr/posix/posix_limits.h:60:9: warning: "_POSIX2_BC_BASE_MAX" redefined
   60 | #define _POSIX2_BC_BASE_MAX                 (99)
      |         ^~~~~~~~~~~~~~~~~~~
/scratch/dima/rose-infra/RoSE/soc/sw/xpu-rt/zephyr-chipyard-sw/tools-manual/zephyr-sdk-1.0.0-beta1/gnu/riscv64-zephyr-elf/riscv64-zephyr-elf/sys-include/sys/syslimits.h:100:9: note: this is the location of the previous definition
  100 | #define _POSIX2_BC_BASE_MAX     99
      |         ^~~~~~~~~~~~~~~~~~~
/scratch/dima/rose-infra/RoSE/soc/sw/xpu-rt/zephyr-chipyard-sw/zephyr_ws/zephyr/include/zephyr/posix/posix_limits.h:61:9: warning: "_POSIX2_BC_DIM_MAX" redefined
   61 | #define _POSIX2_BC_DIM_MAX                  (2048)
      |         ^~~~~~~~~~~~~~~~~~
/scratch/dima/rose-infra/RoSE/soc/sw/xpu-rt/zephyr-chipyard-sw/tools-manual/zephyr-sdk-1.0.0-beta1/gnu/riscv64-zephyr-elf/riscv64-zephyr-elf/sys-include/sys/syslimits.h:101:9: note: this is the location of the previous definition
  101 | #define _POSIX2_BC_DIM_MAX      2048
      |         ^~~~~~~~~~~~~~~~~~
/scratch/dima/rose-infra/RoSE/soc/sw/xpu-rt/zephyr-chipyard-sw/zephyr_ws/zephyr/include/zephyr/posix/posix_limits.h:62:9: warning: "_POSIX2_BC_SCALE_MAX" redefined
   62 | #define _POSIX2_BC_SCALE_MAX                (99)
      |         ^~~~~~~~~~~~~~~~~~~~
/scratch/dima/rose-infra/RoSE/soc/sw/xpu-rt/zephyr-chipyard-sw/tools-manual/zephyr-sdk-1.0.0-beta1/gnu/riscv64-zephyr-elf/riscv64-zephyr-elf/sys-include/sys/syslimits.h:102:9: note: this is the location of the previous definition
  102 | #define _POSIX2_BC_SCALE_MAX    99
      |         ^~~~~~~~~~~~~~~~~~~~
/scratch/dima/rose-infra/RoSE/soc/sw/xpu-rt/zephyr-chipyard-sw/zephyr_ws/zephyr/include/zephyr/posix/posix_limits.h:63:9: warning: "_POSIX2_BC_STRING_MAX" redefined
   63 | #define _POSIX2_BC_STRING_MAX               (1000)
      |         ^~~~~~~~~~~~~~~~~~~~~
/scratch/dima/rose-infra/RoSE/soc/sw/xpu-rt/zephyr-chipyard-sw/tools-manual/zephyr-sdk-1.0.0-beta1/gnu/riscv64-zephyr-elf/riscv64-zephyr-elf/sys-include/sys/syslimits.h:103:9: note: this is the location of the previous definition
  103 | #define _POSIX2_BC_STRING_MAX   1000
      |         ^~~~~~~~~~~~~~~~~~~~~
/scratch/dima/rose-infra/RoSE/soc/sw/xpu-rt/zephyr-chipyard-sw/zephyr_ws/zephyr/include/zephyr/posix/posix_limits.h:64:9: warning: "_POSIX2_CHARCLASS_NAME_MAX" redefined
   64 | #define _POSIX2_CHARCLASS_NAME_MAX          (14)
      |         ^~~~~~~~~~~~~~~~~~~~~~~~~~
/scratch/dima/rose-infra/RoSE/soc/sw/xpu-rt/zephyr-chipyard-sw/tools-manual/zephyr-sdk-1.0.0-beta1/gnu/riscv64-zephyr-elf/riscv64-zephyr-elf/sys-include/sys/syslimits.h:104:9: note: this is the location of the previous definition
  104 | #define _POSIX2_CHARCLASS_NAME_MAX      14
      |         ^~~~~~~~~~~~~~~~~~~~~~~~~~
/scratch/dima/rose-infra/RoSE/soc/sw/xpu-rt/zephyr-chipyard-sw/zephyr_ws/zephyr/include/zephyr/posix/posix_limits.h:65:9: warning: "_POSIX2_COLL_WEIGHTS_MAX" redefined
   65 | #define _POSIX2_COLL_WEIGHTS_MAX            (2)
      |         ^~~~~~~~~~~~~~~~~~~~~~~~
/scratch/dima/rose-infra/RoSE/soc/sw/xpu-rt/zephyr-chipyard-sw/tools-manual/zephyr-sdk-1.0.0-beta1/gnu/riscv64-zephyr-elf/riscv64-zephyr-elf/sys-include/sys/syslimits.h:105:9: note: this is the location of the previous definition
  105 | #define _POSIX2_COLL_WEIGHTS_MAX        2
      |         ^~~~~~~~~~~~~~~~~~~~~~~~
/scratch/dima/rose-infra/RoSE/soc/sw/xpu-rt/zephyr-chipyard-sw/zephyr_ws/zephyr/include/zephyr/posix/posix_limits.h:66:9: warning: "_POSIX2_EXPR_NEST_MAX" redefined
   66 | #define _POSIX2_EXPR_NEST_MAX               (32)
      |         ^~~~~~~~~~~~~~~~~~~~~
/scratch/dima/rose-infra/RoSE/soc/sw/xpu-rt/zephyr-chipyard-sw/tools-manual/zephyr-sdk-1.0.0-beta1/gnu/riscv64-zephyr-elf/riscv64-zephyr-elf/sys-include/sys/syslimits.h:106:9: note: this is the location of the previous definition
  106 | #define _POSIX2_EXPR_NEST_MAX   32
      |         ^~~~~~~~~~~~~~~~~~~~~
/scratch/dima/rose-infra/RoSE/soc/sw/xpu-rt/zephyr-chipyard-sw/zephyr_ws/zephyr/include/zephyr/posix/posix_limits.h:67:9: warning: "_POSIX2_LINE_MAX" redefined
   67 | #define _POSIX2_LINE_MAX                    (2048)
      |         ^~~~~~~~~~~~~~~~
/scratch/dima/rose-infra/RoSE/soc/sw/xpu-rt/zephyr-chipyard-sw/tools-manual/zephyr-sdk-1.0.0-beta1/gnu/riscv64-zephyr-elf/riscv64-zephyr-elf/sys-include/sys/syslimits.h:107:9: note: this is the location of the previous definition
  107 | #define _POSIX2_LINE_MAX        2048
      |         ^~~~~~~~~~~~~~~~
/scratch/dima/rose-infra/RoSE/soc/sw/xpu-rt/zephyr-chipyard-sw/zephyr_ws/zephyr/include/zephyr/posix/posix_limits.h:83:9: warning: "ARG_MAX" redefined
   83 | #define ARG_MAX                       _POSIX_ARG_MAX
      |         ^~~~~~~
/scratch/dima/rose-infra/RoSE/soc/sw/xpu-rt/zephyr-chipyard-sw/tools-manual/zephyr-sdk-1.0.0-beta1/gnu/riscv64-zephyr-elf/riscv64-zephyr-elf/sys-include/sys/syslimits.h:41:9: note: this is the location of the previous definition
   41 | #define ARG_MAX                 65536   /* max bytes for an exec function */
      |         ^~~~~~~
/scratch/dima/rose-infra/RoSE/soc/sw/xpu-rt/zephyr-chipyard-sw/zephyr_ws/zephyr/include/zephyr/posix/posix_limits.h:84:9: warning: "ATEXIT_MAX" redefined
   84 | #define ATEXIT_MAX                    (32)
      |         ^~~~~~~~~~
/scratch/dima/rose-infra/RoSE/soc/sw/xpu-rt/zephyr-chipyard-sw/tools-manual/zephyr-sdk-1.0.0-beta1/gnu/riscv64-zephyr-elf/riscv64-zephyr-elf/sys-include/sys/syslimits.h:42:9: note: this is the location of the previous definition
   42 | #define ATEXIT_MAX                 32   /* max atexit functions */
      |         ^~~~~~~~~~
/scratch/dima/rose-infra/RoSE/soc/sw/xpu-rt/zephyr-chipyard-sw/zephyr_ws/zephyr/include/zephyr/posix/posix_limits.h:93:9: warning: "OPEN_MAX" redefined
   93 | #define OPEN_MAX                      CONFIG_POSIX_OPEN_MAX
      |         ^~~~~~~~
/scratch/dima/rose-infra/RoSE/soc/sw/xpu-rt/zephyr-chipyard-sw/tools-manual/zephyr-sdk-1.0.0-beta1/gnu/riscv64-zephyr-elf/riscv64-zephyr-elf/sys-include/sys/syslimits.h:45:9: note: this is the location of the previous definition
   45 | #define OPEN_MAX                   64   /* max open files per process */
      |         ^~~~~~~~
/scratch/dima/rose-infra/RoSE/soc/sw/xpu-rt/zephyr-chipyard-sw/zephyr_ws/zephyr/include/zephyr/posix/posix_limits.h:96:9: warning: "PATH_MAX" redefined
   96 | #define PATH_MAX                      _POSIX_PATH_MAX
      |         ^~~~~~~~
/scratch/dima/rose-infra/RoSE/soc/sw/xpu-rt/zephyr-chipyard-sw/tools-manual/zephyr-sdk-1.0.0-beta1/gnu/riscv64-zephyr-elf/riscv64-zephyr-elf/sys-include/sys/syslimits.h:53:9: note: this is the location of the previous definition
   53 | #define PATH_MAX                 1024   /* max bytes in pathname */
      |         ^~~~~~~~
/scratch/dima/rose-infra/RoSE/soc/sw/xpu-rt/zephyr-chipyard-sw/zephyr_ws/zephyr/include/zephyr/posix/posix_limits.h:114:9: warning: "TZNAME_MAX" redefined
  114 | #define TZNAME_MAX                    _POSIX_TZNAME_MAX
      |         ^~~~~~~~~~
/scratch/dima/rose-infra/RoSE/soc/sw/xpu-rt/zephyr-chipyard-sw/tools-manual/zephyr-sdk-1.0.0-beta1/gnu/riscv64-zephyr-elf/riscv64-zephyr-elf/sys-include/sys/syslimits.h:46:9: note: this is the location of the previous definition
   46 | #define TZNAME_MAX                 10   /* max time zone name length */
      |         ^~~~~~~~~~
In file included from /scratch/dima/rose-infra/RoSE/soc/sw/xpu-rt/zephyr-chipyard-sw/modelblaster/examples/xpurt_demo_armB/int8/generated/3net_hetero_greedy_periodic_main.c:66:
/scratch/dima/rose-infra/RoSE/soc/sw/xpu-rt/zephyr-chipyard-sw/modelblaster/examples/xpurt_demo_armB/int8/generated/3net_hetero_greedy_periodic.h:43:9: error: macro names must be identifiers
   43 | #define 3NET_HETERO_GREEDY_PERIODIC_N_ENTRIES   288
      |         ^~~~~~~~~~~~~~~~~~~~~~~~~~~~~~~~~~~~~
/scratch/dima/rose-infra/RoSE/soc/sw/xpu-rt/zephyr-chipyard-sw/modelblaster/examples/xpurt_demo_armB/int8/generated/3net_hetero_greedy_periodic.h:45:34: error: invalid suffix "NET_HETERO_GREEDY_PERIODIC_TABLE" on integer constant
   45 | extern const xpurt_sched_entry_t 3NET_HETERO_GREEDY_PERIODIC_TABLE[3NET_HETERO_GREEDY_PERIODIC_N_ENTRIES];
      |                                  ^~~~~~~~~~~~~~~~~~~~~~~~~~~~~~~~~
/scratch/dima/rose-infra/RoSE/soc/sw/xpu-rt/zephyr-chipyard-sw/modelblaster/examples/xpurt_demo_armB/int8/generated/3net_hetero_greedy_periodic.h:45:34: error: expected identifier or '(' before numeric constant
/scratch/dima/rose-infra/RoSE/soc/sw/xpu-rt/zephyr-chipyard-sw/modelblaster/examples/xpurt_demo_armB/int8/generated/3net_hetero_greedy_periodic.h:45:68: error: invalid suffix "NET_HETERO_GREEDY_PERIODIC_N_ENTRIES" on integer constant
   45 | extern const xpurt_sched_entry_t 3NET_HETERO_GREEDY_PERIODIC_TABLE[3NET_HETERO_GREEDY_PERIODIC_N_ENTRIES];
      |                                                                    ^~~~~~~~~~~~~~~~~~~~~~~~~~~~~~~~~~~~~
/scratch/dima/rose-infra/RoSE/soc/sw/xpu-rt/zephyr-chipyard-sw/modelblaster/examples/xpurt_demo_armB/int8/generated/3net_hetero_greedy_periodic_main.c:194:37: error: invalid suffix "NET_HETERO_GREEDY_PERIODIC_N_ENTRIES" on integer constant
  194 | static struct k_sem completion_sems[3NET_HETERO_GREEDY_PERIODIC_N_ENTRIES];
      |                                     ^~~~~~~~~~~~~~~~~~~~~~~~~~~~~~~~~~~~~
/scratch/dima/rose-infra/RoSE/soc/sw/xpu-rt/zephyr-chipyard-sw/modelblaster/examples/xpurt_demo_armB/int8/generated/3net_hetero_greedy_periodic_main.c:274:44: error: invalid suffix "NET_HETERO_GREEDY_PERIODIC_N_ENTRIES" on integer constant
  274 | static struct xpurt_trace_slot xpurt_trace[3NET_HETERO_GREEDY_PERIODIC_N_ENTRIES];
      |                                            ^~~~~~~~~~~~~~~~~~~~~~~~~~~~~~~~~~~~~
/scratch/dima/rose-infra/RoSE/soc/sw/xpu-rt/zephyr-chipyard-sw/modelblaster/examples/xpurt_demo_armB/int8/generated/3net_hetero_greedy_periodic_main.c: In function 'init_entry_runtime':
/scratch/dima/rose-infra/RoSE/soc/sw/xpu-rt/zephyr-chipyard-sw/modelblaster/examples/xpurt_demo_armB/int8/generated/3net_hetero_greedy_periodic_main.c:341:25: error: invalid suffix "NET_HETERO_GREEDY_PERIODIC_N_ENTRIES" on integer constant
  341 |     for (int i = 0; i < 3NET_HETERO_GREEDY_PERIODIC_N_ENTRIES; i++) {
      |                         ^~~~~~~~~~~~~~~~~~~~~~~~~~~~~~~~~~~~~
/scratch/dima/rose-infra/RoSE/soc/sw/xpu-rt/zephyr-chipyard-sw/modelblaster/examples/xpurt_demo_armB/int8/generated/3net_hetero_greedy_periodic_main.c:342:41: error: invalid suffix "NET_HETERO_GREEDY_PERIODIC_TABLE" on integer constant
  342 |         const xpurt_sched_entry_t *e = &3NET_HETERO_GREEDY_PERIODIC_TABLE[i];
      |                                         ^~~~~~~~~~~~~~~~~~~~~~~~~~~~~~~~~
/scratch/dima/rose-infra/RoSE/soc/sw/xpu-rt/zephyr-chipyard-sw/modelblaster/examples/xpurt_demo_armB/int8/generated/3net_hetero_greedy_periodic_main.c: In function 'xpurt_worker':
/scratch/dima/rose-infra/RoSE/soc/sw/xpu-rt/zephyr-chipyard-sw/modelblaster/examples/xpurt_demo_armB/int8/generated/3net_hetero_greedy_periodic_main.c:467:27: error: invalid suffix "NET_HETERO_GREEDY_PERIODIC_N_ENTRIES" on integer constant
  467 |     for (int i_ = 0; i_ < 3NET_HETERO_GREEDY_PERIODIC_N_ENTRIES; i_++) {
      |                           ^~~~~~~~~~~~~~~~~~~~~~~~~~~~~~~~~~~~~
/scratch/dima/rose-infra/RoSE/soc/sw/xpu-rt/zephyr-chipyard-sw/modelblaster/examples/xpurt_demo_armB/int8/generated/3net_hetero_greedy_periodic_main.c:468:42: error: invalid suffix "NET_HETERO_GREEDY_PERIODIC_TABLE" on integer constant
  468 |         const xpurt_sched_entry_t *e_ = &3NET_HETERO_GREEDY_PERIODIC_TABLE[i_];
      |                                          ^~~~~~~~~~~~~~~~~~~~~~~~~~~~~~~~~
/scratch/dima/rose-infra/RoSE/soc/sw/xpu-rt/zephyr-chipyard-sw/modelblaster/examples/xpurt_demo_armB/int8/generated/3net_hetero_greedy_periodic_main.c: In function 'main':
/scratch/dima/rose-infra/RoSE/soc/sw/xpu-rt/zephyr-chipyard-sw/modelblaster/examples/xpurt_demo_armB/int8/generated/3net_hetero_greedy_periodic_main.c:995:12: error: invalid suffix "NET_HETERO_GREEDY_PERIODIC_N_ENTRIES" on integer constant
  995 |            3NET_HETERO_GREEDY_PERIODIC_N_ENTRIES, 2, XPURT_BOARD_TARGET);
      |            ^~~~~~~~~~~~~~~~~~~~~~~~~~~~~~~~~~~~~
/scratch/dima/rose-infra/RoSE/soc/sw/xpu-rt/zephyr-chipyard-sw/modelblaster/examples/xpurt_demo_armB/int8/generated/3net_hetero_greedy_periodic_main.c:1030:29: error: invalid suffix "NET_HETERO_GREEDY_PERIODIC_N_ENTRIES" on integer constant
 1030 |         for (int i = 0; i < 3NET_HETERO_GREEDY_PERIODIC_N_ENTRIES; i++) {
      |                             ^~~~~~~~~~~~~~~~~~~~~~~~~~~~~~~~~~~~~
/scratch/dima/rose-infra/RoSE/soc/sw/xpu-rt/zephyr-chipyard-sw/modelblaster/examples/xpurt_demo_armB/int8/generated/3net_hetero_greedy_periodic_main.c:1031:45: error: invalid suffix "NET_HETERO_GREEDY_PERIODIC_TABLE" on integer constant
 1031 |             const xpurt_sched_entry_t *e = &3NET_HETERO_GREEDY_PERIODIC_TABLE[i];
      |                                             ^~~~~~~~~~~~~~~~~~~~~~~~~~~~~~~~~
/scratch/dima/rose-infra/RoSE/soc/sw/xpu-rt/zephyr-chipyard-sw/modelblaster/examples/xpurt_demo_armB/int8/generated/3net_hetero_greedy_periodic_main.c:1087:25: error: invalid suffix "NET_HETERO_GREEDY_PERIODIC_N_ENTRIES" on integer constant
 1087 |     for (int i = 0; i < 3NET_HETERO_GREEDY_PERIODIC_N_ENTRIES; i++) {
      |                         ^~~~~~~~~~~~~~~~~~~~~~~~~~~~~~~~~~~~~
/scratch/dima/rose-infra/RoSE/soc/sw/xpu-rt/zephyr-chipyard-sw/modelblaster/examples/xpurt_demo_armB/int8/generated/3net_hetero_greedy_periodic_main.c:1088:41: error: invalid suffix "NET_HETERO_GREEDY_PERIODIC_TABLE" on integer constant
 1088 |         const xpurt_sched_entry_t *e = &3NET_HETERO_GREEDY_PERIODIC_TABLE[i];
      |                                         ^~~~~~~~~~~~~~~~~~~~~~~~~~~~~~~~~
/scratch/dima/rose-infra/RoSE/soc/sw/xpu-rt/zephyr-chipyard-sw/modelblaster/examples/xpurt_demo_armB/int8/generated/3net_hetero_greedy_periodic_main.c:1135:25: error: invalid suffix "NET_HETERO_GREEDY_PERIODIC_N_ENTRIES" on integer constant
 1135 |     for (int i = 0; i < 3NET_HETERO_GREEDY_PERIODIC_N_ENTRIES; i++) {
      |                         ^~~~~~~~~~~~~~~~~~~~~~~~~~~~~~~~~~~~~
/scratch/dima/rose-infra/RoSE/soc/sw/xpu-rt/zephyr-chipyard-sw/modelblaster/examples/xpurt_demo_armB/int8/generated/3net_hetero_greedy_periodic_main.c:1159:25: error: invalid suffix "NET_HETERO_GREEDY_PERIODIC_N_ENTRIES" on integer constant
 1159 |     for (int i = 0; i < 3NET_HETERO_GREEDY_PERIODIC_N_ENTRIES; i++) {
      |                         ^~~~~~~~~~~~~~~~~~~~~~~~~~~~~~~~~~~~~
/scratch/dima/rose-infra/RoSE/soc/sw/xpu-rt/zephyr-chipyard-sw/modelblaster/examples/xpurt_demo_armB/int8/generated/3net_hetero_greedy_periodic_main.c:1267:25: error: invalid suffix "NET_HETERO_GREEDY_PERIODIC_N_ENTRIES" on integer constant
 1267 |     for (int i = 0; i < 3NET_HETERO_GREEDY_PERIODIC_N_ENTRIES; i++) {
      |                         ^~~~~~~~~~~~~~~~~~~~~~~~~~~~~~~~~~~~~
/scratch/dima/rose-infra/RoSE/soc/sw/xpu-rt/zephyr-chipyard-sw/modelblaster/examples/xpurt_demo_armB/int8/generated/3net_hetero_greedy_periodic_main.c:1268:41: error: invalid suffix "NET_HETERO_GREEDY_PERIODIC_TABLE" on integer constant
 1268 |         const xpurt_sched_entry_t *e = &3NET_HETERO_GREEDY_PERIODIC_TABLE[i];
      |                                         ^~~~~~~~~~~~~~~~~~~~~~~~~~~~~~~~~
/scratch/dima/rose-infra/RoSE/soc/sw/xpu-rt/zephyr-chipyard-sw/modelblaster/examples/xpurt_demo_armB/int8/generated/3net_hetero_greedy_periodic_main.c: At top level:
/scratch/dima/rose-infra/RoSE/soc/sw/xpu-rt/zephyr-chipyard-sw/modelblaster/examples/xpurt_demo_armB/int8/generated/3net_hetero_greedy_periodic_main.c:274:32: warning: 'xpurt_trace' defined but not used [-Wunused-variable]
  274 | static struct xpurt_trace_slot xpurt_trace[3NET_HETERO_GREEDY_PERIODIC_N_ENTRIES];
      |                                ^~~~~~~~~~~
/scratch/dima/rose-infra/RoSE/soc/sw/xpu-rt/zephyr-chipyard-sw/modelblaster/examples/xpurt_demo_armB/int8/generated/3net_hetero_greedy_periodic_main.c:194:21: warning: 'completion_sems' defined but not used [-Wunused-variable]
  194 | static struct k_sem completion_sems[3NET_HETERO_GREEDY_PERIODIC_N_ENTRIES];
      |                     ^~~~~~~~~~~~~~~
[36/220] Building C object CMakeFiles/app.dir/scratch/dima/rose-infra/RoSE/soc/sw/xpu-rt/zephyr-chipyard-sw/modelblaster/examples/xpurt_demo_armB/int8/generated/3net_hetero_greedy_periodic.c.obj
FAILED: CMakeFiles/app.dir/scratch/dima/rose-infra/RoSE/soc/sw/xpu-rt/zephyr-chipyard-sw/modelblaster/examples/xpurt_demo_armB/int8/generated/3net_hetero_greedy_periodic.c.obj 
ccache /scratch/dima/rose-infra/RoSE/soc/sw/xpu-rt/zephyr-chipyard-sw/tools-manual/zephyr-sdk-1.0.0-beta1/gnu/riscv64-zephyr-elf/bin/riscv64-zephyr-elf-gcc -DKERNEL -DK_HEAP_MEM_POOL_SIZE=8388608 -DMODELBLASTER_DISABLE_UNMANGLED=1 -DMODELBLASTER_POOL_THREADS=4 -DMODELBLASTER_XPURT_TRACE=1 -DPICOLIBC_DOUBLE_PRINTF_SCANF -D_POSIX_CLOCK_SELECTION=200809L -D_POSIX_CPUTIME=200809L -D_POSIX_C_SOURCE=200809L -D_POSIX_MONOTONIC_CLOCK=200809L -D_POSIX_MULTI_PROCESS=200809L -D_POSIX_REALTIME_SIGNALS=200809L -D_POSIX_THREADS=200809L -D_POSIX_THREAD_SAFE_FUNCTIONS=200809L -D_POSIX_TIMERS=200809L -D__LINUX_ERRNO_EXTENSIONS__ -D__ZEPHYR__=1 -I/scratch/dima/rose-infra/RoSE/soc/sw/xpu-rt/zephyr-chipyard-sw/modelblaster/examples/xpurt_demo_armB/int8/build/gemmini_q31_rvv_firesim/modelblaster_xpurt -I/scratch/dima/rose-infra/RoSE/soc/sw/xpu-rt/zephyr-chipyard-sw/modelblaster/examples/xpurt_demo_armB/int8/generated -I/scratch/dima/rose-infra/RoSE/soc/sw/xpu-rt/zephyr-chipyard-sw/modelblaster/examples/xpurt_demo_armB/int8/build/gemmini_q31_rvv_firesim/zephyr/include/generated/zephyr -I/scratch/dima/rose-infra/RoSE/soc/sw/xpu-rt/zephyr-chipyard-sw/zephyr_ws/zephyr/include -I/scratch/dima/rose-infra/RoSE/soc/sw/xpu-rt/zephyr-chipyard-sw/modelblaster/examples/xpurt_demo_armB/int8/build/gemmini_q31_rvv_firesim/zephyr/include/generated -I/scratch/dima/rose-infra/RoSE/soc/sw/xpu-rt/zephyr-chipyard-sw/zephyr_ws/zephyr/lib/libc/picolibc/include -I/scratch/dima/rose-infra/RoSE/soc/sw/xpu-rt/zephyr-chipyard-sw/zephyr_ws/zephyr/lib/posix/c_lib_ext/getopt -I/scratch/dima/rose-infra/RoSE/soc/sw/xpu-rt/zephyr-chipyard-sw/zephyr_ws/zephyr/include/zephyr/posix -I/scratch/dima/rose-infra/RoSE/soc/sw/xpu-rt/zephyr-chipyard-sw/zephyr_ws/zephyr/lib/midi2/. -I/scratch/dima/rose-infra/RoSE/soc/sw/xpu-rt/zephyr-chipyard-sw/zephyr_ws/zephyr/soc/common/riscv-privileged/. -I/scratch/dima/rose-infra/RoSE/soc/sw/xpu-rt/zephyr-chipyard-sw/zephyr_ws/zephyr/soc/rocketchip/virt_riscv/common/. -I/scratch/dima/rose-infra/RoSE/soc/sw/xpu-rt/zephyr-chipyard-sw/modelblaster/runtime/modelblaster_pool -isystem /scratch/dima/rose-infra/RoSE/soc/sw/xpu-rt/zephyr-chipyard-sw/zephyr_ws/zephyr/lib/libc/common/include -fno-strict-aliasing -O2 -imacros /scratch/dima/rose-infra/RoSE/soc/sw/xpu-rt/zephyr-chipyard-sw/modelblaster/examples/xpurt_demo_armB/int8/build/gemmini_q31_rvv_firesim/zephyr/include/generated/zephyr/autoconf.h -fno-common -g -gdwarf-4 -fdiagnostics-color=always -mabi=lp64d -march=rv64imafdc_zicsr_zifencei -mcmodel=medany -fno-tree-vectorize -fno-tree-loop-vectorize -fno-tree-slp-vectorize --sysroot=/scratch/dima/rose-infra/RoSE/soc/sw/xpu-rt/zephyr-chipyard-sw/tools-manual/zephyr-sdk-1.0.0-beta1/gnu/riscv64-zephyr-elf/riscv64-zephyr-elf -imacros /scratch/dima/rose-infra/RoSE/soc/sw/xpu-rt/zephyr-chipyard-sw/zephyr_ws/zephyr/include/zephyr/toolchain/zephyr_stdint.h -Wall -Wformat -Wformat-security -Wno-format-zero-length -Wdouble-promotion -Wno-pointer-sign -Wpointer-arith -Wexpansion-to-defined -Wno-unused-but-set-variable -Werror=implicit-int -fno-pic -fno-pie -fno-asynchronous-unwind-tables -ftls-model=local-exec -fno-reorder-functions --param=min-pagesize=0 -fno-defer-pop -fmacro-prefix-map=/scratch/dima/rose-infra/RoSE/soc/sw/xpu-rt/zephyr-chipyard-sw/modelblaster/harness_xpurt=CMAKE_SOURCE_DIR -fmacro-prefix-map=/scratch/dima/rose-infra/RoSE/soc/sw/xpu-rt/zephyr-chipyard-sw/zephyr_ws/zephyr=ZEPHYR_BASE -fmacro-prefix-map=/scratch/dima/rose-infra/RoSE/soc/sw/xpu-rt/zephyr-chipyard-sw/zephyr_ws=WEST_TOPDIR -ffunction-sections -fdata-sections -specs=picolibc.specs -std=gnu17 -MD -MT CMakeFiles/app.dir/scratch/dima/rose-infra/RoSE/soc/sw/xpu-rt/zephyr-chipyard-sw/modelblaster/examples/xpurt_demo_armB/int8/generated/3net_hetero_greedy_periodic.c.obj -MF CMakeFiles/app.dir/scratch/dima/rose-infra/RoSE/soc/sw/xpu-rt/zephyr-chipyard-sw/modelblaster/examples/xpurt_demo_armB/int8/generated/3net_hetero_greedy_periodic.c.obj.d -o CMakeFiles/app.dir/scratch/dima/rose-infra/RoSE/soc/sw/xpu-rt/zephyr-chipyard-sw/modelblaster/examples/xpurt_demo_armB/int8/generated/3net_hetero_greedy_periodic.c.obj -c /scratch/dima/rose-infra/RoSE/soc/sw/xpu-rt/zephyr-chipyard-sw/modelblaster/examples/xpurt_demo_armB/int8/generated/3net_hetero_greedy_periodic.c
In file included from /scratch/dima/rose-infra/RoSE/soc/sw/xpu-rt/zephyr-chipyard-sw/modelblaster/examples/xpurt_demo_armB/int8/generated/3net_hetero_greedy_periodic.c:3:
/scratch/dima/rose-infra/RoSE/soc/sw/xpu-rt/zephyr-chipyard-sw/modelblaster/examples/xpurt_demo_armB/int8/generated/3net_hetero_greedy_periodic.h:43:9: error: macro names must be identifiers
   43 | #define 3NET_HETERO_GREEDY_PERIODIC_N_ENTRIES   288
      |         ^~~~~~~~~~~~~~~~~~~~~~~~~~~~~~~~~~~~~
/scratch/dima/rose-infra/RoSE/soc/sw/xpu-rt/zephyr-chipyard-sw/modelblaster/examples/xpurt_demo_armB/int8/generated/3net_hetero_greedy_periodic.h:45:34: error: invalid suffix "NET_HETERO_GREEDY_PERIODIC_TABLE" on integer constant
   45 | extern const xpurt_sched_entry_t 3NET_HETERO_GREEDY_PERIODIC_TABLE[3NET_HETERO_GREEDY_PERIODIC_N_ENTRIES];
      |                                  ^~~~~~~~~~~~~~~~~~~~~~~~~~~~~~~~~
/scratch/dima/rose-infra/RoSE/soc/sw/xpu-rt/zephyr-chipyard-sw/modelblaster/examples/xpurt_demo_armB/int8/generated/3net_hetero_greedy_periodic.h:45:34: error: expected identifier or '(' before numeric constant
/scratch/dima/rose-infra/RoSE/soc/sw/xpu-rt/zephyr-chipyard-sw/modelblaster/examples/xpurt_demo_armB/int8/generated/3net_hetero_greedy_periodic.h:45:68: error: invalid suffix "NET_HETERO_GREEDY_PERIODIC_N_ENTRIES" on integer constant
   45 | extern const xpurt_sched_entry_t 3NET_HETERO_GREEDY_PERIODIC_TABLE[3NET_HETERO_GREEDY_PERIODIC_N_ENTRIES];
      |                                                                    ^~~~~~~~~~~~~~~~~~~~~~~~~~~~~~~~~~~~~
/scratch/dima/rose-infra/RoSE/soc/sw/xpu-rt/zephyr-chipyard-sw/modelblaster/examples/xpurt_demo_armB/int8/generated/3net_hetero_greedy_periodic.c:853:27: error: invalid suffix "NET_HETERO_GREEDY_PERIODIC_TABLE" on integer constant
  853 | const xpurt_sched_entry_t 3NET_HETERO_GREEDY_PERIODIC_TABLE[3NET_HETERO_GREEDY_PERIODIC_N_ENTRIES] = {
      |                           ^~~~~~~~~~~~~~~~~~~~~~~~~~~~~~~~~
/scratch/dima/rose-infra/RoSE/soc/sw/xpu-rt/zephyr-chipyard-sw/modelblaster/examples/xpurt_demo_armB/int8/generated/3net_hetero_greedy_periodic.c:853:27: error: expected identifier or '(' before numeric constant
/scratch/dima/rose-infra/RoSE/soc/sw/xpu-rt/zephyr-chipyard-sw/modelblaster/examples/xpurt_demo_armB/int8/generated/3net_hetero_greedy_periodic.c:853:61: error: invalid suffix "NET_HETERO_GREEDY_PERIODIC_N_ENTRIES" on integer constant
  853 | const xpurt_sched_entry_t 3NET_HETERO_GREEDY_PERIODIC_TABLE[3NET_HETERO_GREEDY_PERIODIC_N_ENTRIES] = {
      |                                                             ^~~~~~~~~~~~~~~~~~~~~~~~~~~~~~~~~~~~~
/scratch/dima/rose-infra/RoSE/soc/sw/xpu-rt/zephyr-chipyard-sw/modelblaster/examples/xpurt_demo_armB/int8/generated/3net_hetero_greedy_periodic.c:851:18: warning: 'sched_287_deps' defined but not used [-Wunused-const-variable=]
  851 | static const int sched_287_deps[] = { 285 };
      |                  ^~~~~~~~~~~~~~
/scratch/dima/rose-infra/RoSE/soc/sw/xpu-rt/zephyr-chipyard-sw/modelblaster/examples/xpurt_demo_armB/int8/generated/3net_hetero_greedy_periodic.c:850:18: warning: 'sched_287_harts' defined but not used [-Wunused-const-variable=]
  850 | static const int sched_287_harts[] = { 0 };
      |                  ^~~~~~~~~~~~~~~
/scratch/dima/rose-infra/RoSE/soc/sw/xpu-rt/zephyr-chipyard-sw/modelblaster/examples/xpurt_demo_armB/int8/generated/3net_hetero_greedy_periodic.c:849:18: warning: 'sched_286_deps' defined but not used [-Wunused-const-variable=]
  849 | static const int sched_286_deps[] = { 284 };
      |                  ^~~~~~~~~~~~~~
/scratch/dima/rose-infra/RoSE/soc/sw/xpu-rt/zephyr-chipyard-sw/modelblaster/examples/xpurt_demo_armB/int8/generated/3net_hetero_greedy_periodic.c:848:18: warning: 'sched_286_harts' defined but not used [-Wunused-const-variable=]
  848 | static const int sched_286_harts[] = { 2 };
      |                  ^~~~~~~~~~~~~~~
/scratch/dima/rose-infra/RoSE/soc/sw/xpu-rt/zephyr-chipyard-sw/modelblaster/examples/xpurt_demo_armB/int8/generated/3net_hetero_greedy_periodic.c:847:18: warning: 'sched_285_fanout' defined but not used [-Wunused-const-variable=]
  847 | static const int sched_285_fanout[] = { 287 };
      |                  ^~~~~~~~~~~~~~~~
/scratch/dima/rose-infra/RoSE/soc/sw/xpu-rt/zephyr-chipyard-sw/modelblaster/examples/xpurt_demo_armB/int8/generated/3net_hetero_greedy_periodic.c:846:18: warning: 'sched_285_deps' defined but not used [-Wunused-const-variable=]
  846 | static const int sched_285_deps[] = { 284 };
      |                  ^~~~~~~~~~~~~~
/scratch/dima/rose-infra/RoSE/soc/sw/xpu-rt/zephyr-chipyard-sw/modelblaster/examples/xpurt_demo_armB/int8/generated/3net_hetero_greedy_periodic.c:845:18: warning: 'sched_285_harts' defined but not used [-Wunused-const-variable=]
  845 | static const int sched_285_harts[] = { 2 };
      |                  ^~~~~~~~~~~~~~~
/scratch/dima/rose-infra/RoSE/soc/sw/xpu-rt/zephyr-chipyard-sw/modelblaster/examples/xpurt_demo_armB/int8/generated/3net_hetero_greedy_periodic.c:844:18: warning: 'sched_284_fanout' defined but not used [-Wunused-const-variable=]
  844 | static const int sched_284_fanout[] = { 285, 286 };
      |                  ^~~~~~~~~~~~~~~~
/scratch/dima/rose-infra/RoSE/soc/sw/xpu-rt/zephyr-chipyard-sw/modelblaster/examples/xpurt_demo_armB/int8/generated/3net_hetero_greedy_periodic.c:843:18: warning: 'sched_284_deps' defined but not used [-Wunused-const-variable=]
  843 | static const int sched_284_deps[] = { 283 };
      |                  ^~~~~~~~~~~~~~
/scratch/dima/rose-infra/RoSE/soc/sw/xpu-rt/zephyr-chipyard-sw/modelblaster/examples/xpurt_demo_armB/int8/generated/3net_hetero_greedy_periodic.c:842:18: warning: 'sched_284_harts' defined but not used [-Wunused-const-variable=]
  842 | static const int sched_284_harts[] = { 2 };
      |                  ^~~~~~~~~~~~~~~
/scratch/dima/rose-infra/RoSE/soc/sw/xpu-rt/zephyr-chipyard-sw/modelblaster/examples/xpurt_demo_armB/int8/generated/3net_hetero_greedy_periodic.c:841:18: warning: 'sched_283_fanout' defined but not used [-Wunused-const-variable=]
  841 | static const int sched_283_fanout[] = { 284, 285 };
      |                  ^~~~~~~~~~~~~~~~
/scratch/dima/rose-infra/RoSE/soc/sw/xpu-rt/zephyr-chipyard-sw/modelblaster/examples/xpurt_demo_armB/int8/generated/3net_hetero_greedy_periodic.c:840:18: warning: 'sched_283_deps' defined but not used [-Wunused-const-variable=]
  840 | static const int sched_283_deps[] = { 281, 282 };
      |                  ^~~~~~~~~~~~~~
/scratch/dima/rose-infra/RoSE/soc/sw/xpu-rt/zephyr-chipyard-sw/modelblaster/examples/xpurt_demo_armB/int8/generated/3net_hetero_greedy_periodic.c:839:18: warning: 'sched_283_harts' defined but not used [-Wunused-const-variable=]
  839 | static const int sched_283_harts[] = { 2 };
      |                  ^~~~~~~~~~~~~~~
/scratch/dima/rose-infra/RoSE/soc/sw/xpu-rt/zephyr-chipyard-sw/modelblaster/examples/xpurt_demo_armB/int8/generated/3net_hetero_greedy_periodic.c:838:18: warning: 'sched_282_fanout' defined but not used [-Wunused-const-variable=]
  838 | static const int sched_282_fanout[] = { 283, 287 };
      |                  ^~~~~~~~~~~~~~~~
/scratch/dima/rose-infra/RoSE/soc/sw/xpu-rt/zephyr-chipyard-sw/modelblaster/examples/xpurt_demo_armB/int8/generated/3net_hetero_greedy_periodic.c:837:18: warning: 'sched_282_deps' defined but not used [-Wunused-const-variable=]
  837 | static const int sched_282_deps[] = { 280 };
      |                  ^~~~~~~~~~~~~~
/scratch/dima/rose-infra/RoSE/soc/sw/xpu-rt/zephyr-chipyard-sw/modelblaster/examples/xpurt_demo_armB/int8/generated/3net_hetero_greedy_periodic.c:836:18: warning: 'sched_282_harts' defined but not used [-Wunused-const-variable=]
  836 | static const int sched_282_harts[] = { 0 };
      |                  ^~~~~~~~~~~~~~~
/scratch/dima/rose-infra/RoSE/soc/sw/xpu-rt/zephyr-chipyard-sw/modelblaster/examples/xpurt_demo_armB/int8/generated/3net_hetero_greedy_periodic.c:835:18: warning: 'sched_281_fanout' defined but not used [-Wunused-const-variable=]
  835 | static const int sched_281_fanout[] = { 283, 284 };
      |                  ^~~~~~~~~~~~~~~~
/scratch/dima/rose-infra/RoSE/soc/sw/xpu-rt/zephyr-chipyard-sw/modelblaster/examples/xpurt_demo_armB/int8/generated/3net_hetero_greedy_periodic.c:834:18: warning: 'sched_281_deps' defined but not used [-Wunused-const-variable=]
  834 | static const int sched_281_deps[] = { 278 };
      |                  ^~~~~~~~~~~~~~
/scratch/dima/rose-infra/RoSE/soc/sw/xpu-rt/zephyr-chipyard-sw/modelblaster/examples/xpurt_demo_armB/int8/generated/3net_hetero_greedy_periodic.c:833:18: warning: 'sched_281_harts' defined but not used [-Wunused-const-variable=]
  833 | static const int sched_281_harts[] = { 2 };
      |                  ^~~~~~~~~~~~~~~
/scratch/dima/rose-infra/RoSE/soc/sw/xpu-rt/zephyr-chipyard-sw/modelblaster/examples/xpurt_demo_armB/int8/generated/3net_hetero_greedy_periodic.c:832:18: warning: 'sched_280_fanout' defined but not used [-Wunused-const-variable=]
  832 | static const int sched_280_fanout[] = { 282 };
      |                  ^~~~~~~~~~~~~~~~
/scratch/dima/rose-infra/RoSE/soc/sw/xpu-rt/zephyr-chipyard-sw/modelblaster/examples/xpurt_demo_armB/int8/generated/3net_hetero_greedy_periodic.c:831:18: warning: 'sched_280_deps' defined but not used [-Wunused-const-variable=]
  831 | static const int sched_280_deps[] = { 279 };
      |                  ^~~~~~~~~~~~~~
/scratch/dima/rose-infra/RoSE/soc/sw/xpu-rt/zephyr-chipyard-sw/modelblaster/examples/xpurt_demo_armB/int8/generated/3net_hetero_greedy_periodic.c:830:18: warning: 'sched_280_harts' defined but not used [-Wunused-const-variable=]
  830 | static const int sched_280_harts[] = { 0 };
      |                  ^~~~~~~~~~~~~~~
/scratch/dima/rose-infra/RoSE/soc/sw/xpu-rt/zephyr-chipyard-sw/modelblaster/examples/xpurt_demo_armB/int8/generated/3net_hetero_greedy_periodic.c:829:18: warning: 'sched_279_fanout' defined but not used [-Wunused-const-variable=]
  829 | static const int sched_279_fanout[] = { 280 };
      |                  ^~~~~~~~~~~~~~~~
/scratch/dima/rose-infra/RoSE/soc/sw/xpu-rt/zephyr-chipyard-sw/modelblaster/examples/xpurt_demo_armB/int8/generated/3net_hetero_greedy_periodic.c:828:18: warning: 'sched_279_deps' defined but not used [-Wunused-const-variable=]
  828 | static const int sched_279_deps[] = { 278 };
      |                  ^~~~~~~~~~~~~~
/scratch/dima/rose-infra/RoSE/soc/sw/xpu-rt/zephyr-chipyard-sw/modelblaster/examples/xpurt_demo_armB/int8/generated/3net_hetero_greedy_periodic.c:827:18: warning: 'sched_279_harts' defined but not used [-Wunused-const-variable=]
  827 | static const int sched_279_harts[] = { 2 };
      |                  ^~~~~~~~~~~~~~~
/scratch/dima/rose-infra/RoSE/soc/sw/xpu-rt/zephyr-chipyard-sw/modelblaster/examples/xpurt_demo_armB/int8/generated/3net_hetero_greedy_periodic.c:826:18: warning: 'sched_278_fanout' defined but not used [-Wunused-const-variable=]
  826 | static const int sched_278_fanout[] = { 279, 281 };
      |                  ^~~~~~~~~~~~~~~~
/scratch/dima/rose-infra/RoSE/soc/sw/xpu-rt/zephyr-chipyard-sw/modelblaster/examples/xpurt_demo_armB/int8/generated/3net_hetero_greedy_periodic.c:825:18: warning: 'sched_278_deps' defined but not used [-Wunused-const-variable=]
  825 | static const int sched_278_deps[] = { 275, 277 };
      |                  ^~~~~~~~~~~~~~
/scratch/dima/rose-infra/RoSE/soc/sw/xpu-rt/zephyr-chipyard-sw/modelblaster/examples/xpurt_demo_armB/int8/generated/3net_hetero_greedy_periodic.c:824:18: warning: 'sched_278_harts' defined but not used [-Wunused-const-variable=]
  824 | static const int sched_278_harts[] = { 2 };
      |                  ^~~~~~~~~~~~~~~
/scratch/dima/rose-infra/RoSE/soc/sw/xpu-rt/zephyr-chipyard-sw/modelblaster/examples/xpurt_demo_armB/int8/generated/3net_hetero_greedy_periodic.c:823:18: warning: 'sched_277_fanout' defined but not used [-Wunused-const-variable=]
  823 | static const int sched_277_fanout[] = { 278, 280, 282 };
      |                  ^~~~~~~~~~~~~~~~
/scratch/dima/rose-infra/RoSE/soc/sw/xpu-rt/zephyr-chipyard-sw/modelblaster/examples/xpurt_demo_armB/int8/generated/3net_hetero_greedy_periodic.c:822:18: warning: 'sched_277_deps' defined but not used [-Wunused-const-variable=]
  822 | static const int sched_277_deps[] = { 276 };
      |                  ^~~~~~~~~~~~~~
/scratch/dima/rose-infra/RoSE/soc/sw/xpu-rt/zephyr-chipyard-sw/modelblaster/examples/xpurt_demo_armB/int8/generated/3net_hetero_greedy_periodic.c:821:18: warning: 'sched_277_harts' defined but not used [-Wunused-const-variable=]
  821 | static const int sched_277_harts[] = { 0 };
      |                  ^~~~~~~~~~~~~~~
/scratch/dima/rose-infra/RoSE/soc/sw/xpu-rt/zephyr-chipyard-sw/modelblaster/examples/xpurt_demo_armB/int8/generated/3net_hetero_greedy_periodic.c:820:18: warning: 'sched_276_fanout' defined but not used [-Wunused-const-variable=]
  820 | static const int sched_276_fanout[] = { 277 };
      |                  ^~~~~~~~~~~~~~~~
/scratch/dima/rose-infra/RoSE/soc/sw/xpu-rt/zephyr-chipyard-sw/modelblaster/examples/xpurt_demo_armB/int8/generated/3net_hetero_greedy_periodic.c:819:18: warning: 'sched_276_deps' defined but not used [-Wunused-const-variable=]
  819 | static const int sched_276_deps[] = { 274 };
      |                  ^~~~~~~~~~~~~~
/scratch/dima/rose-infra/RoSE/soc/sw/xpu-rt/zephyr-chipyard-sw/modelblaster/examples/xpurt_demo_armB/int8/generated/3net_hetero_greedy_periodic.c:818:18: warning: 'sched_276_harts' defined but not used [-Wunused-const-variable=]
  818 | static const int sched_276_harts[] = { 0 };
      |                  ^~~~~~~~~~~~~~~
/scratch/dima/rose-infra/RoSE/soc/sw/xpu-rt/zephyr-chipyard-sw/modelblaster/examples/xpurt_demo_armB/int8/generated/3net_hetero_greedy_periodic.c:817:18: warning: 'sched_275_fanout' defined but not used [-Wunused-const-variable=]
  817 | static const int sched_275_fanout[] = { 278, 279 };
      |                  ^~~~~~~~~~~~~~~~
/scratch/dima/rose-infra/RoSE/soc/sw/xpu-rt/zephyr-chipyard-sw/modelblaster/examples/xpurt_demo_armB/int8/generated/3net_hetero_greedy_periodic.c:816:18: warning: 'sched_275_deps' defined but not used [-Wunused-const-variable=]
  816 | static const int sched_275_deps[] = { 273 };
      |                  ^~~~~~~~~~~~~~
/scratch/dima/rose-infra/RoSE/soc/sw/xpu-rt/zephyr-chipyard-sw/modelblaster/examples/xpurt_demo_armB/int8/generated/3net_hetero_greedy_periodic.c:815:18: warning: 'sched_275_harts' defined but not used [-Wunused-const-variable=]
  815 | static const int sched_275_harts[] = { 2 };
      |                  ^~~~~~~~~~~~~~~
/scratch/dima/rose-infra/RoSE/soc/sw/xpu-rt/zephyr-chipyard-sw/modelblaster/examples/xpurt_demo_armB/int8/generated/3net_hetero_greedy_periodic.c:814:18: warning: 'sched_274_fanout' defined but not used [-Wunused-const-variable=]
  814 | static const int sched_274_fanout[] = { 276 };
      |                  ^~~~~~~~~~~~~~~~
/scratch/dima/rose-infra/RoSE/soc/sw/xpu-rt/zephyr-chipyard-sw/modelblaster/examples/xpurt_demo_armB/int8/generated/3net_hetero_greedy_periodic.c:813:18: warning: 'sched_274_deps' defined but not used [-Wunused-const-variable=]
  813 | static const int sched_274_deps[] = { 273 };
      |                  ^~~~~~~~~~~~~~
/scratch/dima/rose-infra/RoSE/soc/sw/xpu-rt/zephyr-chipyard-sw/modelblaster/examples/xpurt_demo_armB/int8/generated/3net_hetero_greedy_periodic.c:812:18: warning: 'sched_274_harts' defined but not used [-Wunused-const-variable=]
  812 | static const int sched_274_harts[] = { 2 };
      |                  ^~~~~~~~~~~~~~~
/scratch/dima/rose-infra/RoSE/soc/sw/xpu-rt/zephyr-chipyard-sw/modelblaster/examples/xpurt_demo_armB/int8/generated/3net_hetero_greedy_periodic.c:811:18: warning: 'sched_273_fanout' defined but not used [-Wunused-const-variable=]
  811 | static const int sched_273_fanout[] = { 274, 275 };
      |                  ^~~~~~~~~~~~~~~~
/scratch/dima/rose-infra/RoSE/soc/sw/xpu-rt/zephyr-chipyard-sw/modelblaster/examples/xpurt_demo_armB/int8/generated/3net_hetero_greedy_periodic.c:810:18: warning: 'sched_273_deps' defined but not used [-Wunused-const-variable=]
  810 | static const int sched_273_deps[] = { 271, 272 };
      |                  ^~~~~~~~~~~~~~
/scratch/dima/rose-infra/RoSE/soc/sw/xpu-rt/zephyr-chipyard-sw/modelblaster/examples/xpurt_demo_armB/int8/generated/3net_hetero_greedy_periodic.c:809:18: warning: 'sched_273_harts' defined but not used [-Wunused-const-variable=]
  809 | static const int sched_273_harts[] = { 2 };
      |                  ^~~~~~~~~~~~~~~
/scratch/dima/rose-infra/RoSE/soc/sw/xpu-rt/zephyr-chipyard-sw/modelblaster/examples/xpurt_demo_armB/int8/generated/3net_hetero_greedy_periodic.c:808:18: warning: 'sched_272_fanout' defined but not used [-Wunused-const-variable=]
  808 | static const int sched_272_fanout[] = { 273, 276, 277 };
      |                  ^~~~~~~~~~~~~~~~
/scratch/dima/rose-infra/RoSE/soc/sw/xpu-rt/zephyr-chipyard-sw/modelblaster/examples/xpurt_demo_armB/int8/generated/3net_hetero_greedy_periodic.c:807:18: warning: 'sched_272_deps' defined but not used [-Wunused-const-variable=]
  807 | static const int sched_272_deps[] = { 270 };
      |                  ^~~~~~~~~~~~~~
/scratch/dima/rose-infra/RoSE/soc/sw/xpu-rt/zephyr-chipyard-sw/modelblaster/examples/xpurt_demo_armB/int8/generated/3net_hetero_greedy_periodic.c:806:18: warning: 'sched_272_harts' defined but not used [-Wunused-const-variable=]
  806 | static const int sched_272_harts[] = { 0 };
      |                  ^~~~~~~~~~~~~~~
/scratch/dima/rose-infra/RoSE/soc/sw/xpu-rt/zephyr-chipyard-sw/modelblaster/examples/xpurt_demo_armB/int8/generated/3net_hetero_greedy_periodic.c:805:18: warning: 'sched_271_fanout' defined but not used [-Wunused-const-variable=]
  805 | static const int sched_271_fanout[] = { 273, 274 };
      |                  ^~~~~~~~~~~~~~~~
/scratch/dima/rose-infra/RoSE/soc/sw/xpu-rt/zephyr-chipyard-sw/modelblaster/examples/xpurt_demo_armB/int8/generated/3net_hetero_greedy_periodic.c:804:18: warning: 'sched_271_deps' defined but not used [-Wunused-const-variable=]
  804 | static const int sched_271_deps[] = { 268 };
      |                  ^~~~~~~~~~~~~~
/scratch/dima/rose-infra/RoSE/soc/sw/xpu-rt/zephyr-chipyard-sw/modelblaster/examples/xpurt_demo_armB/int8/generated/3net_hetero_greedy_periodic.c:803:18: warning: 'sched_271_harts' defined but not used [-Wunused-const-variable=]
  803 | static const int sched_271_harts[] = { 2 };
      |                  ^~~~~~~~~~~~~~~
/scratch/dima/rose-infra/RoSE/soc/sw/xpu-rt/zephyr-chipyard-sw/modelblaster/examples/xpurt_demo_armB/int8/generated/3net_hetero_greedy_periodic.c:802:18: warning: 'sched_270_fanout' defined but not used [-Wunused-const-variable=]
  802 | static const int sched_270_fanout[] = { 272 };
      |                  ^~~~~~~~~~~~~~~~
/scratch/dima/rose-infra/RoSE/soc/sw/xpu-rt/zephyr-chipyard-sw/modelblaster/examples/xpurt_demo_armB/int8/generated/3net_hetero_greedy_periodic.c:801:18: warning: 'sched_270_deps' defined but not used [-Wunused-const-variable=]
  801 | static const int sched_270_deps[] = { 269 };
      |                  ^~~~~~~~~~~~~~
/scratch/dima/rose-infra/RoSE/soc/sw/xpu-rt/zephyr-chipyard-sw/modelblaster/examples/xpurt_demo_armB/int8/generated/3net_hetero_greedy_periodic.c:800:18: warning: 'sched_270_harts' defined but not used [-Wunused-const-variable=]
  800 | static const int sched_270_harts[] = { 0 };
      |                  ^~~~~~~~~~~~~~~
/scratch/dima/rose-infra/RoSE/soc/sw/xpu-rt/zephyr-chipyard-sw/modelblaster/examples/xpurt_demo_armB/int8/generated/3net_hetero_greedy_periodic.c:799:18: warning: 'sched_269_fanout' defined but not used [-Wunused-const-variable=]
  799 | static const int sched_269_fanout[] = { 270 };
      |                  ^~~~~~~~~~~~~~~~
/scratch/dima/rose-infra/RoSE/soc/sw/xpu-rt/zephyr-chipyard-sw/modelblaster/examples/xpurt_demo_armB/int8/generated/3net_hetero_greedy_periodic.c:798:18: warning: 'sched_269_deps' defined but not used [-Wunused-const-variable=]
  798 | static const int sched_269_deps[] = { 268 };
      |                  ^~~~~~~~~~~~~~
/scratch/dima/rose-infra/RoSE/soc/sw/xpu-rt/zephyr-chipyard-sw/modelblaster/examples/xpurt_demo_armB/int8/generated/3net_hetero_greedy_periodic.c:797:18: warning: 'sched_269_harts' defined but not used [-Wunused-const-variable=]
  797 | static const int sched_269_harts[] = { 2 };
      |                  ^~~~~~~~~~~~~~~
/scratch/dima/rose-infra/RoSE/soc/sw/xpu-rt/zephyr-chipyard-sw/modelblaster/examples/xpurt_demo_armB/int8/generated/3net_hetero_greedy_periodic.c:796:18: warning: 'sched_268_fanout' defined but not used [-Wunused-const-variable=]
  796 | static const int sched_268_fanout[] = { 269, 271 };
      |                  ^~~~~~~~~~~~~~~~
/scratch/dima/rose-infra/RoSE/soc/sw/xpu-rt/zephyr-chipyard-sw/modelblaster/examples/xpurt_demo_armB/int8/generated/3net_hetero_greedy_periodic.c:795:18: warning: 'sched_268_deps' defined but not used [-Wunused-const-variable=]
  795 | static const int sched_268_deps[] = { 267 };
      |                  ^~~~~~~~~~~~~~
/scratch/dima/rose-infra/RoSE/soc/sw/xpu-rt/zephyr-chipyard-sw/modelblaster/examples/xpurt_demo_armB/int8/generated/3net_hetero_greedy_periodic.c:794:18: warning: 'sched_268_harts' defined but not used [-Wunused-const-variable=]
  794 | static const int sched_268_harts[] = { 2 };
      |                  ^~~~~~~~~~~~~~~
/scratch/dima/rose-infra/RoSE/soc/sw/xpu-rt/zephyr-chipyard-sw/modelblaster/examples/xpurt_demo_armB/int8/generated/3net_hetero_greedy_periodic.c:793:18: warning: 'sched_267_fanout' defined but not used [-Wunused-const-variable=]
  793 | static const int sched_267_fanout[] = { 268, 269 };
      |                  ^~~~~~~~~~~~~~~~
/scratch/dima/rose-infra/RoSE/soc/sw/xpu-rt/zephyr-chipyard-sw/modelblaster/examples/xpurt_demo_armB/int8/generated/3net_hetero_greedy_periodic.c:792:18: warning: 'sched_267_harts' defined but not used [-Wunused-const-variable=]
  792 | static const int sched_267_harts[] = { 2 };
      |                  ^~~~~~~~~~~~~~~
/scratch/dima/rose-infra/RoSE/soc/sw/xpu-rt/zephyr-chipyard-sw/modelblaster/examples/xpurt_demo_armB/int8/generated/3net_hetero_greedy_periodic.c:791:18: warning: 'sched_266_fanout' defined but not used [-Wunused-const-variable=]
  791 | static const int sched_266_fanout[] = { 270, 272 };
      |                  ^~~~~~~~~~~~~~~~
/scratch/dima/rose-infra/RoSE/soc/sw/xpu-rt/zephyr-chipyard-sw/modelblaster/examples/xpurt_demo_armB/int8/generated/3net_hetero_greedy_periodic.c:790:18: warning: 'sched_266_deps' defined but not used [-Wunused-const-variable=]
  790 | static const int sched_266_deps[] = { 264 };
      |                  ^~~~~~~~~~~~~~
/scratch/dima/rose-infra/RoSE/soc/sw/xpu-rt/zephyr-chipyard-sw/modelblaster/examples/xpurt_demo_armB/int8/generated/3net_hetero_greedy_periodic.c:789:18: warning: 'sched_266_harts' defined but not used [-Wunused-const-variable=]
  789 | static const int sched_266_harts[] = { 0 };
      |                  ^~~~~~~~~~~~~~~
/scratch/dima/rose-infra/RoSE/soc/sw/xpu-rt/zephyr-chipyard-sw/modelblaster/examples/xpurt_demo_armB/int8/generated/3net_hetero_greedy_periodic.c:788:18: warning: 'sched_265_fanout' defined but not used [-Wunused-const-variable=]
  788 | static const int sched_265_fanout[] = { 268 };
      |                  ^~~~~~~~~~~~~~~~
/scratch/dima/rose-infra/RoSE/soc/sw/xpu-rt/zephyr-chipyard-sw/modelblaster/examples/xpurt_demo_armB/int8/generated/3net_hetero_greedy_periodic.c:787:18: warning: 'sched_265_deps' defined but not used [-Wunused-const-variable=]
  787 | static const int sched_265_deps[] = { 263 };
      |                  ^~~~~~~~~~~~~~
/scratch/dima/rose-infra/RoSE/soc/sw/xpu-rt/zephyr-chipyard-sw/modelblaster/examples/xpurt_demo_armB/int8/generated/3net_hetero_greedy_periodic.c:786:18: warning: 'sched_265_harts' defined but not used [-Wunused-const-variable=]
  786 | static const int sched_265_harts[] = { 2 };
      |                  ^~~~~~~~~~~~~~~
/scratch/dima/rose-infra/RoSE/soc/sw/xpu-rt/zephyr-chipyard-sw/modelblaster/examples/xpurt_demo_armB/int8/generated/3net_hetero_greedy_periodic.c:785:18: warning: 'sched_264_fanout' defined but not used [-Wunused-const-variable=]
  785 | static const int sched_264_fanout[] = { 266, 267 };
      |                  ^~~~~~~~~~~~~~~~
/scratch/dima/rose-infra/RoSE/soc/sw/xpu-rt/zephyr-chipyard-sw/modelblaster/examples/xpurt_demo_armB/int8/generated/3net_hetero_greedy_periodic.c:784:18: warning: 'sched_264_deps' defined but not used [-Wunused-const-variable=]
  784 | static const int sched_264_deps[] = { 263 };
      |                  ^~~~~~~~~~~~~~
/scratch/dima/rose-infra/RoSE/soc/sw/xpu-rt/zephyr-chipyard-sw/modelblaster/examples/xpurt_demo_armB/int8/generated/3net_hetero_greedy_periodic.c:783:18: warning: 'sched_264_harts' defined but not used [-Wunused-const-variable=]
  783 | static const int sched_264_harts[] = { 2 };
      |                  ^~~~~~~~~~~~~~~
/scratch/dima/rose-infra/RoSE/soc/sw/xpu-rt/zephyr-chipyard-sw/modelblaster/examples/xpurt_demo_armB/int8/generated/3net_hetero_greedy_periodic.c:782:18: warning: 'sched_263_fanout' defined but not used [-Wunused-const-variable=]
  782 | static const int sched_263_fanout[] = { 264, 265 };
      |                  ^~~~~~~~~~~~~~~~
/scratch/dima/rose-infra/RoSE/soc/sw/xpu-rt/zephyr-chipyard-sw/modelblaster/examples/xpurt_demo_armB/int8/generated/3net_hetero_greedy_periodic.c:781:18: warning: 'sched_263_deps' defined but not used [-Wunused-const-variable=]
  781 | static const int sched_263_deps[] = { 262 };
      |                  ^~~~~~~~~~~~~~
/scratch/dima/rose-infra/RoSE/soc/sw/xpu-rt/zephyr-chipyard-sw/modelblaster/examples/xpurt_demo_armB/int8/generated/3net_hetero_greedy_periodic.c:780:18: warning: 'sched_263_harts' defined but not used [-Wunused-const-variable=]
  780 | static const int sched_263_harts[] = { 2 };
      |                  ^~~~~~~~~~~~~~~
/scratch/dima/rose-infra/RoSE/soc/sw/xpu-rt/zephyr-chipyard-sw/modelblaster/examples/xpurt_demo_armB/int8/generated/3net_hetero_greedy_periodic.c:779:18: warning: 'sched_262_fanout' defined but not used [-Wunused-const-variable=]
  779 | static const int sched_262_fanout[] = { 263, 264 };
      |                  ^~~~~~~~~~~~~~~~
/scratch/dima/rose-infra/RoSE/soc/sw/xpu-rt/zephyr-chipyard-sw/modelblaster/examples/xpurt_demo_armB/int8/generated/3net_hetero_greedy_periodic.c:778:18: warning: 'sched_262_deps' defined but not used [-Wunused-const-variable=]
  778 | static const int sched_262_deps[] = { 260, 261 };
      |                  ^~~~~~~~~~~~~~
/scratch/dima/rose-infra/RoSE/soc/sw/xpu-rt/zephyr-chipyard-sw/modelblaster/examples/xpurt_demo_armB/int8/generated/3net_hetero_greedy_periodic.c:777:18: warning: 'sched_262_harts' defined but not used [-Wunused-const-variable=]
  777 | static const int sched_262_harts[] = { 2 };
      |                  ^~~~~~~~~~~~~~~
/scratch/dima/rose-infra/RoSE/soc/sw/xpu-rt/zephyr-chipyard-sw/modelblaster/examples/xpurt_demo_armB/int8/generated/3net_hetero_greedy_periodic.c:776:18: warning: 'sched_261_fanout' defined but not used [-Wunused-const-variable=]
  776 | static const int sched_261_fanout[] = { 262, 266 };
      |                  ^~~~~~~~~~~~~~~~
/scratch/dima/rose-infra/RoSE/soc/sw/xpu-rt/zephyr-chipyard-sw/modelblaster/examples/xpurt_demo_armB/int8/generated/3net_hetero_greedy_periodic.c:775:18: warning: 'sched_261_deps' defined but not used [-Wunused-const-variable=]
  775 | static const int sched_261_deps[] = { 259 };
      |                  ^~~~~~~~~~~~~~
/scratch/dima/rose-infra/RoSE/soc/sw/xpu-rt/zephyr-chipyard-sw/modelblaster/examples/xpurt_demo_armB/int8/generated/3net_hetero_greedy_periodic.c:774:18: warning: 'sched_261_harts' defined but not used [-Wunused-const-variable=]
  774 | static const int sched_261_harts[] = { 0 };
      |                  ^~~~~~~~~~~~~~~
/scratch/dima/rose-infra/RoSE/soc/sw/xpu-rt/zephyr-chipyard-sw/modelblaster/examples/xpurt_demo_armB/int8/generated/3net_hetero_greedy_periodic.c:773:18: warning: 'sched_260_fanout' defined but not used [-Wunused-const-variable=]
  773 | static const int sched_260_fanout[] = { 262, 263 };
      |                  ^~~~~~~~~~~~~~~~
/scratch/dima/rose-infra/RoSE/soc/sw/xpu-rt/zephyr-chipyard-sw/modelblaster/examples/xpurt_demo_armB/int8/generated/3net_hetero_greedy_periodic.c:772:18: warning: 'sched_260_deps' defined but not used [-Wunused-const-variable=]
  772 | static const int sched_260_deps[] = { 257 };
      |                  ^~~~~~~~~~~~~~
/scratch/dima/rose-infra/RoSE/soc/sw/xpu-rt/zephyr-chipyard-sw/modelblaster/examples/xpurt_demo_armB/int8/generated/3net_hetero_greedy_periodic.c:771:18: warning: 'sched_260_harts' defined but not used [-Wunused-const-variable=]
  771 | static const int sched_260_harts[] = { 2 };
      |                  ^~~~~~~~~~~~~~~
/scratch/dima/rose-infra/RoSE/soc/sw/xpu-rt/zephyr-chipyard-sw/modelblaster/examples/xpurt_demo_armB/int8/generated/3net_hetero_greedy_periodic.c:770:18: warning: 'sched_259_fanout' defined but not used [-Wunused-const-variable=]
  770 | static const int sched_259_fanout[] = { 261 };
      |                  ^~~~~~~~~~~~~~~~
/scratch/dima/rose-infra/RoSE/soc/sw/xpu-rt/zephyr-chipyard-sw/modelblaster/examples/xpurt_demo_armB/int8/generated/3net_hetero_greedy_periodic.c:769:18: warning: 'sched_259_deps' defined but not used [-Wunused-const-variable=]
  769 | static const int sched_259_deps[] = { 258 };
      |                  ^~~~~~~~~~~~~~
/scratch/dima/rose-infra/RoSE/soc/sw/xpu-rt/zephyr-chipyard-sw/modelblaster/examples/xpurt_demo_armB/int8/generated/3net_hetero_greedy_periodic.c:768:18: warning: 'sched_259_harts' defined but not used [-Wunused-const-variable=]
  768 | static const int sched_259_harts[] = { 0 };
      |                  ^~~~~~~~~~~~~~~
/scratch/dima/rose-infra/RoSE/soc/sw/xpu-rt/zephyr-chipyard-sw/modelblaster/examples/xpurt_demo_armB/int8/generated/3net_hetero_greedy_periodic.c:767:18: warning: 'sched_258_fanout' defined but not used [-Wunused-const-variable=]
  767 | static const int sched_258_fanout[] = { 259 };
      |                  ^~~~~~~~~~~~~~~~
/scratch/dima/rose-infra/RoSE/soc/sw/xpu-rt/zephyr-chipyard-sw/modelblaster/examples/xpurt_demo_armB/int8/generated/3net_hetero_greedy_periodic.c:766:18: warning: 'sched_258_deps' defined but not used [-Wunused-const-variable=]
  766 | static const int sched_258_deps[] = { 257 };
      |                  ^~~~~~~~~~~~~~
/scratch/dima/rose-infra/RoSE/soc/sw/xpu-rt/zephyr-chipyard-sw/modelblaster/examples/xpurt_demo_armB/int8/generated/3net_hetero_greedy_periodic.c:765:18: warning: 'sched_258_harts' defined but not used [-Wunused-const-variable=]
  765 | static const int sched_258_harts[] = { 2 };
      |                  ^~~~~~~~~~~~~~~
/scratch/dima/rose-infra/RoSE/soc/sw/xpu-rt/zephyr-chipyard-sw/modelblaster/examples/xpurt_demo_armB/int8/generated/3net_hetero_greedy_periodic.c:764:18: warning: 'sched_257_fanout' defined but not used [-Wunused-const-variable=]
  764 | static const int sched_257_fanout[] = { 258, 260 };
      |                  ^~~~~~~~~~~~~~~~
/scratch/dima/rose-infra/RoSE/soc/sw/xpu-rt/zephyr-chipyard-sw/modelblaster/examples/xpurt_demo_armB/int8/generated/3net_hetero_greedy_periodic.c:763:18: warning: 'sched_257_deps' defined but not used [-Wunused-const-variable=]
  763 | static const int sched_257_deps[] = { 254, 256 };
      |                  ^~~~~~~~~~~~~~
/scratch/dima/rose-infra/RoSE/soc/sw/xpu-rt/zephyr-chipyard-sw/modelblaster/examples/xpurt_demo_armB/int8/generated/3net_hetero_greedy_periodic.c:762:18: warning: 'sched_257_harts' defined but not used [-Wunused-const-variable=]
  762 | static const int sched_257_harts[] = { 2 };
      |                  ^~~~~~~~~~~~~~~
/scratch/dima/rose-infra/RoSE/soc/sw/xpu-rt/zephyr-chipyard-sw/modelblaster/examples/xpurt_demo_armB/int8/generated/3net_hetero_greedy_periodic.c:761:18: warning: 'sched_256_fanout' defined but not used [-Wunused-const-variable=]
  761 | static const int sched_256_fanout[] = { 257, 259, 261 };
      |                  ^~~~~~~~~~~~~~~~
/scratch/dima/rose-infra/RoSE/soc/sw/xpu-rt/zephyr-chipyard-sw/modelblaster/examples/xpurt_demo_armB/int8/generated/3net_hetero_greedy_periodic.c:760:18: warning: 'sched_256_deps' defined but not used [-Wunused-const-variable=]
  760 | static const int sched_256_deps[] = { 255 };
      |                  ^~~~~~~~~~~~~~
/scratch/dima/rose-infra/RoSE/soc/sw/xpu-rt/zephyr-chipyard-sw/modelblaster/examples/xpurt_demo_armB/int8/generated/3net_hetero_greedy_periodic.c:759:18: warning: 'sched_256_harts' defined but not used [-Wunused-const-variable=]
  759 | static const int sched_256_harts[] = { 0 };
      |                  ^~~~~~~~~~~~~~~
/scratch/dima/rose-infra/RoSE/soc/sw/xpu-rt/zephyr-chipyard-sw/modelblaster/examples/xpurt_demo_armB/int8/generated/3net_hetero_greedy_periodic.c:758:18: warning: 'sched_255_fanout' defined but not used [-Wunused-const-variable=]
  758 | static const int sched_255_fanout[] = { 256 };
      |                  ^~~~~~~~~~~~~~~~
/scratch/dima/rose-infra/RoSE/soc/sw/xpu-rt/zephyr-chipyard-sw/modelblaster/examples/xpurt_demo_armB/int8/generated/3net_hetero_greedy_periodic.c:757:18: warning: 'sched_255_deps' defined but not used [-Wunused-const-variable=]
  757 | static const int sched_255_deps[] = { 253 };
      |                  ^~~~~~~~~~~~~~
/scratch/dima/rose-infra/RoSE/soc/sw/xpu-rt/zephyr-chipyard-sw/modelblaster/examples/xpurt_demo_armB/int8/generated/3net_hetero_greedy_periodic.c:756:18: warning: 'sched_255_harts' defined but not used [-Wunused-const-variable=]
  756 | static const int sched_255_harts[] = { 0 };
      |                  ^~~~~~~~~~~~~~~
/scratch/dima/rose-infra/RoSE/soc/sw/xpu-rt/zephyr-chipyard-sw/modelblaster/examples/xpurt_demo_armB/int8/generated/3net_hetero_greedy_periodic.c:755:18: warning: 'sched_254_fanout' defined but not used [-Wunused-const-variable=]
  755 | static const int sched_254_fanout[] = { 257, 258 };
      |                  ^~~~~~~~~~~~~~~~
/scratch/dima/rose-infra/RoSE/soc/sw/xpu-rt/zephyr-chipyard-sw/modelblaster/examples/xpurt_demo_armB/int8/generated/3net_hetero_greedy_periodic.c:754:18: warning: 'sched_254_deps' defined but not used [-Wunused-const-variable=]
  754 | static const int sched_254_deps[] = { 252 };
      |                  ^~~~~~~~~~~~~~
/scratch/dima/rose-infra/RoSE/soc/sw/xpu-rt/zephyr-chipyard-sw/modelblaster/examples/xpurt_demo_armB/int8/generated/3net_hetero_greedy_periodic.c:753:18: warning: 'sched_254_harts' defined but not used [-Wunused-const-variable=]
  753 | static const int sched_254_harts[] = { 2 };
      |                  ^~~~~~~~~~~~~~~
/scratch/dima/rose-infra/RoSE/soc/sw/xpu-rt/zephyr-chipyard-sw/modelblaster/examples/xpurt_demo_armB/int8/generated/3net_hetero_greedy_periodic.c:752:18: warning: 'sched_253_fanout' defined but not used [-Wunused-const-variable=]
  752 | static const int sched_253_fanout[] = { 255 };
      |                  ^~~~~~~~~~~~~~~~
/scratch/dima/rose-infra/RoSE/soc/sw/xpu-rt/zephyr-chipyard-sw/modelblaster/examples/xpurt_demo_armB/int8/generated/3net_hetero_greedy_periodic.c:751:18: warning: 'sched_253_deps' defined but not used [-Wunused-const-variable=]
  751 | static const int sched_253_deps[] = { 252 };
      |                  ^~~~~~~~~~~~~~
/scratch/dima/rose-infra/RoSE/soc/sw/xpu-rt/zephyr-chipyard-sw/modelblaster/examples/xpurt_demo_armB/int8/generated/3net_hetero_greedy_periodic.c:750:18: warning: 'sched_253_harts' defined but not used [-Wunused-const-variable=]
  750 | static const int sched_253_harts[] = { 2 };
      |                  ^~~~~~~~~~~~~~~
/scratch/dima/rose-infra/RoSE/soc/sw/xpu-rt/zephyr-chipyard-sw/modelblaster/examples/xpurt_demo_armB/int8/generated/3net_hetero_greedy_periodic.c:749:18: warning: 'sched_252_fanout' defined but not used [-Wunused-const-variable=]
  749 | static const int sched_252_fanout[] = { 253, 254 };
      |                  ^~~~~~~~~~~~~~~~
/scratch/dima/rose-infra/RoSE/soc/sw/xpu-rt/zephyr-chipyard-sw/modelblaster/examples/xpurt_demo_armB/int8/generated/3net_hetero_greedy_periodic.c:748:18: warning: 'sched_252_deps' defined but not used [-Wunused-const-variable=]
  748 | static const int sched_252_deps[] = { 250, 251 };
      |                  ^~~~~~~~~~~~~~
/scratch/dima/rose-infra/RoSE/soc/sw/xpu-rt/zephyr-chipyard-sw/modelblaster/examples/xpurt_demo_armB/int8/generated/3net_hetero_greedy_periodic.c:747:18: warning: 'sched_252_harts' defined but not used [-Wunused-const-variable=]
  747 | static const int sched_252_harts[] = { 2 };
      |                  ^~~~~~~~~~~~~~~
/scratch/dima/rose-infra/RoSE/soc/sw/xpu-rt/zephyr-chipyard-sw/modelblaster/examples/xpurt_demo_armB/int8/generated/3net_hetero_greedy_periodic.c:746:18: warning: 'sched_251_fanout' defined but not used [-Wunused-const-variable=]
  746 | static const int sched_251_fanout[] = { 252, 255, 256 };
      |                  ^~~~~~~~~~~~~~~~
/scratch/dima/rose-infra/RoSE/soc/sw/xpu-rt/zephyr-chipyard-sw/modelblaster/examples/xpurt_demo_armB/int8/generated/3net_hetero_greedy_periodic.c:745:18: warning: 'sched_251_deps' defined but not used [-Wunused-const-variable=]
  745 | static const int sched_251_deps[] = { 249 };
      |                  ^~~~~~~~~~~~~~
/scratch/dima/rose-infra/RoSE/soc/sw/xpu-rt/zephyr-chipyard-sw/modelblaster/examples/xpurt_demo_armB/int8/generated/3net_hetero_greedy_periodic.c:744:18: warning: 'sched_251_harts' defined but not used [-Wunused-const-variable=]
  744 | static const int sched_251_harts[] = { 0 };
      |                  ^~~~~~~~~~~~~~~
/scratch/dima/rose-infra/RoSE/soc/sw/xpu-rt/zephyr-chipyard-sw/modelblaster/examples/xpurt_demo_armB/int8/generated/3net_hetero_greedy_periodic.c:743:18: warning: 'sched_250_fanout' defined but not used [-Wunused-const-variable=]
  743 | static const int sched_250_fanout[] = { 252, 253 };
      |                  ^~~~~~~~~~~~~~~~
/scratch/dima/rose-infra/RoSE/soc/sw/xpu-rt/zephyr-chipyard-sw/modelblaster/examples/xpurt_demo_armB/int8/generated/3net_hetero_greedy_periodic.c:742:18: warning: 'sched_250_deps' defined but not used [-Wunused-const-variable=]
  742 | static const int sched_250_deps[] = { 247 };
      |                  ^~~~~~~~~~~~~~
/scratch/dima/rose-infra/RoSE/soc/sw/xpu-rt/zephyr-chipyard-sw/modelblaster/examples/xpurt_demo_armB/int8/generated/3net_hetero_greedy_periodic.c:741:18: warning: 'sched_250_harts' defined but not used [-Wunused-const-variable=]
  741 | static const int sched_250_harts[] = { 2 };
      |                  ^~~~~~~~~~~~~~~
/scratch/dima/rose-infra/RoSE/soc/sw/xpu-rt/zephyr-chipyard-sw/modelblaster/examples/xpurt_demo_armB/int8/generated/3net_hetero_greedy_periodic.c:740:18: warning: 'sched_249_fanout' defined but not used [-Wunused-const-variable=]
  740 | static const int sched_249_fanout[] = { 251 };
      |                  ^~~~~~~~~~~~~~~~
/scratch/dima/rose-infra/RoSE/soc/sw/xpu-rt/zephyr-chipyard-sw/modelblaster/examples/xpurt_demo_armB/int8/generated/3net_hetero_greedy_periodic.c:739:18: warning: 'sched_249_deps' defined but not used [-Wunused-const-variable=]
  739 | static const int sched_249_deps[] = { 248 };
      |                  ^~~~~~~~~~~~~~
/scratch/dima/rose-infra/RoSE/soc/sw/xpu-rt/zephyr-chipyard-sw/modelblaster/examples/xpurt_demo_armB/int8/generated/3net_hetero_greedy_periodic.c:738:18: warning: 'sched_249_harts' defined but not used [-Wunused-const-variable=]
  738 | static const int sched_249_harts[] = { 0 };
      |                  ^~~~~~~~~~~~~~~
/scratch/dima/rose-infra/RoSE/soc/sw/xpu-rt/zephyr-chipyard-sw/modelblaster/examples/xpurt_demo_armB/int8/generated/3net_hetero_greedy_periodic.c:737:18: warning: 'sched_248_fanout' defined but not used [-Wunused-const-variable=]
  737 | static const int sched_248_fanout[] = { 249 };
      |                  ^~~~~~~~~~~~~~~~
/scratch/dima/rose-infra/RoSE/soc/sw/xpu-rt/zephyr-chipyard-sw/modelblaster/examples/xpurt_demo_armB/int8/generated/3net_hetero_greedy_periodic.c:736:18: warning: 'sched_248_deps' defined but not used [-Wunused-const-variable=]
  736 | static const int sched_248_deps[] = { 247 };
      |                  ^~~~~~~~~~~~~~
/scratch/dima/rose-infra/RoSE/soc/sw/xpu-rt/zephyr-chipyard-sw/modelblaster/examples/xpurt_demo_armB/int8/generated/3net_hetero_greedy_periodic.c:735:18: warning: 'sched_248_harts' defined but not used [-Wunused-const-variable=]
  735 | static const int sched_248_harts[] = { 2 };
      |                  ^~~~~~~~~~~~~~~
/scratch/dima/rose-infra/RoSE/soc/sw/xpu-rt/zephyr-chipyard-sw/modelblaster/examples/xpurt_demo_armB/int8/generated/3net_hetero_greedy_periodic.c:734:18: warning: 'sched_247_fanout' defined but not used [-Wunused-const-variable=]
  734 | static const int sched_247_fanout[] = { 248, 250 };
      |                  ^~~~~~~~~~~~~~~~
/scratch/dima/rose-infra/RoSE/soc/sw/xpu-rt/zephyr-chipyard-sw/modelblaster/examples/xpurt_demo_armB/int8/generated/3net_hetero_greedy_periodic.c:733:18: warning: 'sched_247_deps' defined but not used [-Wunused-const-variable=]
  733 | static const int sched_247_deps[] = { 246 };
      |                  ^~~~~~~~~~~~~~
/scratch/dima/rose-infra/RoSE/soc/sw/xpu-rt/zephyr-chipyard-sw/modelblaster/examples/xpurt_demo_armB/int8/generated/3net_hetero_greedy_periodic.c:732:18: warning: 'sched_247_harts' defined but not used [-Wunused-const-variable=]
  732 | static const int sched_247_harts[] = { 2 };
      |                  ^~~~~~~~~~~~~~~
/scratch/dima/rose-infra/RoSE/soc/sw/xpu-rt/zephyr-chipyard-sw/modelblaster/examples/xpurt_demo_armB/int8/generated/3net_hetero_greedy_periodic.c:731:18: warning: 'sched_246_fanout' defined but not used [-Wunused-const-variable=]
  731 | static const int sched_246_fanout[] = { 247, 248 };
      |                  ^~~~~~~~~~~~~~~~
/scratch/dima/rose-infra/RoSE/soc/sw/xpu-rt/zephyr-chipyard-sw/modelblaster/examples/xpurt_demo_armB/int8/generated/3net_hetero_greedy_periodic.c:730:18: warning: 'sched_246_harts' defined but not used [-Wunused-const-variable=]
  730 | static const int sched_246_harts[] = { 2 };
      |                  ^~~~~~~~~~~~~~~
/scratch/dima/rose-infra/RoSE/soc/sw/xpu-rt/zephyr-chipyard-sw/modelblaster/examples/xpurt_demo_armB/int8/generated/3net_hetero_greedy_periodic.c:729:18: warning: 'sched_245_fanout' defined but not used [-Wunused-const-variable=]
  729 | static const int sched_245_fanout[] = { 249, 251 };
      |                  ^~~~~~~~~~~~~~~~
/scratch/dima/rose-infra/RoSE/soc/sw/xpu-rt/zephyr-chipyard-sw/modelblaster/examples/xpurt_demo_armB/int8/generated/3net_hetero_greedy_periodic.c:728:18: warning: 'sched_245_deps' defined but not used [-Wunused-const-variable=]
  728 | static const int sched_245_deps[] = { 243 };
      |                  ^~~~~~~~~~~~~~
/scratch/dima/rose-infra/RoSE/soc/sw/xpu-rt/zephyr-chipyard-sw/modelblaster/examples/xpurt_demo_armB/int8/generated/3net_hetero_greedy_periodic.c:727:18: warning: 'sched_245_harts' defined but not used [-Wunused-const-variable=]
  727 | static const int sched_245_harts[] = { 0 };
      |                  ^~~~~~~~~~~~~~~
/scratch/dima/rose-infra/RoSE/soc/sw/xpu-rt/zephyr-chipyard-sw/modelblaster/examples/xpurt_demo_armB/int8/generated/3net_hetero_greedy_periodic.c:726:18: warning: 'sched_244_fanout' defined but not used [-Wunused-const-variable=]
  726 | static const int sched_244_fanout[] = { 247 };
      |                  ^~~~~~~~~~~~~~~~
/scratch/dima/rose-infra/RoSE/soc/sw/xpu-rt/zephyr-chipyard-sw/modelblaster/examples/xpurt_demo_armB/int8/generated/3net_hetero_greedy_periodic.c:725:18: warning: 'sched_244_deps' defined but not used [-Wunused-const-variable=]
  725 | static const int sched_244_deps[] = { 242 };
      |                  ^~~~~~~~~~~~~~
/scratch/dima/rose-infra/RoSE/soc/sw/xpu-rt/zephyr-chipyard-sw/modelblaster/examples/xpurt_demo_armB/int8/generated/3net_hetero_greedy_periodic.c:724:18: warning: 'sched_244_harts' defined but not used [-Wunused-const-variable=]
  724 | static const int sched_244_harts[] = { 2 };
      |                  ^~~~~~~~~~~~~~~
/scratch/dima/rose-infra/RoSE/soc/sw/xpu-rt/zephyr-chipyard-sw/modelblaster/examples/xpurt_demo_armB/int8/generated/3net_hetero_greedy_periodic.c:723:18: warning: 'sched_243_fanout' defined but not used [-Wunused-const-variable=]
  723 | static const int sched_243_fanout[] = { 245, 246 };
      |                  ^~~~~~~~~~~~~~~~
/scratch/dima/rose-infra/RoSE/soc/sw/xpu-rt/zephyr-chipyard-sw/modelblaster/examples/xpurt_demo_armB/int8/generated/3net_hetero_greedy_periodic.c:722:18: warning: 'sched_243_deps' defined but not used [-Wunused-const-variable=]
  722 | static const int sched_243_deps[] = { 242 };
      |                  ^~~~~~~~~~~~~~
/scratch/dima/rose-infra/RoSE/soc/sw/xpu-rt/zephyr-chipyard-sw/modelblaster/examples/xpurt_demo_armB/int8/generated/3net_hetero_greedy_periodic.c:721:18: warning: 'sched_243_harts' defined but not used [-Wunused-const-variable=]
  721 | static const int sched_243_harts[] = { 2 };
      |                  ^~~~~~~~~~~~~~~
/scratch/dima/rose-infra/RoSE/soc/sw/xpu-rt/zephyr-chipyard-sw/modelblaster/examples/xpurt_demo_armB/int8/generated/3net_hetero_greedy_periodic.c:720:18: warning: 'sched_242_fanout' defined but not used [-Wunused-const-variable=]
  720 | static const int sched_242_fanout[] = { 243, 244 };
      |                  ^~~~~~~~~~~~~~~~
/scratch/dima/rose-infra/RoSE/soc/sw/xpu-rt/zephyr-chipyard-sw/modelblaster/examples/xpurt_demo_armB/int8/generated/3net_hetero_greedy_periodic.c:719:18: warning: 'sched_242_deps' defined but not used [-Wunused-const-variable=]
  719 | static const int sched_242_deps[] = { 241 };
      |                  ^~~~~~~~~~~~~~
/scratch/dima/rose-infra/RoSE/soc/sw/xpu-rt/zephyr-chipyard-sw/modelblaster/examples/xpurt_demo_armB/int8/generated/3net_hetero_greedy_periodic.c:718:18: warning: 'sched_242_harts' defined but not used [-Wunused-const-variable=]
  718 | static const int sched_242_harts[] = { 2 };
      |                  ^~~~~~~~~~~~~~~
/scratch/dima/rose-infra/RoSE/soc/sw/xpu-rt/zephyr-chipyard-sw/modelblaster/examples/xpurt_demo_armB/int8/generated/3net_hetero_greedy_periodic.c:717:18: warning: 'sched_241_fanout' defined but not used [-Wunused-const-variable=]
  717 | static const int sched_241_fanout[] = { 242, 243 };
      |                  ^~~~~~~~~~~~~~~~
/scratch/dima/rose-infra/RoSE/soc/sw/xpu-rt/zephyr-chipyard-sw/modelblaster/examples/xpurt_demo_armB/int8/generated/3net_hetero_greedy_periodic.c:716:18: warning: 'sched_241_deps' defined but not used [-Wunused-const-variable=]
  716 | static const int sched_241_deps[] = { 239, 240 };
      |                  ^~~~~~~~~~~~~~
/scratch/dima/rose-infra/RoSE/soc/sw/xpu-rt/zephyr-chipyard-sw/modelblaster/examples/xpurt_demo_armB/int8/generated/3net_hetero_greedy_periodic.c:715:18: warning: 'sched_241_harts' defined but not used [-Wunused-const-variable=]
  715 | static const int sched_241_harts[] = { 2 };
      |                  ^~~~~~~~~~~~~~~
/scratch/dima/rose-infra/RoSE/soc/sw/xpu-rt/zephyr-chipyard-sw/modelblaster/examples/xpurt_demo_armB/int8/generated/3net_hetero_greedy_periodic.c:714:18: warning: 'sched_240_fanout' defined but not used [-Wunused-const-variable=]
  714 | static const int sched_240_fanout[] = { 241, 245 };
      |                  ^~~~~~~~~~~~~~~~
/scratch/dima/rose-infra/RoSE/soc/sw/xpu-rt/zephyr-chipyard-sw/modelblaster/examples/xpurt_demo_armB/int8/generated/3net_hetero_greedy_periodic.c:713:18: warning: 'sched_240_deps' defined but not used [-Wunused-const-variable=]
  713 | static const int sched_240_deps[] = { 238 };
      |                  ^~~~~~~~~~~~~~
/scratch/dima/rose-infra/RoSE/soc/sw/xpu-rt/zephyr-chipyard-sw/modelblaster/examples/xpurt_demo_armB/int8/generated/3net_hetero_greedy_periodic.c:712:18: warning: 'sched_240_harts' defined but not used [-Wunused-const-variable=]
  712 | static const int sched_240_harts[] = { 0 };
      |                  ^~~~~~~~~~~~~~~
/scratch/dima/rose-infra/RoSE/soc/sw/xpu-rt/zephyr-chipyard-sw/modelblaster/examples/xpurt_demo_armB/int8/generated/3net_hetero_greedy_periodic.c:711:18: warning: 'sched_239_fanout' defined but not used [-Wunused-const-variable=]
  711 | static const int sched_239_fanout[] = { 241, 242 };
      |                  ^~~~~~~~~~~~~~~~
/scratch/dima/rose-infra/RoSE/soc/sw/xpu-rt/zephyr-chipyard-sw/modelblaster/examples/xpurt_demo_armB/int8/generated/3net_hetero_greedy_periodic.c:710:18: warning: 'sched_239_deps' defined but not used [-Wunused-const-variable=]
  710 | static const int sched_239_deps[] = { 236 };
      |                  ^~~~~~~~~~~~~~
/scratch/dima/rose-infra/RoSE/soc/sw/xpu-rt/zephyr-chipyard-sw/modelblaster/examples/xpurt_demo_armB/int8/generated/3net_hetero_greedy_periodic.c:709:18: warning: 'sched_239_harts' defined but not used [-Wunused-const-variable=]
  709 | static const int sched_239_harts[] = { 2 };
      |                  ^~~~~~~~~~~~~~~
/scratch/dima/rose-infra/RoSE/soc/sw/xpu-rt/zephyr-chipyard-sw/modelblaster/examples/xpurt_demo_armB/int8/generated/3net_hetero_greedy_periodic.c:708:18: warning: 'sched_238_fanout' defined but not used [-Wunused-const-variable=]
  708 | static const int sched_238_fanout[] = { 240 };
      |                  ^~~~~~~~~~~~~~~~
/scratch/dima/rose-infra/RoSE/soc/sw/xpu-rt/zephyr-chipyard-sw/modelblaster/examples/xpurt_demo_armB/int8/generated/3net_hetero_greedy_periodic.c:707:18: warning: 'sched_238_deps' defined but not used [-Wunused-const-variable=]
  707 | static const int sched_238_deps[] = { 237 };
      |                  ^~~~~~~~~~~~~~
/scratch/dima/rose-infra/RoSE/soc/sw/xpu-rt/zephyr-chipyard-sw/modelblaster/examples/xpurt_demo_armB/int8/generated/3net_hetero_greedy_periodic.c:706:18: warning: 'sched_238_harts' defined but not used [-Wunused-const-variable=]
  706 | static const int sched_238_harts[] = { 0 };
      |                  ^~~~~~~~~~~~~~~
/scratch/dima/rose-infra/RoSE/soc/sw/xpu-rt/zephyr-chipyard-sw/modelblaster/examples/xpurt_demo_armB/int8/generated/3net_hetero_greedy_periodic.c:705:18: warning: 'sched_237_fanout' defined but not used [-Wunused-const-variable=]
  705 | static const int sched_237_fanout[] = { 238 };
      |                  ^~~~~~~~~~~~~~~~
/scratch/dima/rose-infra/RoSE/soc/sw/xpu-rt/zephyr-chipyard-sw/modelblaster/examples/xpurt_demo_armB/int8/generated/3net_hetero_greedy_periodic.c:704:18: warning: 'sched_237_deps' defined but not used [-Wunused-const-variable=]
  704 | static const int sched_237_deps[] = { 236 };
      |                  ^~~~~~~~~~~~~~
/scratch/dima/rose-infra/RoSE/soc/sw/xpu-rt/zephyr-chipyard-sw/modelblaster/examples/xpurt_demo_armB/int8/generated/3net_hetero_greedy_periodic.c:703:18: warning: 'sched_237_harts' defined but not used [-Wunused-const-variable=]
  703 | static const int sched_237_harts[] = { 2 };
      |                  ^~~~~~~~~~~~~~~
/scratch/dima/rose-infra/RoSE/soc/sw/xpu-rt/zephyr-chipyard-sw/modelblaster/examples/xpurt_demo_armB/int8/generated/3net_hetero_greedy_periodic.c:702:18: warning: 'sched_236_fanout' defined but not used [-Wunused-const-variable=]
  702 | static const int sched_236_fanout[] = { 237, 239 };
      |                  ^~~~~~~~~~~~~~~~
/scratch/dima/rose-infra/RoSE/soc/sw/xpu-rt/zephyr-chipyard-sw/modelblaster/examples/xpurt_demo_armB/int8/generated/3net_hetero_greedy_periodic.c:701:18: warning: 'sched_236_deps' defined but not used [-Wunused-const-variable=]
  701 | static const int sched_236_deps[] = { 233, 235 };
      |                  ^~~~~~~~~~~~~~
/scratch/dima/rose-infra/RoSE/soc/sw/xpu-rt/zephyr-chipyard-sw/modelblaster/examples/xpurt_demo_armB/int8/generated/3net_hetero_greedy_periodic.c:700:18: warning: 'sched_236_harts' defined but not used [-Wunused-const-variable=]
  700 | static const int sched_236_harts[] = { 2 };
      |                  ^~~~~~~~~~~~~~~
/scratch/dima/rose-infra/RoSE/soc/sw/xpu-rt/zephyr-chipyard-sw/modelblaster/examples/xpurt_demo_armB/int8/generated/3net_hetero_greedy_periodic.c:699:18: warning: 'sched_235_fanout' defined but not used [-Wunused-const-variable=]
  699 | static const int sched_235_fanout[] = { 236, 238, 240 };
      |                  ^~~~~~~~~~~~~~~~
/scratch/dima/rose-infra/RoSE/soc/sw/xpu-rt/zephyr-chipyard-sw/modelblaster/examples/xpurt_demo_armB/int8/generated/3net_hetero_greedy_periodic.c:698:18: warning: 'sched_235_deps' defined but not used [-Wunused-const-variable=]
  698 | static const int sched_235_deps[] = { 234 };
      |                  ^~~~~~~~~~~~~~
/scratch/dima/rose-infra/RoSE/soc/sw/xpu-rt/zephyr-chipyard-sw/modelblaster/examples/xpurt_demo_armB/int8/generated/3net_hetero_greedy_periodic.c:697:18: warning: 'sched_235_harts' defined but not used [-Wunused-const-variable=]
  697 | static const int sched_235_harts[] = { 0 };
      |                  ^~~~~~~~~~~~~~~
/scratch/dima/rose-infra/RoSE/soc/sw/xpu-rt/zephyr-chipyard-sw/modelblaster/examples/xpurt_demo_armB/int8/generated/3net_hetero_greedy_periodic.c:696:18: warning: 'sched_234_fanout' defined but not used [-Wunused-const-variable=]
  696 | static const int sched_234_fanout[] = { 235 };
      |                  ^~~~~~~~~~~~~~~~
/scratch/dima/rose-infra/RoSE/soc/sw/xpu-rt/zephyr-chipyard-sw/modelblaster/examples/xpurt_demo_armB/int8/generated/3net_hetero_greedy_periodic.c:695:18: warning: 'sched_234_deps' defined but not used [-Wunused-const-variable=]
  695 | static const int sched_234_deps[] = { 232 };
      |                  ^~~~~~~~~~~~~~
/scratch/dima/rose-infra/RoSE/soc/sw/xpu-rt/zephyr-chipyard-sw/modelblaster/examples/xpurt_demo_armB/int8/generated/3net_hetero_greedy_periodic.c:694:18: warning: 'sched_234_harts' defined but not used [-Wunused-const-variable=]
  694 | static const int sched_234_harts[] = { 0 };
      |                  ^~~~~~~~~~~~~~~
/scratch/dima/rose-infra/RoSE/soc/sw/xpu-rt/zephyr-chipyard-sw/modelblaster/examples/xpurt_demo_armB/int8/generated/3net_hetero_greedy_periodic.c:693:18: warning: 'sched_233_fanout' defined but not used [-Wunused-const-variable=]
  693 | static const int sched_233_fanout[] = { 236, 237 };
      |                  ^~~~~~~~~~~~~~~~
/scratch/dima/rose-infra/RoSE/soc/sw/xpu-rt/zephyr-chipyard-sw/modelblaster/examples/xpurt_demo_armB/int8/generated/3net_hetero_greedy_periodic.c:692:18: warning: 'sched_233_deps' defined but not used [-Wunused-const-variable=]
  692 | static const int sched_233_deps[] = { 231 };
      |                  ^~~~~~~~~~~~~~
/scratch/dima/rose-infra/RoSE/soc/sw/xpu-rt/zephyr-chipyard-sw/modelblaster/examples/xpurt_demo_armB/int8/generated/3net_hetero_greedy_periodic.c:691:18: warning: 'sched_233_harts' defined but not used [-Wunused-const-variable=]
  691 | static const int sched_233_harts[] = { 2 };
      |                  ^~~~~~~~~~~~~~~
/scratch/dima/rose-infra/RoSE/soc/sw/xpu-rt/zephyr-chipyard-sw/modelblaster/examples/xpurt_demo_armB/int8/generated/3net_hetero_greedy_periodic.c:690:18: warning: 'sched_232_fanout' defined but not used [-Wunused-const-variable=]
  690 | static const int sched_232_fanout[] = { 234 };
      |                  ^~~~~~~~~~~~~~~~
/scratch/dima/rose-infra/RoSE/soc/sw/xpu-rt/zephyr-chipyard-sw/modelblaster/examples/xpurt_demo_armB/int8/generated/3net_hetero_greedy_periodic.c:689:18: warning: 'sched_232_deps' defined but not used [-Wunused-const-variable=]
  689 | static const int sched_232_deps[] = { 231 };
      |                  ^~~~~~~~~~~~~~
/scratch/dima/rose-infra/RoSE/soc/sw/xpu-rt/zephyr-chipyard-sw/modelblaster/examples/xpurt_demo_armB/int8/generated/3net_hetero_greedy_periodic.c:688:18: warning: 'sched_232_harts' defined but not used [-Wunused-const-variable=]
  688 | static const int sched_232_harts[] = { 2 };
      |                  ^~~~~~~~~~~~~~~
/scratch/dima/rose-infra/RoSE/soc/sw/xpu-rt/zephyr-chipyard-sw/modelblaster/examples/xpurt_demo_armB/int8/generated/3net_hetero_greedy_periodic.c:687:18: warning: 'sched_231_fanout' defined but not used [-Wunused-const-variable=]
  687 | static const int sched_231_fanout[] = { 232, 233 };
      |                  ^~~~~~~~~~~~~~~~
/scratch/dima/rose-infra/RoSE/soc/sw/xpu-rt/zephyr-chipyard-sw/modelblaster/examples/xpurt_demo_armB/int8/generated/3net_hetero_greedy_periodic.c:686:18: warning: 'sched_231_deps' defined but not used [-Wunused-const-variable=]
  686 | static const int sched_231_deps[] = { 229, 230 };
      |                  ^~~~~~~~~~~~~~
/scratch/dima/rose-infra/RoSE/soc/sw/xpu-rt/zephyr-chipyard-sw/modelblaster/examples/xpurt_demo_armB/int8/generated/3net_hetero_greedy_periodic.c:685:18: warning: 'sched_231_harts' defined but not used [-Wunused-const-variable=]
  685 | static const int sched_231_harts[] = { 2 };
      |                  ^~~~~~~~~~~~~~~
/scratch/dima/rose-infra/RoSE/soc/sw/xpu-rt/zephyr-chipyard-sw/modelblaster/examples/xpurt_demo_armB/int8/generated/3net_hetero_greedy_periodic.c:684:18: warning: 'sched_230_fanout' defined but not used [-Wunused-const-variable=]
  684 | static const int sched_230_fanout[] = { 231, 234, 235 };
      |                  ^~~~~~~~~~~~~~~~
/scratch/dima/rose-infra/RoSE/soc/sw/xpu-rt/zephyr-chipyard-sw/modelblaster/examples/xpurt_demo_armB/int8/generated/3net_hetero_greedy_periodic.c:683:18: warning: 'sched_230_deps' defined but not used [-Wunused-const-variable=]
  683 | static const int sched_230_deps[] = { 228 };
      |                  ^~~~~~~~~~~~~~
/scratch/dima/rose-infra/RoSE/soc/sw/xpu-rt/zephyr-chipyard-sw/modelblaster/examples/xpurt_demo_armB/int8/generated/3net_hetero_greedy_periodic.c:682:18: warning: 'sched_230_harts' defined but not used [-Wunused-const-variable=]
  682 | static const int sched_230_harts[] = { 0 };
      |                  ^~~~~~~~~~~~~~~
/scratch/dima/rose-infra/RoSE/soc/sw/xpu-rt/zephyr-chipyard-sw/modelblaster/examples/xpurt_demo_armB/int8/generated/3net_hetero_greedy_periodic.c:681:18: warning: 'sched_229_fanout' defined but not used [-Wunused-const-variable=]
  681 | static const int sched_229_fanout[] = { 231, 232 };
      |                  ^~~~~~~~~~~~~~~~
/scratch/dima/rose-infra/RoSE/soc/sw/xpu-rt/zephyr-chipyard-sw/modelblaster/examples/xpurt_demo_armB/int8/generated/3net_hetero_greedy_periodic.c:680:18: warning: 'sched_229_deps' defined but not used [-Wunused-const-variable=]
  680 | static const int sched_229_deps[] = { 226 };
      |                  ^~~~~~~~~~~~~~
/scratch/dima/rose-infra/RoSE/soc/sw/xpu-rt/zephyr-chipyard-sw/modelblaster/examples/xpurt_demo_armB/int8/generated/3net_hetero_greedy_periodic.c:679:18: warning: 'sched_229_harts' defined but not used [-Wunused-const-variable=]
  679 | static const int sched_229_harts[] = { 2 };
      |                  ^~~~~~~~~~~~~~~
/scratch/dima/rose-infra/RoSE/soc/sw/xpu-rt/zephyr-chipyard-sw/modelblaster/examples/xpurt_demo_armB/int8/generated/3net_hetero_greedy_periodic.c:678:18: warning: 'sched_228_fanout' defined but not used [-Wunused-const-variable=]
  678 | static const int sched_228_fanout[] = { 230 };
      |                  ^~~~~~~~~~~~~~~~
/scratch/dima/rose-infra/RoSE/soc/sw/xpu-rt/zephyr-chipyard-sw/modelblaster/examples/xpurt_demo_armB/int8/generated/3net_hetero_greedy_periodic.c:677:18: warning: 'sched_228_deps' defined but not used [-Wunused-const-variable=]
  677 | static const int sched_228_deps[] = { 227 };
      |                  ^~~~~~~~~~~~~~
/scratch/dima/rose-infra/RoSE/soc/sw/xpu-rt/zephyr-chipyard-sw/modelblaster/examples/xpurt_demo_armB/int8/generated/3net_hetero_greedy_periodic.c:676:18: warning: 'sched_228_harts' defined but not used [-Wunused-const-variable=]
  676 | static const int sched_228_harts[] = { 0 };
      |                  ^~~~~~~~~~~~~~~
/scratch/dima/rose-infra/RoSE/soc/sw/xpu-rt/zephyr-chipyard-sw/modelblaster/examples/xpurt_demo_armB/int8/generated/3net_hetero_greedy_periodic.c:675:18: warning: 'sched_227_fanout' defined but not used [-Wunused-const-variable=]
  675 | static const int sched_227_fanout[] = { 228 };
      |                  ^~~~~~~~~~~~~~~~
/scratch/dima/rose-infra/RoSE/soc/sw/xpu-rt/zephyr-chipyard-sw/modelblaster/examples/xpurt_demo_armB/int8/generated/3net_hetero_greedy_periodic.c:674:18: warning: 'sched_227_deps' defined but not used [-Wunused-const-variable=]
  674 | static const int sched_227_deps[] = { 226 };
      |                  ^~~~~~~~~~~~~~
/scratch/dima/rose-infra/RoSE/soc/sw/xpu-rt/zephyr-chipyard-sw/modelblaster/examples/xpurt_demo_armB/int8/generated/3net_hetero_greedy_periodic.c:673:18: warning: 'sched_227_harts' defined but not used [-Wunused-const-variable=]
  673 | static const int sched_227_harts[] = { 2 };
      |                  ^~~~~~~~~~~~~~~
/scratch/dima/rose-infra/RoSE/soc/sw/xpu-rt/zephyr-chipyard-sw/modelblaster/examples/xpurt_demo_armB/int8/generated/3net_hetero_greedy_periodic.c:672:18: warning: 'sched_226_fanout' defined but not used [-Wunused-const-variable=]
  672 | static const int sched_226_fanout[] = { 227, 229 };
      |                  ^~~~~~~~~~~~~~~~
/scratch/dima/rose-infra/RoSE/soc/sw/xpu-rt/zephyr-chipyard-sw/modelblaster/examples/xpurt_demo_armB/int8/generated/3net_hetero_greedy_periodic.c:671:18: warning: 'sched_226_deps' defined but not used [-Wunused-const-variable=]
  671 | static const int sched_226_deps[] = { 225 };
      |                  ^~~~~~~~~~~~~~
/scratch/dima/rose-infra/RoSE/soc/sw/xpu-rt/zephyr-chipyard-sw/modelblaster/examples/xpurt_demo_armB/int8/generated/3net_hetero_greedy_periodic.c:670:18: warning: 'sched_226_harts' defined but not used [-Wunused-const-variable=]
  670 | static const int sched_226_harts[] = { 2 };
      |                  ^~~~~~~~~~~~~~~
/scratch/dima/rose-infra/RoSE/soc/sw/xpu-rt/zephyr-chipyard-sw/modelblaster/examples/xpurt_demo_armB/int8/generated/3net_hetero_greedy_periodic.c:669:18: warning: 'sched_225_fanout' defined but not used [-Wunused-const-variable=]
  669 | static const int sched_225_fanout[] = { 226, 227 };
      |                  ^~~~~~~~~~~~~~~~
/scratch/dima/rose-infra/RoSE/soc/sw/xpu-rt/zephyr-chipyard-sw/modelblaster/examples/xpurt_demo_armB/int8/generated/3net_hetero_greedy_periodic.c:668:18: warning: 'sched_225_harts' defined but not used [-Wunused-const-variable=]
  668 | static const int sched_225_harts[] = { 2 };
      |                  ^~~~~~~~~~~~~~~
/scratch/dima/rose-infra/RoSE/soc/sw/xpu-rt/zephyr-chipyard-sw/modelblaster/examples/xpurt_demo_armB/int8/generated/3net_hetero_greedy_periodic.c:667:18: warning: 'sched_224_fanout' defined but not used [-Wunused-const-variable=]
  667 | static const int sched_224_fanout[] = { 228, 230 };
      |                  ^~~~~~~~~~~~~~~~
/scratch/dima/rose-infra/RoSE/soc/sw/xpu-rt/zephyr-chipyard-sw/modelblaster/examples/xpurt_demo_armB/int8/generated/3net_hetero_greedy_periodic.c:666:18: warning: 'sched_224_deps' defined but not used [-Wunused-const-variable=]
  666 | static const int sched_224_deps[] = { 222 };
      |                  ^~~~~~~~~~~~~~
/scratch/dima/rose-infra/RoSE/soc/sw/xpu-rt/zephyr-chipyard-sw/modelblaster/examples/xpurt_demo_armB/int8/generated/3net_hetero_greedy_periodic.c:665:18: warning: 'sched_224_harts' defined but not used [-Wunused-const-variable=]
  665 | static const int sched_224_harts[] = { 0 };
      |                  ^~~~~~~~~~~~~~~
/scratch/dima/rose-infra/RoSE/soc/sw/xpu-rt/zephyr-chipyard-sw/modelblaster/examples/xpurt_demo_armB/int8/generated/3net_hetero_greedy_periodic.c:664:18: warning: 'sched_223_fanout' defined but not used [-Wunused-const-variable=]
  664 | static const int sched_223_fanout[] = { 226 };
      |                  ^~~~~~~~~~~~~~~~
/scratch/dima/rose-infra/RoSE/soc/sw/xpu-rt/zephyr-chipyard-sw/modelblaster/examples/xpurt_demo_armB/int8/generated/3net_hetero_greedy_periodic.c:663:18: warning: 'sched_223_deps' defined but not used [-Wunused-const-variable=]
  663 | static const int sched_223_deps[] = { 221 };
      |                  ^~~~~~~~~~~~~~
/scratch/dima/rose-infra/RoSE/soc/sw/xpu-rt/zephyr-chipyard-sw/modelblaster/examples/xpurt_demo_armB/int8/generated/3net_hetero_greedy_periodic.c:662:18: warning: 'sched_223_harts' defined but not used [-Wunused-const-variable=]
  662 | static const int sched_223_harts[] = { 2 };
      |                  ^~~~~~~~~~~~~~~
/scratch/dima/rose-infra/RoSE/soc/sw/xpu-rt/zephyr-chipyard-sw/modelblaster/examples/xpurt_demo_armB/int8/generated/3net_hetero_greedy_periodic.c:661:18: warning: 'sched_222_fanout' defined but not used [-Wunused-const-variable=]
  661 | static const int sched_222_fanout[] = { 224, 225 };
      |                  ^~~~~~~~~~~~~~~~
/scratch/dima/rose-infra/RoSE/soc/sw/xpu-rt/zephyr-chipyard-sw/modelblaster/examples/xpurt_demo_armB/int8/generated/3net_hetero_greedy_periodic.c:660:18: warning: 'sched_222_deps' defined but not used [-Wunused-const-variable=]
  660 | static const int sched_222_deps[] = { 221 };
      |                  ^~~~~~~~~~~~~~
/scratch/dima/rose-infra/RoSE/soc/sw/xpu-rt/zephyr-chipyard-sw/modelblaster/examples/xpurt_demo_armB/int8/generated/3net_hetero_greedy_periodic.c:659:18: warning: 'sched_222_harts' defined but not used [-Wunused-const-variable=]
  659 | static const int sched_222_harts[] = { 2 };
      |                  ^~~~~~~~~~~~~~~
/scratch/dima/rose-infra/RoSE/soc/sw/xpu-rt/zephyr-chipyard-sw/modelblaster/examples/xpurt_demo_armB/int8/generated/3net_hetero_greedy_periodic.c:658:18: warning: 'sched_221_fanout' defined but not used [-Wunused-const-variable=]
  658 | static const int sched_221_fanout[] = { 222, 223 };
      |                  ^~~~~~~~~~~~~~~~
/scratch/dima/rose-infra/RoSE/soc/sw/xpu-rt/zephyr-chipyard-sw/modelblaster/examples/xpurt_demo_armB/int8/generated/3net_hetero_greedy_periodic.c:657:18: warning: 'sched_221_deps' defined but not used [-Wunused-const-variable=]
  657 | static const int sched_221_deps[] = { 220 };
      |                  ^~~~~~~~~~~~~~
/scratch/dima/rose-infra/RoSE/soc/sw/xpu-rt/zephyr-chipyard-sw/modelblaster/examples/xpurt_demo_armB/int8/generated/3net_hetero_greedy_periodic.c:656:18: warning: 'sched_221_harts' defined but not used [-Wunused-const-variable=]
  656 | static const int sched_221_harts[] = { 2 };
      |                  ^~~~~~~~~~~~~~~
/scratch/dima/rose-infra/RoSE/soc/sw/xpu-rt/zephyr-chipyard-sw/modelblaster/examples/xpurt_demo_armB/int8/generated/3net_hetero_greedy_periodic.c:655:18: warning: 'sched_220_fanout' defined but not used [-Wunused-const-variable=]
  655 | static const int sched_220_fanout[] = { 221, 222 };
      |                  ^~~~~~~~~~~~~~~~
/scratch/dima/rose-infra/RoSE/soc/sw/xpu-rt/zephyr-chipyard-sw/modelblaster/examples/xpurt_demo_armB/int8/generated/3net_hetero_greedy_periodic.c:654:18: warning: 'sched_220_deps' defined but not used [-Wunused-const-variable=]
  654 | static const int sched_220_deps[] = { 218, 219 };
      |                  ^~~~~~~~~~~~~~
/scratch/dima/rose-infra/RoSE/soc/sw/xpu-rt/zephyr-chipyard-sw/modelblaster/examples/xpurt_demo_armB/int8/generated/3net_hetero_greedy_periodic.c:653:18: warning: 'sched_220_harts' defined but not used [-Wunused-const-variable=]
  653 | static const int sched_220_harts[] = { 2 };
      |                  ^~~~~~~~~~~~~~~
/scratch/dima/rose-infra/RoSE/soc/sw/xpu-rt/zephyr-chipyard-sw/modelblaster/examples/xpurt_demo_armB/int8/generated/3net_hetero_greedy_periodic.c:652:18: warning: 'sched_219_fanout' defined but not used [-Wunused-const-variable=]
  652 | static const int sched_219_fanout[] = { 220, 224 };
      |                  ^~~~~~~~~~~~~~~~
/scratch/dima/rose-infra/RoSE/soc/sw/xpu-rt/zephyr-chipyard-sw/modelblaster/examples/xpurt_demo_armB/int8/generated/3net_hetero_greedy_periodic.c:651:18: warning: 'sched_219_deps' defined but not used [-Wunused-const-variable=]
  651 | static const int sched_219_deps[] = { 217 };
      |                  ^~~~~~~~~~~~~~
/scratch/dima/rose-infra/RoSE/soc/sw/xpu-rt/zephyr-chipyard-sw/modelblaster/examples/xpurt_demo_armB/int8/generated/3net_hetero_greedy_periodic.c:650:18: warning: 'sched_219_harts' defined but not used [-Wunused-const-variable=]
  650 | static const int sched_219_harts[] = { 0 };
      |                  ^~~~~~~~~~~~~~~
/scratch/dima/rose-infra/RoSE/soc/sw/xpu-rt/zephyr-chipyard-sw/modelblaster/examples/xpurt_demo_armB/int8/generated/3net_hetero_greedy_periodic.c:649:18: warning: 'sched_218_fanout' defined but not used [-Wunused-const-variable=]
  649 | static const int sched_218_fanout[] = { 220, 221 };
      |                  ^~~~~~~~~~~~~~~~
/scratch/dima/rose-infra/RoSE/soc/sw/xpu-rt/zephyr-chipyard-sw/modelblaster/examples/xpurt_demo_armB/int8/generated/3net_hetero_greedy_periodic.c:648:18: warning: 'sched_218_deps' defined but not used [-Wunused-const-variable=]
  648 | static const int sched_218_deps[] = { 215 };
      |                  ^~~~~~~~~~~~~~
/scratch/dima/rose-infra/RoSE/soc/sw/xpu-rt/zephyr-chipyard-sw/modelblaster/examples/xpurt_demo_armB/int8/generated/3net_hetero_greedy_periodic.c:647:18: warning: 'sched_218_harts' defined but not used [-Wunused-const-variable=]
  647 | static const int sched_218_harts[] = { 2 };
      |                  ^~~~~~~~~~~~~~~
/scratch/dima/rose-infra/RoSE/soc/sw/xpu-rt/zephyr-chipyard-sw/modelblaster/examples/xpurt_demo_armB/int8/generated/3net_hetero_greedy_periodic.c:646:18: warning: 'sched_217_fanout' defined but not used [-Wunused-const-variable=]
  646 | static const int sched_217_fanout[] = { 219 };
      |                  ^~~~~~~~~~~~~~~~
/scratch/dima/rose-infra/RoSE/soc/sw/xpu-rt/zephyr-chipyard-sw/modelblaster/examples/xpurt_demo_armB/int8/generated/3net_hetero_greedy_periodic.c:645:18: warning: 'sched_217_deps' defined but not used [-Wunused-const-variable=]
  645 | static const int sched_217_deps[] = { 216 };
      |                  ^~~~~~~~~~~~~~
/scratch/dima/rose-infra/RoSE/soc/sw/xpu-rt/zephyr-chipyard-sw/modelblaster/examples/xpurt_demo_armB/int8/generated/3net_hetero_greedy_periodic.c:644:18: warning: 'sched_217_harts' defined but not used [-Wunused-const-variable=]
  644 | static const int sched_217_harts[] = { 0 };
      |                  ^~~~~~~~~~~~~~~
/scratch/dima/rose-infra/RoSE/soc/sw/xpu-rt/zephyr-chipyard-sw/modelblaster/examples/xpurt_demo_armB/int8/generated/3net_hetero_greedy_periodic.c:643:18: warning: 'sched_216_fanout' defined but not used [-Wunused-const-variable=]
  643 | static const int sched_216_fanout[] = { 217 };
      |                  ^~~~~~~~~~~~~~~~
/scratch/dima/rose-infra/RoSE/soc/sw/xpu-rt/zephyr-chipyard-sw/modelblaster/examples/xpurt_demo_armB/int8/generated/3net_hetero_greedy_periodic.c:642:18: warning: 'sched_216_deps' defined but not used [-Wunused-const-variable=]
  642 | static const int sched_216_deps[] = { 215 };
      |                  ^~~~~~~~~~~~~~
/scratch/dima/rose-infra/RoSE/soc/sw/xpu-rt/zephyr-chipyard-sw/modelblaster/examples/xpurt_demo_armB/int8/generated/3net_hetero_greedy_periodic.c:641:18: warning: 'sched_216_harts' defined but not used [-Wunused-const-variable=]
  641 | static const int sched_216_harts[] = { 2 };
      |                  ^~~~~~~~~~~~~~~
/scratch/dima/rose-infra/RoSE/soc/sw/xpu-rt/zephyr-chipyard-sw/modelblaster/examples/xpurt_demo_armB/int8/generated/3net_hetero_greedy_periodic.c:640:18: warning: 'sched_215_fanout' defined but not used [-Wunused-const-variable=]
  640 | static const int sched_215_fanout[] = { 216, 218 };
      |                  ^~~~~~~~~~~~~~~~
/scratch/dima/rose-infra/RoSE/soc/sw/xpu-rt/zephyr-chipyard-sw/modelblaster/examples/xpurt_demo_armB/int8/generated/3net_hetero_greedy_periodic.c:639:18: warning: 'sched_215_deps' defined but not used [-Wunused-const-variable=]
  639 | static const int sched_215_deps[] = { 212, 214 };
      |                  ^~~~~~~~~~~~~~
/scratch/dima/rose-infra/RoSE/soc/sw/xpu-rt/zephyr-chipyard-sw/modelblaster/examples/xpurt_demo_armB/int8/generated/3net_hetero_greedy_periodic.c:638:18: warning: 'sched_215_harts' defined but not used [-Wunused-const-variable=]
  638 | static const int sched_215_harts[] = { 2 };
      |                  ^~~~~~~~~~~~~~~
/scratch/dima/rose-infra/RoSE/soc/sw/xpu-rt/zephyr-chipyard-sw/modelblaster/examples/xpurt_demo_armB/int8/generated/3net_hetero_greedy_periodic.c:637:18: warning: 'sched_214_fanout' defined but not used [-Wunused-const-variable=]
  637 | static const int sched_214_fanout[] = { 215, 217, 219 };
      |                  ^~~~~~~~~~~~~~~~
/scratch/dima/rose-infra/RoSE/soc/sw/xpu-rt/zephyr-chipyard-sw/modelblaster/examples/xpurt_demo_armB/int8/generated/3net_hetero_greedy_periodic.c:636:18: warning: 'sched_214_deps' defined but not used [-Wunused-const-variable=]
  636 | static const int sched_214_deps[] = { 213 };
      |                  ^~~~~~~~~~~~~~
/scratch/dima/rose-infra/RoSE/soc/sw/xpu-rt/zephyr-chipyard-sw/modelblaster/examples/xpurt_demo_armB/int8/generated/3net_hetero_greedy_periodic.c:635:18: warning: 'sched_214_harts' defined but not used [-Wunused-const-variable=]
  635 | static const int sched_214_harts[] = { 0 };
      |                  ^~~~~~~~~~~~~~~
/scratch/dima/rose-infra/RoSE/soc/sw/xpu-rt/zephyr-chipyard-sw/modelblaster/examples/xpurt_demo_armB/int8/generated/3net_hetero_greedy_periodic.c:634:18: warning: 'sched_213_fanout' defined but not used [-Wunused-const-variable=]
  634 | static const int sched_213_fanout[] = { 214 };
      |                  ^~~~~~~~~~~~~~~~
/scratch/dima/rose-infra/RoSE/soc/sw/xpu-rt/zephyr-chipyard-sw/modelblaster/examples/xpurt_demo_armB/int8/generated/3net_hetero_greedy_periodic.c:633:18: warning: 'sched_213_deps' defined but not used [-Wunused-const-variable=]
  633 | static const int sched_213_deps[] = { 211 };
      |                  ^~~~~~~~~~~~~~
/scratch/dima/rose-infra/RoSE/soc/sw/xpu-rt/zephyr-chipyard-sw/modelblaster/examples/xpurt_demo_armB/int8/generated/3net_hetero_greedy_periodic.c:632:18: warning: 'sched_213_harts' defined but not used [-Wunused-const-variable=]
  632 | static const int sched_213_harts[] = { 0 };
      |                  ^~~~~~~~~~~~~~~
/scratch/dima/rose-infra/RoSE/soc/sw/xpu-rt/zephyr-chipyard-sw/modelblaster/examples/xpurt_demo_armB/int8/generated/3net_hetero_greedy_periodic.c:631:18: warning: 'sched_212_fanout' defined but not used [-Wunused-const-variable=]
  631 | static const int sched_212_fanout[] = { 215, 216 };
      |                  ^~~~~~~~~~~~~~~~
/scratch/dima/rose-infra/RoSE/soc/sw/xpu-rt/zephyr-chipyard-sw/modelblaster/examples/xpurt_demo_armB/int8/generated/3net_hetero_greedy_periodic.c:630:18: warning: 'sched_212_deps' defined but not used [-Wunused-const-variable=]
  630 | static const int sched_212_deps[] = { 210 };
      |                  ^~~~~~~~~~~~~~
/scratch/dima/rose-infra/RoSE/soc/sw/xpu-rt/zephyr-chipyard-sw/modelblaster/examples/xpurt_demo_armB/int8/generated/3net_hetero_greedy_periodic.c:629:18: warning: 'sched_212_harts' defined but not used [-Wunused-const-variable=]
  629 | static const int sched_212_harts[] = { 2 };
      |                  ^~~~~~~~~~~~~~~
/scratch/dima/rose-infra/RoSE/soc/sw/xpu-rt/zephyr-chipyard-sw/modelblaster/examples/xpurt_demo_armB/int8/generated/3net_hetero_greedy_periodic.c:628:18: warning: 'sched_211_fanout' defined but not used [-Wunused-const-variable=]
  628 | static const int sched_211_fanout[] = { 213 };
      |                  ^~~~~~~~~~~~~~~~
/scratch/dima/rose-infra/RoSE/soc/sw/xpu-rt/zephyr-chipyard-sw/modelblaster/examples/xpurt_demo_armB/int8/generated/3net_hetero_greedy_periodic.c:627:18: warning: 'sched_211_deps' defined but not used [-Wunused-const-variable=]
  627 | static const int sched_211_deps[] = { 210 };
      |                  ^~~~~~~~~~~~~~
/scratch/dima/rose-infra/RoSE/soc/sw/xpu-rt/zephyr-chipyard-sw/modelblaster/examples/xpurt_demo_armB/int8/generated/3net_hetero_greedy_periodic.c:626:18: warning: 'sched_211_harts' defined but not used [-Wunused-const-variable=]
  626 | static const int sched_211_harts[] = { 2 };
      |                  ^~~~~~~~~~~~~~~
/scratch/dima/rose-infra/RoSE/soc/sw/xpu-rt/zephyr-chipyard-sw/modelblaster/examples/xpurt_demo_armB/int8/generated/3net_hetero_greedy_periodic.c:625:18: warning: 'sched_210_fanout' defined but not used [-Wunused-const-variable=]
  625 | static const int sched_210_fanout[] = { 211, 212 };
      |                  ^~~~~~~~~~~~~~~~
/scratch/dima/rose-infra/RoSE/soc/sw/xpu-rt/zephyr-chipyard-sw/modelblaster/examples/xpurt_demo_armB/int8/generated/3net_hetero_greedy_periodic.c:624:18: warning: 'sched_210_deps' defined but not used [-Wunused-const-variable=]
  624 | static const int sched_210_deps[] = { 208, 209 };
      |                  ^~~~~~~~~~~~~~
/scratch/dima/rose-infra/RoSE/soc/sw/xpu-rt/zephyr-chipyard-sw/modelblaster/examples/xpurt_demo_armB/int8/generated/3net_hetero_greedy_periodic.c:623:18: warning: 'sched_210_harts' defined but not used [-Wunused-const-variable=]
  623 | static const int sched_210_harts[] = { 2 };
      |                  ^~~~~~~~~~~~~~~
/scratch/dima/rose-infra/RoSE/soc/sw/xpu-rt/zephyr-chipyard-sw/modelblaster/examples/xpurt_demo_armB/int8/generated/3net_hetero_greedy_periodic.c:622:18: warning: 'sched_209_fanout' defined but not used [-Wunused-const-variable=]
  622 | static const int sched_209_fanout[] = { 210, 213 };
      |                  ^~~~~~~~~~~~~~~~
/scratch/dima/rose-infra/RoSE/soc/sw/xpu-rt/zephyr-chipyard-sw/modelblaster/examples/xpurt_demo_armB/int8/generated/3net_hetero_greedy_periodic.c:621:18: warning: 'sched_209_deps' defined but not used [-Wunused-const-variable=]
  621 | static const int sched_209_deps[] = { 207 };
      |                  ^~~~~~~~~~~~~~
/scratch/dima/rose-infra/RoSE/soc/sw/xpu-rt/zephyr-chipyard-sw/modelblaster/examples/xpurt_demo_armB/int8/generated/3net_hetero_greedy_periodic.c:620:18: warning: 'sched_209_harts' defined but not used [-Wunused-const-variable=]
  620 | static const int sched_209_harts[] = { 0 };
      |                  ^~~~~~~~~~~~~~~
/scratch/dima/rose-infra/RoSE/soc/sw/xpu-rt/zephyr-chipyard-sw/modelblaster/examples/xpurt_demo_armB/int8/generated/3net_hetero_greedy_periodic.c:619:18: warning: 'sched_208_fanout' defined but not used [-Wunused-const-variable=]
  619 | static const int sched_208_fanout[] = { 210, 211 };
      |                  ^~~~~~~~~~~~~~~~
/scratch/dima/rose-infra/RoSE/soc/sw/xpu-rt/zephyr-chipyard-sw/modelblaster/examples/xpurt_demo_armB/int8/generated/3net_hetero_greedy_periodic.c:618:18: warning: 'sched_208_deps' defined but not used [-Wunused-const-variable=]
  618 | static const int sched_208_deps[] = { 205 };
      |                  ^~~~~~~~~~~~~~
/scratch/dima/rose-infra/RoSE/soc/sw/xpu-rt/zephyr-chipyard-sw/modelblaster/examples/xpurt_demo_armB/int8/generated/3net_hetero_greedy_periodic.c:617:18: warning: 'sched_208_harts' defined but not used [-Wunused-const-variable=]
  617 | static const int sched_208_harts[] = { 2 };
      |                  ^~~~~~~~~~~~~~~
/scratch/dima/rose-infra/RoSE/soc/sw/xpu-rt/zephyr-chipyard-sw/modelblaster/examples/xpurt_demo_armB/int8/generated/3net_hetero_greedy_periodic.c:616:18: warning: 'sched_207_fanout' defined but not used [-Wunused-const-variable=]
  616 | static const int sched_207_fanout[] = { 209 };
      |                  ^~~~~~~~~~~~~~~~
/scratch/dima/rose-infra/RoSE/soc/sw/xpu-rt/zephyr-chipyard-sw/modelblaster/examples/xpurt_demo_armB/int8/generated/3net_hetero_greedy_periodic.c:615:18: warning: 'sched_207_deps' defined but not used [-Wunused-const-variable=]
  615 | static const int sched_207_deps[] = { 206 };
      |                  ^~~~~~~~~~~~~~
/scratch/dima/rose-infra/RoSE/soc/sw/xpu-rt/zephyr-chipyard-sw/modelblaster/examples/xpurt_demo_armB/int8/generated/3net_hetero_greedy_periodic.c:614:18: warning: 'sched_207_harts' defined but not used [-Wunused-const-variable=]
  614 | static const int sched_207_harts[] = { 0 };
      |                  ^~~~~~~~~~~~~~~
/scratch/dima/rose-infra/RoSE/soc/sw/xpu-rt/zephyr-chipyard-sw/modelblaster/examples/xpurt_demo_armB/int8/generated/3net_hetero_greedy_periodic.c:613:18: warning: 'sched_206_fanout' defined but not used [-Wunused-const-variable=]
  613 | static const int sched_206_fanout[] = { 207 };
      |                  ^~~~~~~~~~~~~~~~
/scratch/dima/rose-infra/RoSE/soc/sw/xpu-rt/zephyr-chipyard-sw/modelblaster/examples/xpurt_demo_armB/int8/generated/3net_hetero_greedy_periodic.c:612:18: warning: 'sched_206_deps' defined but not used [-Wunused-const-variable=]
  612 | static const int sched_206_deps[] = { 205 };
      |                  ^~~~~~~~~~~~~~
/scratch/dima/rose-infra/RoSE/soc/sw/xpu-rt/zephyr-chipyard-sw/modelblaster/examples/xpurt_demo_armB/int8/generated/3net_hetero_greedy_periodic.c:611:18: warning: 'sched_206_harts' defined but not used [-Wunused-const-variable=]
  611 | static const int sched_206_harts[] = { 2 };
      |                  ^~~~~~~~~~~~~~~
/scratch/dima/rose-infra/RoSE/soc/sw/xpu-rt/zephyr-chipyard-sw/modelblaster/examples/xpurt_demo_armB/int8/generated/3net_hetero_greedy_periodic.c:610:18: warning: 'sched_205_fanout' defined but not used [-Wunused-const-variable=]
  610 | static const int sched_205_fanout[] = { 206, 208 };
      |                  ^~~~~~~~~~~~~~~~
/scratch/dima/rose-infra/RoSE/soc/sw/xpu-rt/zephyr-chipyard-sw/modelblaster/examples/xpurt_demo_armB/int8/generated/3net_hetero_greedy_periodic.c:609:18: warning: 'sched_205_deps' defined but not used [-Wunused-const-variable=]
  609 | static const int sched_205_deps[] = { 203 };
      |                  ^~~~~~~~~~~~~~
/scratch/dima/rose-infra/RoSE/soc/sw/xpu-rt/zephyr-chipyard-sw/modelblaster/examples/xpurt_demo_armB/int8/generated/3net_hetero_greedy_periodic.c:608:18: warning: 'sched_205_harts' defined but not used [-Wunused-const-variable=]
  608 | static const int sched_205_harts[] = { 2 };
      |                  ^~~~~~~~~~~~~~~
/scratch/dima/rose-infra/RoSE/soc/sw/xpu-rt/zephyr-chipyard-sw/modelblaster/examples/xpurt_demo_armB/int8/generated/3net_hetero_greedy_periodic.c:607:18: warning: 'sched_204_fanout' defined but not used [-Wunused-const-variable=]
  607 | static const int sched_204_fanout[] = { 207, 209 };
      |                  ^~~~~~~~~~~~~~~~
/scratch/dima/rose-infra/RoSE/soc/sw/xpu-rt/zephyr-chipyard-sw/modelblaster/examples/xpurt_demo_armB/int8/generated/3net_hetero_greedy_periodic.c:606:18: warning: 'sched_204_deps' defined but not used [-Wunused-const-variable=]
  606 | static const int sched_204_deps[] = { 202 };
      |                  ^~~~~~~~~~~~~~
/scratch/dima/rose-infra/RoSE/soc/sw/xpu-rt/zephyr-chipyard-sw/modelblaster/examples/xpurt_demo_armB/int8/generated/3net_hetero_greedy_periodic.c:605:18: warning: 'sched_204_harts' defined but not used [-Wunused-const-variable=]
  605 | static const int sched_204_harts[] = { 0 };
      |                  ^~~~~~~~~~~~~~~
/scratch/dima/rose-infra/RoSE/soc/sw/xpu-rt/zephyr-chipyard-sw/modelblaster/examples/xpurt_demo_armB/int8/generated/3net_hetero_greedy_periodic.c:604:18: warning: 'sched_203_fanout' defined but not used [-Wunused-const-variable=]
  604 | static const int sched_203_fanout[] = { 205, 206 };
      |                  ^~~~~~~~~~~~~~~~
/scratch/dima/rose-infra/RoSE/soc/sw/xpu-rt/zephyr-chipyard-sw/modelblaster/examples/xpurt_demo_armB/int8/generated/3net_hetero_greedy_periodic.c:603:18: warning: 'sched_203_harts' defined but not used [-Wunused-const-variable=]
  603 | static const int sched_203_harts[] = { 2 };
      |                  ^~~~~~~~~~~~~~~
/scratch/dima/rose-infra/RoSE/soc/sw/xpu-rt/zephyr-chipyard-sw/modelblaster/examples/xpurt_demo_armB/int8/generated/3net_hetero_greedy_periodic.c:602:18: warning: 'sched_202_fanout' defined but not used [-Wunused-const-variable=]
  602 | static const int sched_202_fanout[] = { 204, 205 };
      |                  ^~~~~~~~~~~~~~~~
/scratch/dima/rose-infra/RoSE/soc/sw/xpu-rt/zephyr-chipyard-sw/modelblaster/examples/xpurt_demo_armB/int8/generated/3net_hetero_greedy_periodic.c:601:18: warning: 'sched_202_deps' defined but not used [-Wunused-const-variable=]
  601 | static const int sched_202_deps[] = { 199 };
      |                  ^~~~~~~~~~~~~~
/scratch/dima/rose-infra/RoSE/soc/sw/xpu-rt/zephyr-chipyard-sw/modelblaster/examples/xpurt_demo_armB/int8/generated/3net_hetero_greedy_periodic.c:600:18: warning: 'sched_202_harts' defined but not used [-Wunused-const-variable=]
  600 | static const int sched_202_harts[] = { 2 };
      |                  ^~~~~~~~~~~~~~~
/scratch/dima/rose-infra/RoSE/soc/sw/xpu-rt/zephyr-chipyard-sw/modelblaster/examples/xpurt_demo_armB/int8/generated/3net_hetero_greedy_periodic.c:599:18: warning: 'sched_201_fanout' defined but not used [-Wunused-const-variable=]
  599 | static const int sched_201_fanout[] = { 204 };
      |                  ^~~~~~~~~~~~~~~~
/scratch/dima/rose-infra/RoSE/soc/sw/xpu-rt/zephyr-chipyard-sw/modelblaster/examples/xpurt_demo_armB/int8/generated/3net_hetero_greedy_periodic.c:598:18: warning: 'sched_201_deps' defined but not used [-Wunused-const-variable=]
  598 | static const int sched_201_deps[] = { 200 };
      |                  ^~~~~~~~~~~~~~
/scratch/dima/rose-infra/RoSE/soc/sw/xpu-rt/zephyr-chipyard-sw/modelblaster/examples/xpurt_demo_armB/int8/generated/3net_hetero_greedy_periodic.c:597:18: warning: 'sched_201_harts' defined but not used [-Wunused-const-variable=]
  597 | static const int sched_201_harts[] = { 0 };
      |                  ^~~~~~~~~~~~~~~
/scratch/dima/rose-infra/RoSE/soc/sw/xpu-rt/zephyr-chipyard-sw/modelblaster/examples/xpurt_demo_armB/int8/generated/3net_hetero_greedy_periodic.c:596:18: warning: 'sched_200_fanout' defined but not used [-Wunused-const-variable=]
  596 | static const int sched_200_fanout[] = { 201, 203 };
      |                  ^~~~~~~~~~~~~~~~
/scratch/dima/rose-infra/RoSE/soc/sw/xpu-rt/zephyr-chipyard-sw/modelblaster/examples/xpurt_demo_armB/int8/generated/3net_hetero_greedy_periodic.c:595:18: warning: 'sched_200_deps' defined but not used [-Wunused-const-variable=]
  595 | static const int sched_200_deps[] = { 197 };
      |                  ^~~~~~~~~~~~~~
/scratch/dima/rose-infra/RoSE/soc/sw/xpu-rt/zephyr-chipyard-sw/modelblaster/examples/xpurt_demo_armB/int8/generated/3net_hetero_greedy_periodic.c:594:18: warning: 'sched_200_harts' defined but not used [-Wunused-const-variable=]
  594 | static const int sched_200_harts[] = { 2 };
      |                  ^~~~~~~~~~~~~~~
/scratch/dima/rose-infra/RoSE/soc/sw/xpu-rt/zephyr-chipyard-sw/modelblaster/examples/xpurt_demo_armB/int8/generated/3net_hetero_greedy_periodic.c:593:18: warning: 'sched_199_fanout' defined but not used [-Wunused-const-variable=]
  593 | static const int sched_199_fanout[] = { 201, 202 };
      |                  ^~~~~~~~~~~~~~~~
/scratch/dima/rose-infra/RoSE/soc/sw/xpu-rt/zephyr-chipyard-sw/modelblaster/examples/xpurt_demo_armB/int8/generated/3net_hetero_greedy_periodic.c:592:18: warning: 'sched_199_deps' defined but not used [-Wunused-const-variable=]
  592 | static const int sched_199_deps[] = { 198 };
      |                  ^~~~~~~~~~~~~~
/scratch/dima/rose-infra/RoSE/soc/sw/xpu-rt/zephyr-chipyard-sw/modelblaster/examples/xpurt_demo_armB/int8/generated/3net_hetero_greedy_periodic.c:591:18: warning: 'sched_199_harts' defined but not used [-Wunused-const-variable=]
  591 | static const int sched_199_harts[] = { 0 };
      |                  ^~~~~~~~~~~~~~~
/scratch/dima/rose-infra/RoSE/soc/sw/xpu-rt/zephyr-chipyard-sw/modelblaster/examples/xpurt_demo_armB/int8/generated/3net_hetero_greedy_periodic.c:590:18: warning: 'sched_198_fanout' defined but not used [-Wunused-const-variable=]
  590 | static const int sched_198_fanout[] = { 199 };
      |                  ^~~~~~~~~~~~~~~~
/scratch/dima/rose-infra/RoSE/soc/sw/xpu-rt/zephyr-chipyard-sw/modelblaster/examples/xpurt_demo_armB/int8/generated/3net_hetero_greedy_periodic.c:589:18: warning: 'sched_198_deps' defined but not used [-Wunused-const-variable=]
  589 | static const int sched_198_deps[] = { 195 };
      |                  ^~~~~~~~~~~~~~
/scratch/dima/rose-infra/RoSE/soc/sw/xpu-rt/zephyr-chipyard-sw/modelblaster/examples/xpurt_demo_armB/int8/generated/3net_hetero_greedy_periodic.c:588:18: warning: 'sched_198_harts' defined but not used [-Wunused-const-variable=]
  588 | static const int sched_198_harts[] = { 0 };
      |                  ^~~~~~~~~~~~~~~
/scratch/dima/rose-infra/RoSE/soc/sw/xpu-rt/zephyr-chipyard-sw/modelblaster/examples/xpurt_demo_armB/int8/generated/3net_hetero_greedy_periodic.c:587:18: warning: 'sched_197_fanout' defined but not used [-Wunused-const-variable=]
  587 | static const int sched_197_fanout[] = { 200, 202 };
      |                  ^~~~~~~~~~~~~~~~
/scratch/dima/rose-infra/RoSE/soc/sw/xpu-rt/zephyr-chipyard-sw/modelblaster/examples/xpurt_demo_armB/int8/generated/3net_hetero_greedy_periodic.c:586:18: warning: 'sched_197_deps' defined but not used [-Wunused-const-variable=]
  586 | static const int sched_197_deps[] = { 196 };
      |                  ^~~~~~~~~~~~~~
/scratch/dima/rose-infra/RoSE/soc/sw/xpu-rt/zephyr-chipyard-sw/modelblaster/examples/xpurt_demo_armB/int8/generated/3net_hetero_greedy_periodic.c:585:18: warning: 'sched_197_harts' defined but not used [-Wunused-const-variable=]
  585 | static const int sched_197_harts[] = { 2 };
      |                  ^~~~~~~~~~~~~~~
/scratch/dima/rose-infra/RoSE/soc/sw/xpu-rt/zephyr-chipyard-sw/modelblaster/examples/xpurt_demo_armB/int8/generated/3net_hetero_greedy_periodic.c:584:18: warning: 'sched_196_fanout' defined but not used [-Wunused-const-variable=]
  584 | static const int sched_196_fanout[] = { 197, 198, 199 };
      |                  ^~~~~~~~~~~~~~~~
/scratch/dima/rose-infra/RoSE/soc/sw/xpu-rt/zephyr-chipyard-sw/modelblaster/examples/xpurt_demo_armB/int8/generated/3net_hetero_greedy_periodic.c:583:18: warning: 'sched_196_deps' defined but not used [-Wunused-const-variable=]
  583 | static const int sched_196_deps[] = { 194 };
      |                  ^~~~~~~~~~~~~~
/scratch/dima/rose-infra/RoSE/soc/sw/xpu-rt/zephyr-chipyard-sw/modelblaster/examples/xpurt_demo_armB/int8/generated/3net_hetero_greedy_periodic.c:582:18: warning: 'sched_196_harts' defined but not used [-Wunused-const-variable=]
  582 | static const int sched_196_harts[] = { 0 };
      |                  ^~~~~~~~~~~~~~~
/scratch/dima/rose-infra/RoSE/soc/sw/xpu-rt/zephyr-chipyard-sw/modelblaster/examples/xpurt_demo_armB/int8/generated/3net_hetero_greedy_periodic.c:581:18: warning: 'sched_195_fanout' defined but not used [-Wunused-const-variable=]
  581 | static const int sched_195_fanout[] = { 198, 200 };
      |                  ^~~~~~~~~~~~~~~~
/scratch/dima/rose-infra/RoSE/soc/sw/xpu-rt/zephyr-chipyard-sw/modelblaster/examples/xpurt_demo_armB/int8/generated/3net_hetero_greedy_periodic.c:580:18: warning: 'sched_195_deps' defined but not used [-Wunused-const-variable=]
  580 | static const int sched_195_deps[] = { 193 };
      |                  ^~~~~~~~~~~~~~
/scratch/dima/rose-infra/RoSE/soc/sw/xpu-rt/zephyr-chipyard-sw/modelblaster/examples/xpurt_demo_armB/int8/generated/3net_hetero_greedy_periodic.c:579:18: warning: 'sched_195_harts' defined but not used [-Wunused-const-variable=]
  579 | static const int sched_195_harts[] = { 2 };
      |                  ^~~~~~~~~~~~~~~
/scratch/dima/rose-infra/RoSE/soc/sw/xpu-rt/zephyr-chipyard-sw/modelblaster/examples/xpurt_demo_armB/int8/generated/3net_hetero_greedy_periodic.c:578:18: warning: 'sched_194_fanout' defined but not used [-Wunused-const-variable=]
  578 | static const int sched_194_fanout[] = { 196 };
      |                  ^~~~~~~~~~~~~~~~
/scratch/dima/rose-infra/RoSE/soc/sw/xpu-rt/zephyr-chipyard-sw/modelblaster/examples/xpurt_demo_armB/int8/generated/3net_hetero_greedy_periodic.c:577:18: warning: 'sched_194_deps' defined but not used [-Wunused-const-variable=]
  577 | static const int sched_194_deps[] = { 174 };
      |                  ^~~~~~~~~~~~~~
/scratch/dima/rose-infra/RoSE/soc/sw/xpu-rt/zephyr-chipyard-sw/modelblaster/examples/xpurt_demo_armB/int8/generated/3net_hetero_greedy_periodic.c:576:18: warning: 'sched_194_harts' defined but not used [-Wunused-const-variable=]
  576 | static const int sched_194_harts[] = { 0 };
      |                  ^~~~~~~~~~~~~~~
/scratch/dima/rose-infra/RoSE/soc/sw/xpu-rt/zephyr-chipyard-sw/modelblaster/examples/xpurt_demo_armB/int8/generated/3net_hetero_greedy_periodic.c:575:18: warning: 'sched_193_fanout' defined but not used [-Wunused-const-variable=]
  575 | static const int sched_193_fanout[] = { 195, 196 };
      |                  ^~~~~~~~~~~~~~~~
/scratch/dima/rose-infra/RoSE/soc/sw/xpu-rt/zephyr-chipyard-sw/modelblaster/examples/xpurt_demo_armB/int8/generated/3net_hetero_greedy_periodic.c:574:18: warning: 'sched_193_deps' defined but not used [-Wunused-const-variable=]
  574 | static const int sched_193_deps[] = { 191 };
      |                  ^~~~~~~~~~~~~~
/scratch/dima/rose-infra/RoSE/soc/sw/xpu-rt/zephyr-chipyard-sw/modelblaster/examples/xpurt_demo_armB/int8/generated/3net_hetero_greedy_periodic.c:573:18: warning: 'sched_193_harts' defined but not used [-Wunused-const-variable=]
  573 | static const int sched_193_harts[] = { 0 };
      |                  ^~~~~~~~~~~~~~~
/scratch/dima/rose-infra/RoSE/soc/sw/xpu-rt/zephyr-chipyard-sw/modelblaster/examples/xpurt_demo_armB/int8/generated/3net_hetero_greedy_periodic.c:572:18: warning: 'sched_192_fanout' defined but not used [-Wunused-const-variable=]
  572 | static const int sched_192_fanout[] = { 197 };
      |                  ^~~~~~~~~~~~~~~~
/scratch/dima/rose-infra/RoSE/soc/sw/xpu-rt/zephyr-chipyard-sw/modelblaster/examples/xpurt_demo_armB/int8/generated/3net_hetero_greedy_periodic.c:571:18: warning: 'sched_192_deps' defined but not used [-Wunused-const-variable=]
  571 | static const int sched_192_deps[] = { 185, 190 };
      |                  ^~~~~~~~~~~~~~
/scratch/dima/rose-infra/RoSE/soc/sw/xpu-rt/zephyr-chipyard-sw/modelblaster/examples/xpurt_demo_armB/int8/generated/3net_hetero_greedy_periodic.c:570:18: warning: 'sched_192_harts' defined but not used [-Wunused-const-variable=]
  570 | static const int sched_192_harts[] = { 2 };
      |                  ^~~~~~~~~~~~~~~
/scratch/dima/rose-infra/RoSE/soc/sw/xpu-rt/zephyr-chipyard-sw/modelblaster/examples/xpurt_demo_armB/int8/generated/3net_hetero_greedy_periodic.c:569:18: warning: 'sched_191_fanout' defined but not used [-Wunused-const-variable=]
  569 | static const int sched_191_fanout[] = { 193, 194 };
      |                  ^~~~~~~~~~~~~~~~
/scratch/dima/rose-infra/RoSE/soc/sw/xpu-rt/zephyr-chipyard-sw/modelblaster/examples/xpurt_demo_armB/int8/generated/3net_hetero_greedy_periodic.c:568:18: warning: 'sched_191_harts' defined but not used [-Wunused-const-variable=]
  568 | static const int sched_191_harts[] = { 0 };
      |                  ^~~~~~~~~~~~~~~
/scratch/dima/rose-infra/RoSE/soc/sw/xpu-rt/zephyr-chipyard-sw/modelblaster/examples/xpurt_demo_armB/int8/generated/3net_hetero_greedy_periodic.c:567:18: warning: 'sched_190_fanout' defined but not used [-Wunused-const-variable=]
  567 | static const int sched_190_fanout[] = { 192, 193 };
      |                  ^~~~~~~~~~~~~~~~
/scratch/dima/rose-infra/RoSE/soc/sw/xpu-rt/zephyr-chipyard-sw/modelblaster/examples/xpurt_demo_armB/int8/generated/3net_hetero_greedy_periodic.c:566:18: warning: 'sched_190_deps' defined but not used [-Wunused-const-variable=]
  566 | static const int sched_190_deps[] = { 189 };
      |                  ^~~~~~~~~~~~~~
/scratch/dima/rose-infra/RoSE/soc/sw/xpu-rt/zephyr-chipyard-sw/modelblaster/examples/xpurt_demo_armB/int8/generated/3net_hetero_greedy_periodic.c:565:18: warning: 'sched_190_harts' defined but not used [-Wunused-const-variable=]
  565 | static const int sched_190_harts[] = { 0 };
      |                  ^~~~~~~~~~~~~~~
/scratch/dima/rose-infra/RoSE/soc/sw/xpu-rt/zephyr-chipyard-sw/modelblaster/examples/xpurt_demo_armB/int8/generated/3net_hetero_greedy_periodic.c:564:18: warning: 'sched_189_fanout' defined but not used [-Wunused-const-variable=]
  564 | static const int sched_189_fanout[] = { 190, 192, 195 };
      |                  ^~~~~~~~~~~~~~~~
/scratch/dima/rose-infra/RoSE/soc/sw/xpu-rt/zephyr-chipyard-sw/modelblaster/examples/xpurt_demo_armB/int8/generated/3net_hetero_greedy_periodic.c:563:18: warning: 'sched_189_deps' defined but not used [-Wunused-const-variable=]
  563 | static const int sched_189_deps[] = { 188 };
      |                  ^~~~~~~~~~~~~~
/scratch/dima/rose-infra/RoSE/soc/sw/xpu-rt/zephyr-chipyard-sw/modelblaster/examples/xpurt_demo_armB/int8/generated/3net_hetero_greedy_periodic.c:562:18: warning: 'sched_189_harts' defined but not used [-Wunused-const-variable=]
  562 | static const int sched_189_harts[] = { 2 };
      |                  ^~~~~~~~~~~~~~~
/scratch/dima/rose-infra/RoSE/soc/sw/xpu-rt/zephyr-chipyard-sw/modelblaster/examples/xpurt_demo_armB/int8/generated/3net_hetero_greedy_periodic.c:561:18: warning: 'sched_188_fanout' defined but not used [-Wunused-const-variable=]
  561 | static const int sched_188_fanout[] = { 189, 190, 191 };
      |                  ^~~~~~~~~~~~~~~~
/scratch/dima/rose-infra/RoSE/soc/sw/xpu-rt/zephyr-chipyard-sw/modelblaster/examples/xpurt_demo_armB/int8/generated/3net_hetero_greedy_periodic.c:560:18: warning: 'sched_188_deps' defined but not used [-Wunused-const-variable=]
  560 | static const int sched_188_deps[] = { 187 };
      |                  ^~~~~~~~~~~~~~
/scratch/dima/rose-infra/RoSE/soc/sw/xpu-rt/zephyr-chipyard-sw/modelblaster/examples/xpurt_demo_armB/int8/generated/3net_hetero_greedy_periodic.c:559:18: warning: 'sched_188_harts' defined but not used [-Wunused-const-variable=]
  559 | static const int sched_188_harts[] = { 0 };
      |                  ^~~~~~~~~~~~~~~
/scratch/dima/rose-infra/RoSE/soc/sw/xpu-rt/zephyr-chipyard-sw/modelblaster/examples/xpurt_demo_armB/int8/generated/3net_hetero_greedy_periodic.c:558:18: warning: 'sched_187_fanout' defined but not used [-Wunused-const-variable=]
  558 | static const int sched_187_fanout[] = { 188, 189 };
      |                  ^~~~~~~~~~~~~~~~
/scratch/dima/rose-infra/RoSE/soc/sw/xpu-rt/zephyr-chipyard-sw/modelblaster/examples/xpurt_demo_armB/int8/generated/3net_hetero_greedy_periodic.c:557:18: warning: 'sched_187_deps' defined but not used [-Wunused-const-variable=]
  557 | static const int sched_187_deps[] = { 186 };
      |                  ^~~~~~~~~~~~~~
/scratch/dima/rose-infra/RoSE/soc/sw/xpu-rt/zephyr-chipyard-sw/modelblaster/examples/xpurt_demo_armB/int8/generated/3net_hetero_greedy_periodic.c:556:18: warning: 'sched_187_harts' defined but not used [-Wunused-const-variable=]
  556 | static const int sched_187_harts[] = { 2 };
      |                  ^~~~~~~~~~~~~~~
/scratch/dima/rose-infra/RoSE/soc/sw/xpu-rt/zephyr-chipyard-sw/modelblaster/examples/xpurt_demo_armB/int8/generated/3net_hetero_greedy_periodic.c:555:18: warning: 'sched_186_fanout' defined but not used [-Wunused-const-variable=]
  555 | static const int sched_186_fanout[] = { 187, 188 };
      |                  ^~~~~~~~~~~~~~~~
/scratch/dima/rose-infra/RoSE/soc/sw/xpu-rt/zephyr-chipyard-sw/modelblaster/examples/xpurt_demo_armB/int8/generated/3net_hetero_greedy_periodic.c:554:18: warning: 'sched_186_deps' defined but not used [-Wunused-const-variable=]
  554 | static const int sched_186_deps[] = { 115 };
      |                  ^~~~~~~~~~~~~~
/scratch/dima/rose-infra/RoSE/soc/sw/xpu-rt/zephyr-chipyard-sw/modelblaster/examples/xpurt_demo_armB/int8/generated/3net_hetero_greedy_periodic.c:553:18: warning: 'sched_186_harts' defined but not used [-Wunused-const-variable=]
  553 | static const int sched_186_harts[] = { 0 };
      |                  ^~~~~~~~~~~~~~~
/scratch/dima/rose-infra/RoSE/soc/sw/xpu-rt/zephyr-chipyard-sw/modelblaster/examples/xpurt_demo_armB/int8/generated/3net_hetero_greedy_periodic.c:552:18: warning: 'sched_185_fanout' defined but not used [-Wunused-const-variable=]
  552 | static const int sched_185_fanout[] = { 187, 192 };
      |                  ^~~~~~~~~~~~~~~~
/scratch/dima/rose-infra/RoSE/soc/sw/xpu-rt/zephyr-chipyard-sw/modelblaster/examples/xpurt_demo_armB/int8/generated/3net_hetero_greedy_periodic.c:551:18: warning: 'sched_185_deps' defined but not used [-Wunused-const-variable=]
  551 | static const int sched_185_deps[] = { 173 };
      |                  ^~~~~~~~~~~~~~
/scratch/dima/rose-infra/RoSE/soc/sw/xpu-rt/zephyr-chipyard-sw/modelblaster/examples/xpurt_demo_armB/int8/generated/3net_hetero_greedy_periodic.c:550:18: warning: 'sched_185_harts' defined but not used [-Wunused-const-variable=]
  550 | static const int sched_185_harts[] = { 2 };
      |                  ^~~~~~~~~~~~~~~
/scratch/dima/rose-infra/RoSE/soc/sw/xpu-rt/zephyr-chipyard-sw/modelblaster/examples/xpurt_demo_armB/int8/generated/3net_hetero_greedy_periodic.c:549:18: warning: 'sched_184_deps' defined but not used [-Wunused-const-variable=]
  549 | static const int sched_184_deps[] = { 183 };
      |                  ^~~~~~~~~~~~~~
/scratch/dima/rose-infra/RoSE/soc/sw/xpu-rt/zephyr-chipyard-sw/modelblaster/examples/xpurt_demo_armB/int8/generated/3net_hetero_greedy_periodic.c:548:18: warning: 'sched_184_harts' defined but not used [-Wunused-const-variable=]
  548 | static const int sched_184_harts[] = { 0 };
      |                  ^~~~~~~~~~~~~~~
/scratch/dima/rose-infra/RoSE/soc/sw/xpu-rt/zephyr-chipyard-sw/modelblaster/examples/xpurt_demo_armB/int8/generated/3net_hetero_greedy_periodic.c:547:18: warning: 'sched_183_fanout' defined but not used [-Wunused-const-variable=]
  547 | static const int sched_183_fanout[] = { 184 };
      |                  ^~~~~~~~~~~~~~~~
/scratch/dima/rose-infra/RoSE/soc/sw/xpu-rt/zephyr-chipyard-sw/modelblaster/examples/xpurt_demo_armB/int8/generated/3net_hetero_greedy_periodic.c:546:18: warning: 'sched_183_deps' defined but not used [-Wunused-const-variable=]
  546 | static const int sched_183_deps[] = { 180 };
      |                  ^~~~~~~~~~~~~~
/scratch/dima/rose-infra/RoSE/soc/sw/xpu-rt/zephyr-chipyard-sw/modelblaster/examples/xpurt_demo_armB/int8/generated/3net_hetero_greedy_periodic.c:545:18: warning: 'sched_183_harts' defined but not used [-Wunused-const-variable=]
  545 | static const int sched_183_harts[] = { 2 };
      |                  ^~~~~~~~~~~~~~~
/scratch/dima/rose-infra/RoSE/soc/sw/xpu-rt/zephyr-chipyard-sw/modelblaster/examples/xpurt_demo_armB/int8/generated/3net_hetero_greedy_periodic.c:544:18: warning: 'sched_182_fanout' defined but not used [-Wunused-const-variable=]
  544 | static const int sched_182_fanout[] = { 184, 186 };
      |                  ^~~~~~~~~~~~~~~~
/scratch/dima/rose-infra/RoSE/soc/sw/xpu-rt/zephyr-chipyard-sw/modelblaster/examples/xpurt_demo_armB/int8/generated/3net_hetero_greedy_periodic.c:543:18: warning: 'sched_182_deps' defined but not used [-Wunused-const-variable=]
  543 | static const int sched_182_deps[] = { 181 };
      |                  ^~~~~~~~~~~~~~
/scratch/dima/rose-infra/RoSE/soc/sw/xpu-rt/zephyr-chipyard-sw/modelblaster/examples/xpurt_demo_armB/int8/generated/3net_hetero_greedy_periodic.c:542:18: warning: 'sched_182_harts' defined but not used [-Wunused-const-variable=]
  542 | static const int sched_182_harts[] = { 0 };
      |                  ^~~~~~~~~~~~~~~
/scratch/dima/rose-infra/RoSE/soc/sw/xpu-rt/zephyr-chipyard-sw/modelblaster/examples/xpurt_demo_armB/int8/generated/3net_hetero_greedy_periodic.c:541:18: warning: 'sched_181_fanout' defined but not used [-Wunused-const-variable=]
  541 | static const int sched_181_fanout[] = { 182, 185 };
      |                  ^~~~~~~~~~~~~~~~
/scratch/dima/rose-infra/RoSE/soc/sw/xpu-rt/zephyr-chipyard-sw/modelblaster/examples/xpurt_demo_armB/int8/generated/3net_hetero_greedy_periodic.c:540:18: warning: 'sched_181_deps' defined but not used [-Wunused-const-variable=]
  540 | static const int sched_181_deps[] = { 178 };
      |                  ^~~~~~~~~~~~~~
/scratch/dima/rose-infra/RoSE/soc/sw/xpu-rt/zephyr-chipyard-sw/modelblaster/examples/xpurt_demo_armB/int8/generated/3net_hetero_greedy_periodic.c:539:18: warning: 'sched_181_harts' defined but not used [-Wunused-const-variable=]
  539 | static const int sched_181_harts[] = { 2 };
      |                  ^~~~~~~~~~~~~~~
/scratch/dima/rose-infra/RoSE/soc/sw/xpu-rt/zephyr-chipyard-sw/modelblaster/examples/xpurt_demo_armB/int8/generated/3net_hetero_greedy_periodic.c:538:18: warning: 'sched_180_fanout' defined but not used [-Wunused-const-variable=]
  538 | static const int sched_180_fanout[] = { 182, 183 };
      |                  ^~~~~~~~~~~~~~~~
/scratch/dima/rose-infra/RoSE/soc/sw/xpu-rt/zephyr-chipyard-sw/modelblaster/examples/xpurt_demo_armB/int8/generated/3net_hetero_greedy_periodic.c:537:18: warning: 'sched_180_deps' defined but not used [-Wunused-const-variable=]
  537 | static const int sched_180_deps[] = { 179 };
      |                  ^~~~~~~~~~~~~~
/scratch/dima/rose-infra/RoSE/soc/sw/xpu-rt/zephyr-chipyard-sw/modelblaster/examples/xpurt_demo_armB/int8/generated/3net_hetero_greedy_periodic.c:536:18: warning: 'sched_180_harts' defined but not used [-Wunused-const-variable=]
  536 | static const int sched_180_harts[] = { 0 };
      |                  ^~~~~~~~~~~~~~~
/scratch/dima/rose-infra/RoSE/soc/sw/xpu-rt/zephyr-chipyard-sw/modelblaster/examples/xpurt_demo_armB/int8/generated/3net_hetero_greedy_periodic.c:535:18: warning: 'sched_179_fanout' defined but not used [-Wunused-const-variable=]
  535 | static const int sched_179_fanout[] = { 180 };
      |                  ^~~~~~~~~~~~~~~~
/scratch/dima/rose-infra/RoSE/soc/sw/xpu-rt/zephyr-chipyard-sw/modelblaster/examples/xpurt_demo_armB/int8/generated/3net_hetero_greedy_periodic.c:534:18: warning: 'sched_179_deps' defined but not used [-Wunused-const-variable=]
  534 | static const int sched_179_deps[] = { 176 };
      |                  ^~~~~~~~~~~~~~
/scratch/dima/rose-infra/RoSE/soc/sw/xpu-rt/zephyr-chipyard-sw/modelblaster/examples/xpurt_demo_armB/int8/generated/3net_hetero_greedy_periodic.c:533:18: warning: 'sched_179_harts' defined but not used [-Wunused-const-variable=]
  533 | static const int sched_179_harts[] = { 0 };
      |                  ^~~~~~~~~~~~~~~
/scratch/dima/rose-infra/RoSE/soc/sw/xpu-rt/zephyr-chipyard-sw/modelblaster/examples/xpurt_demo_armB/int8/generated/3net_hetero_greedy_periodic.c:532:18: warning: 'sched_178_fanout' defined but not used [-Wunused-const-variable=]
  532 | static const int sched_178_fanout[] = { 181, 183 };
      |                  ^~~~~~~~~~~~~~~~
/scratch/dima/rose-infra/RoSE/soc/sw/xpu-rt/zephyr-chipyard-sw/modelblaster/examples/xpurt_demo_armB/int8/generated/3net_hetero_greedy_periodic.c:531:18: warning: 'sched_178_deps' defined but not used [-Wunused-const-variable=]
  531 | static const int sched_178_deps[] = { 177 };
      |                  ^~~~~~~~~~~~~~
/scratch/dima/rose-infra/RoSE/soc/sw/xpu-rt/zephyr-chipyard-sw/modelblaster/examples/xpurt_demo_armB/int8/generated/3net_hetero_greedy_periodic.c:530:18: warning: 'sched_178_harts' defined but not used [-Wunused-const-variable=]
  530 | static const int sched_178_harts[] = { 2 };
      |                  ^~~~~~~~~~~~~~~
/scratch/dima/rose-infra/RoSE/soc/sw/xpu-rt/zephyr-chipyard-sw/modelblaster/examples/xpurt_demo_armB/int8/generated/3net_hetero_greedy_periodic.c:529:18: warning: 'sched_177_fanout' defined but not used [-Wunused-const-variable=]
  529 | static const int sched_177_fanout[] = { 178, 179, 180 };
      |                  ^~~~~~~~~~~~~~~~
/scratch/dima/rose-infra/RoSE/soc/sw/xpu-rt/zephyr-chipyard-sw/modelblaster/examples/xpurt_demo_armB/int8/generated/3net_hetero_greedy_periodic.c:528:18: warning: 'sched_177_deps' defined but not used [-Wunused-const-variable=]
  528 | static const int sched_177_deps[] = { 175 };
      |                  ^~~~~~~~~~~~~~
/scratch/dima/rose-infra/RoSE/soc/sw/xpu-rt/zephyr-chipyard-sw/modelblaster/examples/xpurt_demo_armB/int8/generated/3net_hetero_greedy_periodic.c:527:18: warning: 'sched_177_harts' defined but not used [-Wunused-const-variable=]
  527 | static const int sched_177_harts[] = { 0 };
      |                  ^~~~~~~~~~~~~~~
/scratch/dima/rose-infra/RoSE/soc/sw/xpu-rt/zephyr-chipyard-sw/modelblaster/examples/xpurt_demo_armB/int8/generated/3net_hetero_greedy_periodic.c:526:18: warning: 'sched_176_fanout' defined but not used [-Wunused-const-variable=]
  526 | static const int sched_176_fanout[] = { 179, 181 };
      |                  ^~~~~~~~~~~~~~~~
/scratch/dima/rose-infra/RoSE/soc/sw/xpu-rt/zephyr-chipyard-sw/modelblaster/examples/xpurt_demo_armB/int8/generated/3net_hetero_greedy_periodic.c:525:18: warning: 'sched_176_deps' defined but not used [-Wunused-const-variable=]
  525 | static const int sched_176_deps[] = { 132 };
      |                  ^~~~~~~~~~~~~~
/scratch/dima/rose-infra/RoSE/soc/sw/xpu-rt/zephyr-chipyard-sw/modelblaster/examples/xpurt_demo_armB/int8/generated/3net_hetero_greedy_periodic.c:524:18: warning: 'sched_176_harts' defined but not used [-Wunused-const-variable=]
  524 | static const int sched_176_harts[] = { 2 };
      |                  ^~~~~~~~~~~~~~~
/scratch/dima/rose-infra/RoSE/soc/sw/xpu-rt/zephyr-chipyard-sw/modelblaster/examples/xpurt_demo_armB/int8/generated/3net_hetero_greedy_periodic.c:523:18: warning: 'sched_175_fanout' defined but not used [-Wunused-const-variable=]
  523 | static const int sched_175_fanout[] = { 177 };
      |                  ^~~~~~~~~~~~~~~~
/scratch/dima/rose-infra/RoSE/soc/sw/xpu-rt/zephyr-chipyard-sw/modelblaster/examples/xpurt_demo_armB/int8/generated/3net_hetero_greedy_periodic.c:522:18: warning: 'sched_175_deps' defined but not used [-Wunused-const-variable=]
  522 | static const int sched_175_deps[] = { 101 };
      |                  ^~~~~~~~~~~~~~
/scratch/dima/rose-infra/RoSE/soc/sw/xpu-rt/zephyr-chipyard-sw/modelblaster/examples/xpurt_demo_armB/int8/generated/3net_hetero_greedy_periodic.c:521:18: warning: 'sched_175_harts' defined but not used [-Wunused-const-variable=]
  521 | static const int sched_175_harts[] = { 0 };
      |                  ^~~~~~~~~~~~~~~
/scratch/dima/rose-infra/RoSE/soc/sw/xpu-rt/zephyr-chipyard-sw/modelblaster/examples/xpurt_demo_armB/int8/generated/3net_hetero_greedy_periodic.c:520:18: warning: 'sched_174_fanout' defined but not used [-Wunused-const-variable=]
  520 | static const int sched_174_fanout[] = { 177, 194 };
      |                  ^~~~~~~~~~~~~~~~
/scratch/dima/rose-infra/RoSE/soc/sw/xpu-rt/zephyr-chipyard-sw/modelblaster/examples/xpurt_demo_armB/int8/generated/3net_hetero_greedy_periodic.c:519:18: warning: 'sched_174_deps' defined but not used [-Wunused-const-variable=]
  519 | static const int sched_174_deps[] = { 172 };
      |                  ^~~~~~~~~~~~~~
/scratch/dima/rose-infra/RoSE/soc/sw/xpu-rt/zephyr-chipyard-sw/modelblaster/examples/xpurt_demo_armB/int8/generated/3net_hetero_greedy_periodic.c:518:18: warning: 'sched_174_harts' defined but not used [-Wunused-const-variable=]
  518 | static const int sched_174_harts[] = { 0 };
      |                  ^~~~~~~~~~~~~~~
/scratch/dima/rose-infra/RoSE/soc/sw/xpu-rt/zephyr-chipyard-sw/modelblaster/examples/xpurt_demo_armB/int8/generated/3net_hetero_greedy_periodic.c:517:18: warning: 'sched_173_fanout' defined but not used [-Wunused-const-variable=]
  517 | static const int sched_173_fanout[] = { 178, 185 };
      |                  ^~~~~~~~~~~~~~~~
/scratch/dima/rose-infra/RoSE/soc/sw/xpu-rt/zephyr-chipyard-sw/modelblaster/examples/xpurt_demo_armB/int8/generated/3net_hetero_greedy_periodic.c:516:18: warning: 'sched_173_deps' defined but not used [-Wunused-const-variable=]
  516 | static const int sched_173_deps[] = { 171 };
      |                  ^~~~~~~~~~~~~~
/scratch/dima/rose-infra/RoSE/soc/sw/xpu-rt/zephyr-chipyard-sw/modelblaster/examples/xpurt_demo_armB/int8/generated/3net_hetero_greedy_periodic.c:515:18: warning: 'sched_173_harts' defined but not used [-Wunused-const-variable=]
  515 | static const int sched_173_harts[] = { 2 };
      |                  ^~~~~~~~~~~~~~~
/scratch/dima/rose-infra/RoSE/soc/sw/xpu-rt/zephyr-chipyard-sw/modelblaster/examples/xpurt_demo_armB/int8/generated/3net_hetero_greedy_periodic.c:514:18: warning: 'sched_172_fanout' defined but not used [-Wunused-const-variable=]
  514 | static const int sched_172_fanout[] = { 174, 175 };
      |                  ^~~~~~~~~~~~~~~~
/scratch/dima/rose-infra/RoSE/soc/sw/xpu-rt/zephyr-chipyard-sw/modelblaster/examples/xpurt_demo_armB/int8/generated/3net_hetero_greedy_periodic.c:513:18: warning: 'sched_172_harts' defined but not used [-Wunused-const-variable=]
  513 | static const int sched_172_harts[] = { 0 };
      |                  ^~~~~~~~~~~~~~~
/scratch/dima/rose-infra/RoSE/soc/sw/xpu-rt/zephyr-chipyard-sw/modelblaster/examples/xpurt_demo_armB/int8/generated/3net_hetero_greedy_periodic.c:512:18: warning: 'sched_171_fanout' defined but not used [-Wunused-const-variable=]
  512 | static const int sched_171_fanout[] = { 173, 174 };
      |                  ^~~~~~~~~~~~~~~~
/scratch/dima/rose-infra/RoSE/soc/sw/xpu-rt/zephyr-chipyard-sw/modelblaster/examples/xpurt_demo_armB/int8/generated/3net_hetero_greedy_periodic.c:511:18: warning: 'sched_171_deps' defined but not used [-Wunused-const-variable=]
  511 | static const int sched_171_deps[] = { 170 };
      |                  ^~~~~~~~~~~~~~
/scratch/dima/rose-infra/RoSE/soc/sw/xpu-rt/zephyr-chipyard-sw/modelblaster/examples/xpurt_demo_armB/int8/generated/3net_hetero_greedy_periodic.c:510:18: warning: 'sched_171_harts' defined but not used [-Wunused-const-variable=]
  510 | static const int sched_171_harts[] = { 0 };
      |                  ^~~~~~~~~~~~~~~
/scratch/dima/rose-infra/RoSE/soc/sw/xpu-rt/zephyr-chipyard-sw/modelblaster/examples/xpurt_demo_armB/int8/generated/3net_hetero_greedy_periodic.c:509:18: warning: 'sched_170_fanout' defined but not used [-Wunused-const-variable=]
  509 | static const int sched_170_fanout[] = { 171, 173, 176 };
      |                  ^~~~~~~~~~~~~~~~
/scratch/dima/rose-infra/RoSE/soc/sw/xpu-rt/zephyr-chipyard-sw/modelblaster/examples/xpurt_demo_armB/int8/generated/3net_hetero_greedy_periodic.c:508:18: warning: 'sched_170_deps' defined but not used [-Wunused-const-variable=]
  508 | static const int sched_170_deps[] = { 168 };
      |                  ^~~~~~~~~~~~~~
/scratch/dima/rose-infra/RoSE/soc/sw/xpu-rt/zephyr-chipyard-sw/modelblaster/examples/xpurt_demo_armB/int8/generated/3net_hetero_greedy_periodic.c:507:18: warning: 'sched_170_harts' defined but not used [-Wunused-const-variable=]
  507 | static const int sched_170_harts[] = { 2 };
      |                  ^~~~~~~~~~~~~~~
/scratch/dima/rose-infra/RoSE/soc/sw/xpu-rt/zephyr-chipyard-sw/modelblaster/examples/xpurt_demo_armB/int8/generated/3net_hetero_greedy_periodic.c:506:18: warning: 'sched_169_fanout' defined but not used [-Wunused-const-variable=]
  506 | static const int sched_169_fanout[] = { 170 };
      |                  ^~~~~~~~~~~~~~~~
/scratch/dima/rose-infra/RoSE/soc/sw/xpu-rt/zephyr-chipyard-sw/modelblaster/examples/xpurt_demo_armB/int8/generated/3net_hetero_greedy_periodic.c:505:18: warning: 'sched_169_deps' defined but not used [-Wunused-const-variable=]
  505 | static const int sched_169_deps[] = { 163, 167 };
      |                  ^~~~~~~~~~~~~~
/scratch/dima/rose-infra/RoSE/soc/sw/xpu-rt/zephyr-chipyard-sw/modelblaster/examples/xpurt_demo_armB/int8/generated/3net_hetero_greedy_periodic.c:504:18: warning: 'sched_169_harts' defined but not used [-Wunused-const-variable=]
  504 | static const int sched_169_harts[] = { 2 };
      |                  ^~~~~~~~~~~~~~~
/scratch/dima/rose-infra/RoSE/soc/sw/xpu-rt/zephyr-chipyard-sw/modelblaster/examples/xpurt_demo_armB/int8/generated/3net_hetero_greedy_periodic.c:503:18: warning: 'sched_168_fanout' defined but not used [-Wunused-const-variable=]
  503 | static const int sched_168_fanout[] = { 170, 171, 172 };
      |                  ^~~~~~~~~~~~~~~~
/scratch/dima/rose-infra/RoSE/soc/sw/xpu-rt/zephyr-chipyard-sw/modelblaster/examples/xpurt_demo_armB/int8/generated/3net_hetero_greedy_periodic.c:502:18: warning: 'sched_168_deps' defined but not used [-Wunused-const-variable=]
  502 | static const int sched_168_deps[] = { 115 };
      |                  ^~~~~~~~~~~~~~
/scratch/dima/rose-infra/RoSE/soc/sw/xpu-rt/zephyr-chipyard-sw/modelblaster/examples/xpurt_demo_armB/int8/generated/3net_hetero_greedy_periodic.c:501:18: warning: 'sched_168_harts' defined but not used [-Wunused-const-variable=]
  501 | static const int sched_168_harts[] = { 0 };
      |                  ^~~~~~~~~~~~~~~
/scratch/dima/rose-infra/RoSE/soc/sw/xpu-rt/zephyr-chipyard-sw/modelblaster/examples/xpurt_demo_armB/int8/generated/3net_hetero_greedy_periodic.c:500:18: warning: 'sched_167_fanout' defined but not used [-Wunused-const-variable=]
  500 | static const int sched_167_fanout[] = { 169 };
      |                  ^~~~~~~~~~~~~~~~
/scratch/dima/rose-infra/RoSE/soc/sw/xpu-rt/zephyr-chipyard-sw/modelblaster/examples/xpurt_demo_armB/int8/generated/3net_hetero_greedy_periodic.c:499:18: warning: 'sched_167_deps' defined but not used [-Wunused-const-variable=]
  499 | static const int sched_167_deps[] = { 166 };
      |                  ^~~~~~~~~~~~~~
/scratch/dima/rose-infra/RoSE/soc/sw/xpu-rt/zephyr-chipyard-sw/modelblaster/examples/xpurt_demo_armB/int8/generated/3net_hetero_greedy_periodic.c:498:18: warning: 'sched_167_harts' defined but not used [-Wunused-const-variable=]
  498 | static const int sched_167_harts[] = { 0 };
      |                  ^~~~~~~~~~~~~~~
/scratch/dima/rose-infra/RoSE/soc/sw/xpu-rt/zephyr-chipyard-sw/modelblaster/examples/xpurt_demo_armB/int8/generated/3net_hetero_greedy_periodic.c:497:18: warning: 'sched_166_fanout' defined but not used [-Wunused-const-variable=]
  497 | static const int sched_166_fanout[] = { 167, 169 };
      |                  ^~~~~~~~~~~~~~~~
/scratch/dima/rose-infra/RoSE/soc/sw/xpu-rt/zephyr-chipyard-sw/modelblaster/examples/xpurt_demo_armB/int8/generated/3net_hetero_greedy_periodic.c:496:18: warning: 'sched_166_deps' defined but not used [-Wunused-const-variable=]
  496 | static const int sched_166_deps[] = { 165 };
      |                  ^~~~~~~~~~~~~~
/scratch/dima/rose-infra/RoSE/soc/sw/xpu-rt/zephyr-chipyard-sw/modelblaster/examples/xpurt_demo_armB/int8/generated/3net_hetero_greedy_periodic.c:495:18: warning: 'sched_166_harts' defined but not used [-Wunused-const-variable=]
  495 | static const int sched_166_harts[] = { 2 };
      |                  ^~~~~~~~~~~~~~~
/scratch/dima/rose-infra/RoSE/soc/sw/xpu-rt/zephyr-chipyard-sw/modelblaster/examples/xpurt_demo_armB/int8/generated/3net_hetero_greedy_periodic.c:494:18: warning: 'sched_165_fanout' defined but not used [-Wunused-const-variable=]
  494 | static const int sched_165_fanout[] = { 166, 167, 168 };
      |                  ^~~~~~~~~~~~~~~~
/scratch/dima/rose-infra/RoSE/soc/sw/xpu-rt/zephyr-chipyard-sw/modelblaster/examples/xpurt_demo_armB/int8/generated/3net_hetero_greedy_periodic.c:493:18: warning: 'sched_165_deps' defined but not used [-Wunused-const-variable=]
  493 | static const int sched_165_deps[] = { 164 };
      |                  ^~~~~~~~~~~~~~
/scratch/dima/rose-infra/RoSE/soc/sw/xpu-rt/zephyr-chipyard-sw/modelblaster/examples/xpurt_demo_armB/int8/generated/3net_hetero_greedy_periodic.c:492:18: warning: 'sched_165_harts' defined but not used [-Wunused-const-variable=]
  492 | static const int sched_165_harts[] = { 0 };
      |                  ^~~~~~~~~~~~~~~
/scratch/dima/rose-infra/RoSE/soc/sw/xpu-rt/zephyr-chipyard-sw/modelblaster/examples/xpurt_demo_armB/int8/generated/3net_hetero_greedy_periodic.c:491:18: warning: 'sched_164_fanout' defined but not used [-Wunused-const-variable=]
  491 | static const int sched_164_fanout[] = { 165, 166 };
      |                  ^~~~~~~~~~~~~~~~
/scratch/dima/rose-infra/RoSE/soc/sw/xpu-rt/zephyr-chipyard-sw/modelblaster/examples/xpurt_demo_armB/int8/generated/3net_hetero_greedy_periodic.c:490:18: warning: 'sched_164_deps' defined but not used [-Wunused-const-variable=]
  490 | static const int sched_164_deps[] = { 162 };
      |                  ^~~~~~~~~~~~~~
/scratch/dima/rose-infra/RoSE/soc/sw/xpu-rt/zephyr-chipyard-sw/modelblaster/examples/xpurt_demo_armB/int8/generated/3net_hetero_greedy_periodic.c:489:18: warning: 'sched_164_harts' defined but not used [-Wunused-const-variable=]
  489 | static const int sched_164_harts[] = { 2 };
      |                  ^~~~~~~~~~~~~~~
/scratch/dima/rose-infra/RoSE/soc/sw/xpu-rt/zephyr-chipyard-sw/modelblaster/examples/xpurt_demo_armB/int8/generated/3net_hetero_greedy_periodic.c:488:18: warning: 'sched_163_fanout' defined but not used [-Wunused-const-variable=]
  488 | static const int sched_163_fanout[] = { 164, 169 };
      |                  ^~~~~~~~~~~~~~~~
/scratch/dima/rose-infra/RoSE/soc/sw/xpu-rt/zephyr-chipyard-sw/modelblaster/examples/xpurt_demo_armB/int8/generated/3net_hetero_greedy_periodic.c:487:18: warning: 'sched_163_deps' defined but not used [-Wunused-const-variable=]
  487 | static const int sched_163_deps[] = { 161 };
      |                  ^~~~~~~~~~~~~~
/scratch/dima/rose-infra/RoSE/soc/sw/xpu-rt/zephyr-chipyard-sw/modelblaster/examples/xpurt_demo_armB/int8/generated/3net_hetero_greedy_periodic.c:486:18: warning: 'sched_163_harts' defined but not used [-Wunused-const-variable=]
  486 | static const int sched_163_harts[] = { 2 };
      |                  ^~~~~~~~~~~~~~~
/scratch/dima/rose-infra/RoSE/soc/sw/xpu-rt/zephyr-chipyard-sw/modelblaster/examples/xpurt_demo_armB/int8/generated/3net_hetero_greedy_periodic.c:485:18: warning: 'sched_162_fanout' defined but not used [-Wunused-const-variable=]
  485 | static const int sched_162_fanout[] = { 164, 165 };
      |                  ^~~~~~~~~~~~~~~~
/scratch/dima/rose-infra/RoSE/soc/sw/xpu-rt/zephyr-chipyard-sw/modelblaster/examples/xpurt_demo_armB/int8/generated/3net_hetero_greedy_periodic.c:484:18: warning: 'sched_162_deps' defined but not used [-Wunused-const-variable=]
  484 | static const int sched_162_deps[] = { 128 };
      |                  ^~~~~~~~~~~~~~
/scratch/dima/rose-infra/RoSE/soc/sw/xpu-rt/zephyr-chipyard-sw/modelblaster/examples/xpurt_demo_armB/int8/generated/3net_hetero_greedy_periodic.c:483:18: warning: 'sched_162_harts' defined but not used [-Wunused-const-variable=]
  483 | static const int sched_162_harts[] = { 0 };
      |                  ^~~~~~~~~~~~~~~
/scratch/dima/rose-infra/RoSE/soc/sw/xpu-rt/zephyr-chipyard-sw/modelblaster/examples/xpurt_demo_armB/int8/generated/3net_hetero_greedy_periodic.c:482:18: warning: 'sched_161_fanout' defined but not used [-Wunused-const-variable=]
  482 | static const int sched_161_fanout[] = { 163 };
      |                  ^~~~~~~~~~~~~~~~
/scratch/dima/rose-infra/RoSE/soc/sw/xpu-rt/zephyr-chipyard-sw/modelblaster/examples/xpurt_demo_armB/int8/generated/3net_hetero_greedy_periodic.c:481:18: warning: 'sched_161_deps' defined but not used [-Wunused-const-variable=]
  481 | static const int sched_161_deps[] = { 160 };
      |                  ^~~~~~~~~~~~~~
/scratch/dima/rose-infra/RoSE/soc/sw/xpu-rt/zephyr-chipyard-sw/modelblaster/examples/xpurt_demo_armB/int8/generated/3net_hetero_greedy_periodic.c:480:18: warning: 'sched_161_harts' defined but not used [-Wunused-const-variable=]
  480 | static const int sched_161_harts[] = { 2 };
      |                  ^~~~~~~~~~~~~~~
/scratch/dima/rose-infra/RoSE/soc/sw/xpu-rt/zephyr-chipyard-sw/modelblaster/examples/xpurt_demo_armB/int8/generated/3net_hetero_greedy_periodic.c:479:18: warning: 'sched_160_fanout' defined but not used [-Wunused-const-variable=]
  479 | static const int sched_160_fanout[] = { 161 };
      |                  ^~~~~~~~~~~~~~~~
/scratch/dima/rose-infra/RoSE/soc/sw/xpu-rt/zephyr-chipyard-sw/modelblaster/examples/xpurt_demo_armB/int8/generated/3net_hetero_greedy_periodic.c:478:18: warning: 'sched_160_deps' defined but not used [-Wunused-const-variable=]
  478 | static const int sched_160_deps[] = { 159 };
      |                  ^~~~~~~~~~~~~~
/scratch/dima/rose-infra/RoSE/soc/sw/xpu-rt/zephyr-chipyard-sw/modelblaster/examples/xpurt_demo_armB/int8/generated/3net_hetero_greedy_periodic.c:477:18: warning: 'sched_160_harts' defined but not used [-Wunused-const-variable=]
  477 | static const int sched_160_harts[] = { 0 };
      |                  ^~~~~~~~~~~~~~~
/scratch/dima/rose-infra/RoSE/soc/sw/xpu-rt/zephyr-chipyard-sw/modelblaster/examples/xpurt_demo_armB/int8/generated/3net_hetero_greedy_periodic.c:476:18: warning: 'sched_159_fanout' defined but not used [-Wunused-const-variable=]
  476 | static const int sched_159_fanout[] = { 160, 161, 163 };
      |                  ^~~~~~~~~~~~~~~~
/scratch/dima/rose-infra/RoSE/soc/sw/xpu-rt/zephyr-chipyard-sw/modelblaster/examples/xpurt_demo_armB/int8/generated/3net_hetero_greedy_periodic.c:475:18: warning: 'sched_159_deps' defined but not used [-Wunused-const-variable=]
  475 | static const int sched_159_deps[] = { 157 };
      |                  ^~~~~~~~~~~~~~
/scratch/dima/rose-infra/RoSE/soc/sw/xpu-rt/zephyr-chipyard-sw/modelblaster/examples/xpurt_demo_armB/int8/generated/3net_hetero_greedy_periodic.c:474:18: warning: 'sched_159_harts' defined but not used [-Wunused-const-variable=]
  474 | static const int sched_159_harts[] = { 2 };
      |                  ^~~~~~~~~~~~~~~
/scratch/dima/rose-infra/RoSE/soc/sw/xpu-rt/zephyr-chipyard-sw/modelblaster/examples/xpurt_demo_armB/int8/generated/3net_hetero_greedy_periodic.c:473:18: warning: 'sched_158_fanout' defined but not used [-Wunused-const-variable=]
  473 | static const int sched_158_fanout[] = { 159 };
      |                  ^~~~~~~~~~~~~~~~
/scratch/dima/rose-infra/RoSE/soc/sw/xpu-rt/zephyr-chipyard-sw/modelblaster/examples/xpurt_demo_armB/int8/generated/3net_hetero_greedy_periodic.c:472:18: warning: 'sched_158_deps' defined but not used [-Wunused-const-variable=]
  472 | static const int sched_158_deps[] = { 151, 156 };
      |                  ^~~~~~~~~~~~~~
/scratch/dima/rose-infra/RoSE/soc/sw/xpu-rt/zephyr-chipyard-sw/modelblaster/examples/xpurt_demo_armB/int8/generated/3net_hetero_greedy_periodic.c:471:18: warning: 'sched_158_harts' defined but not used [-Wunused-const-variable=]
  471 | static const int sched_158_harts[] = { 2 };
      |                  ^~~~~~~~~~~~~~~
/scratch/dima/rose-infra/RoSE/soc/sw/xpu-rt/zephyr-chipyard-sw/modelblaster/examples/xpurt_demo_armB/int8/generated/3net_hetero_greedy_periodic.c:470:18: warning: 'sched_157_fanout' defined but not used [-Wunused-const-variable=]
  470 | static const int sched_157_fanout[] = { 159, 160, 162 };
      |                  ^~~~~~~~~~~~~~~~
/scratch/dima/rose-infra/RoSE/soc/sw/xpu-rt/zephyr-chipyard-sw/modelblaster/examples/xpurt_demo_armB/int8/generated/3net_hetero_greedy_periodic.c:469:18: warning: 'sched_157_deps' defined but not used [-Wunused-const-variable=]
  469 | static const int sched_157_deps[] = { 128 };
      |                  ^~~~~~~~~~~~~~
/scratch/dima/rose-infra/RoSE/soc/sw/xpu-rt/zephyr-chipyard-sw/modelblaster/examples/xpurt_demo_armB/int8/generated/3net_hetero_greedy_periodic.c:468:18: warning: 'sched_157_harts' defined but not used [-Wunused-const-variable=]
  468 | static const int sched_157_harts[] = { 0 };
      |                  ^~~~~~~~~~~~~~~
/scratch/dima/rose-infra/RoSE/soc/sw/xpu-rt/zephyr-chipyard-sw/modelblaster/examples/xpurt_demo_armB/int8/generated/3net_hetero_greedy_periodic.c:467:18: warning: 'sched_156_fanout' defined but not used [-Wunused-const-variable=]
  467 | static const int sched_156_fanout[] = { 158 };
      |                  ^~~~~~~~~~~~~~~~
/scratch/dima/rose-infra/RoSE/soc/sw/xpu-rt/zephyr-chipyard-sw/modelblaster/examples/xpurt_demo_armB/int8/generated/3net_hetero_greedy_periodic.c:466:18: warning: 'sched_156_deps' defined but not used [-Wunused-const-variable=]
  466 | static const int sched_156_deps[] = { 155 };
      |                  ^~~~~~~~~~~~~~
/scratch/dima/rose-infra/RoSE/soc/sw/xpu-rt/zephyr-chipyard-sw/modelblaster/examples/xpurt_demo_armB/int8/generated/3net_hetero_greedy_periodic.c:465:18: warning: 'sched_156_harts' defined but not used [-Wunused-const-variable=]
  465 | static const int sched_156_harts[] = { 0 };
      |                  ^~~~~~~~~~~~~~~
/scratch/dima/rose-infra/RoSE/soc/sw/xpu-rt/zephyr-chipyard-sw/modelblaster/examples/xpurt_demo_armB/int8/generated/3net_hetero_greedy_periodic.c:464:18: warning: 'sched_155_fanout' defined but not used [-Wunused-const-variable=]
  464 | static const int sched_155_fanout[] = { 156, 158 };
      |                  ^~~~~~~~~~~~~~~~
/scratch/dima/rose-infra/RoSE/soc/sw/xpu-rt/zephyr-chipyard-sw/modelblaster/examples/xpurt_demo_armB/int8/generated/3net_hetero_greedy_periodic.c:463:18: warning: 'sched_155_deps' defined but not used [-Wunused-const-variable=]
  463 | static const int sched_155_deps[] = { 154 };
      |                  ^~~~~~~~~~~~~~
/scratch/dima/rose-infra/RoSE/soc/sw/xpu-rt/zephyr-chipyard-sw/modelblaster/examples/xpurt_demo_armB/int8/generated/3net_hetero_greedy_periodic.c:462:18: warning: 'sched_155_harts' defined but not used [-Wunused-const-variable=]
  462 | static const int sched_155_harts[] = { 2 };
      |                  ^~~~~~~~~~~~~~~
/scratch/dima/rose-infra/RoSE/soc/sw/xpu-rt/zephyr-chipyard-sw/modelblaster/examples/xpurt_demo_armB/int8/generated/3net_hetero_greedy_periodic.c:461:18: warning: 'sched_154_fanout' defined but not used [-Wunused-const-variable=]
  461 | static const int sched_154_fanout[] = { 155, 156, 157 };
      |                  ^~~~~~~~~~~~~~~~
/scratch/dima/rose-infra/RoSE/soc/sw/xpu-rt/zephyr-chipyard-sw/modelblaster/examples/xpurt_demo_armB/int8/generated/3net_hetero_greedy_periodic.c:460:18: warning: 'sched_154_deps' defined but not used [-Wunused-const-variable=]
  460 | static const int sched_154_deps[] = { 153 };
      |                  ^~~~~~~~~~~~~~
/scratch/dima/rose-infra/RoSE/soc/sw/xpu-rt/zephyr-chipyard-sw/modelblaster/examples/xpurt_demo_armB/int8/generated/3net_hetero_greedy_periodic.c:459:18: warning: 'sched_154_harts' defined but not used [-Wunused-const-variable=]
  459 | static const int sched_154_harts[] = { 0 };
      |                  ^~~~~~~~~~~~~~~
/scratch/dima/rose-infra/RoSE/soc/sw/xpu-rt/zephyr-chipyard-sw/modelblaster/examples/xpurt_demo_armB/int8/generated/3net_hetero_greedy_periodic.c:458:18: warning: 'sched_153_fanout' defined but not used [-Wunused-const-variable=]
  458 | static const int sched_153_fanout[] = { 154, 155 };
      |                  ^~~~~~~~~~~~~~~~
/scratch/dima/rose-infra/RoSE/soc/sw/xpu-rt/zephyr-chipyard-sw/modelblaster/examples/xpurt_demo_armB/int8/generated/3net_hetero_greedy_periodic.c:457:18: warning: 'sched_153_deps' defined but not used [-Wunused-const-variable=]
  457 | static const int sched_153_deps[] = { 152 };
      |                  ^~~~~~~~~~~~~~
/scratch/dima/rose-infra/RoSE/soc/sw/xpu-rt/zephyr-chipyard-sw/modelblaster/examples/xpurt_demo_armB/int8/generated/3net_hetero_greedy_periodic.c:456:18: warning: 'sched_153_harts' defined but not used [-Wunused-const-variable=]
  456 | static const int sched_153_harts[] = { 2 };
      |                  ^~~~~~~~~~~~~~~
/scratch/dima/rose-infra/RoSE/soc/sw/xpu-rt/zephyr-chipyard-sw/modelblaster/examples/xpurt_demo_armB/int8/generated/3net_hetero_greedy_periodic.c:455:18: warning: 'sched_152_fanout' defined but not used [-Wunused-const-variable=]
  455 | static const int sched_152_fanout[] = { 153, 154 };
      |                  ^~~~~~~~~~~~~~~~
/scratch/dima/rose-infra/RoSE/soc/sw/xpu-rt/zephyr-chipyard-sw/modelblaster/examples/xpurt_demo_armB/int8/generated/3net_hetero_greedy_periodic.c:454:18: warning: 'sched_152_deps' defined but not used [-Wunused-const-variable=]
  454 | static const int sched_152_deps[] = { 146 };
      |                  ^~~~~~~~~~~~~~
/scratch/dima/rose-infra/RoSE/soc/sw/xpu-rt/zephyr-chipyard-sw/modelblaster/examples/xpurt_demo_armB/int8/generated/3net_hetero_greedy_periodic.c:453:18: warning: 'sched_152_harts' defined but not used [-Wunused-const-variable=]
  453 | static const int sched_152_harts[] = { 0 };
      |                  ^~~~~~~~~~~~~~~
/scratch/dima/rose-infra/RoSE/soc/sw/xpu-rt/zephyr-chipyard-sw/modelblaster/examples/xpurt_demo_armB/int8/generated/3net_hetero_greedy_periodic.c:452:18: warning: 'sched_151_fanout' defined but not used [-Wunused-const-variable=]
  452 | static const int sched_151_fanout[] = { 158 };
      |                  ^~~~~~~~~~~~~~~~
/scratch/dima/rose-infra/RoSE/soc/sw/xpu-rt/zephyr-chipyard-sw/modelblaster/examples/xpurt_demo_armB/int8/generated/3net_hetero_greedy_periodic.c:451:18: warning: 'sched_151_deps' defined but not used [-Wunused-const-variable=]
  451 | static const int sched_151_deps[] = { 150 };
      |                  ^~~~~~~~~~~~~~
/scratch/dima/rose-infra/RoSE/soc/sw/xpu-rt/zephyr-chipyard-sw/modelblaster/examples/xpurt_demo_armB/int8/generated/3net_hetero_greedy_periodic.c:450:18: warning: 'sched_151_harts' defined but not used [-Wunused-const-variable=]
  450 | static const int sched_151_harts[] = { 0 };
      |                  ^~~~~~~~~~~~~~~
/scratch/dima/rose-infra/RoSE/soc/sw/xpu-rt/zephyr-chipyard-sw/modelblaster/examples/xpurt_demo_armB/int8/generated/3net_hetero_greedy_periodic.c:449:18: warning: 'sched_150_fanout' defined but not used [-Wunused-const-variable=]
  449 | static const int sched_150_fanout[] = { 151, 153 };
      |                  ^~~~~~~~~~~~~~~~
/scratch/dima/rose-infra/RoSE/soc/sw/xpu-rt/zephyr-chipyard-sw/modelblaster/examples/xpurt_demo_armB/int8/generated/3net_hetero_greedy_periodic.c:448:18: warning: 'sched_150_deps' defined but not used [-Wunused-const-variable=]
  448 | static const int sched_150_deps[] = { 149 };
      |                  ^~~~~~~~~~~~~~
/scratch/dima/rose-infra/RoSE/soc/sw/xpu-rt/zephyr-chipyard-sw/modelblaster/examples/xpurt_demo_armB/int8/generated/3net_hetero_greedy_periodic.c:447:18: warning: 'sched_150_harts' defined but not used [-Wunused-const-variable=]
  447 | static const int sched_150_harts[] = { 2 };
      |                  ^~~~~~~~~~~~~~~
/scratch/dima/rose-infra/RoSE/soc/sw/xpu-rt/zephyr-chipyard-sw/modelblaster/examples/xpurt_demo_armB/int8/generated/3net_hetero_greedy_periodic.c:446:18: warning: 'sched_149_fanout' defined but not used [-Wunused-const-variable=]
  446 | static const int sched_149_fanout[] = { 150, 151, 152 };
      |                  ^~~~~~~~~~~~~~~~
/scratch/dima/rose-infra/RoSE/soc/sw/xpu-rt/zephyr-chipyard-sw/modelblaster/examples/xpurt_demo_armB/int8/generated/3net_hetero_greedy_periodic.c:445:18: warning: 'sched_149_deps' defined but not used [-Wunused-const-variable=]
  445 | static const int sched_149_deps[] = { 148 };
      |                  ^~~~~~~~~~~~~~
/scratch/dima/rose-infra/RoSE/soc/sw/xpu-rt/zephyr-chipyard-sw/modelblaster/examples/xpurt_demo_armB/int8/generated/3net_hetero_greedy_periodic.c:444:18: warning: 'sched_149_harts' defined but not used [-Wunused-const-variable=]
  444 | static const int sched_149_harts[] = { 0 };
      |                  ^~~~~~~~~~~~~~~
/scratch/dima/rose-infra/RoSE/soc/sw/xpu-rt/zephyr-chipyard-sw/modelblaster/examples/xpurt_demo_armB/int8/generated/3net_hetero_greedy_periodic.c:443:18: warning: 'sched_148_fanout' defined but not used [-Wunused-const-variable=]
  443 | static const int sched_148_fanout[] = { 149, 150 };
      |                  ^~~~~~~~~~~~~~~~
/scratch/dima/rose-infra/RoSE/soc/sw/xpu-rt/zephyr-chipyard-sw/modelblaster/examples/xpurt_demo_armB/int8/generated/3net_hetero_greedy_periodic.c:442:18: warning: 'sched_148_deps' defined but not used [-Wunused-const-variable=]
  442 | static const int sched_148_deps[] = { 147 };
      |                  ^~~~~~~~~~~~~~
/scratch/dima/rose-infra/RoSE/soc/sw/xpu-rt/zephyr-chipyard-sw/modelblaster/examples/xpurt_demo_armB/int8/generated/3net_hetero_greedy_periodic.c:441:18: warning: 'sched_148_harts' defined but not used [-Wunused-const-variable=]
  441 | static const int sched_148_harts[] = { 2 };
      |                  ^~~~~~~~~~~~~~~
/scratch/dima/rose-infra/RoSE/soc/sw/xpu-rt/zephyr-chipyard-sw/modelblaster/examples/xpurt_demo_armB/int8/generated/3net_hetero_greedy_periodic.c:440:18: warning: 'sched_147_fanout' defined but not used [-Wunused-const-variable=]
  440 | static const int sched_147_fanout[] = { 148, 149 };
      |                  ^~~~~~~~~~~~~~~~
/scratch/dima/rose-infra/RoSE/soc/sw/xpu-rt/zephyr-chipyard-sw/modelblaster/examples/xpurt_demo_armB/int8/generated/3net_hetero_greedy_periodic.c:439:18: warning: 'sched_147_deps' defined but not used [-Wunused-const-variable=]
  439 | static const int sched_147_deps[] = { 146 };
      |                  ^~~~~~~~~~~~~~
/scratch/dima/rose-infra/RoSE/soc/sw/xpu-rt/zephyr-chipyard-sw/modelblaster/examples/xpurt_demo_armB/int8/generated/3net_hetero_greedy_periodic.c:438:18: warning: 'sched_147_harts' defined but not used [-Wunused-const-variable=]
  438 | static const int sched_147_harts[] = { 0 };
      |                  ^~~~~~~~~~~~~~~
/scratch/dima/rose-infra/RoSE/soc/sw/xpu-rt/zephyr-chipyard-sw/modelblaster/examples/xpurt_demo_armB/int8/generated/3net_hetero_greedy_periodic.c:437:18: warning: 'sched_146_fanout' defined but not used [-Wunused-const-variable=]
  437 | static const int sched_146_fanout[] = { 147, 148, 152 };
      |                  ^~~~~~~~~~~~~~~~
/scratch/dima/rose-infra/RoSE/soc/sw/xpu-rt/zephyr-chipyard-sw/modelblaster/examples/xpurt_demo_armB/int8/generated/3net_hetero_greedy_periodic.c:436:18: warning: 'sched_146_deps' defined but not used [-Wunused-const-variable=]
  436 | static const int sched_146_deps[] = { 145 };
      |                  ^~~~~~~~~~~~~~
/scratch/dima/rose-infra/RoSE/soc/sw/xpu-rt/zephyr-chipyard-sw/modelblaster/examples/xpurt_demo_armB/int8/generated/3net_hetero_greedy_periodic.c:435:18: warning: 'sched_146_harts' defined but not used [-Wunused-const-variable=]
  435 | static const int sched_146_harts[] = { 2 };
      |                  ^~~~~~~~~~~~~~~
/scratch/dima/rose-infra/RoSE/soc/sw/xpu-rt/zephyr-chipyard-sw/modelblaster/examples/xpurt_demo_armB/int8/generated/3net_hetero_greedy_periodic.c:434:18: warning: 'sched_145_fanout' defined but not used [-Wunused-const-variable=]
  434 | static const int sched_145_fanout[] = { 146, 147 };
      |                  ^~~~~~~~~~~~~~~~
/scratch/dima/rose-infra/RoSE/soc/sw/xpu-rt/zephyr-chipyard-sw/modelblaster/examples/xpurt_demo_armB/int8/generated/3net_hetero_greedy_periodic.c:433:18: warning: 'sched_145_deps' defined but not used [-Wunused-const-variable=]
  433 | static const int sched_145_deps[] = { 144 };
      |                  ^~~~~~~~~~~~~~
/scratch/dima/rose-infra/RoSE/soc/sw/xpu-rt/zephyr-chipyard-sw/modelblaster/examples/xpurt_demo_armB/int8/generated/3net_hetero_greedy_periodic.c:432:18: warning: 'sched_145_harts' defined but not used [-Wunused-const-variable=]
  432 | static const int sched_145_harts[] = { 0 };
      |                  ^~~~~~~~~~~~~~~
/scratch/dima/rose-infra/RoSE/soc/sw/xpu-rt/zephyr-chipyard-sw/modelblaster/examples/xpurt_demo_armB/int8/generated/3net_hetero_greedy_periodic.c:431:18: warning: 'sched_144_fanout' defined but not used [-Wunused-const-variable=]
  431 | static const int sched_144_fanout[] = { 145, 146 };
      |                  ^~~~~~~~~~~~~~~~
/scratch/dima/rose-infra/RoSE/soc/sw/xpu-rt/zephyr-chipyard-sw/modelblaster/examples/xpurt_demo_armB/int8/generated/3net_hetero_greedy_periodic.c:430:18: warning: 'sched_144_deps' defined but not used [-Wunused-const-variable=]
  430 | static const int sched_144_deps[] = { 139, 143 };
      |                  ^~~~~~~~~~~~~~
/scratch/dima/rose-infra/RoSE/soc/sw/xpu-rt/zephyr-chipyard-sw/modelblaster/examples/xpurt_demo_armB/int8/generated/3net_hetero_greedy_periodic.c:429:18: warning: 'sched_144_harts' defined but not used [-Wunused-const-variable=]
  429 | static const int sched_144_harts[] = { 2 };
      |                  ^~~~~~~~~~~~~~~
/scratch/dima/rose-infra/RoSE/soc/sw/xpu-rt/zephyr-chipyard-sw/modelblaster/examples/xpurt_demo_armB/int8/generated/3net_hetero_greedy_periodic.c:428:18: warning: 'sched_143_fanout' defined but not used [-Wunused-const-variable=]
  428 | static const int sched_143_fanout[] = { 144 };
      |                  ^~~~~~~~~~~~~~~~
/scratch/dima/rose-infra/RoSE/soc/sw/xpu-rt/zephyr-chipyard-sw/modelblaster/examples/xpurt_demo_armB/int8/generated/3net_hetero_greedy_periodic.c:427:18: warning: 'sched_143_deps' defined but not used [-Wunused-const-variable=]
  427 | static const int sched_143_deps[] = { 142 };
      |                  ^~~~~~~~~~~~~~
/scratch/dima/rose-infra/RoSE/soc/sw/xpu-rt/zephyr-chipyard-sw/modelblaster/examples/xpurt_demo_armB/int8/generated/3net_hetero_greedy_periodic.c:426:18: warning: 'sched_143_harts' defined but not used [-Wunused-const-variable=]
  426 | static const int sched_143_harts[] = { 2 };
      |                  ^~~~~~~~~~~~~~~
/scratch/dima/rose-infra/RoSE/soc/sw/xpu-rt/zephyr-chipyard-sw/modelblaster/examples/xpurt_demo_armB/int8/generated/3net_hetero_greedy_periodic.c:425:18: warning: 'sched_142_fanout' defined but not used [-Wunused-const-variable=]
  425 | static const int sched_142_fanout[] = { 143, 145 };
      |                  ^~~~~~~~~~~~~~~~
/scratch/dima/rose-infra/RoSE/soc/sw/xpu-rt/zephyr-chipyard-sw/modelblaster/examples/xpurt_demo_armB/int8/generated/3net_hetero_greedy_periodic.c:424:18: warning: 'sched_142_deps' defined but not used [-Wunused-const-variable=]
  424 | static const int sched_142_deps[] = { 141 };
      |                  ^~~~~~~~~~~~~~
/scratch/dima/rose-infra/RoSE/soc/sw/xpu-rt/zephyr-chipyard-sw/modelblaster/examples/xpurt_demo_armB/int8/generated/3net_hetero_greedy_periodic.c:423:18: warning: 'sched_142_harts' defined but not used [-Wunused-const-variable=]
  423 | static const int sched_142_harts[] = { 0 };
      |                  ^~~~~~~~~~~~~~~
/scratch/dima/rose-infra/RoSE/soc/sw/xpu-rt/zephyr-chipyard-sw/modelblaster/examples/xpurt_demo_armB/int8/generated/3net_hetero_greedy_periodic.c:422:18: warning: 'sched_141_fanout' defined but not used [-Wunused-const-variable=]
  422 | static const int sched_141_fanout[] = { 142, 143, 144 };
      |                  ^~~~~~~~~~~~~~~~
/scratch/dima/rose-infra/RoSE/soc/sw/xpu-rt/zephyr-chipyard-sw/modelblaster/examples/xpurt_demo_armB/int8/generated/3net_hetero_greedy_periodic.c:421:18: warning: 'sched_141_deps' defined but not used [-Wunused-const-variable=]
  421 | static const int sched_141_deps[] = { 140 };
      |                  ^~~~~~~~~~~~~~
/scratch/dima/rose-infra/RoSE/soc/sw/xpu-rt/zephyr-chipyard-sw/modelblaster/examples/xpurt_demo_armB/int8/generated/3net_hetero_greedy_periodic.c:420:18: warning: 'sched_141_harts' defined but not used [-Wunused-const-variable=]
  420 | static const int sched_141_harts[] = { 2 };
      |                  ^~~~~~~~~~~~~~~
/scratch/dima/rose-infra/RoSE/soc/sw/xpu-rt/zephyr-chipyard-sw/modelblaster/examples/xpurt_demo_armB/int8/generated/3net_hetero_greedy_periodic.c:419:18: warning: 'sched_140_fanout' defined but not used [-Wunused-const-variable=]
  419 | static const int sched_140_fanout[] = { 141, 142 };
      |                  ^~~~~~~~~~~~~~~~
/scratch/dima/rose-infra/RoSE/soc/sw/xpu-rt/zephyr-chipyard-sw/modelblaster/examples/xpurt_demo_armB/int8/generated/3net_hetero_greedy_periodic.c:418:18: warning: 'sched_140_deps' defined but not used [-Wunused-const-variable=]
  418 | static const int sched_140_deps[] = { 139 };
      |                  ^~~~~~~~~~~~~~
/scratch/dima/rose-infra/RoSE/soc/sw/xpu-rt/zephyr-chipyard-sw/modelblaster/examples/xpurt_demo_armB/int8/generated/3net_hetero_greedy_periodic.c:417:18: warning: 'sched_140_harts' defined but not used [-Wunused-const-variable=]
  417 | static const int sched_140_harts[] = { 0 };
      |                  ^~~~~~~~~~~~~~~
/scratch/dima/rose-infra/RoSE/soc/sw/xpu-rt/zephyr-chipyard-sw/modelblaster/examples/xpurt_demo_armB/int8/generated/3net_hetero_greedy_periodic.c:416:18: warning: 'sched_139_fanout' defined but not used [-Wunused-const-variable=]
  416 | static const int sched_139_fanout[] = { 140, 144 };
      |                  ^~~~~~~~~~~~~~~~
/scratch/dima/rose-infra/RoSE/soc/sw/xpu-rt/zephyr-chipyard-sw/modelblaster/examples/xpurt_demo_armB/int8/generated/3net_hetero_greedy_periodic.c:415:18: warning: 'sched_139_deps' defined but not used [-Wunused-const-variable=]
  415 | static const int sched_139_deps[] = { 138 };
      |                  ^~~~~~~~~~~~~~
/scratch/dima/rose-infra/RoSE/soc/sw/xpu-rt/zephyr-chipyard-sw/modelblaster/examples/xpurt_demo_armB/int8/generated/3net_hetero_greedy_periodic.c:414:18: warning: 'sched_139_harts' defined but not used [-Wunused-const-variable=]
  414 | static const int sched_139_harts[] = { 0 };
      |                  ^~~~~~~~~~~~~~~
/scratch/dima/rose-infra/RoSE/soc/sw/xpu-rt/zephyr-chipyard-sw/modelblaster/examples/xpurt_demo_armB/int8/generated/3net_hetero_greedy_periodic.c:413:18: warning: 'sched_138_fanout' defined but not used [-Wunused-const-variable=]
  413 | static const int sched_138_fanout[] = { 139, 141 };
      |                  ^~~~~~~~~~~~~~~~
/scratch/dima/rose-infra/RoSE/soc/sw/xpu-rt/zephyr-chipyard-sw/modelblaster/examples/xpurt_demo_armB/int8/generated/3net_hetero_greedy_periodic.c:412:18: warning: 'sched_138_deps' defined but not used [-Wunused-const-variable=]
  412 | static const int sched_138_deps[] = { 137 };
      |                  ^~~~~~~~~~~~~~
/scratch/dima/rose-infra/RoSE/soc/sw/xpu-rt/zephyr-chipyard-sw/modelblaster/examples/xpurt_demo_armB/int8/generated/3net_hetero_greedy_periodic.c:411:18: warning: 'sched_138_harts' defined but not used [-Wunused-const-variable=]
  411 | static const int sched_138_harts[] = { 2 };
      |                  ^~~~~~~~~~~~~~~
/scratch/dima/rose-infra/RoSE/soc/sw/xpu-rt/zephyr-chipyard-sw/modelblaster/examples/xpurt_demo_armB/int8/generated/3net_hetero_greedy_periodic.c:410:18: warning: 'sched_137_fanout' defined but not used [-Wunused-const-variable=]
  410 | static const int sched_137_fanout[] = { 138, 139, 140 };
      |                  ^~~~~~~~~~~~~~~~
/scratch/dima/rose-infra/RoSE/soc/sw/xpu-rt/zephyr-chipyard-sw/modelblaster/examples/xpurt_demo_armB/int8/generated/3net_hetero_greedy_periodic.c:409:18: warning: 'sched_137_deps' defined but not used [-Wunused-const-variable=]
  409 | static const int sched_137_deps[] = { 133 };
      |                  ^~~~~~~~~~~~~~
/scratch/dima/rose-infra/RoSE/soc/sw/xpu-rt/zephyr-chipyard-sw/modelblaster/examples/xpurt_demo_armB/int8/generated/3net_hetero_greedy_periodic.c:408:18: warning: 'sched_137_harts' defined but not used [-Wunused-const-variable=]
  408 | static const int sched_137_harts[] = { 0 };
      |                  ^~~~~~~~~~~~~~~
/scratch/dima/rose-infra/RoSE/soc/sw/xpu-rt/zephyr-chipyard-sw/modelblaster/examples/xpurt_demo_armB/int8/generated/3net_hetero_greedy_periodic.c:407:18: warning: 'sched_136_deps' defined but not used [-Wunused-const-variable=]
  407 | static const int sched_136_deps[] = { 135 };
      |                  ^~~~~~~~~~~~~~
/scratch/dima/rose-infra/RoSE/soc/sw/xpu-rt/zephyr-chipyard-sw/modelblaster/examples/xpurt_demo_armB/int8/generated/3net_hetero_greedy_periodic.c:406:18: warning: 'sched_136_harts' defined but not used [-Wunused-const-variable=]
  406 | static const int sched_136_harts[] = { 0 };
      |                  ^~~~~~~~~~~~~~~
/scratch/dima/rose-infra/RoSE/soc/sw/xpu-rt/zephyr-chipyard-sw/modelblaster/examples/xpurt_demo_armB/int8/generated/3net_hetero_greedy_periodic.c:405:18: warning: 'sched_135_fanout' defined but not used [-Wunused-const-variable=]
  405 | static const int sched_135_fanout[] = { 136, 137 };
      |                  ^~~~~~~~~~~~~~~~
/scratch/dima/rose-infra/RoSE/soc/sw/xpu-rt/zephyr-chipyard-sw/modelblaster/examples/xpurt_demo_armB/int8/generated/3net_hetero_greedy_periodic.c:404:18: warning: 'sched_135_deps' defined but not used [-Wunused-const-variable=]
  404 | static const int sched_135_deps[] = { 134 };
      |                  ^~~~~~~~~~~~~~
/scratch/dima/rose-infra/RoSE/soc/sw/xpu-rt/zephyr-chipyard-sw/modelblaster/examples/xpurt_demo_armB/int8/generated/3net_hetero_greedy_periodic.c:403:18: warning: 'sched_135_harts' defined but not used [-Wunused-const-variable=]
  403 | static const int sched_135_harts[] = { 0 };
      |                  ^~~~~~~~~~~~~~~
/scratch/dima/rose-infra/RoSE/soc/sw/xpu-rt/zephyr-chipyard-sw/modelblaster/examples/xpurt_demo_armB/int8/generated/3net_hetero_greedy_periodic.c:402:18: warning: 'sched_134_fanout' defined but not used [-Wunused-const-variable=]
  402 | static const int sched_134_fanout[] = { 135, 136 };
      |                  ^~~~~~~~~~~~~~~~
/scratch/dima/rose-infra/RoSE/soc/sw/xpu-rt/zephyr-chipyard-sw/modelblaster/examples/xpurt_demo_armB/int8/generated/3net_hetero_greedy_periodic.c:401:18: warning: 'sched_134_deps' defined but not used [-Wunused-const-variable=]
  401 | static const int sched_134_deps[] = { 105 };
      |                  ^~~~~~~~~~~~~~
/scratch/dima/rose-infra/RoSE/soc/sw/xpu-rt/zephyr-chipyard-sw/modelblaster/examples/xpurt_demo_armB/int8/generated/3net_hetero_greedy_periodic.c:400:18: warning: 'sched_134_harts' defined but not used [-Wunused-const-variable=]
  400 | static const int sched_134_harts[] = { 0 };
      |                  ^~~~~~~~~~~~~~~
/scratch/dima/rose-infra/RoSE/soc/sw/xpu-rt/zephyr-chipyard-sw/modelblaster/examples/xpurt_demo_armB/int8/generated/3net_hetero_greedy_periodic.c:399:18: warning: 'sched_133_fanout' defined but not used [-Wunused-const-variable=]
  399 | static const int sched_133_fanout[] = { 137, 138 };
      |                  ^~~~~~~~~~~~~~~~
/scratch/dima/rose-infra/RoSE/soc/sw/xpu-rt/zephyr-chipyard-sw/modelblaster/examples/xpurt_demo_armB/int8/generated/3net_hetero_greedy_periodic.c:398:18: warning: 'sched_133_deps' defined but not used [-Wunused-const-variable=]
  398 | static const int sched_133_deps[] = { 87, 131 };
      |                  ^~~~~~~~~~~~~~
/scratch/dima/rose-infra/RoSE/soc/sw/xpu-rt/zephyr-chipyard-sw/modelblaster/examples/xpurt_demo_armB/int8/generated/3net_hetero_greedy_periodic.c:397:18: warning: 'sched_133_harts' defined but not used [-Wunused-const-variable=]
  397 | static const int sched_133_harts[] = { 2 };
      |                  ^~~~~~~~~~~~~~~
/scratch/dima/rose-infra/RoSE/soc/sw/xpu-rt/zephyr-chipyard-sw/modelblaster/examples/xpurt_demo_armB/int8/generated/3net_hetero_greedy_periodic.c:396:18: warning: 'sched_132_fanout' defined but not used [-Wunused-const-variable=]
  396 | static const int sched_132_fanout[] = { 135, 176 };
      |                  ^~~~~~~~~~~~~~~~
/scratch/dima/rose-infra/RoSE/soc/sw/xpu-rt/zephyr-chipyard-sw/modelblaster/examples/xpurt_demo_armB/int8/generated/3net_hetero_greedy_periodic.c:395:18: warning: 'sched_132_deps' defined but not used [-Wunused-const-variable=]
  395 | static const int sched_132_deps[] = { 130 };
      |                  ^~~~~~~~~~~~~~
/scratch/dima/rose-infra/RoSE/soc/sw/xpu-rt/zephyr-chipyard-sw/modelblaster/examples/xpurt_demo_armB/int8/generated/3net_hetero_greedy_periodic.c:394:18: warning: 'sched_132_harts' defined but not used [-Wunused-const-variable=]
  394 | static const int sched_132_harts[] = { 0 };
      |                  ^~~~~~~~~~~~~~~
/scratch/dima/rose-infra/RoSE/soc/sw/xpu-rt/zephyr-chipyard-sw/modelblaster/examples/xpurt_demo_armB/int8/generated/3net_hetero_greedy_periodic.c:393:18: warning: 'sched_131_fanout' defined but not used [-Wunused-const-variable=]
  393 | static const int sched_131_fanout[] = { 133 };
      |                  ^~~~~~~~~~~~~~~~
/scratch/dima/rose-infra/RoSE/soc/sw/xpu-rt/zephyr-chipyard-sw/modelblaster/examples/xpurt_demo_armB/int8/generated/3net_hetero_greedy_periodic.c:392:18: warning: 'sched_131_deps' defined but not used [-Wunused-const-variable=]
  392 | static const int sched_131_deps[] = { 129 };
      |                  ^~~~~~~~~~~~~~
/scratch/dima/rose-infra/RoSE/soc/sw/xpu-rt/zephyr-chipyard-sw/modelblaster/examples/xpurt_demo_armB/int8/generated/3net_hetero_greedy_periodic.c:391:18: warning: 'sched_131_harts' defined but not used [-Wunused-const-variable=]
  391 | static const int sched_131_harts[] = { 2 };
      |                  ^~~~~~~~~~~~~~~
/scratch/dima/rose-infra/RoSE/soc/sw/xpu-rt/zephyr-chipyard-sw/modelblaster/examples/xpurt_demo_armB/int8/generated/3net_hetero_greedy_periodic.c:390:18: warning: 'sched_130_fanout' defined but not used [-Wunused-const-variable=]
  390 | static const int sched_130_fanout[] = { 132, 134 };
      |                  ^~~~~~~~~~~~~~~~
/scratch/dima/rose-infra/RoSE/soc/sw/xpu-rt/zephyr-chipyard-sw/modelblaster/examples/xpurt_demo_armB/int8/generated/3net_hetero_greedy_periodic.c:389:18: warning: 'sched_130_harts' defined but not used [-Wunused-const-variable=]
  389 | static const int sched_130_harts[] = { 0 };
      |                  ^~~~~~~~~~~~~~~
/scratch/dima/rose-infra/RoSE/soc/sw/xpu-rt/zephyr-chipyard-sw/modelblaster/examples/xpurt_demo_armB/int8/generated/3net_hetero_greedy_periodic.c:388:18: warning: 'sched_129_fanout' defined but not used [-Wunused-const-variable=]
  388 | static const int sched_129_fanout[] = { 131, 132 };
      |                  ^~~~~~~~~~~~~~~~
/scratch/dima/rose-infra/RoSE/soc/sw/xpu-rt/zephyr-chipyard-sw/modelblaster/examples/xpurt_demo_armB/int8/generated/3net_hetero_greedy_periodic.c:387:18: warning: 'sched_129_deps' defined but not used [-Wunused-const-variable=]
  387 | static const int sched_129_deps[] = { 128 };
      |                  ^~~~~~~~~~~~~~
/scratch/dima/rose-infra/RoSE/soc/sw/xpu-rt/zephyr-chipyard-sw/modelblaster/examples/xpurt_demo_armB/int8/generated/3net_hetero_greedy_periodic.c:386:18: warning: 'sched_129_harts' defined but not used [-Wunused-const-variable=]
  386 | static const int sched_129_harts[] = { 0 };
      |                  ^~~~~~~~~~~~~~~
/scratch/dima/rose-infra/RoSE/soc/sw/xpu-rt/zephyr-chipyard-sw/modelblaster/examples/xpurt_demo_armB/int8/generated/3net_hetero_greedy_periodic.c:385:18: warning: 'sched_128_fanout' defined but not used [-Wunused-const-variable=]
  385 | static const int sched_128_fanout[] = { 129, 131, 133, 157, 162 };
      |                  ^~~~~~~~~~~~~~~~
/scratch/dima/rose-infra/RoSE/soc/sw/xpu-rt/zephyr-chipyard-sw/modelblaster/examples/xpurt_demo_armB/int8/generated/3net_hetero_greedy_periodic.c:384:18: warning: 'sched_128_deps' defined but not used [-Wunused-const-variable=]
  384 | static const int sched_128_deps[] = { 127 };
      |                  ^~~~~~~~~~~~~~
/scratch/dima/rose-infra/RoSE/soc/sw/xpu-rt/zephyr-chipyard-sw/modelblaster/examples/xpurt_demo_armB/int8/generated/3net_hetero_greedy_periodic.c:383:18: warning: 'sched_128_harts' defined but not used [-Wunused-const-variable=]
  383 | static const int sched_128_harts[] = { 2 };
      |                  ^~~~~~~~~~~~~~~
/scratch/dima/rose-infra/RoSE/soc/sw/xpu-rt/zephyr-chipyard-sw/modelblaster/examples/xpurt_demo_armB/int8/generated/3net_hetero_greedy_periodic.c:382:18: warning: 'sched_127_fanout' defined but not used [-Wunused-const-variable=]
  382 | static const int sched_127_fanout[] = { 128, 129, 130 };
      |                  ^~~~~~~~~~~~~~~~
/scratch/dima/rose-infra/RoSE/soc/sw/xpu-rt/zephyr-chipyard-sw/modelblaster/examples/xpurt_demo_armB/int8/generated/3net_hetero_greedy_periodic.c:381:18: warning: 'sched_127_deps' defined but not used [-Wunused-const-variable=]
  381 | static const int sched_127_deps[] = { 126 };
      |                  ^~~~~~~~~~~~~~
/scratch/dima/rose-infra/RoSE/soc/sw/xpu-rt/zephyr-chipyard-sw/modelblaster/examples/xpurt_demo_armB/int8/generated/3net_hetero_greedy_periodic.c:380:18: warning: 'sched_127_harts' defined but not used [-Wunused-const-variable=]
  380 | static const int sched_127_harts[] = { 0 };
      |                  ^~~~~~~~~~~~~~~
/scratch/dima/rose-infra/RoSE/soc/sw/xpu-rt/zephyr-chipyard-sw/modelblaster/examples/xpurt_demo_armB/int8/generated/3net_hetero_greedy_periodic.c:379:18: warning: 'sched_126_fanout' defined but not used [-Wunused-const-variable=]
  379 | static const int sched_126_fanout[] = { 127, 128 };
      |                  ^~~~~~~~~~~~~~~~
/scratch/dima/rose-infra/RoSE/soc/sw/xpu-rt/zephyr-chipyard-sw/modelblaster/examples/xpurt_demo_armB/int8/generated/3net_hetero_greedy_periodic.c:378:18: warning: 'sched_126_deps' defined but not used [-Wunused-const-variable=]
  378 | static const int sched_126_deps[] = { 121, 125 };
      |                  ^~~~~~~~~~~~~~
/scratch/dima/rose-infra/RoSE/soc/sw/xpu-rt/zephyr-chipyard-sw/modelblaster/examples/xpurt_demo_armB/int8/generated/3net_hetero_greedy_periodic.c:377:18: warning: 'sched_126_harts' defined but not used [-Wunused-const-variable=]
  377 | static const int sched_126_harts[] = { 2 };
      |                  ^~~~~~~~~~~~~~~
/scratch/dima/rose-infra/RoSE/soc/sw/xpu-rt/zephyr-chipyard-sw/modelblaster/examples/xpurt_demo_armB/int8/generated/3net_hetero_greedy_periodic.c:376:18: warning: 'sched_125_fanout' defined but not used [-Wunused-const-variable=]
  376 | static const int sched_125_fanout[] = { 126 };
      |                  ^~~~~~~~~~~~~~~~
/scratch/dima/rose-infra/RoSE/soc/sw/xpu-rt/zephyr-chipyard-sw/modelblaster/examples/xpurt_demo_armB/int8/generated/3net_hetero_greedy_periodic.c:375:18: warning: 'sched_125_deps' defined but not used [-Wunused-const-variable=]
  375 | static const int sched_125_deps[] = { 124 };
      |                  ^~~~~~~~~~~~~~
/scratch/dima/rose-infra/RoSE/soc/sw/xpu-rt/zephyr-chipyard-sw/modelblaster/examples/xpurt_demo_armB/int8/generated/3net_hetero_greedy_periodic.c:374:18: warning: 'sched_125_harts' defined but not used [-Wunused-const-variable=]
  374 | static const int sched_125_harts[] = { 2 };
      |                  ^~~~~~~~~~~~~~~
/scratch/dima/rose-infra/RoSE/soc/sw/xpu-rt/zephyr-chipyard-sw/modelblaster/examples/xpurt_demo_armB/int8/generated/3net_hetero_greedy_periodic.c:373:18: warning: 'sched_124_fanout' defined but not used [-Wunused-const-variable=]
  373 | static const int sched_124_fanout[] = { 125, 127 };
      |                  ^~~~~~~~~~~~~~~~
/scratch/dima/rose-infra/RoSE/soc/sw/xpu-rt/zephyr-chipyard-sw/modelblaster/examples/xpurt_demo_armB/int8/generated/3net_hetero_greedy_periodic.c:372:18: warning: 'sched_124_deps' defined but not used [-Wunused-const-variable=]
  372 | static const int sched_124_deps[] = { 123 };
      |                  ^~~~~~~~~~~~~~
/scratch/dima/rose-infra/RoSE/soc/sw/xpu-rt/zephyr-chipyard-sw/modelblaster/examples/xpurt_demo_armB/int8/generated/3net_hetero_greedy_periodic.c:371:18: warning: 'sched_124_harts' defined but not used [-Wunused-const-variable=]
  371 | static const int sched_124_harts[] = { 0 };
      |                  ^~~~~~~~~~~~~~~
/scratch/dima/rose-infra/RoSE/soc/sw/xpu-rt/zephyr-chipyard-sw/modelblaster/examples/xpurt_demo_armB/int8/generated/3net_hetero_greedy_periodic.c:370:18: warning: 'sched_123_fanout' defined but not used [-Wunused-const-variable=]
  370 | static const int sched_123_fanout[] = { 124, 125, 126 };
      |                  ^~~~~~~~~~~~~~~~
/scratch/dima/rose-infra/RoSE/soc/sw/xpu-rt/zephyr-chipyard-sw/modelblaster/examples/xpurt_demo_armB/int8/generated/3net_hetero_greedy_periodic.c:369:18: warning: 'sched_123_deps' defined but not used [-Wunused-const-variable=]
  369 | static const int sched_123_deps[] = { 122 };
      |                  ^~~~~~~~~~~~~~
/scratch/dima/rose-infra/RoSE/soc/sw/xpu-rt/zephyr-chipyard-sw/modelblaster/examples/xpurt_demo_armB/int8/generated/3net_hetero_greedy_periodic.c:368:18: warning: 'sched_123_harts' defined but not used [-Wunused-const-variable=]
  368 | static const int sched_123_harts[] = { 2 };
      |                  ^~~~~~~~~~~~~~~
/scratch/dima/rose-infra/RoSE/soc/sw/xpu-rt/zephyr-chipyard-sw/modelblaster/examples/xpurt_demo_armB/int8/generated/3net_hetero_greedy_periodic.c:367:18: warning: 'sched_122_fanout' defined but not used [-Wunused-const-variable=]
  367 | static const int sched_122_fanout[] = { 123, 124 };
      |                  ^~~~~~~~~~~~~~~~
/scratch/dima/rose-infra/RoSE/soc/sw/xpu-rt/zephyr-chipyard-sw/modelblaster/examples/xpurt_demo_armB/int8/generated/3net_hetero_greedy_periodic.c:366:18: warning: 'sched_122_deps' defined but not used [-Wunused-const-variable=]
  366 | static const int sched_122_deps[] = { 121 };
      |                  ^~~~~~~~~~~~~~
/scratch/dima/rose-infra/RoSE/soc/sw/xpu-rt/zephyr-chipyard-sw/modelblaster/examples/xpurt_demo_armB/int8/generated/3net_hetero_greedy_periodic.c:365:18: warning: 'sched_122_harts' defined but not used [-Wunused-const-variable=]
  365 | static const int sched_122_harts[] = { 0 };
      |                  ^~~~~~~~~~~~~~~
/scratch/dima/rose-infra/RoSE/soc/sw/xpu-rt/zephyr-chipyard-sw/modelblaster/examples/xpurt_demo_armB/int8/generated/3net_hetero_greedy_periodic.c:364:18: warning: 'sched_121_fanout' defined but not used [-Wunused-const-variable=]
  364 | static const int sched_121_fanout[] = { 122, 126 };
      |                  ^~~~~~~~~~~~~~~~
/scratch/dima/rose-infra/RoSE/soc/sw/xpu-rt/zephyr-chipyard-sw/modelblaster/examples/xpurt_demo_armB/int8/generated/3net_hetero_greedy_periodic.c:363:18: warning: 'sched_121_deps' defined but not used [-Wunused-const-variable=]
  363 | static const int sched_121_deps[] = { 120 };
      |                  ^~~~~~~~~~~~~~
/scratch/dima/rose-infra/RoSE/soc/sw/xpu-rt/zephyr-chipyard-sw/modelblaster/examples/xpurt_demo_armB/int8/generated/3net_hetero_greedy_periodic.c:362:18: warning: 'sched_121_harts' defined but not used [-Wunused-const-variable=]
  362 | static const int sched_121_harts[] = { 0 };
      |                  ^~~~~~~~~~~~~~~
/scratch/dima/rose-infra/RoSE/soc/sw/xpu-rt/zephyr-chipyard-sw/modelblaster/examples/xpurt_demo_armB/int8/generated/3net_hetero_greedy_periodic.c:361:18: warning: 'sched_120_fanout' defined but not used [-Wunused-const-variable=]
  361 | static const int sched_120_fanout[] = { 121, 123 };
      |                  ^~~~~~~~~~~~~~~~
/scratch/dima/rose-infra/RoSE/soc/sw/xpu-rt/zephyr-chipyard-sw/modelblaster/examples/xpurt_demo_armB/int8/generated/3net_hetero_greedy_periodic.c:360:18: warning: 'sched_120_deps' defined but not used [-Wunused-const-variable=]
  360 | static const int sched_120_deps[] = { 119 };
      |                  ^~~~~~~~~~~~~~
/scratch/dima/rose-infra/RoSE/soc/sw/xpu-rt/zephyr-chipyard-sw/modelblaster/examples/xpurt_demo_armB/int8/generated/3net_hetero_greedy_periodic.c:359:18: warning: 'sched_120_harts' defined but not used [-Wunused-const-variable=]
  359 | static const int sched_120_harts[] = { 2 };
      |                  ^~~~~~~~~~~~~~~
/scratch/dima/rose-infra/RoSE/soc/sw/xpu-rt/zephyr-chipyard-sw/modelblaster/examples/xpurt_demo_armB/int8/generated/3net_hetero_greedy_periodic.c:358:18: warning: 'sched_119_fanout' defined but not used [-Wunused-const-variable=]
  358 | static const int sched_119_fanout[] = { 120, 121, 122 };
      |                  ^~~~~~~~~~~~~~~~
/scratch/dima/rose-infra/RoSE/soc/sw/xpu-rt/zephyr-chipyard-sw/modelblaster/examples/xpurt_demo_armB/int8/generated/3net_hetero_greedy_periodic.c:357:18: warning: 'sched_119_deps' defined but not used [-Wunused-const-variable=]
  357 | static const int sched_119_deps[] = { 118 };
      |                  ^~~~~~~~~~~~~~
/scratch/dima/rose-infra/RoSE/soc/sw/xpu-rt/zephyr-chipyard-sw/modelblaster/examples/xpurt_demo_armB/int8/generated/3net_hetero_greedy_periodic.c:356:18: warning: 'sched_119_harts' defined but not used [-Wunused-const-variable=]
  356 | static const int sched_119_harts[] = { 0 };
      |                  ^~~~~~~~~~~~~~~
/scratch/dima/rose-infra/RoSE/soc/sw/xpu-rt/zephyr-chipyard-sw/modelblaster/examples/xpurt_demo_armB/int8/generated/3net_hetero_greedy_periodic.c:355:18: warning: 'sched_118_fanout' defined but not used [-Wunused-const-variable=]
  355 | static const int sched_118_fanout[] = { 119, 120 };
      |                  ^~~~~~~~~~~~~~~~
/scratch/dima/rose-infra/RoSE/soc/sw/xpu-rt/zephyr-chipyard-sw/modelblaster/examples/xpurt_demo_armB/int8/generated/3net_hetero_greedy_periodic.c:354:18: warning: 'sched_118_deps' defined but not used [-Wunused-const-variable=]
  354 | static const int sched_118_deps[] = { 100, 117 };
      |                  ^~~~~~~~~~~~~~
/scratch/dima/rose-infra/RoSE/soc/sw/xpu-rt/zephyr-chipyard-sw/modelblaster/examples/xpurt_demo_armB/int8/generated/3net_hetero_greedy_periodic.c:353:18: warning: 'sched_118_harts' defined but not used [-Wunused-const-variable=]
  353 | static const int sched_118_harts[] = { 2 };
      |                  ^~~~~~~~~~~~~~~
/scratch/dima/rose-infra/RoSE/soc/sw/xpu-rt/zephyr-chipyard-sw/modelblaster/examples/xpurt_demo_armB/int8/generated/3net_hetero_greedy_periodic.c:352:18: warning: 'sched_117_fanout' defined but not used [-Wunused-const-variable=]
  352 | static const int sched_117_fanout[] = { 118 };
      |                  ^~~~~~~~~~~~~~~~
/scratch/dima/rose-infra/RoSE/soc/sw/xpu-rt/zephyr-chipyard-sw/modelblaster/examples/xpurt_demo_armB/int8/generated/3net_hetero_greedy_periodic.c:351:18: warning: 'sched_117_deps' defined but not used [-Wunused-const-variable=]
  351 | static const int sched_117_deps[] = { 116 };
      |                  ^~~~~~~~~~~~~~
/scratch/dima/rose-infra/RoSE/soc/sw/xpu-rt/zephyr-chipyard-sw/modelblaster/examples/xpurt_demo_armB/int8/generated/3net_hetero_greedy_periodic.c:350:18: warning: 'sched_117_harts' defined but not used [-Wunused-const-variable=]
  350 | static const int sched_117_harts[] = { 2 };
      |                  ^~~~~~~~~~~~~~~
/scratch/dima/rose-infra/RoSE/soc/sw/xpu-rt/zephyr-chipyard-sw/modelblaster/examples/xpurt_demo_armB/int8/generated/3net_hetero_greedy_periodic.c:349:18: warning: 'sched_116_fanout' defined but not used [-Wunused-const-variable=]
  349 | static const int sched_116_fanout[] = { 117, 119 };
      |                  ^~~~~~~~~~~~~~~~
/scratch/dima/rose-infra/RoSE/soc/sw/xpu-rt/zephyr-chipyard-sw/modelblaster/examples/xpurt_demo_armB/int8/generated/3net_hetero_greedy_periodic.c:348:18: warning: 'sched_116_deps' defined but not used [-Wunused-const-variable=]
  348 | static const int sched_116_deps[] = { 115 };
      |                  ^~~~~~~~~~~~~~
/scratch/dima/rose-infra/RoSE/soc/sw/xpu-rt/zephyr-chipyard-sw/modelblaster/examples/xpurt_demo_armB/int8/generated/3net_hetero_greedy_periodic.c:347:18: warning: 'sched_116_harts' defined but not used [-Wunused-const-variable=]
  347 | static const int sched_116_harts[] = { 0 };
      |                  ^~~~~~~~~~~~~~~
/scratch/dima/rose-infra/RoSE/soc/sw/xpu-rt/zephyr-chipyard-sw/modelblaster/examples/xpurt_demo_armB/int8/generated/3net_hetero_greedy_periodic.c:346:18: warning: 'sched_115_fanout' defined but not used [-Wunused-const-variable=]
  346 | static const int sched_115_fanout[] = { 116, 117, 118, 168, 186 };
      |                  ^~~~~~~~~~~~~~~~
/scratch/dima/rose-infra/RoSE/soc/sw/xpu-rt/zephyr-chipyard-sw/modelblaster/examples/xpurt_demo_armB/int8/generated/3net_hetero_greedy_periodic.c:345:18: warning: 'sched_115_deps' defined but not used [-Wunused-const-variable=]
  345 | static const int sched_115_deps[] = { 114 };
      |                  ^~~~~~~~~~~~~~
/scratch/dima/rose-infra/RoSE/soc/sw/xpu-rt/zephyr-chipyard-sw/modelblaster/examples/xpurt_demo_armB/int8/generated/3net_hetero_greedy_periodic.c:344:18: warning: 'sched_115_harts' defined but not used [-Wunused-const-variable=]
  344 | static const int sched_115_harts[] = { 2 };
      |                  ^~~~~~~~~~~~~~~
/scratch/dima/rose-infra/RoSE/soc/sw/xpu-rt/zephyr-chipyard-sw/modelblaster/examples/xpurt_demo_armB/int8/generated/3net_hetero_greedy_periodic.c:343:18: warning: 'sched_114_fanout' defined but not used [-Wunused-const-variable=]
  343 | static const int sched_114_fanout[] = { 115, 116 };
      |                  ^~~~~~~~~~~~~~~~
/scratch/dima/rose-infra/RoSE/soc/sw/xpu-rt/zephyr-chipyard-sw/modelblaster/examples/xpurt_demo_armB/int8/generated/3net_hetero_greedy_periodic.c:342:18: warning: 'sched_114_deps' defined but not used [-Wunused-const-variable=]
  342 | static const int sched_114_deps[] = { 113 };
      |                  ^~~~~~~~~~~~~~
/scratch/dima/rose-infra/RoSE/soc/sw/xpu-rt/zephyr-chipyard-sw/modelblaster/examples/xpurt_demo_armB/int8/generated/3net_hetero_greedy_periodic.c:341:18: warning: 'sched_114_harts' defined but not used [-Wunused-const-variable=]
  341 | static const int sched_114_harts[] = { 0 };
      |                  ^~~~~~~~~~~~~~~
/scratch/dima/rose-infra/RoSE/soc/sw/xpu-rt/zephyr-chipyard-sw/modelblaster/examples/xpurt_demo_armB/int8/generated/3net_hetero_greedy_periodic.c:340:18: warning: 'sched_113_fanout' defined but not used [-Wunused-const-variable=]
  340 | static const int sched_113_fanout[] = { 114, 115 };
      |                  ^~~~~~~~~~~~~~~~
/scratch/dima/rose-infra/RoSE/soc/sw/xpu-rt/zephyr-chipyard-sw/modelblaster/examples/xpurt_demo_armB/int8/generated/3net_hetero_greedy_periodic.c:339:18: warning: 'sched_113_deps' defined but not used [-Wunused-const-variable=]
  339 | static const int sched_113_deps[] = { 108, 112 };
      |                  ^~~~~~~~~~~~~~
/scratch/dima/rose-infra/RoSE/soc/sw/xpu-rt/zephyr-chipyard-sw/modelblaster/examples/xpurt_demo_armB/int8/generated/3net_hetero_greedy_periodic.c:338:18: warning: 'sched_113_harts' defined but not used [-Wunused-const-variable=]
  338 | static const int sched_113_harts[] = { 2 };
      |                  ^~~~~~~~~~~~~~~
/scratch/dima/rose-infra/RoSE/soc/sw/xpu-rt/zephyr-chipyard-sw/modelblaster/examples/xpurt_demo_armB/int8/generated/3net_hetero_greedy_periodic.c:337:18: warning: 'sched_112_fanout' defined but not used [-Wunused-const-variable=]
  337 | static const int sched_112_fanout[] = { 113 };
      |                  ^~~~~~~~~~~~~~~~
/scratch/dima/rose-infra/RoSE/soc/sw/xpu-rt/zephyr-chipyard-sw/modelblaster/examples/xpurt_demo_armB/int8/generated/3net_hetero_greedy_periodic.c:336:18: warning: 'sched_112_deps' defined but not used [-Wunused-const-variable=]
  336 | static const int sched_112_deps[] = { 111 };
      |                  ^~~~~~~~~~~~~~
/scratch/dima/rose-infra/RoSE/soc/sw/xpu-rt/zephyr-chipyard-sw/modelblaster/examples/xpurt_demo_armB/int8/generated/3net_hetero_greedy_periodic.c:335:18: warning: 'sched_112_harts' defined but not used [-Wunused-const-variable=]
  335 | static const int sched_112_harts[] = { 2 };
      |                  ^~~~~~~~~~~~~~~
/scratch/dima/rose-infra/RoSE/soc/sw/xpu-rt/zephyr-chipyard-sw/modelblaster/examples/xpurt_demo_armB/int8/generated/3net_hetero_greedy_periodic.c:334:18: warning: 'sched_111_fanout' defined but not used [-Wunused-const-variable=]
  334 | static const int sched_111_fanout[] = { 112, 114 };
      |                  ^~~~~~~~~~~~~~~~
/scratch/dima/rose-infra/RoSE/soc/sw/xpu-rt/zephyr-chipyard-sw/modelblaster/examples/xpurt_demo_armB/int8/generated/3net_hetero_greedy_periodic.c:333:18: warning: 'sched_111_deps' defined but not used [-Wunused-const-variable=]
  333 | static const int sched_111_deps[] = { 110 };
      |                  ^~~~~~~~~~~~~~
/scratch/dima/rose-infra/RoSE/soc/sw/xpu-rt/zephyr-chipyard-sw/modelblaster/examples/xpurt_demo_armB/int8/generated/3net_hetero_greedy_periodic.c:332:18: warning: 'sched_111_harts' defined but not used [-Wunused-const-variable=]
  332 | static const int sched_111_harts[] = { 0 };
      |                  ^~~~~~~~~~~~~~~
/scratch/dima/rose-infra/RoSE/soc/sw/xpu-rt/zephyr-chipyard-sw/modelblaster/examples/xpurt_demo_armB/int8/generated/3net_hetero_greedy_periodic.c:331:18: warning: 'sched_110_fanout' defined but not used [-Wunused-const-variable=]
  331 | static const int sched_110_fanout[] = { 111, 112, 113 };
      |                  ^~~~~~~~~~~~~~~~
/scratch/dima/rose-infra/RoSE/soc/sw/xpu-rt/zephyr-chipyard-sw/modelblaster/examples/xpurt_demo_armB/int8/generated/3net_hetero_greedy_periodic.c:330:18: warning: 'sched_110_deps' defined but not used [-Wunused-const-variable=]
  330 | static const int sched_110_deps[] = { 109 };
      |                  ^~~~~~~~~~~~~~
/scratch/dima/rose-infra/RoSE/soc/sw/xpu-rt/zephyr-chipyard-sw/modelblaster/examples/xpurt_demo_armB/int8/generated/3net_hetero_greedy_periodic.c:329:18: warning: 'sched_110_harts' defined but not used [-Wunused-const-variable=]
  329 | static const int sched_110_harts[] = { 2 };
      |                  ^~~~~~~~~~~~~~~
/scratch/dima/rose-infra/RoSE/soc/sw/xpu-rt/zephyr-chipyard-sw/modelblaster/examples/xpurt_demo_armB/int8/generated/3net_hetero_greedy_periodic.c:328:18: warning: 'sched_109_fanout' defined but not used [-Wunused-const-variable=]
  328 | static const int sched_109_fanout[] = { 110, 111 };
      |                  ^~~~~~~~~~~~~~~~
/scratch/dima/rose-infra/RoSE/soc/sw/xpu-rt/zephyr-chipyard-sw/modelblaster/examples/xpurt_demo_armB/int8/generated/3net_hetero_greedy_periodic.c:327:18: warning: 'sched_109_deps' defined but not used [-Wunused-const-variable=]
  327 | static const int sched_109_deps[] = { 108 };
      |                  ^~~~~~~~~~~~~~
/scratch/dima/rose-infra/RoSE/soc/sw/xpu-rt/zephyr-chipyard-sw/modelblaster/examples/xpurt_demo_armB/int8/generated/3net_hetero_greedy_periodic.c:326:18: warning: 'sched_109_harts' defined but not used [-Wunused-const-variable=]
  326 | static const int sched_109_harts[] = { 0 };
      |                  ^~~~~~~~~~~~~~~
/scratch/dima/rose-infra/RoSE/soc/sw/xpu-rt/zephyr-chipyard-sw/modelblaster/examples/xpurt_demo_armB/int8/generated/3net_hetero_greedy_periodic.c:325:18: warning: 'sched_108_fanout' defined but not used [-Wunused-const-variable=]
  325 | static const int sched_108_fanout[] = { 109, 113 };
      |                  ^~~~~~~~~~~~~~~~
/scratch/dima/rose-infra/RoSE/soc/sw/xpu-rt/zephyr-chipyard-sw/modelblaster/examples/xpurt_demo_armB/int8/generated/3net_hetero_greedy_periodic.c:324:18: warning: 'sched_108_deps' defined but not used [-Wunused-const-variable=]
  324 | static const int sched_108_deps[] = { 107 };
      |                  ^~~~~~~~~~~~~~
/scratch/dima/rose-infra/RoSE/soc/sw/xpu-rt/zephyr-chipyard-sw/modelblaster/examples/xpurt_demo_armB/int8/generated/3net_hetero_greedy_periodic.c:323:18: warning: 'sched_108_harts' defined but not used [-Wunused-const-variable=]
  323 | static const int sched_108_harts[] = { 0 };
      |                  ^~~~~~~~~~~~~~~
/scratch/dima/rose-infra/RoSE/soc/sw/xpu-rt/zephyr-chipyard-sw/modelblaster/examples/xpurt_demo_armB/int8/generated/3net_hetero_greedy_periodic.c:322:18: warning: 'sched_107_fanout' defined but not used [-Wunused-const-variable=]
  322 | static const int sched_107_fanout[] = { 108, 110 };
      |                  ^~~~~~~~~~~~~~~~
/scratch/dima/rose-infra/RoSE/soc/sw/xpu-rt/zephyr-chipyard-sw/modelblaster/examples/xpurt_demo_armB/int8/generated/3net_hetero_greedy_periodic.c:321:18: warning: 'sched_107_deps' defined but not used [-Wunused-const-variable=]
  321 | static const int sched_107_deps[] = { 106 };
      |                  ^~~~~~~~~~~~~~
/scratch/dima/rose-infra/RoSE/soc/sw/xpu-rt/zephyr-chipyard-sw/modelblaster/examples/xpurt_demo_armB/int8/generated/3net_hetero_greedy_periodic.c:320:18: warning: 'sched_107_harts' defined but not used [-Wunused-const-variable=]
  320 | static const int sched_107_harts[] = { 2 };
      |                  ^~~~~~~~~~~~~~~
/scratch/dima/rose-infra/RoSE/soc/sw/xpu-rt/zephyr-chipyard-sw/modelblaster/examples/xpurt_demo_armB/int8/generated/3net_hetero_greedy_periodic.c:319:18: warning: 'sched_106_fanout' defined but not used [-Wunused-const-variable=]
  319 | static const int sched_106_fanout[] = { 107, 108, 109 };
      |                  ^~~~~~~~~~~~~~~~
/scratch/dima/rose-infra/RoSE/soc/sw/xpu-rt/zephyr-chipyard-sw/modelblaster/examples/xpurt_demo_armB/int8/generated/3net_hetero_greedy_periodic.c:318:18: warning: 'sched_106_deps' defined but not used [-Wunused-const-variable=]
  318 | static const int sched_106_deps[] = { 104 };
      |                  ^~~~~~~~~~~~~~
/scratch/dima/rose-infra/RoSE/soc/sw/xpu-rt/zephyr-chipyard-sw/modelblaster/examples/xpurt_demo_armB/int8/generated/3net_hetero_greedy_periodic.c:317:18: warning: 'sched_106_harts' defined but not used [-Wunused-const-variable=]
  317 | static const int sched_106_harts[] = { 0 };
      |                  ^~~~~~~~~~~~~~~
/scratch/dima/rose-infra/RoSE/soc/sw/xpu-rt/zephyr-chipyard-sw/modelblaster/examples/xpurt_demo_armB/int8/generated/3net_hetero_greedy_periodic.c:316:18: warning: 'sched_105_fanout' defined but not used [-Wunused-const-variable=]
  316 | static const int sched_105_fanout[] = { 106, 134 };
      |                  ^~~~~~~~~~~~~~~~
/scratch/dima/rose-infra/RoSE/soc/sw/xpu-rt/zephyr-chipyard-sw/modelblaster/examples/xpurt_demo_armB/int8/generated/3net_hetero_greedy_periodic.c:315:18: warning: 'sched_105_deps' defined but not used [-Wunused-const-variable=]
  315 | static const int sched_105_deps[] = { 102 };
      |                  ^~~~~~~~~~~~~~
/scratch/dima/rose-infra/RoSE/soc/sw/xpu-rt/zephyr-chipyard-sw/modelblaster/examples/xpurt_demo_armB/int8/generated/3net_hetero_greedy_periodic.c:314:18: warning: 'sched_105_harts' defined but not used [-Wunused-const-variable=]
  314 | static const int sched_105_harts[] = { 0 };
      |                  ^~~~~~~~~~~~~~~
/scratch/dima/rose-infra/RoSE/soc/sw/xpu-rt/zephyr-chipyard-sw/modelblaster/examples/xpurt_demo_armB/int8/generated/3net_hetero_greedy_periodic.c:313:18: warning: 'sched_104_fanout' defined but not used [-Wunused-const-variable=]
  313 | static const int sched_104_fanout[] = { 106, 107 };
      |                  ^~~~~~~~~~~~~~~~
/scratch/dima/rose-infra/RoSE/soc/sw/xpu-rt/zephyr-chipyard-sw/modelblaster/examples/xpurt_demo_armB/int8/generated/3net_hetero_greedy_periodic.c:312:18: warning: 'sched_104_deps' defined but not used [-Wunused-const-variable=]
  312 | static const int sched_104_deps[] = { 46, 103 };
      |                  ^~~~~~~~~~~~~~
/scratch/dima/rose-infra/RoSE/soc/sw/xpu-rt/zephyr-chipyard-sw/modelblaster/examples/xpurt_demo_armB/int8/generated/3net_hetero_greedy_periodic.c:311:18: warning: 'sched_104_harts' defined but not used [-Wunused-const-variable=]
  311 | static const int sched_104_harts[] = { 2 };
      |                  ^~~~~~~~~~~~~~~
/scratch/dima/rose-infra/RoSE/soc/sw/xpu-rt/zephyr-chipyard-sw/modelblaster/examples/xpurt_demo_armB/int8/generated/3net_hetero_greedy_periodic.c:310:18: warning: 'sched_103_fanout' defined but not used [-Wunused-const-variable=]
  310 | static const int sched_103_fanout[] = { 104 };
      |                  ^~~~~~~~~~~~~~~~
/scratch/dima/rose-infra/RoSE/soc/sw/xpu-rt/zephyr-chipyard-sw/modelblaster/examples/xpurt_demo_armB/int8/generated/3net_hetero_greedy_periodic.c:309:18: warning: 'sched_103_deps' defined but not used [-Wunused-const-variable=]
  309 | static const int sched_103_deps[] = { 100 };
      |                  ^~~~~~~~~~~~~~
/scratch/dima/rose-infra/RoSE/soc/sw/xpu-rt/zephyr-chipyard-sw/modelblaster/examples/xpurt_demo_armB/int8/generated/3net_hetero_greedy_periodic.c:308:18: warning: 'sched_103_harts' defined but not used [-Wunused-const-variable=]
  308 | static const int sched_103_harts[] = { 2 };
      |                  ^~~~~~~~~~~~~~~
/scratch/dima/rose-infra/RoSE/soc/sw/xpu-rt/zephyr-chipyard-sw/modelblaster/examples/xpurt_demo_armB/int8/generated/3net_hetero_greedy_periodic.c:307:18: warning: 'sched_102_fanout' defined but not used [-Wunused-const-variable=]
  307 | static const int sched_102_fanout[] = { 105 };
      |                  ^~~~~~~~~~~~~~~~
/scratch/dima/rose-infra/RoSE/soc/sw/xpu-rt/zephyr-chipyard-sw/modelblaster/examples/xpurt_demo_armB/int8/generated/3net_hetero_greedy_periodic.c:306:18: warning: 'sched_102_deps' defined but not used [-Wunused-const-variable=]
  306 | static const int sched_102_deps[] = { 66 };
      |                  ^~~~~~~~~~~~~~
/scratch/dima/rose-infra/RoSE/soc/sw/xpu-rt/zephyr-chipyard-sw/modelblaster/examples/xpurt_demo_armB/int8/generated/3net_hetero_greedy_periodic.c:305:18: warning: 'sched_102_harts' defined but not used [-Wunused-const-variable=]
  305 | static const int sched_102_harts[] = { 0 };
      |                  ^~~~~~~~~~~~~~~
/scratch/dima/rose-infra/RoSE/soc/sw/xpu-rt/zephyr-chipyard-sw/modelblaster/examples/xpurt_demo_armB/int8/generated/3net_hetero_greedy_periodic.c:304:18: warning: 'sched_101_fanout' defined but not used [-Wunused-const-variable=]
  304 | static const int sched_101_fanout[] = { 105, 175 };
      |                  ^~~~~~~~~~~~~~~~
/scratch/dima/rose-infra/RoSE/soc/sw/xpu-rt/zephyr-chipyard-sw/modelblaster/examples/xpurt_demo_armB/int8/generated/3net_hetero_greedy_periodic.c:303:18: warning: 'sched_101_deps' defined but not used [-Wunused-const-variable=]
  303 | static const int sched_101_deps[] = { 99 };
      |                  ^~~~~~~~~~~~~~
/scratch/dima/rose-infra/RoSE/soc/sw/xpu-rt/zephyr-chipyard-sw/modelblaster/examples/xpurt_demo_armB/int8/generated/3net_hetero_greedy_periodic.c:302:18: warning: 'sched_101_harts' defined but not used [-Wunused-const-variable=]
  302 | static const int sched_101_harts[] = { 0 };
      |                  ^~~~~~~~~~~~~~~
/scratch/dima/rose-infra/RoSE/soc/sw/xpu-rt/zephyr-chipyard-sw/modelblaster/examples/xpurt_demo_armB/int8/generated/3net_hetero_greedy_periodic.c:301:18: warning: 'sched_100_fanout' defined but not used [-Wunused-const-variable=]
  301 | static const int sched_100_fanout[] = { 103, 104, 118 };
      |                  ^~~~~~~~~~~~~~~~
/scratch/dima/rose-infra/RoSE/soc/sw/xpu-rt/zephyr-chipyard-sw/modelblaster/examples/xpurt_demo_armB/int8/generated/3net_hetero_greedy_periodic.c:300:18: warning: 'sched_100_deps' defined but not used [-Wunused-const-variable=]
  300 | static const int sched_100_deps[] = { 98 };
      |                  ^~~~~~~~~~~~~~
/scratch/dima/rose-infra/RoSE/soc/sw/xpu-rt/zephyr-chipyard-sw/modelblaster/examples/xpurt_demo_armB/int8/generated/3net_hetero_greedy_periodic.c:299:18: warning: 'sched_100_harts' defined but not used [-Wunused-const-variable=]
  299 | static const int sched_100_harts[] = { 2 };
      |                  ^~~~~~~~~~~~~~~
/scratch/dima/rose-infra/RoSE/soc/sw/xpu-rt/zephyr-chipyard-sw/modelblaster/examples/xpurt_demo_armB/int8/generated/3net_hetero_greedy_periodic.c:298:18: warning: 'sched_99_fanout' defined but not used [-Wunused-const-variable=]
  298 | static const int sched_99_fanout[] = { 101, 102 };
      |                  ^~~~~~~~~~~~~~~
/scratch/dima/rose-infra/RoSE/soc/sw/xpu-rt/zephyr-chipyard-sw/modelblaster/examples/xpurt_demo_armB/int8/generated/3net_hetero_greedy_periodic.c:297:18: warning: 'sched_99_harts' defined but not used [-Wunused-const-variable=]
  297 | static const int sched_99_harts[] = { 0 };
      |                  ^~~~~~~~~~~~~~
/scratch/dima/rose-infra/RoSE/soc/sw/xpu-rt/zephyr-chipyard-sw/modelblaster/examples/xpurt_demo_armB/int8/generated/3net_hetero_greedy_periodic.c:296:18: warning: 'sched_98_fanout' defined but not used [-Wunused-const-variable=]
  296 | static const int sched_98_fanout[] = { 100, 101 };
      |                  ^~~~~~~~~~~~~~~
/scratch/dima/rose-infra/RoSE/soc/sw/xpu-rt/zephyr-chipyard-sw/modelblaster/examples/xpurt_demo_armB/int8/generated/3net_hetero_greedy_periodic.c:295:18: warning: 'sched_98_deps' defined but not used [-Wunused-const-variable=]
  295 | static const int sched_98_deps[] = { 97 };
      |                  ^~~~~~~~~~~~~
/scratch/dima/rose-infra/RoSE/soc/sw/xpu-rt/zephyr-chipyard-sw/modelblaster/examples/xpurt_demo_armB/int8/generated/3net_hetero_greedy_periodic.c:294:18: warning: 'sched_98_harts' defined but not used [-Wunused-const-variable=]
  294 | static const int sched_98_harts[] = { 0 };
      |                  ^~~~~~~~~~~~~~
/scratch/dima/rose-infra/RoSE/soc/sw/xpu-rt/zephyr-chipyard-sw/modelblaster/examples/xpurt_demo_armB/int8/generated/3net_hetero_greedy_periodic.c:293:18: warning: 'sched_97_fanout' defined but not used [-Wunused-const-variable=]
  293 | static const int sched_97_fanout[] = { 98, 100, 103 };
      |                  ^~~~~~~~~~~~~~~
/scratch/dima/rose-infra/RoSE/soc/sw/xpu-rt/zephyr-chipyard-sw/modelblaster/examples/xpurt_demo_armB/int8/generated/3net_hetero_greedy_periodic.c:292:18: warning: 'sched_97_deps' defined but not used [-Wunused-const-variable=]
  292 | static const int sched_97_deps[] = { 92, 96 };
      |                  ^~~~~~~~~~~~~
/scratch/dima/rose-infra/RoSE/soc/sw/xpu-rt/zephyr-chipyard-sw/modelblaster/examples/xpurt_demo_armB/int8/generated/3net_hetero_greedy_periodic.c:291:18: warning: 'sched_97_harts' defined but not used [-Wunused-const-variable=]
  291 | static const int sched_97_harts[] = { 2 };
      |                  ^~~~~~~~~~~~~~
/scratch/dima/rose-infra/RoSE/soc/sw/xpu-rt/zephyr-chipyard-sw/modelblaster/examples/xpurt_demo_armB/int8/generated/3net_hetero_greedy_periodic.c:290:18: warning: 'sched_96_fanout' defined but not used [-Wunused-const-variable=]
  290 | static const int sched_96_fanout[] = { 97 };
      |                  ^~~~~~~~~~~~~~~
/scratch/dima/rose-infra/RoSE/soc/sw/xpu-rt/zephyr-chipyard-sw/modelblaster/examples/xpurt_demo_armB/int8/generated/3net_hetero_greedy_periodic.c:289:18: warning: 'sched_96_deps' defined but not used [-Wunused-const-variable=]
  289 | static const int sched_96_deps[] = { 95 };
      |                  ^~~~~~~~~~~~~
/scratch/dima/rose-infra/RoSE/soc/sw/xpu-rt/zephyr-chipyard-sw/modelblaster/examples/xpurt_demo_armB/int8/generated/3net_hetero_greedy_periodic.c:288:18: warning: 'sched_96_harts' defined but not used [-Wunused-const-variable=]
  288 | static const int sched_96_harts[] = { 2 };
      |                  ^~~~~~~~~~~~~~
/scratch/dima/rose-infra/RoSE/soc/sw/xpu-rt/zephyr-chipyard-sw/modelblaster/examples/xpurt_demo_armB/int8/generated/3net_hetero_greedy_periodic.c:287:18: warning: 'sched_95_fanout' defined but not used [-Wunused-const-variable=]
  287 | static const int sched_95_fanout[] = { 96, 98, 99 };
      |                  ^~~~~~~~~~~~~~~
/scratch/dima/rose-infra/RoSE/soc/sw/xpu-rt/zephyr-chipyard-sw/modelblaster/examples/xpurt_demo_armB/int8/generated/3net_hetero_greedy_periodic.c:286:18: warning: 'sched_95_deps' defined but not used [-Wunused-const-variable=]
  286 | static const int sched_95_deps[] = { 94 };
      |                  ^~~~~~~~~~~~~
/scratch/dima/rose-infra/RoSE/soc/sw/xpu-rt/zephyr-chipyard-sw/modelblaster/examples/xpurt_demo_armB/int8/generated/3net_hetero_greedy_periodic.c:285:18: warning: 'sched_95_harts' defined but not used [-Wunused-const-variable=]
  285 | static const int sched_95_harts[] = { 0 };
      |                  ^~~~~~~~~~~~~~
/scratch/dima/rose-infra/RoSE/soc/sw/xpu-rt/zephyr-chipyard-sw/modelblaster/examples/xpurt_demo_armB/int8/generated/3net_hetero_greedy_periodic.c:284:18: warning: 'sched_94_fanout' defined but not used [-Wunused-const-variable=]
  284 | static const int sched_94_fanout[] = { 95, 96, 97 };
      |                  ^~~~~~~~~~~~~~~
/scratch/dima/rose-infra/RoSE/soc/sw/xpu-rt/zephyr-chipyard-sw/modelblaster/examples/xpurt_demo_armB/int8/generated/3net_hetero_greedy_periodic.c:283:18: warning: 'sched_94_deps' defined but not used [-Wunused-const-variable=]
  283 | static const int sched_94_deps[] = { 93 };
      |                  ^~~~~~~~~~~~~
/scratch/dima/rose-infra/RoSE/soc/sw/xpu-rt/zephyr-chipyard-sw/modelblaster/examples/xpurt_demo_armB/int8/generated/3net_hetero_greedy_periodic.c:282:18: warning: 'sched_94_harts' defined but not used [-Wunused-const-variable=]
  282 | static const int sched_94_harts[] = { 2 };
      |                  ^~~~~~~~~~~~~~
/scratch/dima/rose-infra/RoSE/soc/sw/xpu-rt/zephyr-chipyard-sw/modelblaster/examples/xpurt_demo_armB/int8/generated/3net_hetero_greedy_periodic.c:281:18: warning: 'sched_93_fanout' defined but not used [-Wunused-const-variable=]
  281 | static const int sched_93_fanout[] = { 94, 95 };
      |                  ^~~~~~~~~~~~~~~
/scratch/dima/rose-infra/RoSE/soc/sw/xpu-rt/zephyr-chipyard-sw/modelblaster/examples/xpurt_demo_armB/int8/generated/3net_hetero_greedy_periodic.c:280:18: warning: 'sched_93_deps' defined but not used [-Wunused-const-variable=]
  280 | static const int sched_93_deps[] = { 92 };
      |                  ^~~~~~~~~~~~~
/scratch/dima/rose-infra/RoSE/soc/sw/xpu-rt/zephyr-chipyard-sw/modelblaster/examples/xpurt_demo_armB/int8/generated/3net_hetero_greedy_periodic.c:279:18: warning: 'sched_93_harts' defined but not used [-Wunused-const-variable=]
  279 | static const int sched_93_harts[] = { 0 };
      |                  ^~~~~~~~~~~~~~
/scratch/dima/rose-infra/RoSE/soc/sw/xpu-rt/zephyr-chipyard-sw/modelblaster/examples/xpurt_demo_armB/int8/generated/3net_hetero_greedy_periodic.c:278:18: warning: 'sched_92_fanout' defined but not used [-Wunused-const-variable=]
  278 | static const int sched_92_fanout[] = { 93, 97 };
      |                  ^~~~~~~~~~~~~~~
/scratch/dima/rose-infra/RoSE/soc/sw/xpu-rt/zephyr-chipyard-sw/modelblaster/examples/xpurt_demo_armB/int8/generated/3net_hetero_greedy_periodic.c:277:18: warning: 'sched_92_deps' defined but not used [-Wunused-const-variable=]
  277 | static const int sched_92_deps[] = { 91 };
      |                  ^~~~~~~~~~~~~
/scratch/dima/rose-infra/RoSE/soc/sw/xpu-rt/zephyr-chipyard-sw/modelblaster/examples/xpurt_demo_armB/int8/generated/3net_hetero_greedy_periodic.c:276:18: warning: 'sched_92_harts' defined but not used [-Wunused-const-variable=]
  276 | static const int sched_92_harts[] = { 0 };
      |                  ^~~~~~~~~~~~~~
/scratch/dima/rose-infra/RoSE/soc/sw/xpu-rt/zephyr-chipyard-sw/modelblaster/examples/xpurt_demo_armB/int8/generated/3net_hetero_greedy_periodic.c:275:18: warning: 'sched_91_fanout' defined but not used [-Wunused-const-variable=]
  275 | static const int sched_91_fanout[] = { 92, 94 };
      |                  ^~~~~~~~~~~~~~~
/scratch/dima/rose-infra/RoSE/soc/sw/xpu-rt/zephyr-chipyard-sw/modelblaster/examples/xpurt_demo_armB/int8/generated/3net_hetero_greedy_periodic.c:274:18: warning: 'sched_91_deps' defined but not used [-Wunused-const-variable=]
  274 | static const int sched_91_deps[] = { 90 };
      |                  ^~~~~~~~~~~~~
/scratch/dima/rose-infra/RoSE/soc/sw/xpu-rt/zephyr-chipyard-sw/modelblaster/examples/xpurt_demo_armB/int8/generated/3net_hetero_greedy_periodic.c:273:18: warning: 'sched_91_harts' defined but not used [-Wunused-const-variable=]
  273 | static const int sched_91_harts[] = { 2 };
      |                  ^~~~~~~~~~~~~~
/scratch/dima/rose-infra/RoSE/soc/sw/xpu-rt/zephyr-chipyard-sw/modelblaster/examples/xpurt_demo_armB/int8/generated/3net_hetero_greedy_periodic.c:272:18: warning: 'sched_90_fanout' defined but not used [-Wunused-const-variable=]
  272 | static const int sched_90_fanout[] = { 91, 92, 93 };
      |                  ^~~~~~~~~~~~~~~
/scratch/dima/rose-infra/RoSE/soc/sw/xpu-rt/zephyr-chipyard-sw/modelblaster/examples/xpurt_demo_armB/int8/generated/3net_hetero_greedy_periodic.c:271:18: warning: 'sched_90_deps' defined but not used [-Wunused-const-variable=]
  271 | static const int sched_90_deps[] = { 89 };
      |                  ^~~~~~~~~~~~~
/scratch/dima/rose-infra/RoSE/soc/sw/xpu-rt/zephyr-chipyard-sw/modelblaster/examples/xpurt_demo_armB/int8/generated/3net_hetero_greedy_periodic.c:270:18: warning: 'sched_90_harts' defined but not used [-Wunused-const-variable=]
  270 | static const int sched_90_harts[] = { 0 };
      |                  ^~~~~~~~~~~~~~
/scratch/dima/rose-infra/RoSE/soc/sw/xpu-rt/zephyr-chipyard-sw/modelblaster/examples/xpurt_demo_armB/int8/generated/3net_hetero_greedy_periodic.c:269:18: warning: 'sched_89_fanout' defined but not used [-Wunused-const-variable=]
  269 | static const int sched_89_fanout[] = { 90, 91 };
      |                  ^~~~~~~~~~~~~~~
/scratch/dima/rose-infra/RoSE/soc/sw/xpu-rt/zephyr-chipyard-sw/modelblaster/examples/xpurt_demo_armB/int8/generated/3net_hetero_greedy_periodic.c:268:18: warning: 'sched_89_deps' defined but not used [-Wunused-const-variable=]
  268 | static const int sched_89_deps[] = { 65, 88 };
      |                  ^~~~~~~~~~~~~
/scratch/dima/rose-infra/RoSE/soc/sw/xpu-rt/zephyr-chipyard-sw/modelblaster/examples/xpurt_demo_armB/int8/generated/3net_hetero_greedy_periodic.c:267:18: warning: 'sched_89_harts' defined but not used [-Wunused-const-variable=]
  267 | static const int sched_89_harts[] = { 2 };
      |                  ^~~~~~~~~~~~~~
/scratch/dima/rose-infra/RoSE/soc/sw/xpu-rt/zephyr-chipyard-sw/modelblaster/examples/xpurt_demo_armB/int8/generated/3net_hetero_greedy_periodic.c:266:18: warning: 'sched_88_fanout' defined but not used [-Wunused-const-variable=]
  266 | static const int sched_88_fanout[] = { 89 };
      |                  ^~~~~~~~~~~~~~~
/scratch/dima/rose-infra/RoSE/soc/sw/xpu-rt/zephyr-chipyard-sw/modelblaster/examples/xpurt_demo_armB/int8/generated/3net_hetero_greedy_periodic.c:265:18: warning: 'sched_88_deps' defined but not used [-Wunused-const-variable=]
  265 | static const int sched_88_deps[] = { 87 };
      |                  ^~~~~~~~~~~~~
/scratch/dima/rose-infra/RoSE/soc/sw/xpu-rt/zephyr-chipyard-sw/modelblaster/examples/xpurt_demo_armB/int8/generated/3net_hetero_greedy_periodic.c:264:18: warning: 'sched_88_harts' defined but not used [-Wunused-const-variable=]
  264 | static const int sched_88_harts[] = { 2 };
      |                  ^~~~~~~~~~~~~~
/scratch/dima/rose-infra/RoSE/soc/sw/xpu-rt/zephyr-chipyard-sw/modelblaster/examples/xpurt_demo_armB/int8/generated/3net_hetero_greedy_periodic.c:263:18: warning: 'sched_87_fanout' defined but not used [-Wunused-const-variable=]
  263 | static const int sched_87_fanout[] = { 88, 89, 133 };
      |                  ^~~~~~~~~~~~~~~
/scratch/dima/rose-infra/RoSE/soc/sw/xpu-rt/zephyr-chipyard-sw/modelblaster/examples/xpurt_demo_armB/int8/generated/3net_hetero_greedy_periodic.c:262:18: warning: 'sched_87_deps' defined but not used [-Wunused-const-variable=]
  262 | static const int sched_87_deps[] = { 86 };
      |                  ^~~~~~~~~~~~~
/scratch/dima/rose-infra/RoSE/soc/sw/xpu-rt/zephyr-chipyard-sw/modelblaster/examples/xpurt_demo_armB/int8/generated/3net_hetero_greedy_periodic.c:261:18: warning: 'sched_87_harts' defined but not used [-Wunused-const-variable=]
  261 | static const int sched_87_harts[] = { 2 };
      |                  ^~~~~~~~~~~~~~
/scratch/dima/rose-infra/RoSE/soc/sw/xpu-rt/zephyr-chipyard-sw/modelblaster/examples/xpurt_demo_armB/int8/generated/3net_hetero_greedy_periodic.c:260:18: warning: 'sched_86_fanout' defined but not used [-Wunused-const-variable=]
  260 | static const int sched_86_fanout[] = { 87, 90 };
      |                  ^~~~~~~~~~~~~~~
/scratch/dima/rose-infra/RoSE/soc/sw/xpu-rt/zephyr-chipyard-sw/modelblaster/examples/xpurt_demo_armB/int8/generated/3net_hetero_greedy_periodic.c:259:18: warning: 'sched_86_deps' defined but not used [-Wunused-const-variable=]
  259 | static const int sched_86_deps[] = { 85 };
      |                  ^~~~~~~~~~~~~
/scratch/dima/rose-infra/RoSE/soc/sw/xpu-rt/zephyr-chipyard-sw/modelblaster/examples/xpurt_demo_armB/int8/generated/3net_hetero_greedy_periodic.c:258:18: warning: 'sched_86_harts' defined but not used [-Wunused-const-variable=]
  258 | static const int sched_86_harts[] = { 0 };
      |                  ^~~~~~~~~~~~~~
/scratch/dima/rose-infra/RoSE/soc/sw/xpu-rt/zephyr-chipyard-sw/modelblaster/examples/xpurt_demo_armB/int8/generated/3net_hetero_greedy_periodic.c:257:18: warning: 'sched_85_fanout' defined but not used [-Wunused-const-variable=]
  257 | static const int sched_85_fanout[] = { 86, 87, 88 };
      |                  ^~~~~~~~~~~~~~~
/scratch/dima/rose-infra/RoSE/soc/sw/xpu-rt/zephyr-chipyard-sw/modelblaster/examples/xpurt_demo_armB/int8/generated/3net_hetero_greedy_periodic.c:256:18: warning: 'sched_85_deps' defined but not used [-Wunused-const-variable=]
  256 | static const int sched_85_deps[] = { 81, 82, 83, 84 };
      |                  ^~~~~~~~~~~~~
/scratch/dima/rose-infra/RoSE/soc/sw/xpu-rt/zephyr-chipyard-sw/modelblaster/examples/xpurt_demo_armB/int8/generated/3net_hetero_greedy_periodic.c:255:18: warning: 'sched_85_harts' defined but not used [-Wunused-const-variable=]
  255 | static const int sched_85_harts[] = { 2 };
      |                  ^~~~~~~~~~~~~~
/scratch/dima/rose-infra/RoSE/soc/sw/xpu-rt/zephyr-chipyard-sw/modelblaster/examples/xpurt_demo_armB/int8/generated/3net_hetero_greedy_periodic.c:254:18: warning: 'sched_84_fanout' defined but not used [-Wunused-const-variable=]
  254 | static const int sched_84_fanout[] = { 85, 86 };
      |                  ^~~~~~~~~~~~~~~
/scratch/dima/rose-infra/RoSE/soc/sw/xpu-rt/zephyr-chipyard-sw/modelblaster/examples/xpurt_demo_armB/int8/generated/3net_hetero_greedy_periodic.c:253:18: warning: 'sched_84_deps' defined but not used [-Wunused-const-variable=]
  253 | static const int sched_84_deps[] = { 83 };
      |                  ^~~~~~~~~~~~~
/scratch/dima/rose-infra/RoSE/soc/sw/xpu-rt/zephyr-chipyard-sw/modelblaster/examples/xpurt_demo_armB/int8/generated/3net_hetero_greedy_periodic.c:252:18: warning: 'sched_84_harts' defined but not used [-Wunused-const-variable=]
  252 | static const int sched_84_harts[] = { 0 };
      |                  ^~~~~~~~~~~~~~
/scratch/dima/rose-infra/RoSE/soc/sw/xpu-rt/zephyr-chipyard-sw/modelblaster/examples/xpurt_demo_armB/int8/generated/3net_hetero_greedy_periodic.c:251:18: warning: 'sched_83_fanout' defined but not used [-Wunused-const-variable=]
  251 | static const int sched_83_fanout[] = { 84, 85 };
      |                  ^~~~~~~~~~~~~~~
/scratch/dima/rose-infra/RoSE/soc/sw/xpu-rt/zephyr-chipyard-sw/modelblaster/examples/xpurt_demo_armB/int8/generated/3net_hetero_greedy_periodic.c:250:18: warning: 'sched_83_deps' defined but not used [-Wunused-const-variable=]
  250 | static const int sched_83_deps[] = { 82 };
      |                  ^~~~~~~~~~~~~
/scratch/dima/rose-infra/RoSE/soc/sw/xpu-rt/zephyr-chipyard-sw/modelblaster/examples/xpurt_demo_armB/int8/generated/3net_hetero_greedy_periodic.c:249:18: warning: 'sched_83_harts' defined but not used [-Wunused-const-variable=]
  249 | static const int sched_83_harts[] = { 0 };
      |                  ^~~~~~~~~~~~~~
/scratch/dima/rose-infra/RoSE/soc/sw/xpu-rt/zephyr-chipyard-sw/modelblaster/examples/xpurt_demo_armB/int8/generated/3net_hetero_greedy_periodic.c:248:18: warning: 'sched_82_fanout' defined but not used [-Wunused-const-variable=]
  248 | static const int sched_82_fanout[] = { 83, 85 };
      |                  ^~~~~~~~~~~~~~~
/scratch/dima/rose-infra/RoSE/soc/sw/xpu-rt/zephyr-chipyard-sw/modelblaster/examples/xpurt_demo_armB/int8/generated/3net_hetero_greedy_periodic.c:247:18: warning: 'sched_82_deps' defined but not used [-Wunused-const-variable=]
  247 | static const int sched_82_deps[] = { 81 };
      |                  ^~~~~~~~~~~~~
/scratch/dima/rose-infra/RoSE/soc/sw/xpu-rt/zephyr-chipyard-sw/modelblaster/examples/xpurt_demo_armB/int8/generated/3net_hetero_greedy_periodic.c:246:18: warning: 'sched_82_harts' defined but not used [-Wunused-const-variable=]
  246 | static const int sched_82_harts[] = { 2 };
      |                  ^~~~~~~~~~~~~~
/scratch/dima/rose-infra/RoSE/soc/sw/xpu-rt/zephyr-chipyard-sw/modelblaster/examples/xpurt_demo_armB/int8/generated/3net_hetero_greedy_periodic.c:245:18: warning: 'sched_81_fanout' defined but not used [-Wunused-const-variable=]
  245 | static const int sched_81_fanout[] = { 82, 85 };
      |                  ^~~~~~~~~~~~~~~
/scratch/dima/rose-infra/RoSE/soc/sw/xpu-rt/zephyr-chipyard-sw/modelblaster/examples/xpurt_demo_armB/int8/generated/3net_hetero_greedy_periodic.c:244:18: warning: 'sched_81_deps' defined but not used [-Wunused-const-variable=]
  244 | static const int sched_81_deps[] = { 80 };
      |                  ^~~~~~~~~~~~~
/scratch/dima/rose-infra/RoSE/soc/sw/xpu-rt/zephyr-chipyard-sw/modelblaster/examples/xpurt_demo_armB/int8/generated/3net_hetero_greedy_periodic.c:243:18: warning: 'sched_81_harts' defined but not used [-Wunused-const-variable=]
  243 | static const int sched_81_harts[] = { 2 };
      |                  ^~~~~~~~~~~~~~
/scratch/dima/rose-infra/RoSE/soc/sw/xpu-rt/zephyr-chipyard-sw/modelblaster/examples/xpurt_demo_armB/int8/generated/3net_hetero_greedy_periodic.c:242:18: warning: 'sched_80_fanout' defined but not used [-Wunused-const-variable=]
  242 | static const int sched_80_fanout[] = { 81, 83, 84 };
      |                  ^~~~~~~~~~~~~~~
/scratch/dima/rose-infra/RoSE/soc/sw/xpu-rt/zephyr-chipyard-sw/modelblaster/examples/xpurt_demo_armB/int8/generated/3net_hetero_greedy_periodic.c:241:18: warning: 'sched_80_deps' defined but not used [-Wunused-const-variable=]
  241 | static const int sched_80_deps[] = { 79 };
      |                  ^~~~~~~~~~~~~
/scratch/dima/rose-infra/RoSE/soc/sw/xpu-rt/zephyr-chipyard-sw/modelblaster/examples/xpurt_demo_armB/int8/generated/3net_hetero_greedy_periodic.c:240:18: warning: 'sched_80_harts' defined but not used [-Wunused-const-variable=]
  240 | static const int sched_80_harts[] = { 0 };
      |                  ^~~~~~~~~~~~~~
/scratch/dima/rose-infra/RoSE/soc/sw/xpu-rt/zephyr-chipyard-sw/modelblaster/examples/xpurt_demo_armB/int8/generated/3net_hetero_greedy_periodic.c:239:18: warning: 'sched_79_fanout' defined but not used [-Wunused-const-variable=]
  239 | static const int sched_79_fanout[] = { 80, 81, 82 };
      |                  ^~~~~~~~~~~~~~~
/scratch/dima/rose-infra/RoSE/soc/sw/xpu-rt/zephyr-chipyard-sw/modelblaster/examples/xpurt_demo_armB/int8/generated/3net_hetero_greedy_periodic.c:238:18: warning: 'sched_79_deps' defined but not used [-Wunused-const-variable=]
  238 | static const int sched_79_deps[] = { 78 };
      |                  ^~~~~~~~~~~~~
/scratch/dima/rose-infra/RoSE/soc/sw/xpu-rt/zephyr-chipyard-sw/modelblaster/examples/xpurt_demo_armB/int8/generated/3net_hetero_greedy_periodic.c:237:18: warning: 'sched_79_harts' defined but not used [-Wunused-const-variable=]
  237 | static const int sched_79_harts[] = { 2 };
      |                  ^~~~~~~~~~~~~~
/scratch/dima/rose-infra/RoSE/soc/sw/xpu-rt/zephyr-chipyard-sw/modelblaster/examples/xpurt_demo_armB/int8/generated/3net_hetero_greedy_periodic.c:236:18: warning: 'sched_78_fanout' defined but not used [-Wunused-const-variable=]
  236 | static const int sched_78_fanout[] = { 79, 80 };
      |                  ^~~~~~~~~~~~~~~
/scratch/dima/rose-infra/RoSE/soc/sw/xpu-rt/zephyr-chipyard-sw/modelblaster/examples/xpurt_demo_armB/int8/generated/3net_hetero_greedy_periodic.c:235:18: warning: 'sched_78_deps' defined but not used [-Wunused-const-variable=]
  235 | static const int sched_78_deps[] = { 77 };
      |                  ^~~~~~~~~~~~~
/scratch/dima/rose-infra/RoSE/soc/sw/xpu-rt/zephyr-chipyard-sw/modelblaster/examples/xpurt_demo_armB/int8/generated/3net_hetero_greedy_periodic.c:234:18: warning: 'sched_78_harts' defined but not used [-Wunused-const-variable=]
  234 | static const int sched_78_harts[] = { 0 };
      |                  ^~~~~~~~~~~~~~
/scratch/dima/rose-infra/RoSE/soc/sw/xpu-rt/zephyr-chipyard-sw/modelblaster/examples/xpurt_demo_armB/int8/generated/3net_hetero_greedy_periodic.c:233:18: warning: 'sched_77_fanout' defined but not used [-Wunused-const-variable=]
  233 | static const int sched_77_fanout[] = { 78, 79 };
      |                  ^~~~~~~~~~~~~~~
/scratch/dima/rose-infra/RoSE/soc/sw/xpu-rt/zephyr-chipyard-sw/modelblaster/examples/xpurt_demo_armB/int8/generated/3net_hetero_greedy_periodic.c:232:18: warning: 'sched_77_deps' defined but not used [-Wunused-const-variable=]
  232 | static const int sched_77_deps[] = { 71, 76 };
      |                  ^~~~~~~~~~~~~
/scratch/dima/rose-infra/RoSE/soc/sw/xpu-rt/zephyr-chipyard-sw/modelblaster/examples/xpurt_demo_armB/int8/generated/3net_hetero_greedy_periodic.c:231:18: warning: 'sched_77_harts' defined but not used [-Wunused-const-variable=]
  231 | static const int sched_77_harts[] = { 2 };
      |                  ^~~~~~~~~~~~~~
/scratch/dima/rose-infra/RoSE/soc/sw/xpu-rt/zephyr-chipyard-sw/modelblaster/examples/xpurt_demo_armB/int8/generated/3net_hetero_greedy_periodic.c:230:18: warning: 'sched_76_fanout' defined but not used [-Wunused-const-variable=]
  230 | static const int sched_76_fanout[] = { 77 };
      |                  ^~~~~~~~~~~~~~~
/scratch/dima/rose-infra/RoSE/soc/sw/xpu-rt/zephyr-chipyard-sw/modelblaster/examples/xpurt_demo_armB/int8/generated/3net_hetero_greedy_periodic.c:229:18: warning: 'sched_76_deps' defined but not used [-Wunused-const-variable=]
  229 | static const int sched_76_deps[] = { 71, 75 };
      |                  ^~~~~~~~~~~~~
/scratch/dima/rose-infra/RoSE/soc/sw/xpu-rt/zephyr-chipyard-sw/modelblaster/examples/xpurt_demo_armB/int8/generated/3net_hetero_greedy_periodic.c:228:18: warning: 'sched_76_harts' defined but not used [-Wunused-const-variable=]
  228 | static const int sched_76_harts[] = { 2 };
      |                  ^~~~~~~~~~~~~~
/scratch/dima/rose-infra/RoSE/soc/sw/xpu-rt/zephyr-chipyard-sw/modelblaster/examples/xpurt_demo_armB/int8/generated/3net_hetero_greedy_periodic.c:227:18: warning: 'sched_75_fanout' defined but not used [-Wunused-const-variable=]
  227 | static const int sched_75_fanout[] = { 76, 77 };
      |                  ^~~~~~~~~~~~~~~
/scratch/dima/rose-infra/RoSE/soc/sw/xpu-rt/zephyr-chipyard-sw/modelblaster/examples/xpurt_demo_armB/int8/generated/3net_hetero_greedy_periodic.c:226:18: warning: 'sched_75_deps' defined but not used [-Wunused-const-variable=]
  226 | static const int sched_75_deps[] = { 74 };
      |                  ^~~~~~~~~~~~~
/scratch/dima/rose-infra/RoSE/soc/sw/xpu-rt/zephyr-chipyard-sw/modelblaster/examples/xpurt_demo_armB/int8/generated/3net_hetero_greedy_periodic.c:225:18: warning: 'sched_75_harts' defined but not used [-Wunused-const-variable=]
  225 | static const int sched_75_harts[] = { 2 };
      |                  ^~~~~~~~~~~~~~
/scratch/dima/rose-infra/RoSE/soc/sw/xpu-rt/zephyr-chipyard-sw/modelblaster/examples/xpurt_demo_armB/int8/generated/3net_hetero_greedy_periodic.c:224:18: warning: 'sched_74_fanout' defined but not used [-Wunused-const-variable=]
  224 | static const int sched_74_fanout[] = { 75, 78 };
      |                  ^~~~~~~~~~~~~~~
/scratch/dima/rose-infra/RoSE/soc/sw/xpu-rt/zephyr-chipyard-sw/modelblaster/examples/xpurt_demo_armB/int8/generated/3net_hetero_greedy_periodic.c:223:18: warning: 'sched_74_deps' defined but not used [-Wunused-const-variable=]
  223 | static const int sched_74_deps[] = { 73 };
      |                  ^~~~~~~~~~~~~
/scratch/dima/rose-infra/RoSE/soc/sw/xpu-rt/zephyr-chipyard-sw/modelblaster/examples/xpurt_demo_armB/int8/generated/3net_hetero_greedy_periodic.c:222:18: warning: 'sched_74_harts' defined but not used [-Wunused-const-variable=]
  222 | static const int sched_74_harts[] = { 0 };
      |                  ^~~~~~~~~~~~~~
/scratch/dima/rose-infra/RoSE/soc/sw/xpu-rt/zephyr-chipyard-sw/modelblaster/examples/xpurt_demo_armB/int8/generated/3net_hetero_greedy_periodic.c:221:18: warning: 'sched_73_fanout' defined but not used [-Wunused-const-variable=]
  221 | static const int sched_73_fanout[] = { 74, 75, 76 };
      |                  ^~~~~~~~~~~~~~~
/scratch/dima/rose-infra/RoSE/soc/sw/xpu-rt/zephyr-chipyard-sw/modelblaster/examples/xpurt_demo_armB/int8/generated/3net_hetero_greedy_periodic.c:220:18: warning: 'sched_73_deps' defined but not used [-Wunused-const-variable=]
  220 | static const int sched_73_deps[] = { 72 };
      |                  ^~~~~~~~~~~~~
/scratch/dima/rose-infra/RoSE/soc/sw/xpu-rt/zephyr-chipyard-sw/modelblaster/examples/xpurt_demo_armB/int8/generated/3net_hetero_greedy_periodic.c:219:18: warning: 'sched_73_harts' defined but not used [-Wunused-const-variable=]
  219 | static const int sched_73_harts[] = { 2 };
      |                  ^~~~~~~~~~~~~~
/scratch/dima/rose-infra/RoSE/soc/sw/xpu-rt/zephyr-chipyard-sw/modelblaster/examples/xpurt_demo_armB/int8/generated/3net_hetero_greedy_periodic.c:218:18: warning: 'sched_72_fanout' defined but not used [-Wunused-const-variable=]
  218 | static const int sched_72_fanout[] = { 73, 74 };
      |                  ^~~~~~~~~~~~~~~
/scratch/dima/rose-infra/RoSE/soc/sw/xpu-rt/zephyr-chipyard-sw/modelblaster/examples/xpurt_demo_armB/int8/generated/3net_hetero_greedy_periodic.c:217:18: warning: 'sched_72_deps' defined but not used [-Wunused-const-variable=]
  217 | static const int sched_72_deps[] = { 71 };
      |                  ^~~~~~~~~~~~~
/scratch/dima/rose-infra/RoSE/soc/sw/xpu-rt/zephyr-chipyard-sw/modelblaster/examples/xpurt_demo_armB/int8/generated/3net_hetero_greedy_periodic.c:216:18: warning: 'sched_72_harts' defined but not used [-Wunused-const-variable=]
  216 | static const int sched_72_harts[] = { 0 };
      |                  ^~~~~~~~~~~~~~
/scratch/dima/rose-infra/RoSE/soc/sw/xpu-rt/zephyr-chipyard-sw/modelblaster/examples/xpurt_demo_armB/int8/generated/3net_hetero_greedy_periodic.c:215:18: warning: 'sched_71_fanout' defined but not used [-Wunused-const-variable=]
  215 | static const int sched_71_fanout[] = { 72, 76, 77 };
      |                  ^~~~~~~~~~~~~~~
/scratch/dima/rose-infra/RoSE/soc/sw/xpu-rt/zephyr-chipyard-sw/modelblaster/examples/xpurt_demo_armB/int8/generated/3net_hetero_greedy_periodic.c:214:18: warning: 'sched_71_deps' defined but not used [-Wunused-const-variable=]
  214 | static const int sched_71_deps[] = { 70 };
      |                  ^~~~~~~~~~~~~
/scratch/dima/rose-infra/RoSE/soc/sw/xpu-rt/zephyr-chipyard-sw/modelblaster/examples/xpurt_demo_armB/int8/generated/3net_hetero_greedy_periodic.c:213:18: warning: 'sched_71_harts' defined but not used [-Wunused-const-variable=]
  213 | static const int sched_71_harts[] = { 0 };
      |                  ^~~~~~~~~~~~~~
/scratch/dima/rose-infra/RoSE/soc/sw/xpu-rt/zephyr-chipyard-sw/modelblaster/examples/xpurt_demo_armB/int8/generated/3net_hetero_greedy_periodic.c:212:18: warning: 'sched_70_fanout' defined but not used [-Wunused-const-variable=]
  212 | static const int sched_70_fanout[] = { 71, 73 };
      |                  ^~~~~~~~~~~~~~~
/scratch/dima/rose-infra/RoSE/soc/sw/xpu-rt/zephyr-chipyard-sw/modelblaster/examples/xpurt_demo_armB/int8/generated/3net_hetero_greedy_periodic.c:211:18: warning: 'sched_70_deps' defined but not used [-Wunused-const-variable=]
  211 | static const int sched_70_deps[] = { 69 };
      |                  ^~~~~~~~~~~~~
/scratch/dima/rose-infra/RoSE/soc/sw/xpu-rt/zephyr-chipyard-sw/modelblaster/examples/xpurt_demo_armB/int8/generated/3net_hetero_greedy_periodic.c:210:18: warning: 'sched_70_harts' defined but not used [-Wunused-const-variable=]
  210 | static const int sched_70_harts[] = { 2 };
      |                  ^~~~~~~~~~~~~~
/scratch/dima/rose-infra/RoSE/soc/sw/xpu-rt/zephyr-chipyard-sw/modelblaster/examples/xpurt_demo_armB/int8/generated/3net_hetero_greedy_periodic.c:209:18: warning: 'sched_69_fanout' defined but not used [-Wunused-const-variable=]
  209 | static const int sched_69_fanout[] = { 70, 71, 72 };
      |                  ^~~~~~~~~~~~~~~
/scratch/dima/rose-infra/RoSE/soc/sw/xpu-rt/zephyr-chipyard-sw/modelblaster/examples/xpurt_demo_armB/int8/generated/3net_hetero_greedy_periodic.c:208:18: warning: 'sched_69_deps' defined but not used [-Wunused-const-variable=]
  208 | static const int sched_69_deps[] = { 68 };
      |                  ^~~~~~~~~~~~~
/scratch/dima/rose-infra/RoSE/soc/sw/xpu-rt/zephyr-chipyard-sw/modelblaster/examples/xpurt_demo_armB/int8/generated/3net_hetero_greedy_periodic.c:207:18: warning: 'sched_69_harts' defined but not used [-Wunused-const-variable=]
  207 | static const int sched_69_harts[] = { 0 };
      |                  ^~~~~~~~~~~~~~
/scratch/dima/rose-infra/RoSE/soc/sw/xpu-rt/zephyr-chipyard-sw/modelblaster/examples/xpurt_demo_armB/int8/generated/3net_hetero_greedy_periodic.c:206:18: warning: 'sched_68_fanout' defined but not used [-Wunused-const-variable=]
  206 | static const int sched_68_fanout[] = { 69, 70 };
      |                  ^~~~~~~~~~~~~~~
/scratch/dima/rose-infra/RoSE/soc/sw/xpu-rt/zephyr-chipyard-sw/modelblaster/examples/xpurt_demo_armB/int8/generated/3net_hetero_greedy_periodic.c:205:18: warning: 'sched_68_deps' defined but not used [-Wunused-const-variable=]
  205 | static const int sched_68_deps[] = { 67 };
      |                  ^~~~~~~~~~~~~
/scratch/dima/rose-infra/RoSE/soc/sw/xpu-rt/zephyr-chipyard-sw/modelblaster/examples/xpurt_demo_armB/int8/generated/3net_hetero_greedy_periodic.c:204:18: warning: 'sched_68_harts' defined but not used [-Wunused-const-variable=]
  204 | static const int sched_68_harts[] = { 2 };
      |                  ^~~~~~~~~~~~~~
/scratch/dima/rose-infra/RoSE/soc/sw/xpu-rt/zephyr-chipyard-sw/modelblaster/examples/xpurt_demo_armB/int8/generated/3net_hetero_greedy_periodic.c:203:18: warning: 'sched_67_fanout' defined but not used [-Wunused-const-variable=]
  203 | static const int sched_67_fanout[] = { 68, 69 };
      |                  ^~~~~~~~~~~~~~~
/scratch/dima/rose-infra/RoSE/soc/sw/xpu-rt/zephyr-chipyard-sw/modelblaster/examples/xpurt_demo_armB/int8/generated/3net_hetero_greedy_periodic.c:202:18: warning: 'sched_67_deps' defined but not used [-Wunused-const-variable=]
  202 | static const int sched_67_deps[] = { 65 };
      |                  ^~~~~~~~~~~~~
/scratch/dima/rose-infra/RoSE/soc/sw/xpu-rt/zephyr-chipyard-sw/modelblaster/examples/xpurt_demo_armB/int8/generated/3net_hetero_greedy_periodic.c:201:18: warning: 'sched_67_harts' defined but not used [-Wunused-const-variable=]
  201 | static const int sched_67_harts[] = { 0 };
      |                  ^~~~~~~~~~~~~~
/scratch/dima/rose-infra/RoSE/soc/sw/xpu-rt/zephyr-chipyard-sw/modelblaster/examples/xpurt_demo_armB/int8/generated/3net_hetero_greedy_periodic.c:200:18: warning: 'sched_66_fanout' defined but not used [-Wunused-const-variable=]
  200 | static const int sched_66_fanout[] = { 67, 102 };
      |                  ^~~~~~~~~~~~~~~
/scratch/dima/rose-infra/RoSE/soc/sw/xpu-rt/zephyr-chipyard-sw/modelblaster/examples/xpurt_demo_armB/int8/generated/3net_hetero_greedy_periodic.c:199:18: warning: 'sched_66_deps' defined but not used [-Wunused-const-variable=]
  199 | static const int sched_66_deps[] = { 64 };
      |                  ^~~~~~~~~~~~~
/scratch/dima/rose-infra/RoSE/soc/sw/xpu-rt/zephyr-chipyard-sw/modelblaster/examples/xpurt_demo_armB/int8/generated/3net_hetero_greedy_periodic.c:198:18: warning: 'sched_66_harts' defined but not used [-Wunused-const-variable=]
  198 | static const int sched_66_harts[] = { 0 };
      |                  ^~~~~~~~~~~~~~
/scratch/dima/rose-infra/RoSE/soc/sw/xpu-rt/zephyr-chipyard-sw/modelblaster/examples/xpurt_demo_armB/int8/generated/3net_hetero_greedy_periodic.c:197:18: warning: 'sched_65_fanout' defined but not used [-Wunused-const-variable=]
  197 | static const int sched_65_fanout[] = { 67, 68, 89 };
      |                  ^~~~~~~~~~~~~~~
/scratch/dima/rose-infra/RoSE/soc/sw/xpu-rt/zephyr-chipyard-sw/modelblaster/examples/xpurt_demo_armB/int8/generated/3net_hetero_greedy_periodic.c:196:18: warning: 'sched_65_deps' defined but not used [-Wunused-const-variable=]
  196 | static const int sched_65_deps[] = { 63 };
      |                  ^~~~~~~~~~~~~
/scratch/dima/rose-infra/RoSE/soc/sw/xpu-rt/zephyr-chipyard-sw/modelblaster/examples/xpurt_demo_armB/int8/generated/3net_hetero_greedy_periodic.c:195:18: warning: 'sched_65_harts' defined but not used [-Wunused-const-variable=]
  195 | static const int sched_65_harts[] = { 2 };
      |                  ^~~~~~~~~~~~~~
/scratch/dima/rose-infra/RoSE/soc/sw/xpu-rt/zephyr-chipyard-sw/modelblaster/examples/xpurt_demo_armB/int8/generated/3net_hetero_greedy_periodic.c:194:18: warning: 'sched_64_fanout' defined but not used [-Wunused-const-variable=]
  194 | static const int sched_64_fanout[] = { 66 };
      |                  ^~~~~~~~~~~~~~~
/scratch/dima/rose-infra/RoSE/soc/sw/xpu-rt/zephyr-chipyard-sw/modelblaster/examples/xpurt_demo_armB/int8/generated/3net_hetero_greedy_periodic.c:193:18: warning: 'sched_64_harts' defined but not used [-Wunused-const-variable=]
  193 | static const int sched_64_harts[] = { 0 };
      |                  ^~~~~~~~~~~~~~
/scratch/dima/rose-infra/RoSE/soc/sw/xpu-rt/zephyr-chipyard-sw/modelblaster/examples/xpurt_demo_armB/int8/generated/3net_hetero_greedy_periodic.c:192:18: warning: 'sched_63_fanout' defined but not used [-Wunused-const-variable=]
  192 | static const int sched_63_fanout[] = { 65, 66 };
      |                  ^~~~~~~~~~~~~~~
/scratch/dima/rose-infra/RoSE/soc/sw/xpu-rt/zephyr-chipyard-sw/modelblaster/examples/xpurt_demo_armB/int8/generated/3net_hetero_greedy_periodic.c:191:18: warning: 'sched_63_deps' defined but not used [-Wunused-const-variable=]
  191 | static const int sched_63_deps[] = { 62 };
      |                  ^~~~~~~~~~~~~
/scratch/dima/rose-infra/RoSE/soc/sw/xpu-rt/zephyr-chipyard-sw/modelblaster/examples/xpurt_demo_armB/int8/generated/3net_hetero_greedy_periodic.c:190:18: warning: 'sched_63_harts' defined but not used [-Wunused-const-variable=]
  190 | static const int sched_63_harts[] = { 0 };
      |                  ^~~~~~~~~~~~~~
/scratch/dima/rose-infra/RoSE/soc/sw/xpu-rt/zephyr-chipyard-sw/modelblaster/examples/xpurt_demo_armB/int8/generated/3net_hetero_greedy_periodic.c:189:18: warning: 'sched_62_fanout' defined but not used [-Wunused-const-variable=]
  189 | static const int sched_62_fanout[] = { 63, 65 };
      |                  ^~~~~~~~~~~~~~~
/scratch/dima/rose-infra/RoSE/soc/sw/xpu-rt/zephyr-chipyard-sw/modelblaster/examples/xpurt_demo_armB/int8/generated/3net_hetero_greedy_periodic.c:188:18: warning: 'sched_62_deps' defined but not used [-Wunused-const-variable=]
  188 | static const int sched_62_deps[] = { 51, 56, 61 };
      |                  ^~~~~~~~~~~~~
/scratch/dima/rose-infra/RoSE/soc/sw/xpu-rt/zephyr-chipyard-sw/modelblaster/examples/xpurt_demo_armB/int8/generated/3net_hetero_greedy_periodic.c:187:18: warning: 'sched_62_harts' defined but not used [-Wunused-const-variable=]
  187 | static const int sched_62_harts[] = { 2 };
      |                  ^~~~~~~~~~~~~~
/scratch/dima/rose-infra/RoSE/soc/sw/xpu-rt/zephyr-chipyard-sw/modelblaster/examples/xpurt_demo_armB/int8/generated/3net_hetero_greedy_periodic.c:186:18: warning: 'sched_61_fanout' defined but not used [-Wunused-const-variable=]
  186 | static const int sched_61_fanout[] = { 62 };
      |                  ^~~~~~~~~~~~~~~
/scratch/dima/rose-infra/RoSE/soc/sw/xpu-rt/zephyr-chipyard-sw/modelblaster/examples/xpurt_demo_armB/int8/generated/3net_hetero_greedy_periodic.c:185:18: warning: 'sched_61_deps' defined but not used [-Wunused-const-variable=]
  185 | static const int sched_61_deps[] = { 56, 60 };
      |                  ^~~~~~~~~~~~~
/scratch/dima/rose-infra/RoSE/soc/sw/xpu-rt/zephyr-chipyard-sw/modelblaster/examples/xpurt_demo_armB/int8/generated/3net_hetero_greedy_periodic.c:184:18: warning: 'sched_61_harts' defined but not used [-Wunused-const-variable=]
  184 | static const int sched_61_harts[] = { 2 };
      |                  ^~~~~~~~~~~~~~
/scratch/dima/rose-infra/RoSE/soc/sw/xpu-rt/zephyr-chipyard-sw/modelblaster/examples/xpurt_demo_armB/int8/generated/3net_hetero_greedy_periodic.c:183:18: warning: 'sched_60_fanout' defined but not used [-Wunused-const-variable=]
  183 | static const int sched_60_fanout[] = { 61, 62 };
      |                  ^~~~~~~~~~~~~~~
/scratch/dima/rose-infra/RoSE/soc/sw/xpu-rt/zephyr-chipyard-sw/modelblaster/examples/xpurt_demo_armB/int8/generated/3net_hetero_greedy_periodic.c:182:18: warning: 'sched_60_deps' defined but not used [-Wunused-const-variable=]
  182 | static const int sched_60_deps[] = { 59 };
      |                  ^~~~~~~~~~~~~
/scratch/dima/rose-infra/RoSE/soc/sw/xpu-rt/zephyr-chipyard-sw/modelblaster/examples/xpurt_demo_armB/int8/generated/3net_hetero_greedy_periodic.c:181:18: warning: 'sched_60_harts' defined but not used [-Wunused-const-variable=]
  181 | static const int sched_60_harts[] = { 2 };
      |                  ^~~~~~~~~~~~~~
/scratch/dima/rose-infra/RoSE/soc/sw/xpu-rt/zephyr-chipyard-sw/modelblaster/examples/xpurt_demo_armB/int8/generated/3net_hetero_greedy_periodic.c:180:18: warning: 'sched_59_fanout' defined but not used [-Wunused-const-variable=]
  180 | static const int sched_59_fanout[] = { 60, 63, 64 };
      |                  ^~~~~~~~~~~~~~~
/scratch/dima/rose-infra/RoSE/soc/sw/xpu-rt/zephyr-chipyard-sw/modelblaster/examples/xpurt_demo_armB/int8/generated/3net_hetero_greedy_periodic.c:179:18: warning: 'sched_59_deps' defined but not used [-Wunused-const-variable=]
  179 | static const int sched_59_deps[] = { 58 };
      |                  ^~~~~~~~~~~~~
/scratch/dima/rose-infra/RoSE/soc/sw/xpu-rt/zephyr-chipyard-sw/modelblaster/examples/xpurt_demo_armB/int8/generated/3net_hetero_greedy_periodic.c:178:18: warning: 'sched_59_harts' defined but not used [-Wunused-const-variable=]
  178 | static const int sched_59_harts[] = { 0 };
      |                  ^~~~~~~~~~~~~~
/scratch/dima/rose-infra/RoSE/soc/sw/xpu-rt/zephyr-chipyard-sw/modelblaster/examples/xpurt_demo_armB/int8/generated/3net_hetero_greedy_periodic.c:177:18: warning: 'sched_58_fanout' defined but not used [-Wunused-const-variable=]
  177 | static const int sched_58_fanout[] = { 59, 60, 61 };
      |                  ^~~~~~~~~~~~~~~
/scratch/dima/rose-infra/RoSE/soc/sw/xpu-rt/zephyr-chipyard-sw/modelblaster/examples/xpurt_demo_armB/int8/generated/3net_hetero_greedy_periodic.c:176:18: warning: 'sched_58_deps' defined but not used [-Wunused-const-variable=]
  176 | static const int sched_58_deps[] = { 57 };
      |                  ^~~~~~~~~~~~~
/scratch/dima/rose-infra/RoSE/soc/sw/xpu-rt/zephyr-chipyard-sw/modelblaster/examples/xpurt_demo_armB/int8/generated/3net_hetero_greedy_periodic.c:175:18: warning: 'sched_58_harts' defined but not used [-Wunused-const-variable=]
  175 | static const int sched_58_harts[] = { 2 };
      |                  ^~~~~~~~~~~~~~
/scratch/dima/rose-infra/RoSE/soc/sw/xpu-rt/zephyr-chipyard-sw/modelblaster/examples/xpurt_demo_armB/int8/generated/3net_hetero_greedy_periodic.c:174:18: warning: 'sched_57_fanout' defined but not used [-Wunused-const-variable=]
  174 | static const int sched_57_fanout[] = { 58, 59 };
      |                  ^~~~~~~~~~~~~~~
/scratch/dima/rose-infra/RoSE/soc/sw/xpu-rt/zephyr-chipyard-sw/modelblaster/examples/xpurt_demo_armB/int8/generated/3net_hetero_greedy_periodic.c:173:18: warning: 'sched_57_deps' defined but not used [-Wunused-const-variable=]
  173 | static const int sched_57_deps[] = { 56 };
      |                  ^~~~~~~~~~~~~
/scratch/dima/rose-infra/RoSE/soc/sw/xpu-rt/zephyr-chipyard-sw/modelblaster/examples/xpurt_demo_armB/int8/generated/3net_hetero_greedy_periodic.c:172:18: warning: 'sched_57_harts' defined but not used [-Wunused-const-variable=]
  172 | static const int sched_57_harts[] = { 0 };
      |                  ^~~~~~~~~~~~~~
/scratch/dima/rose-infra/RoSE/soc/sw/xpu-rt/zephyr-chipyard-sw/modelblaster/examples/xpurt_demo_armB/int8/generated/3net_hetero_greedy_periodic.c:171:18: warning: 'sched_56_fanout' defined but not used [-Wunused-const-variable=]
  171 | static const int sched_56_fanout[] = { 57, 58, 61, 62 };
      |                  ^~~~~~~~~~~~~~~
/scratch/dima/rose-infra/RoSE/soc/sw/xpu-rt/zephyr-chipyard-sw/modelblaster/examples/xpurt_demo_armB/int8/generated/3net_hetero_greedy_periodic.c:170:18: warning: 'sched_56_deps' defined but not used [-Wunused-const-variable=]
  170 | static const int sched_56_deps[] = { 51, 55 };
      |                  ^~~~~~~~~~~~~
/scratch/dima/rose-infra/RoSE/soc/sw/xpu-rt/zephyr-chipyard-sw/modelblaster/examples/xpurt_demo_armB/int8/generated/3net_hetero_greedy_periodic.c:169:18: warning: 'sched_56_harts' defined but not used [-Wunused-const-variable=]
  169 | static const int sched_56_harts[] = { 2 };
      |                  ^~~~~~~~~~~~~~
/scratch/dima/rose-infra/RoSE/soc/sw/xpu-rt/zephyr-chipyard-sw/modelblaster/examples/xpurt_demo_armB/int8/generated/3net_hetero_greedy_periodic.c:168:18: warning: 'sched_55_fanout' defined but not used [-Wunused-const-variable=]
  168 | static const int sched_55_fanout[] = { 56 };
      |                  ^~~~~~~~~~~~~~~
/scratch/dima/rose-infra/RoSE/soc/sw/xpu-rt/zephyr-chipyard-sw/modelblaster/examples/xpurt_demo_armB/int8/generated/3net_hetero_greedy_periodic.c:167:18: warning: 'sched_55_deps' defined but not used [-Wunused-const-variable=]
  167 | static const int sched_55_deps[] = { 54 };
      |                  ^~~~~~~~~~~~~
/scratch/dima/rose-infra/RoSE/soc/sw/xpu-rt/zephyr-chipyard-sw/modelblaster/examples/xpurt_demo_armB/int8/generated/3net_hetero_greedy_periodic.c:166:18: warning: 'sched_55_harts' defined but not used [-Wunused-const-variable=]
  166 | static const int sched_55_harts[] = { 2 };
      |                  ^~~~~~~~~~~~~~
/scratch/dima/rose-infra/RoSE/soc/sw/xpu-rt/zephyr-chipyard-sw/modelblaster/examples/xpurt_demo_armB/int8/generated/3net_hetero_greedy_periodic.c:165:18: warning: 'sched_54_fanout' defined but not used [-Wunused-const-variable=]
  165 | static const int sched_54_fanout[] = { 55, 57 };
      |                  ^~~~~~~~~~~~~~~
/scratch/dima/rose-infra/RoSE/soc/sw/xpu-rt/zephyr-chipyard-sw/modelblaster/examples/xpurt_demo_armB/int8/generated/3net_hetero_greedy_periodic.c:164:18: warning: 'sched_54_deps' defined but not used [-Wunused-const-variable=]
  164 | static const int sched_54_deps[] = { 53 };
      |                  ^~~~~~~~~~~~~
/scratch/dima/rose-infra/RoSE/soc/sw/xpu-rt/zephyr-chipyard-sw/modelblaster/examples/xpurt_demo_armB/int8/generated/3net_hetero_greedy_periodic.c:163:18: warning: 'sched_54_harts' defined but not used [-Wunused-const-variable=]
  163 | static const int sched_54_harts[] = { 0 };
      |                  ^~~~~~~~~~~~~~
/scratch/dima/rose-infra/RoSE/soc/sw/xpu-rt/zephyr-chipyard-sw/modelblaster/examples/xpurt_demo_armB/int8/generated/3net_hetero_greedy_periodic.c:162:18: warning: 'sched_53_fanout' defined but not used [-Wunused-const-variable=]
  162 | static const int sched_53_fanout[] = { 54, 55, 56 };
      |                  ^~~~~~~~~~~~~~~
/scratch/dima/rose-infra/RoSE/soc/sw/xpu-rt/zephyr-chipyard-sw/modelblaster/examples/xpurt_demo_armB/int8/generated/3net_hetero_greedy_periodic.c:161:18: warning: 'sched_53_deps' defined but not used [-Wunused-const-variable=]
  161 | static const int sched_53_deps[] = { 52 };
      |                  ^~~~~~~~~~~~~
/scratch/dima/rose-infra/RoSE/soc/sw/xpu-rt/zephyr-chipyard-sw/modelblaster/examples/xpurt_demo_armB/int8/generated/3net_hetero_greedy_periodic.c:160:18: warning: 'sched_53_harts' defined but not used [-Wunused-const-variable=]
  160 | static const int sched_53_harts[] = { 2 };
      |                  ^~~~~~~~~~~~~~
/scratch/dima/rose-infra/RoSE/soc/sw/xpu-rt/zephyr-chipyard-sw/modelblaster/examples/xpurt_demo_armB/int8/generated/3net_hetero_greedy_periodic.c:159:18: warning: 'sched_52_fanout' defined but not used [-Wunused-const-variable=]
  159 | static const int sched_52_fanout[] = { 53, 54 };
      |                  ^~~~~~~~~~~~~~~
/scratch/dima/rose-infra/RoSE/soc/sw/xpu-rt/zephyr-chipyard-sw/modelblaster/examples/xpurt_demo_armB/int8/generated/3net_hetero_greedy_periodic.c:158:18: warning: 'sched_52_deps' defined but not used [-Wunused-const-variable=]
  158 | static const int sched_52_deps[] = { 51 };
      |                  ^~~~~~~~~~~~~
/scratch/dima/rose-infra/RoSE/soc/sw/xpu-rt/zephyr-chipyard-sw/modelblaster/examples/xpurt_demo_armB/int8/generated/3net_hetero_greedy_periodic.c:157:18: warning: 'sched_52_harts' defined but not used [-Wunused-const-variable=]
  157 | static const int sched_52_harts[] = { 0 };
      |                  ^~~~~~~~~~~~~~
/scratch/dima/rose-infra/RoSE/soc/sw/xpu-rt/zephyr-chipyard-sw/modelblaster/examples/xpurt_demo_armB/int8/generated/3net_hetero_greedy_periodic.c:156:18: warning: 'sched_51_fanout' defined but not used [-Wunused-const-variable=]
  156 | static const int sched_51_fanout[] = { 52, 56, 62 };
      |                  ^~~~~~~~~~~~~~~
/scratch/dima/rose-infra/RoSE/soc/sw/xpu-rt/zephyr-chipyard-sw/modelblaster/examples/xpurt_demo_armB/int8/generated/3net_hetero_greedy_periodic.c:155:18: warning: 'sched_51_deps' defined but not used [-Wunused-const-variable=]
  155 | static const int sched_51_deps[] = { 50 };
      |                  ^~~~~~~~~~~~~
/scratch/dima/rose-infra/RoSE/soc/sw/xpu-rt/zephyr-chipyard-sw/modelblaster/examples/xpurt_demo_armB/int8/generated/3net_hetero_greedy_periodic.c:154:18: warning: 'sched_51_harts' defined but not used [-Wunused-const-variable=]
  154 | static const int sched_51_harts[] = { 0 };
      |                  ^~~~~~~~~~~~~~
/scratch/dima/rose-infra/RoSE/soc/sw/xpu-rt/zephyr-chipyard-sw/modelblaster/examples/xpurt_demo_armB/int8/generated/3net_hetero_greedy_periodic.c:153:18: warning: 'sched_50_fanout' defined but not used [-Wunused-const-variable=]
  153 | static const int sched_50_fanout[] = { 51, 53 };
      |                  ^~~~~~~~~~~~~~~
/scratch/dima/rose-infra/RoSE/soc/sw/xpu-rt/zephyr-chipyard-sw/modelblaster/examples/xpurt_demo_armB/int8/generated/3net_hetero_greedy_periodic.c:152:18: warning: 'sched_50_deps' defined but not used [-Wunused-const-variable=]
  152 | static const int sched_50_deps[] = { 49 };
      |                  ^~~~~~~~~~~~~
/scratch/dima/rose-infra/RoSE/soc/sw/xpu-rt/zephyr-chipyard-sw/modelblaster/examples/xpurt_demo_armB/int8/generated/3net_hetero_greedy_periodic.c:151:18: warning: 'sched_50_harts' defined but not used [-Wunused-const-variable=]
  151 | static const int sched_50_harts[] = { 2 };
      |                  ^~~~~~~~~~~~~~
/scratch/dima/rose-infra/RoSE/soc/sw/xpu-rt/zephyr-chipyard-sw/modelblaster/examples/xpurt_demo_armB/int8/generated/3net_hetero_greedy_periodic.c:150:18: warning: 'sched_49_fanout' defined but not used [-Wunused-const-variable=]
  150 | static const int sched_49_fanout[] = { 50, 51, 52 };
      |                  ^~~~~~~~~~~~~~~
/scratch/dima/rose-infra/RoSE/soc/sw/xpu-rt/zephyr-chipyard-sw/modelblaster/examples/xpurt_demo_armB/int8/generated/3net_hetero_greedy_periodic.c:149:18: warning: 'sched_49_deps' defined but not used [-Wunused-const-variable=]
  149 | static const int sched_49_deps[] = { 48 };
      |                  ^~~~~~~~~~~~~
/scratch/dima/rose-infra/RoSE/soc/sw/xpu-rt/zephyr-chipyard-sw/modelblaster/examples/xpurt_demo_armB/int8/generated/3net_hetero_greedy_periodic.c:148:18: warning: 'sched_49_harts' defined but not used [-Wunused-const-variable=]
  148 | static const int sched_49_harts[] = { 0 };
      |                  ^~~~~~~~~~~~~~
/scratch/dima/rose-infra/RoSE/soc/sw/xpu-rt/zephyr-chipyard-sw/modelblaster/examples/xpurt_demo_armB/int8/generated/3net_hetero_greedy_periodic.c:147:18: warning: 'sched_48_fanout' defined but not used [-Wunused-const-variable=]
  147 | static const int sched_48_fanout[] = { 49, 50 };
      |                  ^~~~~~~~~~~~~~~
/scratch/dima/rose-infra/RoSE/soc/sw/xpu-rt/zephyr-chipyard-sw/modelblaster/examples/xpurt_demo_armB/int8/generated/3net_hetero_greedy_periodic.c:146:18: warning: 'sched_48_deps' defined but not used [-Wunused-const-variable=]
  146 | static const int sched_48_deps[] = { 47 };
      |                  ^~~~~~~~~~~~~
/scratch/dima/rose-infra/RoSE/soc/sw/xpu-rt/zephyr-chipyard-sw/modelblaster/examples/xpurt_demo_armB/int8/generated/3net_hetero_greedy_periodic.c:145:18: warning: 'sched_48_harts' defined but not used [-Wunused-const-variable=]
  145 | static const int sched_48_harts[] = { 2 };
      |                  ^~~~~~~~~~~~~~
/scratch/dima/rose-infra/RoSE/soc/sw/xpu-rt/zephyr-chipyard-sw/modelblaster/examples/xpurt_demo_armB/int8/generated/3net_hetero_greedy_periodic.c:144:18: warning: 'sched_47_fanout' defined but not used [-Wunused-const-variable=]
  144 | static const int sched_47_fanout[] = { 48, 49 };
      |                  ^~~~~~~~~~~~~~~
/scratch/dima/rose-infra/RoSE/soc/sw/xpu-rt/zephyr-chipyard-sw/modelblaster/examples/xpurt_demo_armB/int8/generated/3net_hetero_greedy_periodic.c:143:18: warning: 'sched_47_deps' defined but not used [-Wunused-const-variable=]
  143 | static const int sched_47_deps[] = { 46 };
      |                  ^~~~~~~~~~~~~
/scratch/dima/rose-infra/RoSE/soc/sw/xpu-rt/zephyr-chipyard-sw/modelblaster/examples/xpurt_demo_armB/int8/generated/3net_hetero_greedy_periodic.c:142:18: warning: 'sched_47_harts' defined but not used [-Wunused-const-variable=]
  142 | static const int sched_47_harts[] = { 0 };
      |                  ^~~~~~~~~~~~~~
/scratch/dima/rose-infra/RoSE/soc/sw/xpu-rt/zephyr-chipyard-sw/modelblaster/examples/xpurt_demo_armB/int8/generated/3net_hetero_greedy_periodic.c:141:18: warning: 'sched_46_fanout' defined but not used [-Wunused-const-variable=]
  141 | static const int sched_46_fanout[] = { 47, 48, 104 };
      |                  ^~~~~~~~~~~~~~~
/scratch/dima/rose-infra/RoSE/soc/sw/xpu-rt/zephyr-chipyard-sw/modelblaster/examples/xpurt_demo_armB/int8/generated/3net_hetero_greedy_periodic.c:140:18: warning: 'sched_46_deps' defined but not used [-Wunused-const-variable=]
  140 | static const int sched_46_deps[] = { 45 };
      |                  ^~~~~~~~~~~~~
/scratch/dima/rose-infra/RoSE/soc/sw/xpu-rt/zephyr-chipyard-sw/modelblaster/examples/xpurt_demo_armB/int8/generated/3net_hetero_greedy_periodic.c:139:18: warning: 'sched_46_harts' defined but not used [-Wunused-const-variable=]
  139 | static const int sched_46_harts[] = { 2 };
      |                  ^~~~~~~~~~~~~~
/scratch/dima/rose-infra/RoSE/soc/sw/xpu-rt/zephyr-chipyard-sw/modelblaster/examples/xpurt_demo_armB/int8/generated/3net_hetero_greedy_periodic.c:138:18: warning: 'sched_45_fanout' defined but not used [-Wunused-const-variable=]
  138 | static const int sched_45_fanout[] = { 46, 47 };
      |                  ^~~~~~~~~~~~~~~
/scratch/dima/rose-infra/RoSE/soc/sw/xpu-rt/zephyr-chipyard-sw/modelblaster/examples/xpurt_demo_armB/int8/generated/3net_hetero_greedy_periodic.c:137:18: warning: 'sched_45_deps' defined but not used [-Wunused-const-variable=]
  137 | static const int sched_45_deps[] = { 44 };
      |                  ^~~~~~~~~~~~~
/scratch/dima/rose-infra/RoSE/soc/sw/xpu-rt/zephyr-chipyard-sw/modelblaster/examples/xpurt_demo_armB/int8/generated/3net_hetero_greedy_periodic.c:136:18: warning: 'sched_45_harts' defined but not used [-Wunused-const-variable=]
  136 | static const int sched_45_harts[] = { 0 };
      |                  ^~~~~~~~~~~~~~
/scratch/dima/rose-infra/RoSE/soc/sw/xpu-rt/zephyr-chipyard-sw/modelblaster/examples/xpurt_demo_armB/int8/generated/3net_hetero_greedy_periodic.c:135:18: warning: 'sched_44_fanout' defined but not used [-Wunused-const-variable=]
  135 | static const int sched_44_fanout[] = { 45, 46 };
      |                  ^~~~~~~~~~~~~~~
/scratch/dima/rose-infra/RoSE/soc/sw/xpu-rt/zephyr-chipyard-sw/modelblaster/examples/xpurt_demo_armB/int8/generated/3net_hetero_greedy_periodic.c:134:18: warning: 'sched_44_deps' defined but not used [-Wunused-const-variable=]
  134 | static const int sched_44_deps[] = { 21, 38, 43 };
      |                  ^~~~~~~~~~~~~
/scratch/dima/rose-infra/RoSE/soc/sw/xpu-rt/zephyr-chipyard-sw/modelblaster/examples/xpurt_demo_armB/int8/generated/3net_hetero_greedy_periodic.c:133:18: warning: 'sched_44_harts' defined but not used [-Wunused-const-variable=]
  133 | static const int sched_44_harts[] = { 2 };
      |                  ^~~~~~~~~~~~~~
/scratch/dima/rose-infra/RoSE/soc/sw/xpu-rt/zephyr-chipyard-sw/modelblaster/examples/xpurt_demo_armB/int8/generated/3net_hetero_greedy_periodic.c:132:18: warning: 'sched_43_fanout' defined but not used [-Wunused-const-variable=]
  132 | static const int sched_43_fanout[] = { 44 };
      |                  ^~~~~~~~~~~~~~~
/scratch/dima/rose-infra/RoSE/soc/sw/xpu-rt/zephyr-chipyard-sw/modelblaster/examples/xpurt_demo_armB/int8/generated/3net_hetero_greedy_periodic.c:131:18: warning: 'sched_43_deps' defined but not used [-Wunused-const-variable=]
  131 | static const int sched_43_deps[] = { 38, 42 };
      |                  ^~~~~~~~~~~~~
/scratch/dima/rose-infra/RoSE/soc/sw/xpu-rt/zephyr-chipyard-sw/modelblaster/examples/xpurt_demo_armB/int8/generated/3net_hetero_greedy_periodic.c:130:18: warning: 'sched_43_harts' defined but not used [-Wunused-const-variable=]
  130 | static const int sched_43_harts[] = { 2 };
      |                  ^~~~~~~~~~~~~~
/scratch/dima/rose-infra/RoSE/soc/sw/xpu-rt/zephyr-chipyard-sw/modelblaster/examples/xpurt_demo_armB/int8/generated/3net_hetero_greedy_periodic.c:129:18: warning: 'sched_42_fanout' defined but not used [-Wunused-const-variable=]
  129 | static const int sched_42_fanout[] = { 43, 44 };
      |                  ^~~~~~~~~~~~~~~
/scratch/dima/rose-infra/RoSE/soc/sw/xpu-rt/zephyr-chipyard-sw/modelblaster/examples/xpurt_demo_armB/int8/generated/3net_hetero_greedy_periodic.c:128:18: warning: 'sched_42_deps' defined but not used [-Wunused-const-variable=]
  128 | static const int sched_42_deps[] = { 41 };
      |                  ^~~~~~~~~~~~~
/scratch/dima/rose-infra/RoSE/soc/sw/xpu-rt/zephyr-chipyard-sw/modelblaster/examples/xpurt_demo_armB/int8/generated/3net_hetero_greedy_periodic.c:127:18: warning: 'sched_42_harts' defined but not used [-Wunused-const-variable=]
  127 | static const int sched_42_harts[] = { 2 };
      |                  ^~~~~~~~~~~~~~
/scratch/dima/rose-infra/RoSE/soc/sw/xpu-rt/zephyr-chipyard-sw/modelblaster/examples/xpurt_demo_armB/int8/generated/3net_hetero_greedy_periodic.c:126:18: warning: 'sched_41_fanout' defined but not used [-Wunused-const-variable=]
  126 | static const int sched_41_fanout[] = { 42, 45 };
      |                  ^~~~~~~~~~~~~~~
/scratch/dima/rose-infra/RoSE/soc/sw/xpu-rt/zephyr-chipyard-sw/modelblaster/examples/xpurt_demo_armB/int8/generated/3net_hetero_greedy_periodic.c:125:18: warning: 'sched_41_deps' defined but not used [-Wunused-const-variable=]
  125 | static const int sched_41_deps[] = { 40 };
      |                  ^~~~~~~~~~~~~
/scratch/dima/rose-infra/RoSE/soc/sw/xpu-rt/zephyr-chipyard-sw/modelblaster/examples/xpurt_demo_armB/int8/generated/3net_hetero_greedy_periodic.c:124:18: warning: 'sched_41_harts' defined but not used [-Wunused-const-variable=]
  124 | static const int sched_41_harts[] = { 0 };
      |                  ^~~~~~~~~~~~~~
/scratch/dima/rose-infra/RoSE/soc/sw/xpu-rt/zephyr-chipyard-sw/modelblaster/examples/xpurt_demo_armB/int8/generated/3net_hetero_greedy_periodic.c:123:18: warning: 'sched_40_fanout' defined but not used [-Wunused-const-variable=]
  123 | static const int sched_40_fanout[] = { 41, 42, 43 };
      |                  ^~~~~~~~~~~~~~~
/scratch/dima/rose-infra/RoSE/soc/sw/xpu-rt/zephyr-chipyard-sw/modelblaster/examples/xpurt_demo_armB/int8/generated/3net_hetero_greedy_periodic.c:122:18: warning: 'sched_40_deps' defined but not used [-Wunused-const-variable=]
  122 | static const int sched_40_deps[] = { 39 };
      |                  ^~~~~~~~~~~~~
/scratch/dima/rose-infra/RoSE/soc/sw/xpu-rt/zephyr-chipyard-sw/modelblaster/examples/xpurt_demo_armB/int8/generated/3net_hetero_greedy_periodic.c:121:18: warning: 'sched_40_harts' defined but not used [-Wunused-const-variable=]
  121 | static const int sched_40_harts[] = { 2 };
      |                  ^~~~~~~~~~~~~~
/scratch/dima/rose-infra/RoSE/soc/sw/xpu-rt/zephyr-chipyard-sw/modelblaster/examples/xpurt_demo_armB/int8/generated/3net_hetero_greedy_periodic.c:120:18: warning: 'sched_39_fanout' defined but not used [-Wunused-const-variable=]
  120 | static const int sched_39_fanout[] = { 40, 41 };
      |                  ^~~~~~~~~~~~~~~
/scratch/dima/rose-infra/RoSE/soc/sw/xpu-rt/zephyr-chipyard-sw/modelblaster/examples/xpurt_demo_armB/int8/generated/3net_hetero_greedy_periodic.c:119:18: warning: 'sched_39_deps' defined but not used [-Wunused-const-variable=]
  119 | static const int sched_39_deps[] = { 38 };
      |                  ^~~~~~~~~~~~~
/scratch/dima/rose-infra/RoSE/soc/sw/xpu-rt/zephyr-chipyard-sw/modelblaster/examples/xpurt_demo_armB/int8/generated/3net_hetero_greedy_periodic.c:118:18: warning: 'sched_39_harts' defined but not used [-Wunused-const-variable=]
  118 | static const int sched_39_harts[] = { 0 };
      |                  ^~~~~~~~~~~~~~
/scratch/dima/rose-infra/RoSE/soc/sw/xpu-rt/zephyr-chipyard-sw/modelblaster/examples/xpurt_demo_armB/int8/generated/3net_hetero_greedy_periodic.c:117:18: warning: 'sched_38_fanout' defined but not used [-Wunused-const-variable=]
  117 | static const int sched_38_fanout[] = { 39, 40, 43, 44 };
      |                  ^~~~~~~~~~~~~~~
/scratch/dima/rose-infra/RoSE/soc/sw/xpu-rt/zephyr-chipyard-sw/modelblaster/examples/xpurt_demo_armB/int8/generated/3net_hetero_greedy_periodic.c:116:18: warning: 'sched_38_deps' defined but not used [-Wunused-const-variable=]
  116 | static const int sched_38_deps[] = { 21, 37 };
      |                  ^~~~~~~~~~~~~
/scratch/dima/rose-infra/RoSE/soc/sw/xpu-rt/zephyr-chipyard-sw/modelblaster/examples/xpurt_demo_armB/int8/generated/3net_hetero_greedy_periodic.c:115:18: warning: 'sched_38_harts' defined but not used [-Wunused-const-variable=]
  115 | static const int sched_38_harts[] = { 2 };
      |                  ^~~~~~~~~~~~~~
/scratch/dima/rose-infra/RoSE/soc/sw/xpu-rt/zephyr-chipyard-sw/modelblaster/examples/xpurt_demo_armB/int8/generated/3net_hetero_greedy_periodic.c:114:18: warning: 'sched_37_fanout' defined but not used [-Wunused-const-variable=]
  114 | static const int sched_37_fanout[] = { 38 };
      |                  ^~~~~~~~~~~~~~~
/scratch/dima/rose-infra/RoSE/soc/sw/xpu-rt/zephyr-chipyard-sw/modelblaster/examples/xpurt_demo_armB/int8/generated/3net_hetero_greedy_periodic.c:113:18: warning: 'sched_37_deps' defined but not used [-Wunused-const-variable=]
  113 | static const int sched_37_deps[] = { 36 };
      |                  ^~~~~~~~~~~~~
/scratch/dima/rose-infra/RoSE/soc/sw/xpu-rt/zephyr-chipyard-sw/modelblaster/examples/xpurt_demo_armB/int8/generated/3net_hetero_greedy_periodic.c:112:18: warning: 'sched_37_harts' defined but not used [-Wunused-const-variable=]
  112 | static const int sched_37_harts[] = { 2 };
      |                  ^~~~~~~~~~~~~~
/scratch/dima/rose-infra/RoSE/soc/sw/xpu-rt/zephyr-chipyard-sw/modelblaster/examples/xpurt_demo_armB/int8/generated/3net_hetero_greedy_periodic.c:111:18: warning: 'sched_36_fanout' defined but not used [-Wunused-const-variable=]
  111 | static const int sched_36_fanout[] = { 37, 39 };
      |                  ^~~~~~~~~~~~~~~
/scratch/dima/rose-infra/RoSE/soc/sw/xpu-rt/zephyr-chipyard-sw/modelblaster/examples/xpurt_demo_armB/int8/generated/3net_hetero_greedy_periodic.c:110:18: warning: 'sched_36_deps' defined but not used [-Wunused-const-variable=]
  110 | static const int sched_36_deps[] = { 24 };
      |                  ^~~~~~~~~~~~~
/scratch/dima/rose-infra/RoSE/soc/sw/xpu-rt/zephyr-chipyard-sw/modelblaster/examples/xpurt_demo_armB/int8/generated/3net_hetero_greedy_periodic.c:109:18: warning: 'sched_36_harts' defined but not used [-Wunused-const-variable=]
  109 | static const int sched_36_harts[] = { 0 };
      |                  ^~~~~~~~~~~~~~
/scratch/dima/rose-infra/RoSE/soc/sw/xpu-rt/zephyr-chipyard-sw/modelblaster/examples/xpurt_demo_armB/int8/generated/3net_hetero_greedy_periodic.c:108:18: warning: 'sched_35_deps' defined but not used [-Wunused-const-variable=]
  108 | static const int sched_35_deps[] = { 34 };
      |                  ^~~~~~~~~~~~~
/scratch/dima/rose-infra/RoSE/soc/sw/xpu-rt/zephyr-chipyard-sw/modelblaster/examples/xpurt_demo_armB/int8/generated/3net_hetero_greedy_periodic.c:107:18: warning: 'sched_35_harts' defined but not used [-Wunused-const-variable=]
  107 | static const int sched_35_harts[] = { 0 };
      |                  ^~~~~~~~~~~~~~
/scratch/dima/rose-infra/RoSE/soc/sw/xpu-rt/zephyr-chipyard-sw/modelblaster/examples/xpurt_demo_armB/int8/generated/3net_hetero_greedy_periodic.c:106:18: warning: 'sched_34_fanout' defined but not used [-Wunused-const-variable=]
  106 | static const int sched_34_fanout[] = { 35, 37, 38 };
      |                  ^~~~~~~~~~~~~~~
/scratch/dima/rose-infra/RoSE/soc/sw/xpu-rt/zephyr-chipyard-sw/modelblaster/examples/xpurt_demo_armB/int8/generated/3net_hetero_greedy_periodic.c:105:18: warning: 'sched_34_deps' defined but not used [-Wunused-const-variable=]
  105 | static const int sched_34_deps[] = { 31 };
      |                  ^~~~~~~~~~~~~
/scratch/dima/rose-infra/RoSE/soc/sw/xpu-rt/zephyr-chipyard-sw/modelblaster/examples/xpurt_demo_armB/int8/generated/3net_hetero_greedy_periodic.c:104:18: warning: 'sched_34_harts' defined but not used [-Wunused-const-variable=]
  104 | static const int sched_34_harts[] = { 2 };
      |                  ^~~~~~~~~~~~~~
/scratch/dima/rose-infra/RoSE/soc/sw/xpu-rt/zephyr-chipyard-sw/modelblaster/examples/xpurt_demo_armB/int8/generated/3net_hetero_greedy_periodic.c:103:18: warning: 'sched_33_fanout' defined but not used [-Wunused-const-variable=]
  103 | static const int sched_33_fanout[] = { 35, 36 };
      |                  ^~~~~~~~~~~~~~~
/scratch/dima/rose-infra/RoSE/soc/sw/xpu-rt/zephyr-chipyard-sw/modelblaster/examples/xpurt_demo_armB/int8/generated/3net_hetero_greedy_periodic.c:102:18: warning: 'sched_33_deps' defined but not used [-Wunused-const-variable=]
  102 | static const int sched_33_deps[] = { 32 };
      |                  ^~~~~~~~~~~~~
/scratch/dima/rose-infra/RoSE/soc/sw/xpu-rt/zephyr-chipyard-sw/modelblaster/examples/xpurt_demo_armB/int8/generated/3net_hetero_greedy_periodic.c:101:18: warning: 'sched_33_harts' defined but not used [-Wunused-const-variable=]
  101 | static const int sched_33_harts[] = { 0 };
      |                  ^~~~~~~~~~~~~~
/scratch/dima/rose-infra/RoSE/soc/sw/xpu-rt/zephyr-chipyard-sw/modelblaster/examples/xpurt_demo_armB/int8/generated/3net_hetero_greedy_periodic.c:100:18: warning: 'sched_32_fanout' defined but not used [-Wunused-const-variable=]
  100 | static const int sched_32_fanout[] = { 33 };
      |                  ^~~~~~~~~~~~~~~
/scratch/dima/rose-infra/RoSE/soc/sw/xpu-rt/zephyr-chipyard-sw/modelblaster/examples/xpurt_demo_armB/int8/generated/3net_hetero_greedy_periodic.c:99:18: warning: 'sched_32_deps' defined but not used [-Wunused-const-variable=]
   99 | static const int sched_32_deps[] = { 29 };
      |                  ^~~~~~~~~~~~~
/scratch/dima/rose-infra/RoSE/soc/sw/xpu-rt/zephyr-chipyard-sw/modelblaster/examples/xpurt_demo_armB/int8/generated/3net_hetero_greedy_periodic.c:98:18: warning: 'sched_32_harts' defined but not used [-Wunused-const-variable=]
   98 | static const int sched_32_harts[] = { 2 };
      |                  ^~~~~~~~~~~~~~
/scratch/dima/rose-infra/RoSE/soc/sw/xpu-rt/zephyr-chipyard-sw/modelblaster/examples/xpurt_demo_armB/int8/generated/3net_hetero_greedy_periodic.c:97:18: warning: 'sched_31_fanout' defined but not used [-Wunused-const-variable=]
   97 | static const int sched_31_fanout[] = { 33, 34 };
      |                  ^~~~~~~~~~~~~~~
/scratch/dima/rose-infra/RoSE/soc/sw/xpu-rt/zephyr-chipyard-sw/modelblaster/examples/xpurt_demo_armB/int8/generated/3net_hetero_greedy_periodic.c:96:18: warning: 'sched_31_deps' defined but not used [-Wunused-const-variable=]
   96 | static const int sched_31_deps[] = { 30 };
      |                  ^~~~~~~~~~~~~
/scratch/dima/rose-infra/RoSE/soc/sw/xpu-rt/zephyr-chipyard-sw/modelblaster/examples/xpurt_demo_armB/int8/generated/3net_hetero_greedy_periodic.c:95:18: warning: 'sched_31_harts' defined but not used [-Wunused-const-variable=]
   95 | static const int sched_31_harts[] = { 0 };
      |                  ^~~~~~~~~~~~~~
/scratch/dima/rose-infra/RoSE/soc/sw/xpu-rt/zephyr-chipyard-sw/modelblaster/examples/xpurt_demo_armB/int8/generated/3net_hetero_greedy_periodic.c:94:18: warning: 'sched_30_fanout' defined but not used [-Wunused-const-variable=]
   94 | static const int sched_30_fanout[] = { 31 };
      |                  ^~~~~~~~~~~~~~~
/scratch/dima/rose-infra/RoSE/soc/sw/xpu-rt/zephyr-chipyard-sw/modelblaster/examples/xpurt_demo_armB/int8/generated/3net_hetero_greedy_periodic.c:93:18: warning: 'sched_30_deps' defined but not used [-Wunused-const-variable=]
   93 | static const int sched_30_deps[] = { 27 };
      |                  ^~~~~~~~~~~~~
/scratch/dima/rose-infra/RoSE/soc/sw/xpu-rt/zephyr-chipyard-sw/modelblaster/examples/xpurt_demo_armB/int8/generated/3net_hetero_greedy_periodic.c:92:18: warning: 'sched_30_harts' defined but not used [-Wunused-const-variable=]
   92 | static const int sched_30_harts[] = { 0 };
      |                  ^~~~~~~~~~~~~~
/scratch/dima/rose-infra/RoSE/soc/sw/xpu-rt/zephyr-chipyard-sw/modelblaster/examples/xpurt_demo_armB/int8/generated/3net_hetero_greedy_periodic.c:91:18: warning: 'sched_29_fanout' defined but not used [-Wunused-const-variable=]
   91 | static const int sched_29_fanout[] = { 32, 34 };
      |                  ^~~~~~~~~~~~~~~
/scratch/dima/rose-infra/RoSE/soc/sw/xpu-rt/zephyr-chipyard-sw/modelblaster/examples/xpurt_demo_armB/int8/generated/3net_hetero_greedy_periodic.c:90:18: warning: 'sched_29_deps' defined but not used [-Wunused-const-variable=]
   90 | static const int sched_29_deps[] = { 28 };
      |                  ^~~~~~~~~~~~~
/scratch/dima/rose-infra/RoSE/soc/sw/xpu-rt/zephyr-chipyard-sw/modelblaster/examples/xpurt_demo_armB/int8/generated/3net_hetero_greedy_periodic.c:89:18: warning: 'sched_29_harts' defined but not used [-Wunused-const-variable=]
   89 | static const int sched_29_harts[] = { 2 };
      |                  ^~~~~~~~~~~~~~
/scratch/dima/rose-infra/RoSE/soc/sw/xpu-rt/zephyr-chipyard-sw/modelblaster/examples/xpurt_demo_armB/int8/generated/3net_hetero_greedy_periodic.c:88:18: warning: 'sched_28_fanout' defined but not used [-Wunused-const-variable=]
   88 | static const int sched_28_fanout[] = { 29, 30, 31 };
      |                  ^~~~~~~~~~~~~~~
/scratch/dima/rose-infra/RoSE/soc/sw/xpu-rt/zephyr-chipyard-sw/modelblaster/examples/xpurt_demo_armB/int8/generated/3net_hetero_greedy_periodic.c:87:18: warning: 'sched_28_deps' defined but not used [-Wunused-const-variable=]
   87 | static const int sched_28_deps[] = { 26 };
      |                  ^~~~~~~~~~~~~
/scratch/dima/rose-infra/RoSE/soc/sw/xpu-rt/zephyr-chipyard-sw/modelblaster/examples/xpurt_demo_armB/int8/generated/3net_hetero_greedy_periodic.c:86:18: warning: 'sched_28_harts' defined but not used [-Wunused-const-variable=]
   86 | static const int sched_28_harts[] = { 0 };
      |                  ^~~~~~~~~~~~~~
/scratch/dima/rose-infra/RoSE/soc/sw/xpu-rt/zephyr-chipyard-sw/modelblaster/examples/xpurt_demo_armB/int8/generated/3net_hetero_greedy_periodic.c:85:18: warning: 'sched_27_fanout' defined but not used [-Wunused-const-variable=]
   85 | static const int sched_27_fanout[] = { 30, 32 };
      |                  ^~~~~~~~~~~~~~~
/scratch/dima/rose-infra/RoSE/soc/sw/xpu-rt/zephyr-chipyard-sw/modelblaster/examples/xpurt_demo_armB/int8/generated/3net_hetero_greedy_periodic.c:84:18: warning: 'sched_27_deps' defined but not used [-Wunused-const-variable=]
   84 | static const int sched_27_deps[] = { 25 };
      |                  ^~~~~~~~~~~~~
/scratch/dima/rose-infra/RoSE/soc/sw/xpu-rt/zephyr-chipyard-sw/modelblaster/examples/xpurt_demo_armB/int8/generated/3net_hetero_greedy_periodic.c:83:18: warning: 'sched_27_harts' defined but not used [-Wunused-const-variable=]
   83 | static const int sched_27_harts[] = { 2 };
      |                  ^~~~~~~~~~~~~~
/scratch/dima/rose-infra/RoSE/soc/sw/xpu-rt/zephyr-chipyard-sw/modelblaster/examples/xpurt_demo_armB/int8/generated/3net_hetero_greedy_periodic.c:82:18: warning: 'sched_26_fanout' defined but not used [-Wunused-const-variable=]
   82 | static const int sched_26_fanout[] = { 28 };
      |                  ^~~~~~~~~~~~~~~
/scratch/dima/rose-infra/RoSE/soc/sw/xpu-rt/zephyr-chipyard-sw/modelblaster/examples/xpurt_demo_armB/int8/generated/3net_hetero_greedy_periodic.c:81:18: warning: 'sched_26_deps' defined but not used [-Wunused-const-variable=]
   81 | static const int sched_26_deps[] = { 10 };
      |                  ^~~~~~~~~~~~~
/scratch/dima/rose-infra/RoSE/soc/sw/xpu-rt/zephyr-chipyard-sw/modelblaster/examples/xpurt_demo_armB/int8/generated/3net_hetero_greedy_periodic.c:80:18: warning: 'sched_26_harts' defined but not used [-Wunused-const-variable=]
   80 | static const int sched_26_harts[] = { 0 };
      |                  ^~~~~~~~~~~~~~
/scratch/dima/rose-infra/RoSE/soc/sw/xpu-rt/zephyr-chipyard-sw/modelblaster/examples/xpurt_demo_armB/int8/generated/3net_hetero_greedy_periodic.c:79:18: warning: 'sched_25_fanout' defined but not used [-Wunused-const-variable=]
   79 | static const int sched_25_fanout[] = { 27, 28 };
      |                  ^~~~~~~~~~~~~~~
/scratch/dima/rose-infra/RoSE/soc/sw/xpu-rt/zephyr-chipyard-sw/modelblaster/examples/xpurt_demo_armB/int8/generated/3net_hetero_greedy_periodic.c:78:18: warning: 'sched_25_deps' defined but not used [-Wunused-const-variable=]
   78 | static const int sched_25_deps[] = { 23 };
      |                  ^~~~~~~~~~~~~
/scratch/dima/rose-infra/RoSE/soc/sw/xpu-rt/zephyr-chipyard-sw/modelblaster/examples/xpurt_demo_armB/int8/generated/3net_hetero_greedy_periodic.c:77:18: warning: 'sched_25_harts' defined but not used [-Wunused-const-variable=]
   77 | static const int sched_25_harts[] = { 0 };
      |                  ^~~~~~~~~~~~~~
/scratch/dima/rose-infra/RoSE/soc/sw/xpu-rt/zephyr-chipyard-sw/modelblaster/examples/xpurt_demo_armB/int8/generated/3net_hetero_greedy_periodic.c:76:18: warning: 'sched_24_fanout' defined but not used [-Wunused-const-variable=]
   76 | static const int sched_24_fanout[] = { 29, 36 };
      |                  ^~~~~~~~~~~~~~~
/scratch/dima/rose-infra/RoSE/soc/sw/xpu-rt/zephyr-chipyard-sw/modelblaster/examples/xpurt_demo_armB/int8/generated/3net_hetero_greedy_periodic.c:75:18: warning: 'sched_24_deps' defined but not used [-Wunused-const-variable=]
   75 | static const int sched_24_deps[] = { 22 };
      |                  ^~~~~~~~~~~~~
/scratch/dima/rose-infra/RoSE/soc/sw/xpu-rt/zephyr-chipyard-sw/modelblaster/examples/xpurt_demo_armB/int8/generated/3net_hetero_greedy_periodic.c:74:18: warning: 'sched_24_harts' defined but not used [-Wunused-const-variable=]
   74 | static const int sched_24_harts[] = { 2 };
      |                  ^~~~~~~~~~~~~~
/scratch/dima/rose-infra/RoSE/soc/sw/xpu-rt/zephyr-chipyard-sw/modelblaster/examples/xpurt_demo_armB/int8/generated/3net_hetero_greedy_periodic.c:73:18: warning: 'sched_23_fanout' defined but not used [-Wunused-const-variable=]
   73 | static const int sched_23_fanout[] = { 25, 26 };
      |                  ^~~~~~~~~~~~~~~
/scratch/dima/rose-infra/RoSE/soc/sw/xpu-rt/zephyr-chipyard-sw/modelblaster/examples/xpurt_demo_armB/int8/generated/3net_hetero_greedy_periodic.c:72:18: warning: 'sched_23_harts' defined but not used [-Wunused-const-variable=]
   72 | static const int sched_23_harts[] = { 0 };
      |                  ^~~~~~~~~~~~~~
/scratch/dima/rose-infra/RoSE/soc/sw/xpu-rt/zephyr-chipyard-sw/modelblaster/examples/xpurt_demo_armB/int8/generated/3net_hetero_greedy_periodic.c:71:18: warning: 'sched_22_fanout' defined but not used [-Wunused-const-variable=]
   71 | static const int sched_22_fanout[] = { 24, 25 };
      |                  ^~~~~~~~~~~~~~~
/scratch/dima/rose-infra/RoSE/soc/sw/xpu-rt/zephyr-chipyard-sw/modelblaster/examples/xpurt_demo_armB/int8/generated/3net_hetero_greedy_periodic.c:70:18: warning: 'sched_22_deps' defined but not used [-Wunused-const-variable=]
   70 | static const int sched_22_deps[] = { 21 };
      |                  ^~~~~~~~~~~~~
/scratch/dima/rose-infra/RoSE/soc/sw/xpu-rt/zephyr-chipyard-sw/modelblaster/examples/xpurt_demo_armB/int8/generated/3net_hetero_greedy_periodic.c:69:18: warning: 'sched_22_harts' defined but not used [-Wunused-const-variable=]
   69 | static const int sched_22_harts[] = { 0 };
      |                  ^~~~~~~~~~~~~~
/scratch/dima/rose-infra/RoSE/soc/sw/xpu-rt/zephyr-chipyard-sw/modelblaster/examples/xpurt_demo_armB/int8/generated/3net_hetero_greedy_periodic.c:68:18: warning: 'sched_21_fanout' defined but not used [-Wunused-const-variable=]
   68 | static const int sched_21_fanout[] = { 22, 23, 38, 44 };
      |                  ^~~~~~~~~~~~~~~
/scratch/dima/rose-infra/RoSE/soc/sw/xpu-rt/zephyr-chipyard-sw/modelblaster/examples/xpurt_demo_armB/int8/generated/3net_hetero_greedy_periodic.c:67:18: warning: 'sched_21_deps' defined but not used [-Wunused-const-variable=]
   67 | static const int sched_21_deps[] = { 20 };
      |                  ^~~~~~~~~~~~~
/scratch/dima/rose-infra/RoSE/soc/sw/xpu-rt/zephyr-chipyard-sw/modelblaster/examples/xpurt_demo_armB/int8/generated/3net_hetero_greedy_periodic.c:66:18: warning: 'sched_21_harts' defined but not used [-Wunused-const-variable=]
   66 | static const int sched_21_harts[] = { 0 };
      |                  ^~~~~~~~~~~~~~
/scratch/dima/rose-infra/RoSE/soc/sw/xpu-rt/zephyr-chipyard-sw/modelblaster/examples/xpurt_demo_armB/int8/generated/3net_hetero_greedy_periodic.c:65:18: warning: 'sched_20_fanout' defined but not used [-Wunused-const-variable=]
   65 | static const int sched_20_fanout[] = { 21, 24, 27 };
      |                  ^~~~~~~~~~~~~~~
/scratch/dima/rose-infra/RoSE/soc/sw/xpu-rt/zephyr-chipyard-sw/modelblaster/examples/xpurt_demo_armB/int8/generated/3net_hetero_greedy_periodic.c:64:18: warning: 'sched_20_deps' defined but not used [-Wunused-const-variable=]
   64 | static const int sched_20_deps[] = { 19 };
      |                  ^~~~~~~~~~~~~
/scratch/dima/rose-infra/RoSE/soc/sw/xpu-rt/zephyr-chipyard-sw/modelblaster/examples/xpurt_demo_armB/int8/generated/3net_hetero_greedy_periodic.c:63:18: warning: 'sched_20_harts' defined but not used [-Wunused-const-variable=]
   63 | static const int sched_20_harts[] = { 2 };
      |                  ^~~~~~~~~~~~~~
/scratch/dima/rose-infra/RoSE/soc/sw/xpu-rt/zephyr-chipyard-sw/modelblaster/examples/xpurt_demo_armB/int8/generated/3net_hetero_greedy_periodic.c:62:18: warning: 'sched_19_fanout' defined but not used [-Wunused-const-variable=]
   62 | static const int sched_19_fanout[] = { 20 };
      |                  ^~~~~~~~~~~~~~~
/scratch/dima/rose-infra/RoSE/soc/sw/xpu-rt/zephyr-chipyard-sw/modelblaster/examples/xpurt_demo_armB/int8/generated/3net_hetero_greedy_periodic.c:61:18: warning: 'sched_19_deps' defined but not used [-Wunused-const-variable=]
   61 | static const int sched_19_deps[] = { 18 };
      |                  ^~~~~~~~~~~~~
/scratch/dima/rose-infra/RoSE/soc/sw/xpu-rt/zephyr-chipyard-sw/modelblaster/examples/xpurt_demo_armB/int8/generated/3net_hetero_greedy_periodic.c:60:18: warning: 'sched_19_harts' defined but not used [-Wunused-const-variable=]
   60 | static const int sched_19_harts[] = { 2 };
      |                  ^~~~~~~~~~~~~~
/scratch/dima/rose-infra/RoSE/soc/sw/xpu-rt/zephyr-chipyard-sw/modelblaster/examples/xpurt_demo_armB/int8/generated/3net_hetero_greedy_periodic.c:59:18: warning: 'sched_18_fanout' defined but not used [-Wunused-const-variable=]
   59 | static const int sched_18_fanout[] = { 19, 20 };
      |                  ^~~~~~~~~~~~~~~
/scratch/dima/rose-infra/RoSE/soc/sw/xpu-rt/zephyr-chipyard-sw/modelblaster/examples/xpurt_demo_armB/int8/generated/3net_hetero_greedy_periodic.c:58:18: warning: 'sched_18_deps' defined but not used [-Wunused-const-variable=]
   58 | static const int sched_18_deps[] = { 17 };
      |                  ^~~~~~~~~~~~~
/scratch/dima/rose-infra/RoSE/soc/sw/xpu-rt/zephyr-chipyard-sw/modelblaster/examples/xpurt_demo_armB/int8/generated/3net_hetero_greedy_periodic.c:57:18: warning: 'sched_18_harts' defined but not used [-Wunused-const-variable=]
   57 | static const int sched_18_harts[] = { 2 };
      |                  ^~~~~~~~~~~~~~
/scratch/dima/rose-infra/RoSE/soc/sw/xpu-rt/zephyr-chipyard-sw/modelblaster/examples/xpurt_demo_armB/int8/generated/3net_hetero_greedy_periodic.c:56:18: warning: 'sched_17_fanout' defined but not used [-Wunused-const-variable=]
   56 | static const int sched_17_fanout[] = { 18, 21, 22 };
      |                  ^~~~~~~~~~~~~~~
/scratch/dima/rose-infra/RoSE/soc/sw/xpu-rt/zephyr-chipyard-sw/modelblaster/examples/xpurt_demo_armB/int8/generated/3net_hetero_greedy_periodic.c:55:18: warning: 'sched_17_deps' defined but not used [-Wunused-const-variable=]
   55 | static const int sched_17_deps[] = { 16 };
      |                  ^~~~~~~~~~~~~
/scratch/dima/rose-infra/RoSE/soc/sw/xpu-rt/zephyr-chipyard-sw/modelblaster/examples/xpurt_demo_armB/int8/generated/3net_hetero_greedy_periodic.c:54:18: warning: 'sched_17_harts' defined but not used [-Wunused-const-variable=]
   54 | static const int sched_17_harts[] = { 0 };
      |                  ^~~~~~~~~~~~~~
/scratch/dima/rose-infra/RoSE/soc/sw/xpu-rt/zephyr-chipyard-sw/modelblaster/examples/xpurt_demo_armB/int8/generated/3net_hetero_greedy_periodic.c:53:18: warning: 'sched_16_fanout' defined but not used [-Wunused-const-variable=]
   53 | static const int sched_16_fanout[] = { 17, 18, 19 };
      |                  ^~~~~~~~~~~~~~~
/scratch/dima/rose-infra/RoSE/soc/sw/xpu-rt/zephyr-chipyard-sw/modelblaster/examples/xpurt_demo_armB/int8/generated/3net_hetero_greedy_periodic.c:52:18: warning: 'sched_16_deps' defined but not used [-Wunused-const-variable=]
   52 | static const int sched_16_deps[] = { 15 };
      |                  ^~~~~~~~~~~~~
/scratch/dima/rose-infra/RoSE/soc/sw/xpu-rt/zephyr-chipyard-sw/modelblaster/examples/xpurt_demo_armB/int8/generated/3net_hetero_greedy_periodic.c:51:18: warning: 'sched_16_harts' defined but not used [-Wunused-const-variable=]
   51 | static const int sched_16_harts[] = { 2 };
      |                  ^~~~~~~~~~~~~~
/scratch/dima/rose-infra/RoSE/soc/sw/xpu-rt/zephyr-chipyard-sw/modelblaster/examples/xpurt_demo_armB/int8/generated/3net_hetero_greedy_periodic.c:50:18: warning: 'sched_15_fanout' defined but not used [-Wunused-const-variable=]
   50 | static const int sched_15_fanout[] = { 16 };
      |                  ^~~~~~~~~~~~~~~
/scratch/dima/rose-infra/RoSE/soc/sw/xpu-rt/zephyr-chipyard-sw/modelblaster/examples/xpurt_demo_armB/int8/generated/3net_hetero_greedy_periodic.c:49:18: warning: 'sched_15_deps' defined but not used [-Wunused-const-variable=]
   49 | static const int sched_15_deps[] = { 14 };
      |                  ^~~~~~~~~~~~~
/scratch/dima/rose-infra/RoSE/soc/sw/xpu-rt/zephyr-chipyard-sw/modelblaster/examples/xpurt_demo_armB/int8/generated/3net_hetero_greedy_periodic.c:48:18: warning: 'sched_15_harts' defined but not used [-Wunused-const-variable=]
   48 | static const int sched_15_harts[] = { 2 };
      |                  ^~~~~~~~~~~~~~
/scratch/dima/rose-infra/RoSE/soc/sw/xpu-rt/zephyr-chipyard-sw/modelblaster/examples/xpurt_demo_armB/int8/generated/3net_hetero_greedy_periodic.c:47:18: warning: 'sched_14_fanout' defined but not used [-Wunused-const-variable=]
   47 | static const int sched_14_fanout[] = { 15, 16 };
      |                  ^~~~~~~~~~~~~~~
/scratch/dima/rose-infra/RoSE/soc/sw/xpu-rt/zephyr-chipyard-sw/modelblaster/examples/xpurt_demo_armB/int8/generated/3net_hetero_greedy_periodic.c:46:18: warning: 'sched_14_deps' defined but not used [-Wunused-const-variable=]
   46 | static const int sched_14_deps[] = { 6, 13 };
      |                  ^~~~~~~~~~~~~
/scratch/dima/rose-infra/RoSE/soc/sw/xpu-rt/zephyr-chipyard-sw/modelblaster/examples/xpurt_demo_armB/int8/generated/3net_hetero_greedy_periodic.c:45:18: warning: 'sched_14_harts' defined but not used [-Wunused-const-variable=]
   45 | static const int sched_14_harts[] = { 2 };
      |                  ^~~~~~~~~~~~~~
/scratch/dima/rose-infra/RoSE/soc/sw/xpu-rt/zephyr-chipyard-sw/modelblaster/examples/xpurt_demo_armB/int8/generated/3net_hetero_greedy_periodic.c:44:18: warning: 'sched_13_fanout' defined but not used [-Wunused-const-variable=]
   44 | static const int sched_13_fanout[] = { 14, 15 };
      |                  ^~~~~~~~~~~~~~~
/scratch/dima/rose-infra/RoSE/soc/sw/xpu-rt/zephyr-chipyard-sw/modelblaster/examples/xpurt_demo_armB/int8/generated/3net_hetero_greedy_periodic.c:43:18: warning: 'sched_13_deps' defined but not used [-Wunused-const-variable=]
   43 | static const int sched_13_deps[] = { 6, 12 };
      |                  ^~~~~~~~~~~~~
/scratch/dima/rose-infra/RoSE/soc/sw/xpu-rt/zephyr-chipyard-sw/modelblaster/examples/xpurt_demo_armB/int8/generated/3net_hetero_greedy_periodic.c:42:18: warning: 'sched_13_harts' defined but not used [-Wunused-const-variable=]
   42 | static const int sched_13_harts[] = { 2 };
      |                  ^~~~~~~~~~~~~~
/scratch/dima/rose-infra/RoSE/soc/sw/xpu-rt/zephyr-chipyard-sw/modelblaster/examples/xpurt_demo_armB/int8/generated/3net_hetero_greedy_periodic.c:41:18: warning: 'sched_12_fanout' defined but not used [-Wunused-const-variable=]
   41 | static const int sched_12_fanout[] = { 13, 14 };
      |                  ^~~~~~~~~~~~~~~
/scratch/dima/rose-infra/RoSE/soc/sw/xpu-rt/zephyr-chipyard-sw/modelblaster/examples/xpurt_demo_armB/int8/generated/3net_hetero_greedy_periodic.c:40:18: warning: 'sched_12_deps' defined but not used [-Wunused-const-variable=]
   40 | static const int sched_12_deps[] = { 11 };
      |                  ^~~~~~~~~~~~~
/scratch/dima/rose-infra/RoSE/soc/sw/xpu-rt/zephyr-chipyard-sw/modelblaster/examples/xpurt_demo_armB/int8/generated/3net_hetero_greedy_periodic.c:39:18: warning: 'sched_12_harts' defined but not used [-Wunused-const-variable=]
   39 | static const int sched_12_harts[] = { 2 };
      |                  ^~~~~~~~~~~~~~
/scratch/dima/rose-infra/RoSE/soc/sw/xpu-rt/zephyr-chipyard-sw/modelblaster/examples/xpurt_demo_armB/int8/generated/3net_hetero_greedy_periodic.c:38:18: warning: 'sched_11_fanout' defined but not used [-Wunused-const-variable=]
   38 | static const int sched_11_fanout[] = { 12, 17 };
      |                  ^~~~~~~~~~~~~~~
/scratch/dima/rose-infra/RoSE/soc/sw/xpu-rt/zephyr-chipyard-sw/modelblaster/examples/xpurt_demo_armB/int8/generated/3net_hetero_greedy_periodic.c:37:18: warning: 'sched_11_deps' defined but not used [-Wunused-const-variable=]
   37 | static const int sched_11_deps[] = { 9 };
      |                  ^~~~~~~~~~~~~
/scratch/dima/rose-infra/RoSE/soc/sw/xpu-rt/zephyr-chipyard-sw/modelblaster/examples/xpurt_demo_armB/int8/generated/3net_hetero_greedy_periodic.c:36:18: warning: 'sched_11_harts' defined but not used [-Wunused-const-variable=]
   36 | static const int sched_11_harts[] = { 0 };
      |                  ^~~~~~~~~~~~~~
/scratch/dima/rose-infra/RoSE/soc/sw/xpu-rt/zephyr-chipyard-sw/modelblaster/examples/xpurt_demo_armB/int8/generated/3net_hetero_greedy_periodic.c:35:18: warning: 'sched_10_fanout' defined but not used [-Wunused-const-variable=]
   35 | static const int sched_10_fanout[] = { 11, 26 };
      |                  ^~~~~~~~~~~~~~~
/scratch/dima/rose-infra/RoSE/soc/sw/xpu-rt/zephyr-chipyard-sw/modelblaster/examples/xpurt_demo_armB/int8/generated/3net_hetero_greedy_periodic.c:34:18: warning: 'sched_10_deps' defined but not used [-Wunused-const-variable=]
   34 | static const int sched_10_deps[] = { 8 };
      |                  ^~~~~~~~~~~~~
/scratch/dima/rose-infra/RoSE/soc/sw/xpu-rt/zephyr-chipyard-sw/modelblaster/examples/xpurt_demo_armB/int8/generated/3net_hetero_greedy_periodic.c:33:18: warning: 'sched_10_harts' defined but not used [-Wunused-const-variable=]
   33 | static const int sched_10_harts[] = { 0 };
      |                  ^~~~~~~~~~~~~~
/scratch/dima/rose-infra/RoSE/soc/sw/xpu-rt/zephyr-chipyard-sw/modelblaster/examples/xpurt_demo_armB/int8/generated/3net_hetero_greedy_periodic.c:32:18: warning: 'sched_9_fanout' defined but not used [-Wunused-const-variable=]
   32 | static const int sched_9_fanout[] = { 11, 12, 13 };
      |                  ^~~~~~~~~~~~~~
/scratch/dima/rose-infra/RoSE/soc/sw/xpu-rt/zephyr-chipyard-sw/modelblaster/examples/xpurt_demo_armB/int8/generated/3net_hetero_greedy_periodic.c:31:18: warning: 'sched_9_deps' defined but not used [-Wunused-const-variable=]
   31 | static const int sched_9_deps[] = { 7 };
      |                  ^~~~~~~~~~~~
/scratch/dima/rose-infra/RoSE/soc/sw/xpu-rt/zephyr-chipyard-sw/modelblaster/examples/xpurt_demo_armB/int8/generated/3net_hetero_greedy_periodic.c:30:18: warning: 'sched_9_harts' defined but not used [-Wunused-const-variable=]
   30 | static const int sched_9_harts[] = { 2 };
      |                  ^~~~~~~~~~~~~
/scratch/dima/rose-infra/RoSE/soc/sw/xpu-rt/zephyr-chipyard-sw/modelblaster/examples/xpurt_demo_armB/int8/generated/3net_hetero_greedy_periodic.c:29:18: warning: 'sched_8_fanout' defined but not used [-Wunused-const-variable=]
   29 | static const int sched_8_fanout[] = { 10 };
      |                  ^~~~~~~~~~~~~~
/scratch/dima/rose-infra/RoSE/soc/sw/xpu-rt/zephyr-chipyard-sw/modelblaster/examples/xpurt_demo_armB/int8/generated/3net_hetero_greedy_periodic.c:28:18: warning: 'sched_8_harts' defined but not used [-Wunused-const-variable=]
   28 | static const int sched_8_harts[] = { 0 };
      |                  ^~~~~~~~~~~~~
/scratch/dima/rose-infra/RoSE/soc/sw/xpu-rt/zephyr-chipyard-sw/modelblaster/examples/xpurt_demo_armB/int8/generated/3net_hetero_greedy_periodic.c:27:18: warning: 'sched_7_fanout' defined but not used [-Wunused-const-variable=]
   27 | static const int sched_7_fanout[] = { 9, 10 };
      |                  ^~~~~~~~~~~~~~
/scratch/dima/rose-infra/RoSE/soc/sw/xpu-rt/zephyr-chipyard-sw/modelblaster/examples/xpurt_demo_armB/int8/generated/3net_hetero_greedy_periodic.c:26:18: warning: 'sched_7_deps' defined but not used [-Wunused-const-variable=]
   26 | static const int sched_7_deps[] = { 6 };
      |                  ^~~~~~~~~~~~
/scratch/dima/rose-infra/RoSE/soc/sw/xpu-rt/zephyr-chipyard-sw/modelblaster/examples/xpurt_demo_armB/int8/generated/3net_hetero_greedy_periodic.c:25:18: warning: 'sched_7_harts' defined but not used [-Wunused-const-variable=]
   25 | static const int sched_7_harts[] = { 0 };
      |                  ^~~~~~~~~~~~~
/scratch/dima/rose-infra/RoSE/soc/sw/xpu-rt/zephyr-chipyard-sw/modelblaster/examples/xpurt_demo_armB/int8/generated/3net_hetero_greedy_periodic.c:24:18: warning: 'sched_6_fanout' defined but not used [-Wunused-const-variable=]
   24 | static const int sched_6_fanout[] = { 7, 8, 13, 14 };
      |                  ^~~~~~~~~~~~~~
/scratch/dima/rose-infra/RoSE/soc/sw/xpu-rt/zephyr-chipyard-sw/modelblaster/examples/xpurt_demo_armB/int8/generated/3net_hetero_greedy_periodic.c:23:18: warning: 'sched_6_deps' defined but not used [-Wunused-const-variable=]
   23 | static const int sched_6_deps[] = { 5 };
      |                  ^~~~~~~~~~~~
/scratch/dima/rose-infra/RoSE/soc/sw/xpu-rt/zephyr-chipyard-sw/modelblaster/examples/xpurt_demo_armB/int8/generated/3net_hetero_greedy_periodic.c:22:18: warning: 'sched_6_harts' defined but not used [-Wunused-const-variable=]
   22 | static const int sched_6_harts[] = { 0 };
      |                  ^~~~~~~~~~~~~
/scratch/dima/rose-infra/RoSE/soc/sw/xpu-rt/zephyr-chipyard-sw/modelblaster/examples/xpurt_demo_armB/int8/generated/3net_hetero_greedy_periodic.c:21:18: warning: 'sched_5_fanout' defined but not used [-Wunused-const-variable=]
   21 | static const int sched_5_fanout[] = { 6, 9 };
      |                  ^~~~~~~~~~~~~~
/scratch/dima/rose-infra/RoSE/soc/sw/xpu-rt/zephyr-chipyard-sw/modelblaster/examples/xpurt_demo_armB/int8/generated/3net_hetero_greedy_periodic.c:20:18: warning: 'sched_5_deps' defined but not used [-Wunused-const-variable=]
   20 | static const int sched_5_deps[] = { 4 };
      |                  ^~~~~~~~~~~~
/scratch/dima/rose-infra/RoSE/soc/sw/xpu-rt/zephyr-chipyard-sw/modelblaster/examples/xpurt_demo_armB/int8/generated/3net_hetero_greedy_periodic.c:19:18: warning: 'sched_5_harts' defined but not used [-Wunused-const-variable=]
   19 | static const int sched_5_harts[] = { 2 };
      |                  ^~~~~~~~~~~~~
/scratch/dima/rose-infra/RoSE/soc/sw/xpu-rt/zephyr-chipyard-sw/modelblaster/examples/xpurt_demo_armB/int8/generated/3net_hetero_greedy_periodic.c:18:18: warning: 'sched_4_fanout' defined but not used [-Wunused-const-variable=]
   18 | static const int sched_4_fanout[] = { 5 };
      |                  ^~~~~~~~~~~~~~
/scratch/dima/rose-infra/RoSE/soc/sw/xpu-rt/zephyr-chipyard-sw/modelblaster/examples/xpurt_demo_armB/int8/generated/3net_hetero_greedy_periodic.c:17:18: warning: 'sched_4_deps' defined but not used [-Wunused-const-variable=]
   17 | static const int sched_4_deps[] = { 3 };
      |                  ^~~~~~~~~~~~
/scratch/dima/rose-infra/RoSE/soc/sw/xpu-rt/zephyr-chipyard-sw/modelblaster/examples/xpurt_demo_armB/int8/generated/3net_hetero_greedy_periodic.c:16:18: warning: 'sched_4_harts' defined but not used [-Wunused-const-variable=]
   16 | static const int sched_4_harts[] = { 2 };
      |                  ^~~~~~~~~~~~~
/scratch/dima/rose-infra/RoSE/soc/sw/xpu-rt/zephyr-chipyard-sw/modelblaster/examples/xpurt_demo_armB/int8/generated/3net_hetero_greedy_periodic.c:15:18: warning: 'sched_3_fanout' defined but not used [-Wunused-const-variable=]
   15 | static const int sched_3_fanout[] = { 4, 5 };
      |                  ^~~~~~~~~~~~~~
/scratch/dima/rose-infra/RoSE/soc/sw/xpu-rt/zephyr-chipyard-sw/modelblaster/examples/xpurt_demo_armB/int8/generated/3net_hetero_greedy_periodic.c:14:18: warning: 'sched_3_deps' defined but not used [-Wunused-const-variable=]
   14 | static const int sched_3_deps[] = { 2 };
      |                  ^~~~~~~~~~~~
/scratch/dima/rose-infra/RoSE/soc/sw/xpu-rt/zephyr-chipyard-sw/modelblaster/examples/xpurt_demo_armB/int8/generated/3net_hetero_greedy_periodic.c:13:18: warning: 'sched_3_harts' defined but not used [-Wunused-const-variable=]
   13 | static const int sched_3_harts[] = { 2 };
      |                  ^~~~~~~~~~~~~
/scratch/dima/rose-infra/RoSE/soc/sw/xpu-rt/zephyr-chipyard-sw/modelblaster/examples/xpurt_demo_armB/int8/generated/3net_hetero_greedy_periodic.c:12:18: warning: 'sched_2_fanout' defined but not used [-Wunused-const-variable=]
   12 | static const int sched_2_fanout[] = { 3, 4 };
      |                  ^~~~~~~~~~~~~~
/scratch/dima/rose-infra/RoSE/soc/sw/xpu-rt/zephyr-chipyard-sw/modelblaster/examples/xpurt_demo_armB/int8/generated/3net_hetero_greedy_periodic.c:11:18: warning: 'sched_2_deps' defined but not used [-Wunused-const-variable=]
   11 | static const int sched_2_deps[] = { 1 };
      |                  ^~~~~~~~~~~~
/scratch/dima/rose-infra/RoSE/soc/sw/xpu-rt/zephyr-chipyard-sw/modelblaster/examples/xpurt_demo_armB/int8/generated/3net_hetero_greedy_periodic.c:10:18: warning: 'sched_2_harts' defined but not used [-Wunused-const-variable=]
   10 | static const int sched_2_harts[] = { 2 };
      |                  ^~~~~~~~~~~~~
/scratch/dima/rose-infra/RoSE/soc/sw/xpu-rt/zephyr-chipyard-sw/modelblaster/examples/xpurt_demo_armB/int8/generated/3net_hetero_greedy_periodic.c:9:18: warning: 'sched_1_fanout' defined but not used [-Wunused-const-variable=]
    9 | static const int sched_1_fanout[] = { 2, 3 };
      |                  ^~~~~~~~~~~~~~
/scratch/dima/rose-infra/RoSE/soc/sw/xpu-rt/zephyr-chipyard-sw/modelblaster/examples/xpurt_demo_armB/int8/generated/3net_hetero_greedy_periodic.c:8:18: warning: 'sched_1_deps' defined but not used [-Wunused-const-variable=]
    8 | static const int sched_1_deps[] = { 0 };
      |                  ^~~~~~~~~~~~
/scratch/dima/rose-infra/RoSE/soc/sw/xpu-rt/zephyr-chipyard-sw/modelblaster/examples/xpurt_demo_armB/int8/generated/3net_hetero_greedy_periodic.c:7:18: warning: 'sched_1_harts' defined but not used [-Wunused-const-variable=]
    7 | static const int sched_1_harts[] = { 2 };
      |                  ^~~~~~~~~~~~~
/scratch/dima/rose-infra/RoSE/soc/sw/xpu-rt/zephyr-chipyard-sw/modelblaster/examples/xpurt_demo_armB/int8/generated/3net_hetero_greedy_periodic.c:6:18: warning: 'sched_0_fanout' defined but not used [-Wunused-const-variable=]
    6 | static const int sched_0_fanout[] = { 1, 2 };
      |                  ^~~~~~~~~~~~~~
/scratch/dima/rose-infra/RoSE/soc/sw/xpu-rt/zephyr-chipyard-sw/modelblaster/examples/xpurt_demo_armB/int8/generated/3net_hetero_greedy_periodic.c:5:18: warning: 'sched_0_harts' defined but not used [-Wunused-const-variable=]
    5 | static const int sched_0_harts[] = { 2 };
      |                  ^~~~~~~~~~~~~
[37/220] Building C object zephyr/CMakeFiles/zephyr.dir/lib/os/reboot.c.obj
[38/220] Building C object zephyr/arch/common/CMakeFiles/arch__common.dir/init.c.obj
[39/220] Building C object zephyr/CMakeFiles/zephyr.dir/lib/os/thread_entry.c.obj
[40/220] Building C object zephyr/CMakeFiles/zephyr.dir/lib/libc/validate_libc.c.obj
[41/220] Building C object zephyr/CMakeFiles/zephyr.dir/lib/utils/hex.c.obj
[42/220] Building C object CMakeFiles/modelblaster_dronet_gemmini_q31_weights_obj.dir/scratch/dima/rose-infra/RoSE/soc/sw/xpu-rt/zephyr-chipyard-sw/modelblaster/examples/dronet_armB/int8/generated/gemmini_q31/weights.c.obj
[43/220] Building C object zephyr/CMakeFiles/zephyr.dir/lib/os/assert.c.obj
[44/220] Generating linker_zephyr_pre0.cmd
[45/220] Building ASM object zephyr/arch/arch/riscv/core/CMakeFiles/arch__riscv__core.dir/fpu.S.obj
[46/220] Building C object zephyr/CMakeFiles/zephyr.dir/lib/os/printk.c.obj
[47/220] Building C object zephyr/CMakeFiles/zephyr.dir/lib/os/sem.c.obj
[48/220] Building C object zephyr/CMakeFiles/zephyr.dir/lib/utils/bitmask.c.obj
[49/220] Building ASM object zephyr/arch/arch/riscv/core/CMakeFiles/arch__riscv__core.dir/reset.S.obj
[50/220] Building C object zephyr/arch/arch/riscv/core/CMakeFiles/arch__riscv__core.dir/prep_c.c.obj
[51/220] Building ASM object zephyr/arch/arch/riscv/core/CMakeFiles/arch__riscv__core.dir/switch.S.obj
[52/220] Building C object zephyr/CMakeFiles/zephyr.dir/soc/common/riscv-privileged/soc_common_irq.c.obj
[53/220] Building C object zephyr/CMakeFiles/zephyr.dir/subsys/tracing/tracing_none.c.obj
[54/220] Building C object zephyr/CMakeFiles/zephyr.dir/soc/rocketchip/virt_riscv/common/soc.c.obj
[55/220] Building C object zephyr/arch/common/CMakeFiles/arch__common.dir/sw_isr_common.c.obj
[56/220] Building C object zephyr/arch/common/CMakeFiles/arch__common.dir/multilevel_irq.c.obj
[57/220] Building C object zephyr/arch/common/CMakeFiles/isr_tables.dir/isr_tables.c.obj
[58/220] Building C object zephyr/CMakeFiles/zephyr.dir/lib/utils/ring_buffer.c.obj
[59/220] Building C object zephyr/arch/arch/riscv/core/CMakeFiles/arch__riscv__core.dir/irq_manage.c.obj
[60/220] Building C object zephyr/CMakeFiles/zephyr.dir/lib/utils/timeutil.c.obj
[61/220] Building C object zephyr/arch/arch/riscv/core/CMakeFiles/arch__riscv__core.dir/fatal.c.obj
[62/220] Building C object zephyr/arch/arch/riscv/core/CMakeFiles/arch__riscv__core.dir/ipi.c.obj
[63/220] Building C object zephyr/CMakeFiles/zephyr.dir/lib/os/fdtable.c.obj
[64/220] Building C object zephyr/arch/arch/riscv/core/CMakeFiles/arch__riscv__core.dir/reboot.c.obj
[65/220] Building C object zephyr/arch/arch/riscv/core/CMakeFiles/arch__riscv__core.dir/thread.c.obj
[66/220] Building C object zephyr/arch/arch/riscv/core/CMakeFiles/arch__riscv__core.dir/cpu_idle.c.obj
[67/220] Building C object zephyr/arch/arch/riscv/core/CMakeFiles/arch__riscv__core.dir/ipi_clint.c.obj
[68/220] Building C object zephyr/arch/arch/riscv/core/CMakeFiles/arch__riscv__core.dir/smp.c.obj
[69/220] Building C object zephyr/arch/arch/riscv/core/CMakeFiles/arch__riscv__core.dir/fpu.c.obj
[70/220] Building C object zephyr/CMakeFiles/zephyr.dir/lib/os/clock.c.obj
[71/220] Building C object zephyr/arch/common/CMakeFiles/arch__common.dir/timing.c.obj
[72/220] Building C object zephyr/CMakeFiles/zephyr.dir/lib/utils/rb.c.obj
[73/220] Building C object zephyr/CMakeFiles/zephyr.dir/lib/heap/heap.c.obj
[74/220] Building C object zephyr/CMakeFiles/zephyr.dir/lib/os/cbprintf_packaged.c.obj
[75/220] Building C object zephyr/CMakeFiles/zephyr.dir/lib/utils/bitarray.c.obj
[76/220] Building C object zephyr/CMakeFiles/zephyr.dir/lib/os/cbprintf_complete.c.obj
[77/220] Building C object CMakeFiles/modelblaster_dronet_rvv_objs.dir/scratch/dima/rose-infra/RoSE/soc/sw/xpu-rt/zephyr-chipyard-sw/modelblaster/examples/dronet_armB/int8/generated/rvv/kernels.c.obj
[78/220] Building C object CMakeFiles/modelblaster_yolov8_nano_gemmini_q31_objs.dir/scratch/dima/rose-infra/RoSE/soc/sw/xpu-rt/zephyr-chipyard-sw/modelblaster/examples/yolov8_nano_armB/int8/generated/gemmini_q31/kernels.c.obj
/scratch/dima/rose-infra/RoSE/soc/sw/xpu-rt/zephyr-chipyard-sw/modelblaster/examples/yolov8_nano_armB/int8/generated/gemmini_q31/kernels.c:31:24: warning: "/*" within comment [-Wcomment]
   31 |  * (kernels/gemmini_q31/*_cat*_gemmini_mvin_scale.c) work around the same
[79/220] Building C object CMakeFiles/modelblaster_yolov8_nano_rvv_objs.dir/scratch/dima/rose-infra/RoSE/soc/sw/xpu-rt/zephyr-chipyard-sw/modelblaster/examples/yolov8_nano_armB/int8/generated/rvv/kernels.c.obj
[80/220] Building C object CMakeFiles/modelblaster_dronet_gemmini_q31_objs.dir/scratch/dima/rose-infra/RoSE/soc/sw/xpu-rt/zephyr-chipyard-sw/modelblaster/examples/dronet_armB/int8/generated/gemmini_q31/kernels.c.obj
/scratch/dima/rose-infra/RoSE/soc/sw/xpu-rt/zephyr-chipyard-sw/modelblaster/examples/dronet_armB/int8/generated/gemmini_q31/kernels.c:31:24: warning: "/*" within comment [-Wcomment]
   31 |  * (kernels/gemmini_q31/*_cat*_gemmini_mvin_scale.c) work around the same
In file included from /scratch/dima/rose-infra/RoSE/soc/sw/xpu-rt/zephyr-chipyard-sw/zephyr_ws/zephyr/include/zephyr/sys/atomic.h:18,
                 from /scratch/dima/rose-infra/RoSE/soc/sw/xpu-rt/zephyr-chipyard-sw/zephyr_ws/zephyr/include/zephyr/kernel_includes.h:25,
                 from /scratch/dima/rose-infra/RoSE/soc/sw/xpu-rt/zephyr-chipyard-sw/zephyr_ws/zephyr/include/zephyr/kernel.h:17,
                 from /scratch/dima/rose-infra/RoSE/soc/sw/xpu-rt/zephyr-chipyard-sw/modelblaster/examples/dronet_armB/int8/generated/gemmini_q31/kernels.c:336:
/scratch/dima/rose-infra/RoSE/soc/sw/xpu-rt/zephyr-chipyard-sw/zephyr_ws/zephyr/include/zephyr/sys/util.h:247:9: warning: "SAME_TYPE" redefined
  247 | #define SAME_TYPE(a, b) __builtin_types_compatible_p(__typeof__(a), __typeof__(b))
      |         ^~~~~~~~~
In file included from /scratch/dima/rose-infra/RoSE/soc/sw/xpu-rt/zephyr-chipyard-sw/modelblaster/cores/gemmini/include/gemmini.h:15,
                 from /scratch/dima/rose-infra/RoSE/soc/sw/xpu-rt/zephyr-chipyard-sw/modelblaster/examples/dronet_armB/int8/generated/gemmini_q31/kernels.c:8:
/scratch/dima/rose-infra/RoSE/soc/sw/xpu-rt/zephyr-chipyard-sw/modelblaster/cores/gemmini/include/gemmini_params.h:49:9: note: this is the location of the previous definition
   49 | #define SAME_TYPE(x) typeof(x)
      |         ^~~~~~~~~
[81/220] Building C object CMakeFiles/modelblaster_yolov8_nano_rvv_objs.dir/scratch/dima/rose-infra/RoSE/soc/sw/xpu-rt/zephyr-chipyard-sw/modelblaster/examples/yolov8_nano_armB/int8/generated/rvv/model.c.obj
[82/220] Building C object CMakeFiles/modelblaster_yolov8_nano_gemmini_q31_objs.dir/scratch/dima/rose-infra/RoSE/soc/sw/xpu-rt/zephyr-chipyard-sw/modelblaster/examples/yolov8_nano_armB/int8/generated/gemmini_q31/model.c.obj
[83/220] Building C object CMakeFiles/modelblaster_yolov8_nano_gemmini_q31_weights_obj.dir/scratch/dima/rose-infra/RoSE/soc/sw/xpu-rt/zephyr-chipyard-sw/modelblaster/examples/yolov8_nano_armB/int8/generated/gemmini_q31/weights.c.obj
[84/220] Building C object CMakeFiles/modelblaster_yolov8_nano_rvv_weights_obj.dir/scratch/dima/rose-infra/RoSE/soc/sw/xpu-rt/zephyr-chipyard-sw/modelblaster/examples/yolov8_nano_armB/int8/generated/rvv/weights.c.obj
ninja: build stopped: subcommand failed.
FATAL ERROR: command exited with status 1: /usr/bin/cmake --build /scratch/dima/rose-infra/RoSE/soc/sw/xpu-rt/zephyr-chipyard-sw/modelblaster/examples/xpurt_demo_armB/int8/build/gemmini_q31_rvv_firesim
#### build rc=1
836:/scratch/dima/rose-infra/RoSE/soc/sw/xpu-rt/zephyr-chipyard-sw/modelblaster/examples/xpurt_demo_armB/int8/generated/3net_hetero_greedy_periodic.h:45:34: error: invalid suffix "NET_HETERO_GREEDY_PERIODIC_TABLE" on integer constant
839:/scratch/dima/rose-infra/RoSE/soc/sw/xpu-rt/zephyr-chipyard-sw/modelblaster/examples/xpurt_demo_armB/int8/generated/3net_hetero_greedy_periodic.h:45:34: error: expected identifier or '(' before numeric constant
840:/scratch/dima/rose-infra/RoSE/soc/sw/xpu-rt/zephyr-chipyard-sw/modelblaster/examples/xpurt_demo_armB/int8/generated/3net_hetero_greedy_periodic.h:45:68: error: invalid suffix "NET_HETERO_GREEDY_PERIODIC_N_ENTRIES" on integer constant
843:/scratch/dima/rose-infra/RoSE/soc/sw/xpu-rt/zephyr-chipyard-sw/modelblaster/examples/xpurt_demo_armB/int8/generated/3net_hetero_greedy_periodic.c:853:27: error: invalid suffix "NET_HETERO_GREEDY_PERIODIC_TABLE" on integer constant
846:/scratch/dima/rose-infra/RoSE/soc/sw/xpu-rt/zephyr-chipyard-sw/modelblaster/examples/xpurt_demo_armB/int8/generated/3net_hetero_greedy_periodic.c:853:27: error: expected identifier or '(' before numeric constant
847:/scratch/dima/rose-infra/RoSE/soc/sw/xpu-rt/zephyr-chipyard-sw/modelblaster/examples/xpurt_demo_armB/int8/generated/3net_hetero_greedy_periodic.c:853:61: error: invalid suffix "NET_HETERO_GREEDY_PERIODIC_N_ENTRIES" on integer constant
### ABORT build
