✓ Conda environment 'zephyr' activated successfully
Zephyr SDK environment variables set:
  ZEPHYR_BASE=/scratch/dima/rose-infra/RoSE/soc/sw/xpu-rt/zephyr-chipyard-sw/zephyr_ws/zephyr
  ZEPHYR_SDK_INSTALL_DIR=/scratch/dima/rose-infra/RoSE/soc/sw/xpu-rt/zephyr-chipyard-sw/tools-manual/zephyr-sdk-1.0.0-beta1
  ZEPHYR_TOOLCHAIN_VARIANT=zephyr
### tag=vint_gq31_purerefbase exdir=vint_kcovref target=gemmini_q31 quant=int8 2026-09-02T07:00:26Z
### env: MB_DRIFT_ATOL=<unset> GLOBAL_CURATED_DIR=<default kernels/>
[1/5] extract_graph (quant=int8) -> /scratch/dima/rose-infra/RoSE/soc/sw/xpu-rt/zephyr-chipyard-sw/modelblaster/examples/vint_kcovref/int8/generated
MODELBLASTER_STAGE_BEGIN:extract
  (skipped — IR present at /scratch/dima/rose-infra/RoSE/soc/sw/xpu-rt/zephyr-chipyard-sw/modelblaster/examples/vint_kcovref/int8/generated; set FORCE_EXTRACT=1 to re-run)
MODELBLASTER_STAGE_END:extract:0.001
[2/5] generate_skeleton (backend=gemmini_q31) -> /scratch/dima/rose-infra/RoSE/soc/sw/xpu-rt/zephyr-chipyard-sw/modelblaster/examples/vint_kcovref/int8/generated/gemmini_q31
MODELBLASTER_STAGE_BEGIN:generate_skeleton
wrote /scratch/dima/rose-infra/RoSE/soc/sw/xpu-rt/zephyr-chipyard-sw/modelblaster/examples/vint_kcovref/int8/generated/gemmini_q31/weights.h
wrote /scratch/dima/rose-infra/RoSE/soc/sw/xpu-rt/zephyr-chipyard-sw/modelblaster/examples/vint_kcovref/int8/generated/gemmini_q31/weights.c
wrote /scratch/dima/rose-infra/RoSE/soc/sw/xpu-rt/zephyr-chipyard-sw/modelblaster/examples/vint_kcovref/int8/generated/gemmini_q31/model.h
wrote /scratch/dima/rose-infra/RoSE/soc/sw/xpu-rt/zephyr-chipyard-sw/modelblaster/examples/vint_kcovref/int8/generated/gemmini_q31/model.c
wrote /scratch/dima/rose-infra/RoSE/soc/sw/xpu-rt/zephyr-chipyard-sw/modelblaster/examples/vint_kcovref/int8/generated/gemmini_q31/buffers.c
wrote /scratch/dima/rose-infra/RoSE/soc/sw/xpu-rt/zephyr-chipyard-sw/modelblaster/examples/vint_kcovref/int8/generated/gemmini_q31/test_io.h
MODELBLASTER_STAGE_END:generate_skeleton:12.170
[3/5] generate_kernels (backend=reference target=gemmini_q31 quant=int8 optimize=0) -> /scratch/dima/rose-infra/RoSE/soc/sw/xpu-rt/zephyr-chipyard-sw/modelblaster/examples/vint_kcovref/int8/generated/gemmini_q31
MODELBLASTER_STAGE_BEGIN:generate_kernels
backend=reference  target=gemmini_q31  ops=['adaptive_avg_pool2d_f16', 'adaptive_avg_pool2d_s8', 'add_f16', 'add_s8', 'batchnorm2d_f16', 'cast_f16_to_i8', 'cast_i8_to_f16', 'cat2_c1_f16', 'cat2_c1_s8', 'conv2d_f16', 'conv2d_s8_pc', 'depthwise_conv2d_f16', 'depthwise_conv2d_s8', 'gelu_s8', 'layer_norm_s8', 'linear_f16', 'linear_s8_pc', 'matmul_s8', 'mul_c1_f16', 'mul_c1_s8', 'mul_f16', 'mul_s8', 'pad_f16', 'pad_s8', 'relu_f16', 'sigmoid_f16', 'sigmoid_s8', 'slice_c_f16', 'softmax_s8', 'vint_action_post']
wrote /scratch/dima/rose-infra/RoSE/soc/sw/xpu-rt/zephyr-chipyard-sw/modelblaster/examples/vint_kcovref/int8/generated/gemmini_q31/kernels.h
wrote /scratch/dima/rose-infra/RoSE/soc/sw/xpu-rt/zephyr-chipyard-sw/modelblaster/examples/vint_kcovref/int8/generated/gemmini_q31/kernels.c  (source=reference target=gemmini_q31)
wrote /scratch/dima/rose-infra/RoSE/soc/sw/xpu-rt/zephyr-chipyard-sw/modelblaster/examples/vint_kcovref/int8/generated/gemmini_q31/kernel_picks.json
MODELBLASTER_STAGE_END:generate_kernels:0.251
[4/5] west build (board=spike_riscv64) -> /scratch/dima/rose-infra/RoSE/soc/sw/xpu-rt/zephyr-chipyard-sw/modelblaster/examples/vint_kcovref/int8/build/gemmini_q31
MODELBLASTER_STAGE_BEGIN:build
-- west build: generating a build system
Loading Zephyr default modules (Zephyr base).
-- Application: /scratch/dima/rose-infra/RoSE/soc/sw/xpu-rt/zephyr-chipyard-sw/modelblaster/harness
-- CMake version: 3.28.3
-- Found Python3: /scratch/dima/rose-infra/RoSE/soc/sw/xpu-rt/zephyr-chipyard-sw/tools/miniforge3/envs/zephyr/bin/python3.12 (found suitable version "3.12.13", minimum required is "3.10") found components: Interpreter 
-- Cache files will be written to: /home/dima/.cache/zephyr
-- Zephyr version: 4.2.99 (/scratch/dima/rose-infra/RoSE/soc/sw/xpu-rt/zephyr-chipyard-sw/zephyr_ws/zephyr)
-- Found west (found suitable version "1.5.0", minimum required is "0.14.0")
-- Board: spike_riscv64, qualifiers: rocketchip_virt_riscv64
-- Found host-tools: zephyr 1.0.0 (/scratch/dima/rose-infra/RoSE/soc/sw/xpu-rt/zephyr-chipyard-sw/tools-manual/zephyr-sdk-1.0.0-beta1)
-- Found toolchain: zephyr 1.0.0 (/scratch/dima/rose-infra/RoSE/soc/sw/xpu-rt/zephyr-chipyard-sw/tools-manual/zephyr-sdk-1.0.0-beta1)
-- Found Dtc: /scratch/dima/rose-infra/RoSE/soc/sw/xpu-rt/zephyr-chipyard-sw/tools-manual/zephyr-sdk-1.0.0-beta1/hosttools/sysroots/x86_64-pokysdk-linux/usr/bin/dtc (found suitable version "1.7.0", minimum required is "1.4.6") 
-- Found BOARD.dts: /scratch/dima/rose-infra/RoSE/soc/sw/xpu-rt/zephyr-chipyard-sw/zephyr_ws/zephyr/boards/spike/riscv64/spike_riscv64.dts
node '/uart' compatible 'ucb,htif' has unknown vendor prefix 'ucb'
-- Generated zephyr.dts: /scratch/dima/rose-infra/RoSE/soc/sw/xpu-rt/zephyr-chipyard-sw/modelblaster/examples/vint_kcovref/int8/build/gemmini_q31/zephyr/zephyr.dts
-- Generated pickled edt: /scratch/dima/rose-infra/RoSE/soc/sw/xpu-rt/zephyr-chipyard-sw/modelblaster/examples/vint_kcovref/int8/build/gemmini_q31/zephyr/edt.pickle
-- Generated devicetree_generated.h: /scratch/dima/rose-infra/RoSE/soc/sw/xpu-rt/zephyr-chipyard-sw/modelblaster/examples/vint_kcovref/int8/build/gemmini_q31/zephyr/include/generated/zephyr/devicetree_generated.h

warning: PRIVILEGED_STACK_SIZE (defined at soc/cdns/sample_controller32/Kconfig.defconfig:8,
soc/andestech/ae350/Kconfig.defconfig.ae350:15, arch/x86/Kconfig:495, arch/xtensa/Kconfig:250,
arch/arm64/core/Kconfig:132, arch/Kconfig:340) was assigned the value '2048' but got the value ''.
Check these unsatisfied dependencies: (SOC_XTENSA_SAMPLE_CONTROLLER32 || ((SOC_ANDES_AE350 ||
SOC_ANDES_AE350_CLIC) && SOC_SERIES_ANDES_AE350 && SOC_FAMILY_ANDES_V5) || X86 || (XTENSA_MMU &&
CPU_HAS_MMU && XTENSA) || ARM64 || USERSPACE) (=n). See
http://docs.zephyrproject.org/latest/kconfig.html#CONFIG_PRIVILEGED_STACK_SIZE and/or look up
PRIVILEGED_STACK_SIZE in the menuconfig/guiconfig interface. The Application Development Primer,
Setting Configuration Values, and Kconfig - Tips and Best Practices sections of the manual might be
helpful too.

Parsing /scratch/dima/rose-infra/RoSE/soc/sw/xpu-rt/zephyr-chipyard-sw/modelblaster/harness/Kconfig
Loaded configuration '/scratch/dima/rose-infra/RoSE/soc/sw/xpu-rt/zephyr-chipyard-sw/zephyr_ws/zephyr/boards/spike/riscv64/spike_riscv64_defconfig'
Merged configuration '/scratch/dima/rose-infra/RoSE/soc/sw/xpu-rt/zephyr-chipyard-sw/modelblaster/harness/prj.conf'
Merged configuration '/scratch/dima/rose-infra/RoSE/soc/sw/xpu-rt/zephyr-chipyard-sw/modelblaster/harness/backends/gemmini_q31.conf'
Merged configuration '/scratch/dima/rose-infra/RoSE/soc/sw/xpu-rt/zephyr-chipyard-sw/modelblaster/harness/backends/spike_single_core.conf'
Configuration saved to '/scratch/dima/rose-infra/RoSE/soc/sw/xpu-rt/zephyr-chipyard-sw/modelblaster/examples/vint_kcovref/int8/build/gemmini_q31/zephyr/.config'
Kconfig header saved to '/scratch/dima/rose-infra/RoSE/soc/sw/xpu-rt/zephyr-chipyard-sw/modelblaster/examples/vint_kcovref/int8/build/gemmini_q31/zephyr/include/generated/zephyr/autoconf.h'
-- Found GnuLd: /scratch/dima/rose-infra/RoSE/soc/sw/xpu-rt/zephyr-chipyard-sw/tools-manual/zephyr-sdk-1.0.0-beta1/gnu/riscv64-zephyr-elf/riscv64-zephyr-elf/bin/ld.bfd (found version "2.43.1") 
-- The C compiler identification is GNU 14.3.0
-- The CXX compiler identification is GNU 14.3.0
-- The ASM compiler identification is GNU
-- Found assembler: /scratch/dima/rose-infra/RoSE/soc/sw/xpu-rt/zephyr-chipyard-sw/tools-manual/zephyr-sdk-1.0.0-beta1/gnu/riscv64-zephyr-elf/bin/riscv64-zephyr-elf-gcc
-- Using ccache: /usr/bin/ccache
-- Found gen_kobject_list: /scratch/dima/rose-infra/RoSE/soc/sw/xpu-rt/zephyr-chipyard-sw/zephyr_ws/zephyr/scripts/build/gen_kobject_list.py
-- modelblaster harness MODEL_DIR=/scratch/dima/rose-infra/RoSE/soc/sw/xpu-rt/zephyr-chipyard-sw/modelblaster/examples/vint_kcovref/int8/generated/gemmini_q31  backend=gemmini_q31
-- modelblaster harness kernel cflags=-march=rv64imafdc;-mabi=lp64d;-isystem/scratch/dima/rose-infra/RoSE/soc/sw/xpu-rt/zephyr-chipyard-sw/modelblaster/modelblaster/cores/gemmini/include/per_config/default16x16;-isystem/scratch/dima/rose-infra/RoSE/soc/sw/xpu-rt/zephyr-chipyard-sw/modelblaster/cores/gemmini/include;-isystem/scratch/dima/rose-infra/RoSE/soc/sw/xpu-rt/zephyr-chipyard-sw/modelblaster/cores/gemmini;-DGEMMINI_ROCC;-DBAREMETAL;-DMODELBLASTER_GEMMINI_HWIO_WEIGHTS=1;-DMODELBLASTER_GEMMINI_Q31_ACC_SCALE=1
-- Configuring done (4.0s)
-- Generating done (0.0s)
-- Build files have been written to: /scratch/dima/rose-infra/RoSE/soc/sw/xpu-rt/zephyr-chipyard-sw/modelblaster/examples/vint_kcovref/int8/build/gemmini_q31
-- west build: building application
[1/127] Preparing syscall dependency handling

[2/127] Generating misc/generated/syscalls_subdirs.trigger
[3/127] Generating misc/generated/syscalls.json, misc/generated/struct_tags.json
[4/127] Generating include/generated/device-api-sections.ld, include/generated/device-api-sections.cmake
[5/127] Generating include/generated/zephyr/syscall_dispatch.c, include/generated/zephyr/syscall_exports_llext.c, syscall_weakdefs_llext.c, include/generated/zephyr/syscall_list.h
[6/127] Generating include/generated/zephyr/kobj-types-enum.h, include/generated/zephyr/otype-to-str.h, include/generated/zephyr/otype-to-size.h
[7/127] Generating include/generated/zephyr/driver-validation.h
[8/127] Building C object zephyr/CMakeFiles/offsets.dir/arch/riscv/core/offsets/offsets.c.obj
[9/127] Generating include/generated/zephyr/offsets.h
[10/127] Generating include/generated/zephyr/version.h
-- Zephyr version: 4.2.99 (/scratch/dima/rose-infra/RoSE/soc/sw/xpu-rt/zephyr-chipyard-sw/zephyr_ws/zephyr), build: c93d5bdb6078
[11/127] Building ASM object CMakeFiles/app.dir/scratch/dima/rose-infra/RoSE/soc/sw/xpu-rt/zephyr-chipyard-sw/modelblaster/examples/vint_kcovref/int8/generated/gemmini_q31/test_io.S.obj
[12/127] Building ASM object zephyr/CMakeFiles/zephyr.dir/soc/common/riscv-privileged/vector.S.obj
[13/127] Building C object zephyr/CMakeFiles/zephyr.dir/lib/utils/last_section_id.c.obj
[14/127] Building C object CMakeFiles/app.dir/scratch/dima/rose-infra/RoSE/soc/sw/xpu-rt/zephyr-chipyard-sw/modelblaster/examples/vint_kcovref/int8/generated/gemmini_q31/buffers.c.obj
[15/127] Generating linker_zephyr_pre0.cmd
[16/127] Building C object zephyr/CMakeFiles/zephyr.dir/misc/generated/configs.c.obj
[17/127] Building C object zephyr/CMakeFiles/zephyr.dir/lib/utils/dec.c.obj
[18/127] Building ASM object zephyr/CMakeFiles/zephyr.dir/soc/common/riscv-privileged/soc_irq.S.obj
[19/127] Building C object zephyr/arch/common/CMakeFiles/arch__common.dir/init.c.obj
[20/127] Building ASM object zephyr/arch/arch/riscv/core/CMakeFiles/arch__riscv__core.dir/reset.S.obj
[21/127] Building ASM object zephyr/arch/arch/riscv/core/CMakeFiles/arch__riscv__core.dir/fpu.S.obj
[22/127] Building C object zephyr/CMakeFiles/zephyr.dir/lib/libc/validate_libc.c.obj
[23/127] Building C object zephyr/CMakeFiles/zephyr.dir/lib/utils/timeutil.c.obj
[24/127] Building C object zephyr/CMakeFiles/zephyr.dir/soc/rocketchip/virt_riscv/common/tacit/tacit.c.obj
In file included from /scratch/dima/rose-infra/RoSE/soc/sw/xpu-rt/zephyr-chipyard-sw/zephyr_ws/zephyr/soc/rocketchip/virt_riscv/common/tacit/tacit.c:6:
/scratch/dima/rose-infra/RoSE/soc/sw/xpu-rt/zephyr-chipyard-sw/zephyr_ws/zephyr/soc/rocketchip/virt_riscv/common/tacit/tacit.h: In function 'l_trace_encoder_get':
/scratch/dima/rose-infra/RoSE/soc/sw/xpu-rt/zephyr-chipyard-sw/zephyr_ws/zephyr/soc/rocketchip/virt_riscv/common/tacit/tacit.h:50:10: warning: cast to pointer from integer of different size [-Wint-to-pointer-cast]
   50 |   return (LTraceEncoderType *)(L_TRACE_ENCODER_BASE_ADDRESS + hart_id * 0x1000);
      |          ^
/scratch/dima/rose-infra/RoSE/soc/sw/xpu-rt/zephyr-chipyard-sw/zephyr_ws/zephyr/soc/rocketchip/virt_riscv/common/tacit/tacit.h: In function 'l_trace_sink_dma_get':
/scratch/dima/rose-infra/RoSE/soc/sw/xpu-rt/zephyr-chipyard-sw/zephyr_ws/zephyr/soc/rocketchip/virt_riscv/common/tacit/tacit.h:54:10: warning: cast to pointer from integer of different size [-Wint-to-pointer-cast]
   54 |   return (LTraceSinkDmaType *)(L_TRACE_SINK_DMA_BASE_ADDRESS + hart_id * 0x1000);
      |          ^
[25/127] Building C object zephyr/arch/common/CMakeFiles/arch__common.dir/sw_isr_common.c.obj
[26/127] Building C object zephyr/CMakeFiles/zephyr.dir/subsys/tracing/tracing_none.c.obj
[27/127] Building C object zephyr/CMakeFiles/zephyr_pre0.dir/misc/empty_file.c.obj
[28/127] Building C object zephyr/arch/arch/riscv/core/CMakeFiles/arch__riscv__core.dir/cpu_idle.c.obj
[29/127] Building C object zephyr/CMakeFiles/zephyr.dir/lib/utils/hex.c.obj
[30/127] Building C object zephyr/CMakeFiles/zephyr.dir/lib/os/thread_entry.c.obj
[31/127] Building C object zephyr/CMakeFiles/zephyr.dir/lib/utils/bitmask.c.obj
[32/127] Building C object zephyr/arch/arch/riscv/core/CMakeFiles/arch__riscv__core.dir/fpu.c.obj
[33/127] Building ASM object zephyr/arch/arch/riscv/core/CMakeFiles/arch__riscv__core.dir/switch.S.obj
[34/127] Building C object zephyr/CMakeFiles/zephyr.dir/lib/os/reboot.c.obj
[35/127] Building C object CMakeFiles/app.dir/src/main.c.obj
[36/127] Building C object zephyr/lib/libc/common/CMakeFiles/lib__libc__common.dir/source/time/time.c.obj
[37/127] Building C object zephyr/CMakeFiles/zephyr.dir/lib/utils/ring_buffer.c.obj
[38/127] Building ASM object zephyr/arch/arch/riscv/core/CMakeFiles/arch__riscv__core.dir/isr.S.obj
[39/127] Building C object zephyr/CMakeFiles/zephyr.dir/lib/os/printk.c.obj
[40/127] Building C object zephyr/lib/libc/picolibc/CMakeFiles/lib__libc__picolibc.dir/chk_fail.c.obj
[41/127] Building C object zephyr/arch/common/CMakeFiles/isr_tables.dir/isr_tables.c.obj
[42/127] Building C object zephyr/CMakeFiles/zephyr.dir/soc/common/riscv-privileged/soc_common_irq.c.obj
[43/127] Building C object zephyr/arch/arch/riscv/core/CMakeFiles/arch__riscv__core.dir/reboot.c.obj
[44/127] Building C object zephyr/lib/libc/picolibc/CMakeFiles/lib__libc__picolibc.dir/errno_wrap.c.obj
[45/127] Building C object zephyr/lib/libc/picolibc/CMakeFiles/lib__libc__picolibc.dir/assert.c.obj
[46/127] Building C object zephyr/kernel/CMakeFiles/kernel.dir/version.c.obj
[47/127] Building C object zephyr/arch/arch/riscv/core/CMakeFiles/arch__riscv__core.dir/fatal.c.obj
[48/127] Building C object zephyr/arch/arch/riscv/core/CMakeFiles/arch__riscv__core.dir/irq_manage.c.obj
[49/127] Building C object zephyr/lib/posix/c_lib_ext/CMakeFiles/lib__posix__c_lib_ext.dir/fnmatch.c.obj
[50/127] Linking C static library zephyr/arch/common/libisr_tables.a
[51/127] Building C object zephyr/lib/libc/picolibc/CMakeFiles/lib__libc__picolibc.dir/stdio.c.obj
[52/127] Building C object zephyr/CMakeFiles/zephyr.dir/lib/os/assert.c.obj
[53/127] Building C object zephyr/arch/arch/riscv/core/CMakeFiles/arch__riscv__core.dir/stacktrace.c.obj
[54/127] Building C object zephyr/arch/arch/riscv/core/CMakeFiles/arch__riscv__core.dir/thread.c.obj
[55/127] Building C object zephyr/drivers/timer/CMakeFiles/drivers__timer.dir/riscv_machine_timer.c.obj
[56/127] Building C object zephyr/lib/posix/c_lib_ext/CMakeFiles/lib__posix__c_lib_ext.dir/getentropy.c.obj
In file included from /scratch/dima/rose-infra/RoSE/soc/sw/xpu-rt/zephyr-chipyard-sw/zephyr_ws/zephyr/include/zephyr/posix/sys/sysconf.h:11,
                 from /scratch/dima/rose-infra/RoSE/soc/sw/xpu-rt/zephyr-chipyard-sw/zephyr_ws/zephyr/include/zephyr/posix/unistd.h:18,
                 from /scratch/dima/rose-infra/RoSE/soc/sw/xpu-rt/zephyr-chipyard-sw/zephyr_ws/zephyr/lib/posix/c_lib_ext/getentropy.c:11:
/scratch/dima/rose-infra/RoSE/soc/sw/xpu-rt/zephyr-chipyard-sw/zephyr_ws/zephyr/include/zephyr/posix/posix_limits.h:23:9: warning: "_POSIX_AIO_LISTIO_MAX" redefined
   23 | #define _POSIX_AIO_LISTIO_MAX               (2)
      |         ^~~~~~~~~~~~~~~~~~~~~
In file included from /scratch/dima/rose-infra/RoSE/soc/sw/xpu-rt/zephyr-chipyard-sw/tools-manual/zephyr-sdk-1.0.0-beta1/gnu/riscv64-zephyr-elf/riscv64-zephyr-elf/sys-include/limits.h:6,
                 from /scratch/dima/rose-infra/RoSE/soc/sw/xpu-rt/zephyr-chipyard-sw/tools-manual/zephyr-sdk-1.0.0-beta1/gnu/riscv64-zephyr-elf/lib/gcc/riscv64-zephyr-elf/14.3.0/include/limits.h:210,
                 from /scratch/dima/rose-infra/RoSE/soc/sw/xpu-rt/zephyr-chipyard-sw/tools-manual/zephyr-sdk-1.0.0-beta1/gnu/riscv64-zephyr-elf/lib/gcc/riscv64-zephyr-elf/14.3.0/include/syslimits.h:7,
                 from /scratch/dima/rose-infra/RoSE/soc/sw/xpu-rt/zephyr-chipyard-sw/tools-manual/zephyr-sdk-1.0.0-beta1/gnu/riscv64-zephyr-elf/lib/gcc/riscv64-zephyr-elf/14.3.0/include/limits.h:34,
                 from /scratch/dima/rose-infra/RoSE/soc/sw/xpu-rt/zephyr-chipyard-sw/zephyr_ws/zephyr/include/zephyr/kernel_includes.h:22,
                 from /scratch/dima/rose-infra/RoSE/soc/sw/xpu-rt/zephyr-chipyard-sw/zephyr_ws/zephyr/include/zephyr/kernel.h:17,
                 from /scratch/dima/rose-infra/RoSE/soc/sw/xpu-rt/zephyr-chipyard-sw/zephyr_ws/zephyr/lib/posix/c_lib_ext/getentropy.c:10:
/scratch/dima/rose-infra/RoSE/soc/sw/xpu-rt/zephyr-chipyard-sw/tools-manual/zephyr-sdk-1.0.0-beta1/gnu/riscv64-zephyr-elf/riscv64-zephyr-elf/sys-include/sys/syslimits.h:63:9: note: this is the location of the previous definition
   63 | #define _POSIX_AIO_LISTIO_MAX   2
      |         ^~~~~~~~~~~~~~~~~~~~~
/scratch/dima/rose-infra/RoSE/soc/sw/xpu-rt/zephyr-chipyard-sw/zephyr_ws/zephyr/include/zephyr/posix/posix_limits.h:24:9: warning: "_POSIX_AIO_MAX" redefined
   24 | #define _POSIX_AIO_MAX                      (1)
      |         ^~~~~~~~~~~~~~
/scratch/dima/rose-infra/RoSE/soc/sw/xpu-rt/zephyr-chipyard-sw/tools-manual/zephyr-sdk-1.0.0-beta1/gnu/riscv64-zephyr-elf/riscv64-zephyr-elf/sys-include/sys/syslimits.h:64:9: note: this is the location of the previous definition
   64 | #define _POSIX_AIO_MAX          1
      |         ^~~~~~~~~~~~~~
/scratch/dima/rose-infra/RoSE/soc/sw/xpu-rt/zephyr-chipyard-sw/zephyr_ws/zephyr/include/zephyr/posix/posix_limits.h:25:9: warning: "_POSIX_ARG_MAX" redefined
   25 | #define _POSIX_ARG_MAX                      (4096)
      |         ^~~~~~~~~~~~~~
/scratch/dima/rose-infra/RoSE/soc/sw/xpu-rt/zephyr-chipyard-sw/tools-manual/zephyr-sdk-1.0.0-beta1/gnu/riscv64-zephyr-elf/riscv64-zephyr-elf/sys-include/sys/syslimits.h:65:9: note: this is the location of the previous definition
   65 | #define _POSIX_ARG_MAX          4096
      |         ^~~~~~~~~~~~~~
/scratch/dima/rose-infra/RoSE/soc/sw/xpu-rt/zephyr-chipyard-sw/zephyr_ws/zephyr/include/zephyr/posix/posix_limits.h:26:9: warning: "_POSIX_CHILD_MAX" redefined
   26 | #define _POSIX_CHILD_MAX                    (25)
      |         ^~~~~~~~~~~~~~~~
/scratch/dima/rose-infra/RoSE/soc/sw/xpu-rt/zephyr-chipyard-sw/tools-manual/zephyr-sdk-1.0.0-beta1/gnu/riscv64-zephyr-elf/riscv64-zephyr-elf/sys-include/sys/syslimits.h:66:9: note: this is the location of the previous definition
   66 | #define _POSIX_CHILD_MAX        6
      |         ^~~~~~~~~~~~~~~~
/scratch/dima/rose-infra/RoSE/soc/sw/xpu-rt/zephyr-chipyard-sw/zephyr_ws/zephyr/include/zephyr/posix/posix_limits.h:27:9: warning: "_POSIX_DELAYTIMER_MAX" redefined
   27 | #define _POSIX_DELAYTIMER_MAX               (32)
      |         ^~~~~~~~~~~~~~~~~~~~~
/scratch/dima/rose-infra/RoSE/soc/sw/xpu-rt/zephyr-chipyard-sw/tools-manual/zephyr-sdk-1.0.0-beta1/gnu/riscv64-zephyr-elf/riscv64-zephyr-elf/sys-include/sys/syslimits.h:67:9: note: this is the location of the previous definition
   67 | #define _POSIX_DELAYTIMER_MAX   32
      |         ^~~~~~~~~~~~~~~~~~~~~
/scratch/dima/rose-infra/RoSE/soc/sw/xpu-rt/zephyr-chipyard-sw/zephyr_ws/zephyr/include/zephyr/posix/posix_limits.h:28:9: warning: "_POSIX_HOST_NAME_MAX" redefined
   28 | #define _POSIX_HOST_NAME_MAX                (255)
      |         ^~~~~~~~~~~~~~~~~~~~
/scratch/dima/rose-infra/RoSE/soc/sw/xpu-rt/zephyr-chipyard-sw/tools-manual/zephyr-sdk-1.0.0-beta1/gnu/riscv64-zephyr-elf/riscv64-zephyr-elf/sys-include/sys/syslimits.h:68:9: note: this is the location of the previous definition
   68 | #define _POSIX_HOST_NAME_MAX    255
      |         ^~~~~~~~~~~~~~~~~~~~
/scratch/dima/rose-infra/RoSE/soc/sw/xpu-rt/zephyr-chipyard-sw/zephyr_ws/zephyr/include/zephyr/posix/posix_limits.h:29:9: warning: "_POSIX_LINK_MAX" redefined
   29 | #define _POSIX_LINK_MAX                     (8)
      |         ^~~~~~~~~~~~~~~
/scratch/dima/rose-infra/RoSE/soc/sw/xpu-rt/zephyr-chipyard-sw/tools-manual/zephyr-sdk-1.0.0-beta1/gnu/riscv64-zephyr-elf/riscv64-zephyr-elf/sys-include/sys/syslimits.h:69:9: note: this is the location of the previous definition
   69 | #define _POSIX_LINK_MAX         8
      |         ^~~~~~~~~~~~~~~
/scratch/dima/rose-infra/RoSE/soc/sw/xpu-rt/zephyr-chipyard-sw/zephyr_ws/zephyr/include/zephyr/posix/posix_limits.h:30:9: warning: "_POSIX_LOGIN_NAME_MAX" redefined
   30 | #define _POSIX_LOGIN_NAME_MAX               (9)
      |         ^~~~~~~~~~~~~~~~~~~~~
/scratch/dima/rose-infra/RoSE/soc/sw/xpu-rt/zephyr-chipyard-sw/tools-manual/zephyr-sdk-1.0.0-beta1/gnu/riscv64-zephyr-elf/riscv64-zephyr-elf/sys-include/sys/syslimits.h:70:9: note: this is the location of the previous definition
   70 | #define _POSIX_LOGIN_NAME_MAX   9
      |         ^~~~~~~~~~~~~~~~~~~~~
/scratch/dima/rose-infra/RoSE/soc/sw/xpu-rt/zephyr-chipyard-sw/zephyr_ws/zephyr/include/zephyr/posix/posix_limits.h:31:9: warning: "_POSIX_MAX_CANON" redefined
   31 | #define _POSIX_MAX_CANON                    (255)
      |         ^~~~~~~~~~~~~~~~
/scratch/dima/rose-infra/RoSE/soc/sw/xpu-rt/zephyr-chipyard-sw/tools-manual/zephyr-sdk-1.0.0-beta1/gnu/riscv64-zephyr-elf/riscv64-zephyr-elf/sys-include/sys/syslimits.h:71:9: note: this is the location of the previous definition
   71 | #define _POSIX_MAX_CANON        255
      |         ^~~~~~~~~~~~~~~~
/scratch/dima/rose-infra/RoSE/soc/sw/xpu-rt/zephyr-chipyard-sw/zephyr_ws/zephyr/include/zephyr/posix/posix_limits.h:32:9: warning: "_POSIX_MAX_INPUT" redefined
   32 | #define _POSIX_MAX_INPUT                    (255)
      |         ^~~~~~~~~~~~~~~~
/scratch/dima/rose-infra/RoSE/soc/sw/xpu-rt/zephyr-chipyard-sw/tools-manual/zephyr-sdk-1.0.0-beta1/gnu/riscv64-zephyr-elf/riscv64-zephyr-elf/sys-include/sys/syslimits.h:72:9: note: this is the location of the previous definition
   72 | #define _POSIX_MAX_INPUT        255
      |         ^~~~~~~~~~~~~~~~
/scratch/dima/rose-infra/RoSE/soc/sw/xpu-rt/zephyr-chipyard-sw/zephyr_ws/zephyr/include/zephyr/posix/posix_limits.h:33:9: warning: "_POSIX_MQ_OPEN_MAX" redefined
   33 | #define _POSIX_MQ_OPEN_MAX                  (8)
      |         ^~~~~~~~~~~~~~~~~~
/scratch/dima/rose-infra/RoSE/soc/sw/xpu-rt/zephyr-chipyard-sw/tools-manual/zephyr-sdk-1.0.0-beta1/gnu/riscv64-zephyr-elf/riscv64-zephyr-elf/sys-include/sys/syslimits.h:73:9: note: this is the location of the previous definition
   73 | #define _POSIX_MQ_OPEN_MAX      8
      |         ^~~~~~~~~~~~~~~~~~
/scratch/dima/rose-infra/RoSE/soc/sw/xpu-rt/zephyr-chipyard-sw/zephyr_ws/zephyr/include/zephyr/posix/posix_limits.h:34:9: warning: "_POSIX_MQ_PRIO_MAX" redefined
   34 | #define _POSIX_MQ_PRIO_MAX                  (32)
      |         ^~~~~~~~~~~~~~~~~~
/scratch/dima/rose-infra/RoSE/soc/sw/xpu-rt/zephyr-chipyard-sw/tools-manual/zephyr-sdk-1.0.0-beta1/gnu/riscv64-zephyr-elf/riscv64-zephyr-elf/sys-include/sys/syslimits.h:74:9: note: this is the location of the previous definition
   74 | #define _POSIX_MQ_PRIO_MAX      32
      |         ^~~~~~~~~~~~~~~~~~
/scratch/dima/rose-infra/RoSE/soc/sw/xpu-rt/zephyr-chipyard-sw/zephyr_ws/zephyr/include/zephyr/posix/posix_limits.h:35:9: warning: "_POSIX_NAME_MAX" redefined
   35 | #define _POSIX_NAME_MAX                     (14)
      |         ^~~~~~~~~~~~~~~
/scratch/dima/rose-infra/RoSE/soc/sw/xpu-rt/zephyr-chipyard-sw/tools-manual/zephyr-sdk-1.0.0-beta1/gnu/riscv64-zephyr-elf/riscv64-zephyr-elf/sys-include/sys/syslimits.h:75:9: note: this is the location of the previous definition
   75 | #define _POSIX_NAME_MAX         14
      |         ^~~~~~~~~~~~~~~
/scratch/dima/rose-infra/RoSE/soc/sw/xpu-rt/zephyr-chipyard-sw/zephyr_ws/zephyr/include/zephyr/posix/posix_limits.h:36:9: warning: "_POSIX_NGROUPS_MAX" redefined
   36 | #define _POSIX_NGROUPS_MAX                  (8)
      |         ^~~~~~~~~~~~~~~~~~
/scratch/dima/rose-infra/RoSE/soc/sw/xpu-rt/zephyr-chipyard-sw/tools-manual/zephyr-sdk-1.0.0-beta1/gnu/riscv64-zephyr-elf/riscv64-zephyr-elf/sys-include/sys/syslimits.h:76:9: note: this is the location of the previous definition
   76 | #define _POSIX_NGROUPS_MAX      0
      |         ^~~~~~~~~~~~~~~~~~
/scratch/dima/rose-infra/RoSE/soc/sw/xpu-rt/zephyr-chipyard-sw/zephyr_ws/zephyr/include/zephyr/posix/posix_limits.h:37:9: warning: "_POSIX_OPEN_MAX" redefined
   37 | #define _POSIX_OPEN_MAX                     (20)
      |         ^~~~~~~~~~~~~~~
/scratch/dima/rose-infra/RoSE/soc/sw/xpu-rt/zephyr-chipyard-sw/tools-manual/zephyr-sdk-1.0.0-beta1/gnu/riscv64-zephyr-elf/riscv64-zephyr-elf/sys-include/sys/syslimits.h:77:9: note: this is the location of the previous definition
   77 | #define _POSIX_OPEN_MAX         16
      |         ^~~~~~~~~~~~~~~
/scratch/dima/rose-infra/RoSE/soc/sw/xpu-rt/zephyr-chipyard-sw/zephyr_ws/zephyr/include/zephyr/posix/posix_limits.h:38:9: warning: "_POSIX_PATH_MAX" redefined
   38 | #define _POSIX_PATH_MAX                     (256)
      |         ^~~~~~~~~~~~~~~
/scratch/dima/rose-infra/RoSE/soc/sw/xpu-rt/zephyr-chipyard-sw/tools-manual/zephyr-sdk-1.0.0-beta1/gnu/riscv64-zephyr-elf/riscv64-zephyr-elf/sys-include/sys/syslimits.h:78:9: note: this is the location of the previous definition
   78 | #define _POSIX_PATH_MAX         255
      |         ^~~~~~~~~~~~~~~
/scratch/dima/rose-infra/RoSE/soc/sw/xpu-rt/zephyr-chipyard-sw/zephyr_ws/zephyr/include/zephyr/posix/posix_limits.h:39:9: warning: "_POSIX_PIPE_BUF" redefined
   39 | #define _POSIX_PIPE_BUF                     (512)
      |         ^~~~~~~~~~~~~~~
/scratch/dima/rose-infra/RoSE/soc/sw/xpu-rt/zephyr-chipyard-sw/tools-manual/zephyr-sdk-1.0.0-beta1/gnu/riscv64-zephyr-elf/riscv64-zephyr-elf/sys-include/sys/syslimits.h:79:9: note: this is the location of the previous definition
   79 | #define _POSIX_PIPE_BUF         512
      |         ^~~~~~~~~~~~~~~
/scratch/dima/rose-infra/RoSE/soc/sw/xpu-rt/zephyr-chipyard-sw/zephyr_ws/zephyr/include/zephyr/posix/posix_limits.h:40:9: warning: "_POSIX_RE_DUP_MAX" redefined
   40 | #define _POSIX_RE_DUP_MAX                   (255)
      |         ^~~~~~~~~~~~~~~~~
/scratch/dima/rose-infra/RoSE/soc/sw/xpu-rt/zephyr-chipyard-sw/tools-manual/zephyr-sdk-1.0.0-beta1/gnu/riscv64-zephyr-elf/riscv64-zephyr-elf/sys-include/sys/syslimits.h:80:9: note: this is the location of the previous definition
   80 | #define _POSIX_RE_DUP_MAX       255
      |         ^~~~~~~~~~~~~~~~~
/scratch/dima/rose-infra/RoSE/soc/sw/xpu-rt/zephyr-chipyard-sw/zephyr_ws/zephyr/include/zephyr/posix/posix_limits.h:41:9: warning: "_POSIX_RTSIG_MAX" redefined
   41 | #define _POSIX_RTSIG_MAX                    (8)
      |         ^~~~~~~~~~~~~~~~
/scratch/dima/rose-infra/RoSE/soc/sw/xpu-rt/zephyr-chipyard-sw/tools-manual/zephyr-sdk-1.0.0-beta1/gnu/riscv64-zephyr-elf/riscv64-zephyr-elf/sys-include/sys/syslimits.h:81:9: note: this is the location of the previous definition
   81 | #define _POSIX_RTSIG_MAX        8
      |         ^~~~~~~~~~~~~~~~
/scratch/dima/rose-infra/RoSE/soc/sw/xpu-rt/zephyr-chipyard-sw/zephyr_ws/zephyr/include/zephyr/posix/posix_limits.h:42:9: warning: "_POSIX_SEM_NSEMS_MAX" redefined
   42 | #define _POSIX_SEM_NSEMS_MAX                (256)
      |         ^~~~~~~~~~~~~~~~~~~~
/scratch/dima/rose-infra/RoSE/soc/sw/xpu-rt/zephyr-chipyard-sw/tools-manual/zephyr-sdk-1.0.0-beta1/gnu/riscv64-zephyr-elf/riscv64-zephyr-elf/sys-include/sys/syslimits.h:82:9: note: this is the location of the previous definition
   82 | #define _POSIX_SEM_NSEMS_MAX    256
      |         ^~~~~~~~~~~~~~~~~~~~
/scratch/dima/rose-infra/RoSE/soc/sw/xpu-rt/zephyr-chipyard-sw/zephyr_ws/zephyr/include/zephyr/posix/posix_limits.h:43:9: warning: "_POSIX_SEM_VALUE_MAX" redefined
   43 | #define _POSIX_SEM_VALUE_MAX                (32767)
      |         ^~~~~~~~~~~~~~~~~~~~
/scratch/dima/rose-infra/RoSE/soc/sw/xpu-rt/zephyr-chipyard-sw/tools-manual/zephyr-sdk-1.0.0-beta1/gnu/riscv64-zephyr-elf/riscv64-zephyr-elf/sys-include/sys/syslimits.h:83:9: note: this is the location of the previous definition
   83 | #define _POSIX_SEM_VALUE_MAX    32767
      |         ^~~~~~~~~~~~~~~~~~~~
/scratch/dima/rose-infra/RoSE/soc/sw/xpu-rt/zephyr-chipyard-sw/zephyr_ws/zephyr/include/zephyr/posix/posix_limits.h:44:9: warning: "_POSIX_SIGQUEUE_MAX" redefined
   44 | #define _POSIX_SIGQUEUE_MAX                 (32)
      |         ^~~~~~~~~~~~~~~~~~~
/scratch/dima/rose-infra/RoSE/soc/sw/xpu-rt/zephyr-chipyard-sw/tools-manual/zephyr-sdk-1.0.0-beta1/gnu/riscv64-zephyr-elf/riscv64-zephyr-elf/sys-include/sys/syslimits.h:84:9: note: this is the location of the previous definition
   84 | #define _POSIX_SIGQUEUE_MAX     32
      |         ^~~~~~~~~~~~~~~~~~~
/scratch/dima/rose-infra/RoSE/soc/sw/xpu-rt/zephyr-chipyard-sw/zephyr_ws/zephyr/include/zephyr/posix/posix_limits.h:45:9: warning: "_POSIX_SSIZE_MAX" redefined
   45 | #define _POSIX_SSIZE_MAX                    (32767)
      |         ^~~~~~~~~~~~~~~~
/scratch/dima/rose-infra/RoSE/soc/sw/xpu-rt/zephyr-chipyard-sw/tools-manual/zephyr-sdk-1.0.0-beta1/gnu/riscv64-zephyr-elf/riscv64-zephyr-elf/sys-include/sys/syslimits.h:85:9: note: this is the location of the previous definition
   85 | #define _POSIX_SSIZE_MAX        32767
      |         ^~~~~~~~~~~~~~~~
/scratch/dima/rose-infra/RoSE/soc/sw/xpu-rt/zephyr-chipyard-sw/zephyr_ws/zephyr/include/zephyr/posix/posix_limits.h:46:9: warning: "_POSIX_SS_REPL_MAX" redefined
   46 | #define _POSIX_SS_REPL_MAX                  (4)
      |         ^~~~~~~~~~~~~~~~~~
/scratch/dima/rose-infra/RoSE/soc/sw/xpu-rt/zephyr-chipyard-sw/tools-manual/zephyr-sdk-1.0.0-beta1/gnu/riscv64-zephyr-elf/riscv64-zephyr-elf/sys-include/sys/syslimits.h:86:9: note: this is the location of the previous definition
   86 | #define _POSIX_SS_REPL_MAX      4
      |         ^~~~~~~~~~~~~~~~~~
/scratch/dima/rose-infra/RoSE/soc/sw/xpu-rt/zephyr-chipyard-sw/zephyr_ws/zephyr/include/zephyr/posix/posix_limits.h:47:9: warning: "_POSIX_STREAM_MAX" redefined
   47 | #define _POSIX_STREAM_MAX                   (8)
      |         ^~~~~~~~~~~~~~~~~
/scratch/dima/rose-infra/RoSE/soc/sw/xpu-rt/zephyr-chipyard-sw/tools-manual/zephyr-sdk-1.0.0-beta1/gnu/riscv64-zephyr-elf/riscv64-zephyr-elf/sys-include/sys/syslimits.h:87:9: note: this is the location of the previous definition
   87 | #define _POSIX_STREAM_MAX       8
      |         ^~~~~~~~~~~~~~~~~
/scratch/dima/rose-infra/RoSE/soc/sw/xpu-rt/zephyr-chipyard-sw/zephyr_ws/zephyr/include/zephyr/posix/posix_limits.h:48:9: warning: "_POSIX_SYMLINK_MAX" redefined
   48 | #define _POSIX_SYMLINK_MAX                  (255)
      |         ^~~~~~~~~~~~~~~~~~
/scratch/dima/rose-infra/RoSE/soc/sw/xpu-rt/zephyr-chipyard-sw/tools-manual/zephyr-sdk-1.0.0-beta1/gnu/riscv64-zephyr-elf/riscv64-zephyr-elf/sys-include/sys/syslimits.h:88:9: note: this is the location of the previous definition
   88 | #define _POSIX_SYMLINK_MAX      255
      |         ^~~~~~~~~~~~~~~~~~
/scratch/dima/rose-infra/RoSE/soc/sw/xpu-rt/zephyr-chipyard-sw/zephyr_ws/zephyr/include/zephyr/posix/posix_limits.h:49:9: warning: "_POSIX_SYMLOOP_MAX" redefined
   49 | #define _POSIX_SYMLOOP_MAX                  (8)
      |         ^~~~~~~~~~~~~~~~~~
/scratch/dima/rose-infra/RoSE/soc/sw/xpu-rt/zephyr-chipyard-sw/tools-manual/zephyr-sdk-1.0.0-beta1/gnu/riscv64-zephyr-elf/riscv64-zephyr-elf/sys-include/sys/syslimits.h:89:9: note: this is the location of the previous definition
   89 | #define _POSIX_SYMLOOP_MAX      8
      |         ^~~~~~~~~~~~~~~~~~
/scratch/dima/rose-infra/RoSE/soc/sw/xpu-rt/zephyr-chipyard-sw/zephyr_ws/zephyr/include/zephyr/posix/posix_limits.h:50:9: warning: "_POSIX_THREAD_DESTRUCTOR_ITERATIONS" redefined
   50 | #define _POSIX_THREAD_DESTRUCTOR_ITERATIONS (4)
      |         ^~~~~~~~~~~~~~~~~~~~~~~~~~~~~~~~~~~
/scratch/dima/rose-infra/RoSE/soc/sw/xpu-rt/zephyr-chipyard-sw/tools-manual/zephyr-sdk-1.0.0-beta1/gnu/riscv64-zephyr-elf/riscv64-zephyr-elf/sys-include/sys/syslimits.h:90:9: note: this is the location of the previous definition
   90 | #define _POSIX_THREAD_DESTRUCTOR_ITERATIONS     4
      |         ^~~~~~~~~~~~~~~~~~~~~~~~~~~~~~~~~~~
/scratch/dima/rose-infra/RoSE/soc/sw/xpu-rt/zephyr-chipyard-sw/zephyr_ws/zephyr/include/zephyr/posix/posix_limits.h:51:9: warning: "_POSIX_THREAD_KEYS_MAX" redefined
   51 | #define _POSIX_THREAD_KEYS_MAX              (128)
      |         ^~~~~~~~~~~~~~~~~~~~~~
/scratch/dima/rose-infra/RoSE/soc/sw/xpu-rt/zephyr-chipyard-sw/tools-manual/zephyr-sdk-1.0.0-beta1/gnu/riscv64-zephyr-elf/riscv64-zephyr-elf/sys-include/sys/syslimits.h:91:9: note: this is the location of the previous definition
   91 | #define _POSIX_THREAD_KEYS_MAX  128
      |         ^~~~~~~~~~~~~~~~~~~~~~
/scratch/dima/rose-infra/RoSE/soc/sw/xpu-rt/zephyr-chipyard-sw/zephyr_ws/zephyr/include/zephyr/posix/posix_limits.h:52:9: warning: "_POSIX_THREAD_THREADS_MAX" redefined
   52 | #define _POSIX_THREAD_THREADS_MAX           (64)
      |         ^~~~~~~~~~~~~~~~~~~~~~~~~
/scratch/dima/rose-infra/RoSE/soc/sw/xpu-rt/zephyr-chipyard-sw/tools-manual/zephyr-sdk-1.0.0-beta1/gnu/riscv64-zephyr-elf/riscv64-zephyr-elf/sys-include/sys/syslimits.h:92:9: note: this is the location of the previous definition
   92 | #define _POSIX_THREAD_THREADS_MAX       64
      |         ^~~~~~~~~~~~~~~~~~~~~~~~~
/scratch/dima/rose-infra/RoSE/soc/sw/xpu-rt/zephyr-chipyard-sw/zephyr_ws/zephyr/include/zephyr/posix/posix_limits.h:53:9: warning: "_POSIX_TIMER_MAX" redefined
   53 | #define _POSIX_TIMER_MAX                    (32)
      |         ^~~~~~~~~~~~~~~~
/scratch/dima/rose-infra/RoSE/soc/sw/xpu-rt/zephyr-chipyard-sw/tools-manual/zephyr-sdk-1.0.0-beta1/gnu/riscv64-zephyr-elf/riscv64-zephyr-elf/sys-include/sys/syslimits.h:93:9: note: this is the location of the previous definition
   93 | #define _POSIX_TIMER_MAX        32
      |         ^~~~~~~~~~~~~~~~
/scratch/dima/rose-infra/RoSE/soc/sw/xpu-rt/zephyr-chipyard-sw/zephyr_ws/zephyr/include/zephyr/posix/posix_limits.h:54:9: warning: "_POSIX_TRACE_EVENT_NAME_MAX" redefined
   54 | #define _POSIX_TRACE_EVENT_NAME_MAX         (30)
      |         ^~~~~~~~~~~~~~~~~~~~~~~~~~~
/scratch/dima/rose-infra/RoSE/soc/sw/xpu-rt/zephyr-chipyard-sw/tools-manual/zephyr-sdk-1.0.0-beta1/gnu/riscv64-zephyr-elf/riscv64-zephyr-elf/sys-include/sys/syslimits.h:94:9: note: this is the location of the previous definition
   94 | #define _POSIX_TRACE_EVENT_NAME_MAX     30
      |         ^~~~~~~~~~~~~~~~~~~~~~~~~~~
/scratch/dima/rose-infra/RoSE/soc/sw/xpu-rt/zephyr-chipyard-sw/zephyr_ws/zephyr/include/zephyr/posix/posix_limits.h:55:9: warning: "_POSIX_TRACE_NAME_MAX" redefined
   55 | #define _POSIX_TRACE_NAME_MAX               (8)
      |         ^~~~~~~~~~~~~~~~~~~~~
/scratch/dima/rose-infra/RoSE/soc/sw/xpu-rt/zephyr-chipyard-sw/tools-manual/zephyr-sdk-1.0.0-beta1/gnu/riscv64-zephyr-elf/riscv64-zephyr-elf/sys-include/sys/syslimits.h:95:9: note: this is the location of the previous definition
   95 | #define _POSIX_TRACE_NAME_MAX   8
      |         ^~~~~~~~~~~~~~~~~~~~~
/scratch/dima/rose-infra/RoSE/soc/sw/xpu-rt/zephyr-chipyard-sw/zephyr_ws/zephyr/include/zephyr/posix/posix_limits.h:56:9: warning: "_POSIX_TRACE_SYS_MAX" redefined
   56 | #define _POSIX_TRACE_SYS_MAX                (8)
      |         ^~~~~~~~~~~~~~~~~~~~
/scratch/dima/rose-infra/RoSE/soc/sw/xpu-rt/zephyr-chipyard-sw/tools-manual/zephyr-sdk-1.0.0-beta1/gnu/riscv64-zephyr-elf/riscv64-zephyr-elf/sys-include/sys/syslimits.h:96:9: note: this is the location of the previous definition
   96 | #define _POSIX_TRACE_SYS_MAX    8
      |         ^~~~~~~~~~~~~~~~~~~~
/scratch/dima/rose-infra/RoSE/soc/sw/xpu-rt/zephyr-chipyard-sw/zephyr_ws/zephyr/include/zephyr/posix/posix_limits.h:57:9: warning: "_POSIX_TRACE_USER_EVENT_MAX" redefined
   57 | #define _POSIX_TRACE_USER_EVENT_MAX         (32)
      |         ^~~~~~~~~~~~~~~~~~~~~~~~~~~
/scratch/dima/rose-infra/RoSE/soc/sw/xpu-rt/zephyr-chipyard-sw/tools-manual/zephyr-sdk-1.0.0-beta1/gnu/riscv64-zephyr-elf/riscv64-zephyr-elf/sys-include/sys/syslimits.h:97:9: note: this is the location of the previous definition
   97 | #define _POSIX_TRACE_USER_EVENT_MAX     32
      |         ^~~~~~~~~~~~~~~~~~~~~~~~~~~
/scratch/dima/rose-infra/RoSE/soc/sw/xpu-rt/zephyr-chipyard-sw/zephyr_ws/zephyr/include/zephyr/posix/posix_limits.h:58:9: warning: "_POSIX_TTY_NAME_MAX" redefined
   58 | #define _POSIX_TTY_NAME_MAX                 (9)
      |         ^~~~~~~~~~~~~~~~~~~
/scratch/dima/rose-infra/RoSE/soc/sw/xpu-rt/zephyr-chipyard-sw/tools-manual/zephyr-sdk-1.0.0-beta1/gnu/riscv64-zephyr-elf/riscv64-zephyr-elf/sys-include/sys/syslimits.h:98:9: note: this is the location of the previous definition
   98 | #define _POSIX_TTY_NAME_MAX     9
      |         ^~~~~~~~~~~~~~~~~~~
/scratch/dima/rose-infra/RoSE/soc/sw/xpu-rt/zephyr-chipyard-sw/zephyr_ws/zephyr/include/zephyr/posix/posix_limits.h:59:9: warning: "_POSIX_TZNAME_MAX" redefined
   59 | #define _POSIX_TZNAME_MAX                   (6)
      |         ^~~~~~~~~~~~~~~~~
/scratch/dima/rose-infra/RoSE/soc/sw/xpu-rt/zephyr-chipyard-sw/tools-manual/zephyr-sdk-1.0.0-beta1/gnu/riscv64-zephyr-elf/riscv64-zephyr-elf/sys-include/sys/syslimits.h:99:9: note: this is the location of the previous definition
   99 | #define _POSIX_TZNAME_MAX       3
      |         ^~~~~~~~~~~~~~~~~
/scratch/dima/rose-infra/RoSE/soc/sw/xpu-rt/zephyr-chipyard-sw/zephyr_ws/zephyr/include/zephyr/posix/posix_limits.h:60:9: warning: "_POSIX2_BC_BASE_MAX" redefined
   60 | #define _POSIX2_BC_BASE_MAX                 (99)
      |         ^~~~~~~~~~~~~~~~~~~
/scratch/dima/rose-infra/RoSE/soc/sw/xpu-rt/zephyr-chipyard-sw/tools-manual/zephyr-sdk-1.0.0-beta1/gnu/riscv64-zephyr-elf/riscv64-zephyr-elf/sys-include/sys/syslimits.h:100:9: note: this is the location of the previous definition
  100 | #define _POSIX2_BC_BASE_MAX     99
      |         ^~~~~~~~~~~~~~~~~~~
/scratch/dima/rose-infra/RoSE/soc/sw/xpu-rt/zephyr-chipyard-sw/zephyr_ws/zephyr/include/zephyr/posix/posix_limits.h:61:9: warning: "_POSIX2_BC_DIM_MAX" redefined
   61 | #define _POSIX2_BC_DIM_MAX                  (2048)
      |         ^~~~~~~~~~~~~~~~~~
/scratch/dima/rose-infra/RoSE/soc/sw/xpu-rt/zephyr-chipyard-sw/tools-manual/zephyr-sdk-1.0.0-beta1/gnu/riscv64-zephyr-elf/riscv64-zephyr-elf/sys-include/sys/syslimits.h:101:9: note: this is the location of the previous definition
  101 | #define _POSIX2_BC_DIM_MAX      2048
      |         ^~~~~~~~~~~~~~~~~~
/scratch/dima/rose-infra/RoSE/soc/sw/xpu-rt/zephyr-chipyard-sw/zephyr_ws/zephyr/include/zephyr/posix/posix_limits.h:62:9: warning: "_POSIX2_BC_SCALE_MAX" redefined
   62 | #define _POSIX2_BC_SCALE_MAX                (99)
      |         ^~~~~~~~~~~~~~~~~~~~
/scratch/dima/rose-infra/RoSE/soc/sw/xpu-rt/zephyr-chipyard-sw/tools-manual/zephyr-sdk-1.0.0-beta1/gnu/riscv64-zephyr-elf/riscv64-zephyr-elf/sys-include/sys/syslimits.h:102:9: note: this is the location of the previous definition
  102 | #define _POSIX2_BC_SCALE_MAX    99
      |         ^~~~~~~~~~~~~~~~~~~~
/scratch/dima/rose-infra/RoSE/soc/sw/xpu-rt/zephyr-chipyard-sw/zephyr_ws/zephyr/include/zephyr/posix/posix_limits.h:63:9: warning: "_POSIX2_BC_STRING_MAX" redefined
   63 | #define _POSIX2_BC_STRING_MAX               (1000)
      |         ^~~~~~~~~~~~~~~~~~~~~
/scratch/dima/rose-infra/RoSE/soc/sw/xpu-rt/zephyr-chipyard-sw/tools-manual/zephyr-sdk-1.0.0-beta1/gnu/riscv64-zephyr-elf/riscv64-zephyr-elf/sys-include/sys/syslimits.h:103:9: note: this is the location of the previous definition
  103 | #define _POSIX2_BC_STRING_MAX   1000
      |         ^~~~~~~~~~~~~~~~~~~~~
/scratch/dima/rose-infra/RoSE/soc/sw/xpu-rt/zephyr-chipyard-sw/zephyr_ws/zephyr/include/zephyr/posix/posix_limits.h:64:9: warning: "_POSIX2_CHARCLASS_NAME_MAX" redefined
   64 | #define _POSIX2_CHARCLASS_NAME_MAX          (14)
      |         ^~~~~~~~~~~~~~~~~~~~~~~~~~
/scratch/dima/rose-infra/RoSE/soc/sw/xpu-rt/zephyr-chipyard-sw/tools-manual/zephyr-sdk-1.0.0-beta1/gnu/riscv64-zephyr-elf/riscv64-zephyr-elf/sys-include/sys/syslimits.h:104:9: note: this is the location of the previous definition
  104 | #define _POSIX2_CHARCLASS_NAME_MAX      14
      |         ^~~~~~~~~~~~~~~~~~~~~~~~~~
/scratch/dima/rose-infra/RoSE/soc/sw/xpu-rt/zephyr-chipyard-sw/zephyr_ws/zephyr/include/zephyr/posix/posix_limits.h:65:9: warning: "_POSIX2_COLL_WEIGHTS_MAX" redefined
   65 | #define _POSIX2_COLL_WEIGHTS_MAX            (2)
      |         ^~~~~~~~~~~~~~~~~~~~~~~~
/scratch/dima/rose-infra/RoSE/soc/sw/xpu-rt/zephyr-chipyard-sw/tools-manual/zephyr-sdk-1.0.0-beta1/gnu/riscv64-zephyr-elf/riscv64-zephyr-elf/sys-include/sys/syslimits.h:105:9: note: this is the location of the previous definition
  105 | #define _POSIX2_COLL_WEIGHTS_MAX        2
      |         ^~~~~~~~~~~~~~~~~~~~~~~~
/scratch/dima/rose-infra/RoSE/soc/sw/xpu-rt/zephyr-chipyard-sw/zephyr_ws/zephyr/include/zephyr/posix/posix_limits.h:66:9: warning: "_POSIX2_EXPR_NEST_MAX" redefined
   66 | #define _POSIX2_EXPR_NEST_MAX               (32)
      |         ^~~~~~~~~~~~~~~~~~~~~
/scratch/dima/rose-infra/RoSE/soc/sw/xpu-rt/zephyr-chipyard-sw/tools-manual/zephyr-sdk-1.0.0-beta1/gnu/riscv64-zephyr-elf/riscv64-zephyr-elf/sys-include/sys/syslimits.h:106:9: note: this is the location of the previous definition
  106 | #define _POSIX2_EXPR_NEST_MAX   32
      |         ^~~~~~~~~~~~~~~~~~~~~
/scratch/dima/rose-infra/RoSE/soc/sw/xpu-rt/zephyr-chipyard-sw/zephyr_ws/zephyr/include/zephyr/posix/posix_limits.h:67:9: warning: "_POSIX2_LINE_MAX" redefined
   67 | #define _POSIX2_LINE_MAX                    (2048)
      |         ^~~~~~~~~~~~~~~~
/scratch/dima/rose-infra/RoSE/soc/sw/xpu-rt/zephyr-chipyard-sw/tools-manual/zephyr-sdk-1.0.0-beta1/gnu/riscv64-zephyr-elf/riscv64-zephyr-elf/sys-include/sys/syslimits.h:107:9: note: this is the location of the previous definition
  107 | #define _POSIX2_LINE_MAX        2048
      |         ^~~~~~~~~~~~~~~~
/scratch/dima/rose-infra/RoSE/soc/sw/xpu-rt/zephyr-chipyard-sw/zephyr_ws/zephyr/include/zephyr/posix/posix_limits.h:83:9: warning: "ARG_MAX" redefined
   83 | #define ARG_MAX                       _POSIX_ARG_MAX
      |         ^~~~~~~
/scratch/dima/rose-infra/RoSE/soc/sw/xpu-rt/zephyr-chipyard-sw/tools-manual/zephyr-sdk-1.0.0-beta1/gnu/riscv64-zephyr-elf/riscv64-zephyr-elf/sys-include/sys/syslimits.h:41:9: note: this is the location of the previous definition
   41 | #define ARG_MAX                 65536   /* max bytes for an exec function */
      |         ^~~~~~~
/scratch/dima/rose-infra/RoSE/soc/sw/xpu-rt/zephyr-chipyard-sw/zephyr_ws/zephyr/include/zephyr/posix/posix_limits.h:84:9: warning: "ATEXIT_MAX" redefined
   84 | #define ATEXIT_MAX                    (32)
      |         ^~~~~~~~~~
/scratch/dima/rose-infra/RoSE/soc/sw/xpu-rt/zephyr-chipyard-sw/tools-manual/zephyr-sdk-1.0.0-beta1/gnu/riscv64-zephyr-elf/riscv64-zephyr-elf/sys-include/sys/syslimits.h:42:9: note: this is the location of the previous definition
   42 | #define ATEXIT_MAX                 32   /* max atexit functions */
      |         ^~~~~~~~~~
/scratch/dima/rose-infra/RoSE/soc/sw/xpu-rt/zephyr-chipyard-sw/zephyr_ws/zephyr/include/zephyr/posix/posix_limits.h:93:9: warning: "OPEN_MAX" redefined
   93 | #define OPEN_MAX                      CONFIG_POSIX_OPEN_MAX
      |         ^~~~~~~~
/scratch/dima/rose-infra/RoSE/soc/sw/xpu-rt/zephyr-chipyard-sw/tools-manual/zephyr-sdk-1.0.0-beta1/gnu/riscv64-zephyr-elf/riscv64-zephyr-elf/sys-include/sys/syslimits.h:45:9: note: this is the location of the previous definition
   45 | #define OPEN_MAX                   64   /* max open files per process */
      |         ^~~~~~~~
/scratch/dima/rose-infra/RoSE/soc/sw/xpu-rt/zephyr-chipyard-sw/zephyr_ws/zephyr/include/zephyr/posix/posix_limits.h:96:9: warning: "PATH_MAX" redefined
   96 | #define PATH_MAX                      _POSIX_PATH_MAX
      |         ^~~~~~~~
/scratch/dima/rose-infra/RoSE/soc/sw/xpu-rt/zephyr-chipyard-sw/tools-manual/zephyr-sdk-1.0.0-beta1/gnu/riscv64-zephyr-elf/riscv64-zephyr-elf/sys-include/sys/syslimits.h:53:9: note: this is the location of the previous definition
   53 | #define PATH_MAX                 1024   /* max bytes in pathname */
      |         ^~~~~~~~
/scratch/dima/rose-infra/RoSE/soc/sw/xpu-rt/zephyr-chipyard-sw/zephyr_ws/zephyr/include/zephyr/posix/posix_limits.h:114:9: warning: "TZNAME_MAX" redefined
  114 | #define TZNAME_MAX                    _POSIX_TZNAME_MAX
      |         ^~~~~~~~~~
/scratch/dima/rose-infra/RoSE/soc/sw/xpu-rt/zephyr-chipyard-sw/tools-manual/zephyr-sdk-1.0.0-beta1/gnu/riscv64-zephyr-elf/riscv64-zephyr-elf/sys-include/sys/syslimits.h:46:9: note: this is the location of the previous definition
   46 | #define TZNAME_MAX                 10   /* max time zone name length */
      |         ^~~~~~~~~~
[57/127] Building C object zephyr/lib/posix/c_lib_ext/CMakeFiles/lib__posix__c_lib_ext.dir/getopt/getopt_common.c.obj
[58/127] Building C object zephyr/CMakeFiles/zephyr.dir/lib/utils/bitarray.c.obj
[59/127] Building C object zephyr/arch/arch/riscv/core/CMakeFiles/arch__riscv__core.dir/prep_c.c.obj
[60/127] Building C object zephyr/drivers/interrupt_controller/CMakeFiles/drivers__interrupt_controller.dir/intc_plic.c.obj
[61/127] Building C object zephyr/CMakeFiles/zephyr.dir/lib/os/sem.c.obj
[62/127] Building C object zephyr/lib/libc/picolibc/CMakeFiles/lib__libc__picolibc.dir/cbprintf.c.obj
[63/127] Building C object zephyr/drivers/timer/CMakeFiles/drivers__timer.dir/sys_clock_init.c.obj
[64/127] Building C object zephyr/lib/posix/c_lib_ext/CMakeFiles/lib__posix__c_lib_ext.dir/getopt/getopt.c.obj
In file included from /scratch/dima/rose-infra/RoSE/soc/sw/xpu-rt/zephyr-chipyard-sw/zephyr_ws/zephyr/include/zephyr/posix/sys/sysconf.h:11,
                 from /scratch/dima/rose-infra/RoSE/soc/sw/xpu-rt/zephyr-chipyard-sw/zephyr_ws/zephyr/include/zephyr/posix/unistd.h:18,
                 from /scratch/dima/rose-infra/RoSE/soc/sw/xpu-rt/zephyr-chipyard-sw/zephyr_ws/zephyr/lib/posix/c_lib_ext/getopt/getopt.c:36:
/scratch/dima/rose-infra/RoSE/soc/sw/xpu-rt/zephyr-chipyard-sw/zephyr_ws/zephyr/include/zephyr/posix/posix_limits.h:23:9: warning: "_POSIX_AIO_LISTIO_MAX" redefined
   23 | #define _POSIX_AIO_LISTIO_MAX               (2)
      |         ^~~~~~~~~~~~~~~~~~~~~
In file included from /scratch/dima/rose-infra/RoSE/soc/sw/xpu-rt/zephyr-chipyard-sw/tools-manual/zephyr-sdk-1.0.0-beta1/gnu/riscv64-zephyr-elf/riscv64-zephyr-elf/sys-include/limits.h:6,
                 from /scratch/dima/rose-infra/RoSE/soc/sw/xpu-rt/zephyr-chipyard-sw/tools-manual/zephyr-sdk-1.0.0-beta1/gnu/riscv64-zephyr-elf/lib/gcc/riscv64-zephyr-elf/14.3.0/include/limits.h:210,
                 from /scratch/dima/rose-infra/RoSE/soc/sw/xpu-rt/zephyr-chipyard-sw/tools-manual/zephyr-sdk-1.0.0-beta1/gnu/riscv64-zephyr-elf/lib/gcc/riscv64-zephyr-elf/14.3.0/include/syslimits.h:7,
                 from /scratch/dima/rose-infra/RoSE/soc/sw/xpu-rt/zephyr-chipyard-sw/tools-manual/zephyr-sdk-1.0.0-beta1/gnu/riscv64-zephyr-elf/lib/gcc/riscv64-zephyr-elf/14.3.0/include/limits.h:34,
                 from /scratch/dima/rose-infra/RoSE/soc/sw/xpu-rt/zephyr-chipyard-sw/zephyr_ws/zephyr/include/zephyr/kernel_includes.h:22,
                 from /scratch/dima/rose-infra/RoSE/soc/sw/xpu-rt/zephyr-chipyard-sw/zephyr_ws/zephyr/include/zephyr/kernel.h:17,
                 from /scratch/dima/rose-infra/RoSE/soc/sw/xpu-rt/zephyr-chipyard-sw/zephyr_ws/zephyr/include/zephyr/posix/posix_types.h:30,
                 from /scratch/dima/rose-infra/RoSE/soc/sw/xpu-rt/zephyr-chipyard-sw/zephyr_ws/zephyr/include/zephyr/posix/unistd.h:11:
/scratch/dima/rose-infra/RoSE/soc/sw/xpu-rt/zephyr-chipyard-sw/tools-manual/zephyr-sdk-1.0.0-beta1/gnu/riscv64-zephyr-elf/riscv64-zephyr-elf/sys-include/sys/syslimits.h:63:9: note: this is the location of the previous definition
   63 | #define _POSIX_AIO_LISTIO_MAX   2
      |         ^~~~~~~~~~~~~~~~~~~~~
/scratch/dima/rose-infra/RoSE/soc/sw/xpu-rt/zephyr-chipyard-sw/zephyr_ws/zephyr/include/zephyr/posix/posix_limits.h:24:9: warning: "_POSIX_AIO_MAX" redefined
   24 | #define _POSIX_AIO_MAX                      (1)
      |         ^~~~~~~~~~~~~~
/scratch/dima/rose-infra/RoSE/soc/sw/xpu-rt/zephyr-chipyard-sw/tools-manual/zephyr-sdk-1.0.0-beta1/gnu/riscv64-zephyr-elf/riscv64-zephyr-elf/sys-include/sys/syslimits.h:64:9: note: this is the location of the previous definition
   64 | #define _POSIX_AIO_MAX          1
      |         ^~~~~~~~~~~~~~
/scratch/dima/rose-infra/RoSE/soc/sw/xpu-rt/zephyr-chipyard-sw/zephyr_ws/zephyr/include/zephyr/posix/posix_limits.h:25:9: warning: "_POSIX_ARG_MAX" redefined
   25 | #define _POSIX_ARG_MAX                      (4096)
      |         ^~~~~~~~~~~~~~
/scratch/dima/rose-infra/RoSE/soc/sw/xpu-rt/zephyr-chipyard-sw/tools-manual/zephyr-sdk-1.0.0-beta1/gnu/riscv64-zephyr-elf/riscv64-zephyr-elf/sys-include/sys/syslimits.h:65:9: note: this is the location of the previous definition
   65 | #define _POSIX_ARG_MAX          4096
      |         ^~~~~~~~~~~~~~
/scratch/dima/rose-infra/RoSE/soc/sw/xpu-rt/zephyr-chipyard-sw/zephyr_ws/zephyr/include/zephyr/posix/posix_limits.h:26:9: warning: "_POSIX_CHILD_MAX" redefined
   26 | #define _POSIX_CHILD_MAX                    (25)
      |         ^~~~~~~~~~~~~~~~
/scratch/dima/rose-infra/RoSE/soc/sw/xpu-rt/zephyr-chipyard-sw/tools-manual/zephyr-sdk-1.0.0-beta1/gnu/riscv64-zephyr-elf/riscv64-zephyr-elf/sys-include/sys/syslimits.h:66:9: note: this is the location of the previous definition
   66 | #define _POSIX_CHILD_MAX        6
      |         ^~~~~~~~~~~~~~~~
/scratch/dima/rose-infra/RoSE/soc/sw/xpu-rt/zephyr-chipyard-sw/zephyr_ws/zephyr/include/zephyr/posix/posix_limits.h:27:9: warning: "_POSIX_DELAYTIMER_MAX" redefined
   27 | #define _POSIX_DELAYTIMER_MAX               (32)
      |         ^~~~~~~~~~~~~~~~~~~~~
/scratch/dima/rose-infra/RoSE/soc/sw/xpu-rt/zephyr-chipyard-sw/tools-manual/zephyr-sdk-1.0.0-beta1/gnu/riscv64-zephyr-elf/riscv64-zephyr-elf/sys-include/sys/syslimits.h:67:9: note: this is the location of the previous definition
   67 | #define _POSIX_DELAYTIMER_MAX   32
      |         ^~~~~~~~~~~~~~~~~~~~~
/scratch/dima/rose-infra/RoSE/soc/sw/xpu-rt/zephyr-chipyard-sw/zephyr_ws/zephyr/include/zephyr/posix/posix_limits.h:28:9: warning: "_POSIX_HOST_NAME_MAX" redefined
   28 | #define _POSIX_HOST_NAME_MAX                (255)
      |         ^~~~~~~~~~~~~~~~~~~~
/scratch/dima/rose-infra/RoSE/soc/sw/xpu-rt/zephyr-chipyard-sw/tools-manual/zephyr-sdk-1.0.0-beta1/gnu/riscv64-zephyr-elf/riscv64-zephyr-elf/sys-include/sys/syslimits.h:68:9: note: this is the location of the previous definition
   68 | #define _POSIX_HOST_NAME_MAX    255
      |         ^~~~~~~~~~~~~~~~~~~~
/scratch/dima/rose-infra/RoSE/soc/sw/xpu-rt/zephyr-chipyard-sw/zephyr_ws/zephyr/include/zephyr/posix/posix_limits.h:29:9: warning: "_POSIX_LINK_MAX" redefined
   29 | #define _POSIX_LINK_MAX                     (8)
      |         ^~~~~~~~~~~~~~~
/scratch/dima/rose-infra/RoSE/soc/sw/xpu-rt/zephyr-chipyard-sw/tools-manual/zephyr-sdk-1.0.0-beta1/gnu/riscv64-zephyr-elf/riscv64-zephyr-elf/sys-include/sys/syslimits.h:69:9: note: this is the location of the previous definition
   69 | #define _POSIX_LINK_MAX         8
      |         ^~~~~~~~~~~~~~~
/scratch/dima/rose-infra/RoSE/soc/sw/xpu-rt/zephyr-chipyard-sw/zephyr_ws/zephyr/include/zephyr/posix/posix_limits.h:30:9: warning: "_POSIX_LOGIN_NAME_MAX" redefined
   30 | #define _POSIX_LOGIN_NAME_MAX               (9)
      |         ^~~~~~~~~~~~~~~~~~~~~
/scratch/dima/rose-infra/RoSE/soc/sw/xpu-rt/zephyr-chipyard-sw/tools-manual/zephyr-sdk-1.0.0-beta1/gnu/riscv64-zephyr-elf/riscv64-zephyr-elf/sys-include/sys/syslimits.h:70:9: note: this is the location of the previous definition
   70 | #define _POSIX_LOGIN_NAME_MAX   9
      |         ^~~~~~~~~~~~~~~~~~~~~
/scratch/dima/rose-infra/RoSE/soc/sw/xpu-rt/zephyr-chipyard-sw/zephyr_ws/zephyr/include/zephyr/posix/posix_limits.h:31:9: warning: "_POSIX_MAX_CANON" redefined
   31 | #define _POSIX_MAX_CANON                    (255)
      |         ^~~~~~~~~~~~~~~~
/scratch/dima/rose-infra/RoSE/soc/sw/xpu-rt/zephyr-chipyard-sw/tools-manual/zephyr-sdk-1.0.0-beta1/gnu/riscv64-zephyr-elf/riscv64-zephyr-elf/sys-include/sys/syslimits.h:71:9: note: this is the location of the previous definition
   71 | #define _POSIX_MAX_CANON        255
      |         ^~~~~~~~~~~~~~~~
/scratch/dima/rose-infra/RoSE/soc/sw/xpu-rt/zephyr-chipyard-sw/zephyr_ws/zephyr/include/zephyr/posix/posix_limits.h:32:9: warning: "_POSIX_MAX_INPUT" redefined
   32 | #define _POSIX_MAX_INPUT                    (255)
      |         ^~~~~~~~~~~~~~~~
/scratch/dima/rose-infra/RoSE/soc/sw/xpu-rt/zephyr-chipyard-sw/tools-manual/zephyr-sdk-1.0.0-beta1/gnu/riscv64-zephyr-elf/riscv64-zephyr-elf/sys-include/sys/syslimits.h:72:9: note: this is the location of the previous definition
   72 | #define _POSIX_MAX_INPUT        255
      |         ^~~~~~~~~~~~~~~~
/scratch/dima/rose-infra/RoSE/soc/sw/xpu-rt/zephyr-chipyard-sw/zephyr_ws/zephyr/include/zephyr/posix/posix_limits.h:33:9: warning: "_POSIX_MQ_OPEN_MAX" redefined
   33 | #define _POSIX_MQ_OPEN_MAX                  (8)
      |         ^~~~~~~~~~~~~~~~~~
/scratch/dima/rose-infra/RoSE/soc/sw/xpu-rt/zephyr-chipyard-sw/tools-manual/zephyr-sdk-1.0.0-beta1/gnu/riscv64-zephyr-elf/riscv64-zephyr-elf/sys-include/sys/syslimits.h:73:9: note: this is the location of the previous definition
   73 | #define _POSIX_MQ_OPEN_MAX      8
      |         ^~~~~~~~~~~~~~~~~~
/scratch/dima/rose-infra/RoSE/soc/sw/xpu-rt/zephyr-chipyard-sw/zephyr_ws/zephyr/include/zephyr/posix/posix_limits.h:34:9: warning: "_POSIX_MQ_PRIO_MAX" redefined
   34 | #define _POSIX_MQ_PRIO_MAX                  (32)
      |         ^~~~~~~~~~~~~~~~~~
/scratch/dima/rose-infra/RoSE/soc/sw/xpu-rt/zephyr-chipyard-sw/tools-manual/zephyr-sdk-1.0.0-beta1/gnu/riscv64-zephyr-elf/riscv64-zephyr-elf/sys-include/sys/syslimits.h:74:9: note: this is the location of the previous definition
   74 | #define _POSIX_MQ_PRIO_MAX      32
      |         ^~~~~~~~~~~~~~~~~~
/scratch/dima/rose-infra/RoSE/soc/sw/xpu-rt/zephyr-chipyard-sw/zephyr_ws/zephyr/include/zephyr/posix/posix_limits.h:35:9: warning: "_POSIX_NAME_MAX" redefined
   35 | #define _POSIX_NAME_MAX                     (14)
      |         ^~~~~~~~~~~~~~~
/scratch/dima/rose-infra/RoSE/soc/sw/xpu-rt/zephyr-chipyard-sw/tools-manual/zephyr-sdk-1.0.0-beta1/gnu/riscv64-zephyr-elf/riscv64-zephyr-elf/sys-include/sys/syslimits.h:75:9: note: this is the location of the previous definition
   75 | #define _POSIX_NAME_MAX         14
      |         ^~~~~~~~~~~~~~~
/scratch/dima/rose-infra/RoSE/soc/sw/xpu-rt/zephyr-chipyard-sw/zephyr_ws/zephyr/include/zephyr/posix/posix_limits.h:36:9: warning: "_POSIX_NGROUPS_MAX" redefined
   36 | #define _POSIX_NGROUPS_MAX                  (8)
      |         ^~~~~~~~~~~~~~~~~~
/scratch/dima/rose-infra/RoSE/soc/sw/xpu-rt/zephyr-chipyard-sw/tools-manual/zephyr-sdk-1.0.0-beta1/gnu/riscv64-zephyr-elf/riscv64-zephyr-elf/sys-include/sys/syslimits.h:76:9: note: this is the location of the previous definition
   76 | #define _POSIX_NGROUPS_MAX      0
      |         ^~~~~~~~~~~~~~~~~~
/scratch/dima/rose-infra/RoSE/soc/sw/xpu-rt/zephyr-chipyard-sw/zephyr_ws/zephyr/include/zephyr/posix/posix_limits.h:37:9: warning: "_POSIX_OPEN_MAX" redefined
   37 | #define _POSIX_OPEN_MAX                     (20)
      |         ^~~~~~~~~~~~~~~
/scratch/dima/rose-infra/RoSE/soc/sw/xpu-rt/zephyr-chipyard-sw/tools-manual/zephyr-sdk-1.0.0-beta1/gnu/riscv64-zephyr-elf/riscv64-zephyr-elf/sys-include/sys/syslimits.h:77:9: note: this is the location of the previous definition
   77 | #define _POSIX_OPEN_MAX         16
      |         ^~~~~~~~~~~~~~~
/scratch/dima/rose-infra/RoSE/soc/sw/xpu-rt/zephyr-chipyard-sw/zephyr_ws/zephyr/include/zephyr/posix/posix_limits.h:38:9: warning: "_POSIX_PATH_MAX" redefined
   38 | #define _POSIX_PATH_MAX                     (256)
      |         ^~~~~~~~~~~~~~~
/scratch/dima/rose-infra/RoSE/soc/sw/xpu-rt/zephyr-chipyard-sw/tools-manual/zephyr-sdk-1.0.0-beta1/gnu/riscv64-zephyr-elf/riscv64-zephyr-elf/sys-include/sys/syslimits.h:78:9: note: this is the location of the previous definition
   78 | #define _POSIX_PATH_MAX         255
      |         ^~~~~~~~~~~~~~~
/scratch/dima/rose-infra/RoSE/soc/sw/xpu-rt/zephyr-chipyard-sw/zephyr_ws/zephyr/include/zephyr/posix/posix_limits.h:39:9: warning: "_POSIX_PIPE_BUF" redefined
   39 | #define _POSIX_PIPE_BUF                     (512)
      |         ^~~~~~~~~~~~~~~
/scratch/dima/rose-infra/RoSE/soc/sw/xpu-rt/zephyr-chipyard-sw/tools-manual/zephyr-sdk-1.0.0-beta1/gnu/riscv64-zephyr-elf/riscv64-zephyr-elf/sys-include/sys/syslimits.h:79:9: note: this is the location of the previous definition
   79 | #define _POSIX_PIPE_BUF         512
      |         ^~~~~~~~~~~~~~~
/scratch/dima/rose-infra/RoSE/soc/sw/xpu-rt/zephyr-chipyard-sw/zephyr_ws/zephyr/include/zephyr/posix/posix_limits.h:40:9: warning: "_POSIX_RE_DUP_MAX" redefined
   40 | #define _POSIX_RE_DUP_MAX                   (255)
      |         ^~~~~~~~~~~~~~~~~
/scratch/dima/rose-infra/RoSE/soc/sw/xpu-rt/zephyr-chipyard-sw/tools-manual/zephyr-sdk-1.0.0-beta1/gnu/riscv64-zephyr-elf/riscv64-zephyr-elf/sys-include/sys/syslimits.h:80:9: note: this is the location of the previous definition
   80 | #define _POSIX_RE_DUP_MAX       255
      |         ^~~~~~~~~~~~~~~~~
/scratch/dima/rose-infra/RoSE/soc/sw/xpu-rt/zephyr-chipyard-sw/zephyr_ws/zephyr/include/zephyr/posix/posix_limits.h:41:9: warning: "_POSIX_RTSIG_MAX" redefined
   41 | #define _POSIX_RTSIG_MAX                    (8)
      |         ^~~~~~~~~~~~~~~~
/scratch/dima/rose-infra/RoSE/soc/sw/xpu-rt/zephyr-chipyard-sw/tools-manual/zephyr-sdk-1.0.0-beta1/gnu/riscv64-zephyr-elf/riscv64-zephyr-elf/sys-include/sys/syslimits.h:81:9: note: this is the location of the previous definition
   81 | #define _POSIX_RTSIG_MAX        8
      |         ^~~~~~~~~~~~~~~~
/scratch/dima/rose-infra/RoSE/soc/sw/xpu-rt/zephyr-chipyard-sw/zephyr_ws/zephyr/include/zephyr/posix/posix_limits.h:42:9: warning: "_POSIX_SEM_NSEMS_MAX" redefined
   42 | #define _POSIX_SEM_NSEMS_MAX                (256)
      |         ^~~~~~~~~~~~~~~~~~~~
/scratch/dima/rose-infra/RoSE/soc/sw/xpu-rt/zephyr-chipyard-sw/tools-manual/zephyr-sdk-1.0.0-beta1/gnu/riscv64-zephyr-elf/riscv64-zephyr-elf/sys-include/sys/syslimits.h:82:9: note: this is the location of the previous definition
   82 | #define _POSIX_SEM_NSEMS_MAX    256
      |         ^~~~~~~~~~~~~~~~~~~~
/scratch/dima/rose-infra/RoSE/soc/sw/xpu-rt/zephyr-chipyard-sw/zephyr_ws/zephyr/include/zephyr/posix/posix_limits.h:43:9: warning: "_POSIX_SEM_VALUE_MAX" redefined
   43 | #define _POSIX_SEM_VALUE_MAX                (32767)
      |         ^~~~~~~~~~~~~~~~~~~~
/scratch/dima/rose-infra/RoSE/soc/sw/xpu-rt/zephyr-chipyard-sw/tools-manual/zephyr-sdk-1.0.0-beta1/gnu/riscv64-zephyr-elf/riscv64-zephyr-elf/sys-include/sys/syslimits.h:83:9: note: this is the location of the previous definition
   83 | #define _POSIX_SEM_VALUE_MAX    32767
      |         ^~~~~~~~~~~~~~~~~~~~
/scratch/dima/rose-infra/RoSE/soc/sw/xpu-rt/zephyr-chipyard-sw/zephyr_ws/zephyr/include/zephyr/posix/posix_limits.h:44:9: warning: "_POSIX_SIGQUEUE_MAX" redefined
   44 | #define _POSIX_SIGQUEUE_MAX                 (32)
      |         ^~~~~~~~~~~~~~~~~~~
/scratch/dima/rose-infra/RoSE/soc/sw/xpu-rt/zephyr-chipyard-sw/tools-manual/zephyr-sdk-1.0.0-beta1/gnu/riscv64-zephyr-elf/riscv64-zephyr-elf/sys-include/sys/syslimits.h:84:9: note: this is the location of the previous definition
   84 | #define _POSIX_SIGQUEUE_MAX     32
      |         ^~~~~~~~~~~~~~~~~~~
/scratch/dima/rose-infra/RoSE/soc/sw/xpu-rt/zephyr-chipyard-sw/zephyr_ws/zephyr/include/zephyr/posix/posix_limits.h:45:9: warning: "_POSIX_SSIZE_MAX" redefined
   45 | #define _POSIX_SSIZE_MAX                    (32767)
      |         ^~~~~~~~~~~~~~~~
/scratch/dima/rose-infra/RoSE/soc/sw/xpu-rt/zephyr-chipyard-sw/tools-manual/zephyr-sdk-1.0.0-beta1/gnu/riscv64-zephyr-elf/riscv64-zephyr-elf/sys-include/sys/syslimits.h:85:9: note: this is the location of the previous definition
   85 | #define _POSIX_SSIZE_MAX        32767
      |         ^~~~~~~~~~~~~~~~
/scratch/dima/rose-infra/RoSE/soc/sw/xpu-rt/zephyr-chipyard-sw/zephyr_ws/zephyr/include/zephyr/posix/posix_limits.h:46:9: warning: "_POSIX_SS_REPL_MAX" redefined
   46 | #define _POSIX_SS_REPL_MAX                  (4)
      |         ^~~~~~~~~~~~~~~~~~
/scratch/dima/rose-infra/RoSE/soc/sw/xpu-rt/zephyr-chipyard-sw/tools-manual/zephyr-sdk-1.0.0-beta1/gnu/riscv64-zephyr-elf/riscv64-zephyr-elf/sys-include/sys/syslimits.h:86:9: note: this is the location of the previous definition
   86 | #define _POSIX_SS_REPL_MAX      4
      |         ^~~~~~~~~~~~~~~~~~
/scratch/dima/rose-infra/RoSE/soc/sw/xpu-rt/zephyr-chipyard-sw/zephyr_ws/zephyr/include/zephyr/posix/posix_limits.h:47:9: warning: "_POSIX_STREAM_MAX" redefined
   47 | #define _POSIX_STREAM_MAX                   (8)
      |         ^~~~~~~~~~~~~~~~~
/scratch/dima/rose-infra/RoSE/soc/sw/xpu-rt/zephyr-chipyard-sw/tools-manual/zephyr-sdk-1.0.0-beta1/gnu/riscv64-zephyr-elf/riscv64-zephyr-elf/sys-include/sys/syslimits.h:87:9: note: this is the location of the previous definition
   87 | #define _POSIX_STREAM_MAX       8
      |         ^~~~~~~~~~~~~~~~~
/scratch/dima/rose-infra/RoSE/soc/sw/xpu-rt/zephyr-chipyard-sw/zephyr_ws/zephyr/include/zephyr/posix/posix_limits.h:48:9: warning: "_POSIX_SYMLINK_MAX" redefined
   48 | #define _POSIX_SYMLINK_MAX                  (255)
      |         ^~~~~~~~~~~~~~~~~~
/scratch/dima/rose-infra/RoSE/soc/sw/xpu-rt/zephyr-chipyard-sw/tools-manual/zephyr-sdk-1.0.0-beta1/gnu/riscv64-zephyr-elf/riscv64-zephyr-elf/sys-include/sys/syslimits.h:88:9: note: this is the location of the previous definition
   88 | #define _POSIX_SYMLINK_MAX      255
      |         ^~~~~~~~~~~~~~~~~~
/scratch/dima/rose-infra/RoSE/soc/sw/xpu-rt/zephyr-chipyard-sw/zephyr_ws/zephyr/include/zephyr/posix/posix_limits.h:49:9: warning: "_POSIX_SYMLOOP_MAX" redefined
   49 | #define _POSIX_SYMLOOP_MAX                  (8)
      |         ^~~~~~~~~~~~~~~~~~
/scratch/dima/rose-infra/RoSE/soc/sw/xpu-rt/zephyr-chipyard-sw/tools-manual/zephyr-sdk-1.0.0-beta1/gnu/riscv64-zephyr-elf/riscv64-zephyr-elf/sys-include/sys/syslimits.h:89:9: note: this is the location of the previous definition
   89 | #define _POSIX_SYMLOOP_MAX      8
      |         ^~~~~~~~~~~~~~~~~~
/scratch/dima/rose-infra/RoSE/soc/sw/xpu-rt/zephyr-chipyard-sw/zephyr_ws/zephyr/include/zephyr/posix/posix_limits.h:50:9: warning: "_POSIX_THREAD_DESTRUCTOR_ITERATIONS" redefined
   50 | #define _POSIX_THREAD_DESTRUCTOR_ITERATIONS (4)
      |         ^~~~~~~~~~~~~~~~~~~~~~~~~~~~~~~~~~~
/scratch/dima/rose-infra/RoSE/soc/sw/xpu-rt/zephyr-chipyard-sw/tools-manual/zephyr-sdk-1.0.0-beta1/gnu/riscv64-zephyr-elf/riscv64-zephyr-elf/sys-include/sys/syslimits.h:90:9: note: this is the location of the previous definition
   90 | #define _POSIX_THREAD_DESTRUCTOR_ITERATIONS     4
      |         ^~~~~~~~~~~~~~~~~~~~~~~~~~~~~~~~~~~
/scratch/dima/rose-infra/RoSE/soc/sw/xpu-rt/zephyr-chipyard-sw/zephyr_ws/zephyr/include/zephyr/posix/posix_limits.h:51:9: warning: "_POSIX_THREAD_KEYS_MAX" redefined
   51 | #define _POSIX_THREAD_KEYS_MAX              (128)
      |         ^~~~~~~~~~~~~~~~~~~~~~
/scratch/dima/rose-infra/RoSE/soc/sw/xpu-rt/zephyr-chipyard-sw/tools-manual/zephyr-sdk-1.0.0-beta1/gnu/riscv64-zephyr-elf/riscv64-zephyr-elf/sys-include/sys/syslimits.h:91:9: note: this is the location of the previous definition
   91 | #define _POSIX_THREAD_KEYS_MAX  128
      |         ^~~~~~~~~~~~~~~~~~~~~~
/scratch/dima/rose-infra/RoSE/soc/sw/xpu-rt/zephyr-chipyard-sw/zephyr_ws/zephyr/include/zephyr/posix/posix_limits.h:52:9: warning: "_POSIX_THREAD_THREADS_MAX" redefined
   52 | #define _POSIX_THREAD_THREADS_MAX           (64)
      |         ^~~~~~~~~~~~~~~~~~~~~~~~~
/scratch/dima/rose-infra/RoSE/soc/sw/xpu-rt/zephyr-chipyard-sw/tools-manual/zephyr-sdk-1.0.0-beta1/gnu/riscv64-zephyr-elf/riscv64-zephyr-elf/sys-include/sys/syslimits.h:92:9: note: this is the location of the previous definition
   92 | #define _POSIX_THREAD_THREADS_MAX       64
      |         ^~~~~~~~~~~~~~~~~~~~~~~~~
/scratch/dima/rose-infra/RoSE/soc/sw/xpu-rt/zephyr-chipyard-sw/zephyr_ws/zephyr/include/zephyr/posix/posix_limits.h:53:9: warning: "_POSIX_TIMER_MAX" redefined
   53 | #define _POSIX_TIMER_MAX                    (32)
      |         ^~~~~~~~~~~~~~~~
/scratch/dima/rose-infra/RoSE/soc/sw/xpu-rt/zephyr-chipyard-sw/tools-manual/zephyr-sdk-1.0.0-beta1/gnu/riscv64-zephyr-elf/riscv64-zephyr-elf/sys-include/sys/syslimits.h:93:9: note: this is the location of the previous definition
   93 | #define _POSIX_TIMER_MAX        32
      |         ^~~~~~~~~~~~~~~~
/scratch/dima/rose-infra/RoSE/soc/sw/xpu-rt/zephyr-chipyard-sw/zephyr_ws/zephyr/include/zephyr/posix/posix_limits.h:54:9: warning: "_POSIX_TRACE_EVENT_NAME_MAX" redefined
   54 | #define _POSIX_TRACE_EVENT_NAME_MAX         (30)
      |         ^~~~~~~~~~~~~~~~~~~~~~~~~~~
/scratch/dima/rose-infra/RoSE/soc/sw/xpu-rt/zephyr-chipyard-sw/tools-manual/zephyr-sdk-1.0.0-beta1/gnu/riscv64-zephyr-elf/riscv64-zephyr-elf/sys-include/sys/syslimits.h:94:9: note: this is the location of the previous definition
   94 | #define _POSIX_TRACE_EVENT_NAME_MAX     30
      |         ^~~~~~~~~~~~~~~~~~~~~~~~~~~
/scratch/dima/rose-infra/RoSE/soc/sw/xpu-rt/zephyr-chipyard-sw/zephyr_ws/zephyr/include/zephyr/posix/posix_limits.h:55:9: warning: "_POSIX_TRACE_NAME_MAX" redefined
   55 | #define _POSIX_TRACE_NAME_MAX               (8)
      |         ^~~~~~~~~~~~~~~~~~~~~
/scratch/dima/rose-infra/RoSE/soc/sw/xpu-rt/zephyr-chipyard-sw/tools-manual/zephyr-sdk-1.0.0-beta1/gnu/riscv64-zephyr-elf/riscv64-zephyr-elf/sys-include/sys/syslimits.h:95:9: note: this is the location of the previous definition
   95 | #define _POSIX_TRACE_NAME_MAX   8
      |         ^~~~~~~~~~~~~~~~~~~~~
/scratch/dima/rose-infra/RoSE/soc/sw/xpu-rt/zephyr-chipyard-sw/zephyr_ws/zephyr/include/zephyr/posix/posix_limits.h:56:9: warning: "_POSIX_TRACE_SYS_MAX" redefined
   56 | #define _POSIX_TRACE_SYS_MAX                (8)
      |         ^~~~~~~~~~~~~~~~~~~~
/scratch/dima/rose-infra/RoSE/soc/sw/xpu-rt/zephyr-chipyard-sw/tools-manual/zephyr-sdk-1.0.0-beta1/gnu/riscv64-zephyr-elf/riscv64-zephyr-elf/sys-include/sys/syslimits.h:96:9: note: this is the location of the previous definition
   96 | #define _POSIX_TRACE_SYS_MAX    8
      |         ^~~~~~~~~~~~~~~~~~~~
/scratch/dima/rose-infra/RoSE/soc/sw/xpu-rt/zephyr-chipyard-sw/zephyr_ws/zephyr/include/zephyr/posix/posix_limits.h:57:9: warning: "_POSIX_TRACE_USER_EVENT_MAX" redefined
   57 | #define _POSIX_TRACE_USER_EVENT_MAX         (32)
      |         ^~~~~~~~~~~~~~~~~~~~~~~~~~~
/scratch/dima/rose-infra/RoSE/soc/sw/xpu-rt/zephyr-chipyard-sw/tools-manual/zephyr-sdk-1.0.0-beta1/gnu/riscv64-zephyr-elf/riscv64-zephyr-elf/sys-include/sys/syslimits.h:97:9: note: this is the location of the previous definition
   97 | #define _POSIX_TRACE_USER_EVENT_MAX     32
      |         ^~~~~~~~~~~~~~~~~~~~~~~~~~~
/scratch/dima/rose-infra/RoSE/soc/sw/xpu-rt/zephyr-chipyard-sw/zephyr_ws/zephyr/include/zephyr/posix/posix_limits.h:58:9: warning: "_POSIX_TTY_NAME_MAX" redefined
   58 | #define _POSIX_TTY_NAME_MAX                 (9)
      |         ^~~~~~~~~~~~~~~~~~~
/scratch/dima/rose-infra/RoSE/soc/sw/xpu-rt/zephyr-chipyard-sw/tools-manual/zephyr-sdk-1.0.0-beta1/gnu/riscv64-zephyr-elf/riscv64-zephyr-elf/sys-include/sys/syslimits.h:98:9: note: this is the location of the previous definition
   98 | #define _POSIX_TTY_NAME_MAX     9
      |         ^~~~~~~~~~~~~~~~~~~
/scratch/dima/rose-infra/RoSE/soc/sw/xpu-rt/zephyr-chipyard-sw/zephyr_ws/zephyr/include/zephyr/posix/posix_limits.h:59:9: warning: "_POSIX_TZNAME_MAX" redefined
   59 | #define _POSIX_TZNAME_MAX                   (6)
      |         ^~~~~~~~~~~~~~~~~
/scratch/dima/rose-infra/RoSE/soc/sw/xpu-rt/zephyr-chipyard-sw/tools-manual/zephyr-sdk-1.0.0-beta1/gnu/riscv64-zephyr-elf/riscv64-zephyr-elf/sys-include/sys/syslimits.h:99:9: note: this is the location of the previous definition
   99 | #define _POSIX_TZNAME_MAX       3
      |         ^~~~~~~~~~~~~~~~~
/scratch/dima/rose-infra/RoSE/soc/sw/xpu-rt/zephyr-chipyard-sw/zephyr_ws/zephyr/include/zephyr/posix/posix_limits.h:60:9: warning: "_POSIX2_BC_BASE_MAX" redefined
   60 | #define _POSIX2_BC_BASE_MAX                 (99)
      |         ^~~~~~~~~~~~~~~~~~~
/scratch/dima/rose-infra/RoSE/soc/sw/xpu-rt/zephyr-chipyard-sw/tools-manual/zephyr-sdk-1.0.0-beta1/gnu/riscv64-zephyr-elf/riscv64-zephyr-elf/sys-include/sys/syslimits.h:100:9: note: this is the location of the previous definition
  100 | #define _POSIX2_BC_BASE_MAX     99
      |         ^~~~~~~~~~~~~~~~~~~
/scratch/dima/rose-infra/RoSE/soc/sw/xpu-rt/zephyr-chipyard-sw/zephyr_ws/zephyr/include/zephyr/posix/posix_limits.h:61:9: warning: "_POSIX2_BC_DIM_MAX" redefined
   61 | #define _POSIX2_BC_DIM_MAX                  (2048)
      |         ^~~~~~~~~~~~~~~~~~
/scratch/dima/rose-infra/RoSE/soc/sw/xpu-rt/zephyr-chipyard-sw/tools-manual/zephyr-sdk-1.0.0-beta1/gnu/riscv64-zephyr-elf/riscv64-zephyr-elf/sys-include/sys/syslimits.h:101:9: note: this is the location of the previous definition
  101 | #define _POSIX2_BC_DIM_MAX      2048
      |         ^~~~~~~~~~~~~~~~~~
/scratch/dima/rose-infra/RoSE/soc/sw/xpu-rt/zephyr-chipyard-sw/zephyr_ws/zephyr/include/zephyr/posix/posix_limits.h:62:9: warning: "_POSIX2_BC_SCALE_MAX" redefined
   62 | #define _POSIX2_BC_SCALE_MAX                (99)
      |         ^~~~~~~~~~~~~~~~~~~~
/scratch/dima/rose-infra/RoSE/soc/sw/xpu-rt/zephyr-chipyard-sw/tools-manual/zephyr-sdk-1.0.0-beta1/gnu/riscv64-zephyr-elf/riscv64-zephyr-elf/sys-include/sys/syslimits.h:102:9: note: this is the location of the previous definition
  102 | #define _POSIX2_BC_SCALE_MAX    99
      |         ^~~~~~~~~~~~~~~~~~~~
/scratch/dima/rose-infra/RoSE/soc/sw/xpu-rt/zephyr-chipyard-sw/zephyr_ws/zephyr/include/zephyr/posix/posix_limits.h:63:9: warning: "_POSIX2_BC_STRING_MAX" redefined
   63 | #define _POSIX2_BC_STRING_MAX               (1000)
      |         ^~~~~~~~~~~~~~~~~~~~~
/scratch/dima/rose-infra/RoSE/soc/sw/xpu-rt/zephyr-chipyard-sw/tools-manual/zephyr-sdk-1.0.0-beta1/gnu/riscv64-zephyr-elf/riscv64-zephyr-elf/sys-include/sys/syslimits.h:103:9: note: this is the location of the previous definition
  103 | #define _POSIX2_BC_STRING_MAX   1000
      |         ^~~~~~~~~~~~~~~~~~~~~
/scratch/dima/rose-infra/RoSE/soc/sw/xpu-rt/zephyr-chipyard-sw/zephyr_ws/zephyr/include/zephyr/posix/posix_limits.h:64:9: warning: "_POSIX2_CHARCLASS_NAME_MAX" redefined
   64 | #define _POSIX2_CHARCLASS_NAME_MAX          (14)
      |         ^~~~~~~~~~~~~~~~~~~~~~~~~~
/scratch/dima/rose-infra/RoSE/soc/sw/xpu-rt/zephyr-chipyard-sw/tools-manual/zephyr-sdk-1.0.0-beta1/gnu/riscv64-zephyr-elf/riscv64-zephyr-elf/sys-include/sys/syslimits.h:104:9: note: this is the location of the previous definition
  104 | #define _POSIX2_CHARCLASS_NAME_MAX      14
      |         ^~~~~~~~~~~~~~~~~~~~~~~~~~
/scratch/dima/rose-infra/RoSE/soc/sw/xpu-rt/zephyr-chipyard-sw/zephyr_ws/zephyr/include/zephyr/posix/posix_limits.h:65:9: warning: "_POSIX2_COLL_WEIGHTS_MAX" redefined
   65 | #define _POSIX2_COLL_WEIGHTS_MAX            (2)
      |         ^~~~~~~~~~~~~~~~~~~~~~~~
/scratch/dima/rose-infra/RoSE/soc/sw/xpu-rt/zephyr-chipyard-sw/tools-manual/zephyr-sdk-1.0.0-beta1/gnu/riscv64-zephyr-elf/riscv64-zephyr-elf/sys-include/sys/syslimits.h:105:9: note: this is the location of the previous definition
  105 | #define _POSIX2_COLL_WEIGHTS_MAX        2
      |         ^~~~~~~~~~~~~~~~~~~~~~~~
/scratch/dima/rose-infra/RoSE/soc/sw/xpu-rt/zephyr-chipyard-sw/zephyr_ws/zephyr/include/zephyr/posix/posix_limits.h:66:9: warning: "_POSIX2_EXPR_NEST_MAX" redefined
   66 | #define _POSIX2_EXPR_NEST_MAX               (32)
      |         ^~~~~~~~~~~~~~~~~~~~~
/scratch/dima/rose-infra/RoSE/soc/sw/xpu-rt/zephyr-chipyard-sw/tools-manual/zephyr-sdk-1.0.0-beta1/gnu/riscv64-zephyr-elf/riscv64-zephyr-elf/sys-include/sys/syslimits.h:106:9: note: this is the location of the previous definition
  106 | #define _POSIX2_EXPR_NEST_MAX   32
      |         ^~~~~~~~~~~~~~~~~~~~~
/scratch/dima/rose-infra/RoSE/soc/sw/xpu-rt/zephyr-chipyard-sw/zephyr_ws/zephyr/include/zephyr/posix/posix_limits.h:67:9: warning: "_POSIX2_LINE_MAX" redefined
   67 | #define _POSIX2_LINE_MAX                    (2048)
      |         ^~~~~~~~~~~~~~~~
/scratch/dima/rose-infra/RoSE/soc/sw/xpu-rt/zephyr-chipyard-sw/tools-manual/zephyr-sdk-1.0.0-beta1/gnu/riscv64-zephyr-elf/riscv64-zephyr-elf/sys-include/sys/syslimits.h:107:9: note: this is the location of the previous definition
  107 | #define _POSIX2_LINE_MAX        2048
      |         ^~~~~~~~~~~~~~~~
/scratch/dima/rose-infra/RoSE/soc/sw/xpu-rt/zephyr-chipyard-sw/zephyr_ws/zephyr/include/zephyr/posix/posix_limits.h:83:9: warning: "ARG_MAX" redefined
   83 | #define ARG_MAX                       _POSIX_ARG_MAX
      |         ^~~~~~~
/scratch/dima/rose-infra/RoSE/soc/sw/xpu-rt/zephyr-chipyard-sw/tools-manual/zephyr-sdk-1.0.0-beta1/gnu/riscv64-zephyr-elf/riscv64-zephyr-elf/sys-include/sys/syslimits.h:41:9: note: this is the location of the previous definition
   41 | #define ARG_MAX                 65536   /* max bytes for an exec function */
      |         ^~~~~~~
/scratch/dima/rose-infra/RoSE/soc/sw/xpu-rt/zephyr-chipyard-sw/zephyr_ws/zephyr/include/zephyr/posix/posix_limits.h:84:9: warning: "ATEXIT_MAX" redefined
   84 | #define ATEXIT_MAX                    (32)
      |         ^~~~~~~~~~
/scratch/dima/rose-infra/RoSE/soc/sw/xpu-rt/zephyr-chipyard-sw/tools-manual/zephyr-sdk-1.0.0-beta1/gnu/riscv64-zephyr-elf/riscv64-zephyr-elf/sys-include/sys/syslimits.h:42:9: note: this is the location of the previous definition
   42 | #define ATEXIT_MAX                 32   /* max atexit functions */
      |         ^~~~~~~~~~
/scratch/dima/rose-infra/RoSE/soc/sw/xpu-rt/zephyr-chipyard-sw/zephyr_ws/zephyr/include/zephyr/posix/posix_limits.h:93:9: warning: "OPEN_MAX" redefined
   93 | #define OPEN_MAX                      CONFIG_POSIX_OPEN_MAX
      |         ^~~~~~~~
/scratch/dima/rose-infra/RoSE/soc/sw/xpu-rt/zephyr-chipyard-sw/tools-manual/zephyr-sdk-1.0.0-beta1/gnu/riscv64-zephyr-elf/riscv64-zephyr-elf/sys-include/sys/syslimits.h:45:9: note: this is the location of the previous definition
   45 | #define OPEN_MAX                   64   /* max open files per process */
      |         ^~~~~~~~
/scratch/dima/rose-infra/RoSE/soc/sw/xpu-rt/zephyr-chipyard-sw/zephyr_ws/zephyr/include/zephyr/posix/posix_limits.h:96:9: warning: "PATH_MAX" redefined
   96 | #define PATH_MAX                      _POSIX_PATH_MAX
      |         ^~~~~~~~
/scratch/dima/rose-infra/RoSE/soc/sw/xpu-rt/zephyr-chipyard-sw/tools-manual/zephyr-sdk-1.0.0-beta1/gnu/riscv64-zephyr-elf/riscv64-zephyr-elf/sys-include/sys/syslimits.h:53:9: note: this is the location of the previous definition
   53 | #define PATH_MAX                 1024   /* max bytes in pathname */
      |         ^~~~~~~~
/scratch/dima/rose-infra/RoSE/soc/sw/xpu-rt/zephyr-chipyard-sw/zephyr_ws/zephyr/include/zephyr/posix/posix_limits.h:114:9: warning: "TZNAME_MAX" redefined
  114 | #define TZNAME_MAX                    _POSIX_TZNAME_MAX
      |         ^~~~~~~~~~
/scratch/dima/rose-infra/RoSE/soc/sw/xpu-rt/zephyr-chipyard-sw/tools-manual/zephyr-sdk-1.0.0-beta1/gnu/riscv64-zephyr-elf/riscv64-zephyr-elf/sys-include/sys/syslimits.h:46:9: note: this is the location of the previous definition
   46 | #define TZNAME_MAX                 10   /* max time zone name length */
      |         ^~~~~~~~~~
[65/127] Building C object zephyr/kernel/CMakeFiles/kernel.dir/fatal.c.obj
[66/127] Building C object zephyr/kernel/CMakeFiles/kernel.dir/banner.c.obj
[67/127] Building C object zephyr/CMakeFiles/zephyr.dir/soc/rocketchip/virt_riscv/common/soc.c.obj
[68/127] Building C object zephyr/CMakeFiles/zephyr.dir/lib/utils/rb.c.obj
[69/127] Linking C static library zephyr/drivers/interrupt_controller/libdrivers__interrupt_controller.a
[70/127] Building C object zephyr/lib/libc/picolibc/CMakeFiles/lib__libc__picolibc.dir/exit.c.obj
[71/127] Building C object zephyr/kernel/CMakeFiles/kernel.dir/main_weak.c.obj
[72/127] Building C object zephyr/kernel/CMakeFiles/kernel.dir/init.c.obj
[73/127] Building C object zephyr/kernel/CMakeFiles/kernel.dir/errno.c.obj
[74/127] Linking C static library zephyr/drivers/timer/libdrivers__timer.a
[75/127] Linking C static library zephyr/lib/posix/c_lib_ext/liblib__posix__c_lib_ext.a
[76/127] Building C object zephyr/kernel/CMakeFiles/kernel.dir/busy_wait.c.obj
[77/127] Building C object zephyr/kernel/CMakeFiles/kernel.dir/device.c.obj
[78/127] Building C object zephyr/kernel/CMakeFiles/kernel.dir/float.c.obj
[79/127] Building C object zephyr/lib/libc/picolibc/CMakeFiles/lib__libc__picolibc.dir/locks.c.obj
[80/127] Building C object zephyr/drivers/console/CMakeFiles/drivers__console.dir/uart_console.c.obj
[81/127] Building C object zephyr/kernel/CMakeFiles/kernel.dir/mem_slab.c.obj
[82/127] Building C object zephyr/arch/common/CMakeFiles/arch__common.dir/multilevel_irq.c.obj
[83/127] Building C object zephyr/kernel/CMakeFiles/kernel.dir/idle.c.obj
[84/127] Building C object zephyr/CMakeFiles/zephyr.dir/lib/os/clock.c.obj
[85/127] Building C object zephyr/kernel/CMakeFiles/kernel.dir/mutex.c.obj
[86/127] Building C object zephyr/CMakeFiles/zephyr.dir/lib/os/cbprintf_packaged.c.obj
[87/127] Building C object zephyr/kernel/CMakeFiles/kernel.dir/mailbox.c.obj
[88/127] Building C object zephyr/kernel/CMakeFiles/kernel.dir/queue.c.obj
[89/127] Building C object zephyr/kernel/CMakeFiles/kernel.dir/system_work_q.c.obj
[90/127] Building C object zephyr/kernel/CMakeFiles/kernel.dir/kheap.c.obj
[91/127] Linking C static library zephyr/lib/libc/picolibc/liblib__libc__picolibc.a
[92/127] Linking C static library zephyr/drivers/console/libdrivers__console.a
[93/127] Linking C static library zephyr/arch/common/libarch__common.a
[94/127] Building C object zephyr/drivers/serial/CMakeFiles/drivers__serial.dir/uart_htif.c.obj
[95/127] Building C object zephyr/kernel/CMakeFiles/kernel.dir/sem.c.obj
[96/127] Building C object zephyr/kernel/CMakeFiles/kernel.dir/msg_q.c.obj
[97/127] Building C object zephyr/arch/arch/riscv/core/CMakeFiles/arch__riscv__core.dir/tls.c.obj
[98/127] Building C object zephyr/kernel/CMakeFiles/kernel.dir/mempool.c.obj
[99/127] Building C object zephyr/kernel/CMakeFiles/kernel.dir/dynamic_disabled.c.obj
[100/127] Building C object zephyr/kernel/CMakeFiles/kernel.dir/stack.c.obj
[101/127] Linking C static library zephyr/drivers/serial/libdrivers__serial.a
[102/127] Building C object zephyr/lib/libc/common/CMakeFiles/lib__libc__common.dir/source/stdlib/abort.c.obj
[103/127] Building C object zephyr/lib/libc/common/CMakeFiles/lib__libc__common.dir/source/stdlib/malloc.c.obj
[104/127] Building C object zephyr/kernel/CMakeFiles/kernel.dir/timer.c.obj
[105/127] Building C object zephyr/kernel/CMakeFiles/kernel.dir/thread.c.obj
[106/127] Linking C static library zephyr/arch/arch/riscv/core/libarch__riscv__core.a
[107/127] Building C object zephyr/CMakeFiles/zephyr.dir/lib/heap/heap.c.obj
[108/127] Linking C static library zephyr/lib/libc/common/liblib__libc__common.a
[109/127] Building C object zephyr/kernel/CMakeFiles/kernel.dir/timeslicing.c.obj
[110/127] Building C object zephyr/kernel/CMakeFiles/kernel.dir/condvar.c.obj
[111/127] Building C object zephyr/kernel/CMakeFiles/kernel.dir/pipe.c.obj
[112/127] Building C object zephyr/kernel/CMakeFiles/kernel.dir/timeout.c.obj
[113/127] Building C object CMakeFiles/app.dir/scratch/dima/rose-infra/RoSE/soc/sw/xpu-rt/zephyr-chipyard-sw/modelblaster/examples/vint_kcovref/int8/generated/gemmini_q31/kernels.c.obj
/scratch/dima/rose-infra/RoSE/soc/sw/xpu-rt/zephyr-chipyard-sw/modelblaster/examples/vint_kcovref/int8/generated/gemmini_q31/kernels.c: In function 'kernel_mul_c1_s8_vint':
/scratch/dima/rose-infra/RoSE/soc/sw/xpu-rt/zephyr-chipyard-sw/modelblaster/examples/vint_kcovref/int8/generated/gemmini_q31/kernels.c:474:11: warning: unused variable 'k' [-Wunused-variable]
  474 |     float k = (scale_gate * scale_x) / scale_out;
      |           ^
[114/127] Building C object zephyr/kernel/CMakeFiles/kernel.dir/work.c.obj
[115/127] Building C object zephyr/CMakeFiles/zephyr.dir/lib/os/cbprintf_complete.c.obj
[116/127] Linking C static library zephyr/libzephyr.a
[117/127] Building C object zephyr/kernel/CMakeFiles/kernel.dir/sched.c.obj
[118/127] Linking C static library zephyr/kernel/libkernel.a
[119/127] Building C object CMakeFiles/app.dir/scratch/dima/rose-infra/RoSE/soc/sw/xpu-rt/zephyr-chipyard-sw/modelblaster/examples/vint_kcovref/int8/generated/gemmini_q31/model.c.obj
[120/127] Building C object CMakeFiles/app.dir/scratch/dima/rose-infra/RoSE/soc/sw/xpu-rt/zephyr-chipyard-sw/modelblaster/examples/vint_kcovref/int8/generated/gemmini_q31/weights.c.obj
[121/127] Linking C static library app/libapp.a
[122/127] Linking C executable zephyr/zephyr_pre0.elf
[123/127] Generating linker.cmd
[124/127] Generating isr_tables.c, isr_tables_vt.ld, isr_tables_swi.ld
[125/127] Building C object zephyr/CMakeFiles/zephyr_final.dir/misc/empty_file.c.obj
[126/127] Building C object zephyr/CMakeFiles/zephyr_final.dir/isr_tables.c.obj
[127/127] Linking C executable zephyr/zephyr.elf
Memory region         Used Size  Region Size  %age Used
             RAM:    52385504 B       256 MB     19.52%
        IDT_LIST:           0 B         4 KB      0.00%
Generating files from /scratch/dima/rose-infra/RoSE/soc/sw/xpu-rt/zephyr-chipyard-sw/modelblaster/examples/vint_kcovref/int8/build/gemmini_q31/zephyr/zephyr.elf for board: spike_riscv64
MODELBLASTER_STAGE_END:build:39.602
[5/5] spike + compare
MODELBLASTER_STAGE_BEGIN:run
spike: /scratch2/dima/chipyard-fsim/.conda-env/riscv-tools/bin/spike
=== MODELBLASTER_RAW_SPIKE_BEGIN ===
*** Booting Zephyr OS build c93d5bdb6078 ***
modelblaster harness: model=vint in=114240 out=21
=== MODELBLASTER_VERIFY === max_abs_err=0.327884674 max_rel_err=0.166666627 n=21
=== MODELBLASTER_OUTPUT_BEGIN ===
19.836874
0.934528708
-0.0778773949
0.995661199
-0.0930524543
1.79118001
-0.194693491
0.979366601
-0.20209153
2.56995392
-0.428325683
0.93799454
-0.346650124
3.23191166
-0.778773963
0.90015924
-0.435560912
3.77705336
-1.20709968
0.635707259
-0.771930277
=== MODELBLASTER_OUTPUT_END ===
=== MODELBLASTER_PROFILE_BEGIN ===
dispatch_id,name,op,shape,cycles
0,obs_img__cast_f16,cast_i8_to_f16,n=97920,6826196
1,slice_2,slice_c_f16,N=1;IC=18;C_start=15;C_end=18;H=64;W=85,195942
2,goal_img__cast_f16,cast_i8_to_f16,n=16320,1137965
3,cat,cat2_c1_f16,N=1;H=64;W=85;C_total=6;C_inputs=3|3,391751
4,pad,pad_f16,N=1;C=6;IH=64;IW=85;pad_left=0;pad_right=1;pad_top=0;pad_bottom=1,670529
5,conv2d,conv2d_f16,N=1;IC=6;IH=65;IW=86;OC=32;KH=3;KW=3;SH=2;SW=2;PH=0;PW=0;DH=1;DW=1;groups=1,297656414
6,batch_norm,batchnorm2d_f16,N=1;C=32;H=32;W=42,5128091
7,mul__sigmoid,sigmoid_f16,n=43008,7762336
8,mul,mul_f16,n=43008,6706717
9,conv2d_1,depthwise_conv2d_f16,N=1;IC=1;IH=32;IW=42;OC=32;KH=3;KW=3;SH=1;SW=1;PH=1;PW=1;DH=1;DW=1;groups=32,48046074
10,batch_norm_1,batchnorm2d_f16,N=1;C=32;H=32;W=42,5123801
11,mul_1__sigmoid,sigmoid_f16,n=43008,7776254
12,mul_1,mul_f16,n=43008,6706958
13,adaptive_avg_pool2d,adaptive_avg_pool2d_f16,N=1;C=32;IH=32;IW=42;OH=1;OW=1,3283266
14,conv2d_2,conv2d_f16,N=1;IC=32;IH=1;IW=1;OC=8;KH=1;KW=1;SH=1;SW=1;PH=0;PW=0;DH=1;DW=1;groups=1,38591
15,mul_2__sigmoid,sigmoid_f16,n=8,1490
16,mul_2,mul_f16,n=8,1288
17,conv2d_3,conv2d_f16,N=1;IC=8;IH=1;IW=1;OC=32;KH=1;KW=1;SH=1;SW=1;PH=0;PW=0;DH=1;DW=1;groups=1,42575
18,sigmoid_3,sigmoid_f16,n=32,5575
19,mul_3,mul_c1_f16,N=1;C=32;HW=1344,4946895
20,conv2d_4,conv2d_f16,N=1;IC=32;IH=32;IW=42;OC=16;KH=1;KW=1;SH=1;SW=1;PH=0;PW=0;DH=1;DW=1;groups=1,101390849
21,batch_norm_2,batchnorm2d_f16,N=1;C=16;H=32;W=42,2564151
22,conv2d_5,conv2d_f16,N=1;IC=16;IH=32;IW=42;OC=96;KH=1;KW=1;SH=1;SW=1;PH=0;PW=0;DH=1;DW=1;groups=1,308950532
23,batch_norm_3,batchnorm2d_f16,N=1;C=96;H=32;W=42,15378493
24,mul_4__sigmoid,sigmoid_f16,n=129024,23533257
25,mul_4,mul_f16,n=129024,20120936
26,pad_2,pad_f16,N=1;C=96;IH=32;IW=42;pad_left=0;pad_right=1;pad_top=0;pad_bottom=1,2722265
27,conv2d_6,depthwise_conv2d_f16,N=1;IC=1;IH=33;IW=43;OC=96;KH=3;KW=3;SH=2;SW=2;PH=0;PW=0;DH=1;DW=1;groups=96,37246724
28,batch_norm_4,batchnorm2d_f16,N=1;C=96;H=16;W=21,3859528
29,mul_5__sigmoid,sigmoid_f16,n=32256,5824900
30,mul_5,mul_f16,n=32256,5030538
31,adaptive_avg_pool2d_1,adaptive_avg_pool2d_f16,N=1;C=96;IH=16;IW=21;OH=1;OW=1,2479198
32,conv2d_7,conv2d_f16,N=1;IC=96;IH=1;IW=1;OC=4;KH=1;KW=1;SH=1;SW=1;PH=0;PW=0;DH=1;DW=1;groups=1,56487
33,mul_6__sigmoid,sigmoid_f16,n=4,802
34,mul_6,mul_f16,n=4,664
35,conv2d_8,conv2d_f16,N=1;IC=4;IH=1;IW=1;OC=96;KH=1;KW=1;SH=1;SW=1;PH=0;PW=0;DH=1;DW=1;groups=1,71759
36,sigmoid_7,sigmoid_f16,n=96,17051
37,mul_7,mul_c1_f16,N=1;C=96;HW=336,3714143
38,conv2d_9,conv2d_f16,N=1;IC=96;IH=16;IW=21;OC=24;KH=1;KW=1;SH=1;SW=1;PH=0;PW=0;DH=1;DW=1;groups=1,112921367
39,batch_norm_5,batchnorm2d_f16,N=1;C=24;H=16;W=21,965200
40,conv2d_10,conv2d_f16,N=1;IC=24;IH=16;IW=21;OC=144;KH=1;KW=1;SH=1;SW=1;PH=0;PW=0;DH=1;DW=1;groups=1,172042543
41,batch_norm_6,batchnorm2d_f16,N=1;C=144;H=16;W=21,5787229
42,mul_8__sigmoid,sigmoid_f16,n=48384,8830210
43,mul_8,mul_f16,n=48384,7545149
44,conv2d_11,depthwise_conv2d_f16,N=1;IC=1;IH=16;IW=21;OC=144;KH=3;KW=3;SH=1;SW=1;PH=1;PW=1;DH=1;DW=1;groups=144,52297130
45,batch_norm_7,batchnorm2d_f16,N=1;C=144;H=16;W=21,5787490
46,mul_9__sigmoid,sigmoid_f16,n=48384,8718129
47,mul_9,mul_f16,n=48384,7545395
48,adaptive_avg_pool2d_2,adaptive_avg_pool2d_f16,N=1;C=144;IH=16;IW=21;OH=1;OW=1,3718854
49,conv2d_12,conv2d_f16,N=1;IC=144;IH=1;IW=1;OC=6;KH=1;KW=1;SH=1;SW=1;PH=0;PW=0;DH=1;DW=1;groups=1,126469
50,mul_10__sigmoid,sigmoid_f16,n=6,1182
51,mul_10,mul_f16,n=6,976
52,conv2d_13,conv2d_f16,N=1;IC=6;IH=1;IW=1;OC=144;KH=1;KW=1;SH=1;SW=1;PH=0;PW=0;DH=1;DW=1;groups=1,149327
53,sigmoid_11,sigmoid_f16,n=144,26168
54,mul_11,mul_c1_f16,N=1;C=144;HW=336,5570258
55,conv2d_14,conv2d_f16,N=1;IC=144;IH=16;IW=21;OC=24;KH=1;KW=1;SH=1;SW=1;PH=0;PW=0;DH=1;DW=1;groups=1,169052689
56,batch_norm_8,batchnorm2d_f16,N=1;C=24;H=16;W=21,964620
57,add,add_f16,n=8064,1216072
58,conv2d_15,conv2d_f16,N=1;IC=24;IH=16;IW=21;OC=144;KH=1;KW=1;SH=1;SW=1;PH=0;PW=0;DH=1;DW=1;groups=1,172025427
59,batch_norm_9,batchnorm2d_f16,N=1;C=144;H=16;W=21,5788104
60,mul_12__sigmoid,sigmoid_f16,n=48384,8720985
61,mul_12,mul_f16,n=48384,7545397
62,pad_4,pad_f16,N=1;C=144;IH=16;IW=21;pad_left=1;pad_right=2;pad_top=1;pad_bottom=2,1169945
63,conv2d_16,depthwise_conv2d_f16,N=1;IC=1;IH=19;IW=24;OC=144;KH=5;KW=5;SH=2;SW=2;PH=0;PW=0;DH=1;DW=1;groups=144,34950901
64,batch_norm_10,batchnorm2d_f16,N=1;C=144;H=8;W=10,1393757
65,mul_13__sigmoid,sigmoid_f16,n=11520,2075338
66,mul_13,mul_f16,n=11520,1796455
67,adaptive_avg_pool2d_3,adaptive_avg_pool2d_f16,N=1;C=144;IH=8;IW=10;OH=1;OW=1,905370
68,conv2d_17,conv2d_f16,N=1;IC=144;IH=1;IW=1;OC=6;KH=1;KW=1;SH=1;SW=1;PH=0;PW=0;DH=1;DW=1;groups=1,126419
69,mul_14__sigmoid,sigmoid_f16,n=6,1134
70,mul_14,mul_f16,n=6,976
71,conv2d_18,conv2d_f16,N=1;IC=6;IH=1;IW=1;OC=144;KH=1;KW=1;SH=1;SW=1;PH=0;PW=0;DH=1;DW=1;groups=1,149327
72,sigmoid_15,sigmoid_f16,n=144,25139
73,mul_15,mul_c1_f16,N=1;C=144;HW=80,1332512
74,conv2d_19,conv2d_f16,N=1;IC=144;IH=8;IW=10;OC=40;KH=1;KW=1;SH=1;SW=1;PH=0;PW=0;DH=1;DW=1;groups=1,67066675
75,batch_norm_11,batchnorm2d_f16,N=1;C=40;H=8;W=10,387226
76,conv2d_20,conv2d_f16,N=1;IC=40;IH=8;IW=10;OC=240;KH=1;KW=1;SH=1;SW=1;PH=0;PW=0;DH=1;DW=1;groups=1,112871234
77,batch_norm_12,batchnorm2d_f16,N=1;C=240;H=8;W=10,2322746
78,mul_16__sigmoid,sigmoid_f16,n=19200,3501520
79,mul_16,mul_f16,n=19200,2994364
80,conv2d_21,depthwise_conv2d_f16,N=1;IC=1;IH=8;IW=10;OC=240;KH=5;KW=5;SH=1;SW=1;PH=2;PW=2;DH=1;DW=1;groups=240,44487176
81,batch_norm_13,batchnorm2d_f16,N=1;C=240;H=8;W=10,2323990
82,mul_17__sigmoid,sigmoid_f16,n=19200,3458323
83,mul_17,mul_f16,n=19200,2994111
84,adaptive_avg_pool2d_4,adaptive_avg_pool2d_f16,N=1;C=240;IH=8;IW=10;OH=1;OW=1,1508808
85,conv2d_22,conv2d_f16,N=1;IC=240;IH=1;IW=1;OC=10;KH=1;KW=1;SH=1;SW=1;PH=0;PW=0;DH=1;DW=1;groups=1,349803
86,mul_18__sigmoid,sigmoid_f16,n=10,1900
87,mul_18,mul_f16,n=10,1600
88,conv2d_23,conv2d_f16,N=1;IC=10;IH=1;IW=1;OC=240;KH=1;KW=1;SH=1;SW=1;PH=0;PW=0;DH=1;DW=1;groups=1,388033
89,sigmoid_19,sigmoid_f16,n=240,42391
90,mul_19,mul_c1_f16,N=1;C=240;HW=80,2220351
91,conv2d_24,conv2d_f16,N=1;IC=240;IH=8;IW=10;OC=40;KH=1;KW=1;SH=1;SW=1;PH=0;PW=0;DH=1;DW=1;groups=1,111626669
92,batch_norm_14,batchnorm2d_f16,N=1;C=40;H=8;W=10,387326
93,add_1,add_f16,n=3200,482487
94,conv2d_25,conv2d_f16,N=1;IC=40;IH=8;IW=10;OC=240;KH=1;KW=1;SH=1;SW=1;PH=0;PW=0;DH=1;DW=1;groups=1,112834787
95,batch_norm_15,batchnorm2d_f16,N=1;C=240;H=8;W=10,2323162
96,mul_20__sigmoid,sigmoid_f16,n=19200,3499356
97,mul_20,mul_f16,n=19200,2994073
98,pad_6,pad_f16,N=1;C=240;IH=8;IW=10;pad_left=0;pad_right=1;pad_top=0;pad_bottom=1,475289
99,conv2d_26,depthwise_conv2d_f16,N=1;IC=1;IH=9;IW=11;OC=240;KH=3;KW=3;SH=2;SW=2;PH=0;PW=0;DH=1;DW=1;groups=240,5558266
100,batch_norm_16,batchnorm2d_f16,N=1;C=240;H=4;W=5,602945
101,mul_21__sigmoid,sigmoid_f16,n=4800,866934
102,mul_21,mul_f16,n=4800,748623
103,adaptive_avg_pool2d_5,adaptive_avg_pool2d_f16,N=1;C=240;IH=4;IW=5;OH=1;OW=1,404814
104,conv2d_27,conv2d_f16,N=1;IC=240;IH=1;IW=1;OC=10;KH=1;KW=1;SH=1;SW=1;PH=0;PW=0;DH=1;DW=1;groups=1,349903
105,mul_22__sigmoid,sigmoid_f16,n=10,1925
106,mul_22,mul_f16,n=10,1600
107,conv2d_28,conv2d_f16,N=1;IC=10;IH=1;IW=1;OC=240;KH=1;KW=1;SH=1;SW=1;PH=0;PW=0;DH=1;DW=1;groups=1,388033
108,sigmoid_23,sigmoid_f16,n=240,42851
109,mul_23,mul_c1_f16,N=1;C=240;HW=20,564657
110,conv2d_29,conv2d_f16,N=1;IC=240;IH=4;IW=5;OC=80;KH=1;KW=1;SH=1;SW=1;PH=0;PW=0;DH=1;DW=1;groups=1,55827312
111,batch_norm_17,batchnorm2d_f16,N=1;C=80;H=4;W=5,201092
112,conv2d_30,conv2d_f16,N=1;IC=80;IH=4;IW=5;OC=480;KH=1;KW=1;SH=1;SW=1;PH=0;PW=0;DH=1;DW=1;groups=1,112163904
113,batch_norm_18,batchnorm2d_f16,N=1;C=480;H=4;W=5,1205620
114,mul_24__sigmoid,sigmoid_f16,n=9600,1764389
115,mul_24,mul_f16,n=9600,1497209
116,conv2d_31,depthwise_conv2d_f16,N=1;IC=1;IH=4;IW=5;OC=480;KH=3;KW=3;SH=1;SW=1;PH=1;PW=1;DH=1;DW=1;groups=480,8381581
117,batch_norm_19,batchnorm2d_f16,N=1;C=480;H=4;W=5,1205694
118,mul_25__sigmoid,sigmoid_f16,n=9600,1735980
119,mul_25,mul_f16,n=9600,1497112
120,adaptive_avg_pool2d_6,adaptive_avg_pool2d_f16,N=1;C=480;IH=4;IW=5;OH=1;OW=1,809321
121,conv2d_32,conv2d_f16,N=1;IC=480;IH=1;IW=1;OC=20;KH=1;KW=1;SH=1;SW=1;PH=0;PW=0;DH=1;DW=1;groups=1,1396613
122,mul_26__sigmoid,sigmoid_f16,n=20,3840
123,mul_26,mul_f16,n=20,3160
124,conv2d_33,conv2d_f16,N=1;IC=20;IH=1;IW=1;OC=480;KH=1;KW=1;SH=1;SW=1;PH=0;PW=0;DH=1;DW=1;groups=1,1472023
125,sigmoid_27,sigmoid_f16,n=480,91059
126,mul_27,mul_c1_f16,N=1;C=480;HW=20,1129650
127,conv2d_34,conv2d_f16,N=1;IC=480;IH=4;IW=5;OC=80;KH=1;KW=1;SH=1;SW=1;PH=0;PW=0;DH=1;DW=1;groups=1,111561276
128,batch_norm_20,batchnorm2d_f16,N=1;C=80;H=4;W=5,201019
129,add_2,add_f16,n=1600,241666
130,conv2d_35,conv2d_f16,N=1;IC=80;IH=4;IW=5;OC=480;KH=1;KW=1;SH=1;SW=1;PH=0;PW=0;DH=1;DW=1;groups=1,112133846
131,batch_norm_21,batchnorm2d_f16,N=1;C=480;H=4;W=5,1205460
132,mul_28__sigmoid,sigmoid_f16,n=9600,1770794
133,mul_28,mul_f16,n=9600,1497143
134,conv2d_36,depthwise_conv2d_f16,N=1;IC=1;IH=4;IW=5;OC=480;KH=3;KW=3;SH=1;SW=1;PH=1;PW=1;DH=1;DW=1;groups=480,8380807
135,batch_norm_22,batchnorm2d_f16,N=1;C=480;H=4;W=5,1205729
136,mul_29__sigmoid,sigmoid_f16,n=9600,1734184
137,mul_29,mul_f16,n=9600,1496989
138,adaptive_avg_pool2d_7,adaptive_avg_pool2d_f16,N=1;C=480;IH=4;IW=5;OH=1;OW=1,809341
139,conv2d_37,conv2d_f16,N=1;IC=480;IH=1;IW=1;OC=20;KH=1;KW=1;SH=1;SW=1;PH=0;PW=0;DH=1;DW=1;groups=1,1395513
140,mul_30__sigmoid,sigmoid_f16,n=20,3876
141,mul_30,mul_f16,n=20,3148
142,conv2d_38,conv2d_f16,N=1;IC=20;IH=1;IW=1;OC=480;KH=1;KW=1;SH=1;SW=1;PH=0;PW=0;DH=1;DW=1;groups=1,1471973
143,sigmoid_31,sigmoid_f16,n=480,89521
144,mul_31,mul_c1_f16,N=1;C=480;HW=20,1129499
145,conv2d_39,conv2d_f16,N=1;IC=480;IH=4;IW=5;OC=80;KH=1;KW=1;SH=1;SW=1;PH=0;PW=0;DH=1;DW=1;groups=1,111510262
146,batch_norm_23,batchnorm2d_f16,N=1;C=80;H=4;W=5,201113
147,add_3,add_f16,n=1600,241089
148,conv2d_40,conv2d_f16,N=1;IC=80;IH=4;IW=5;OC=480;KH=1;KW=1;SH=1;SW=1;PH=0;PW=0;DH=1;DW=1;groups=1,112139366
149,batch_norm_24,batchnorm2d_f16,N=1;C=480;H=4;W=5,1205643
150,mul_32__sigmoid,sigmoid_f16,n=9600,1768085
151,mul_32,mul_f16,n=9600,1497022
152,conv2d_41,depthwise_conv2d_f16,N=1;IC=1;IH=4;IW=5;OC=480;KH=5;KW=5;SH=1;SW=1;PH=2;PW=2;DH=1;DW=1;groups=480,16320405
153,batch_norm_25,batchnorm2d_f16,N=1;C=480;H=4;W=5,1205673
154,mul_33__sigmoid,sigmoid_f16,n=9600,1734919
155,mul_33,mul_f16,n=9600,1497054
156,adaptive_avg_pool2d_8,adaptive_avg_pool2d_f16,N=1;C=480;IH=4;IW=5;OH=1;OW=1,809269
157,conv2d_42,conv2d_f16,N=1;IC=480;IH=1;IW=1;OC=20;KH=1;KW=1;SH=1;SW=1;PH=0;PW=0;DH=1;DW=1;groups=1,1396563
158,mul_34__sigmoid,sigmoid_f16,n=20,3804
159,mul_34,mul_f16,n=20,3160
160,conv2d_43,conv2d_f16,N=1;IC=20;IH=1;IW=1;OC=480;KH=1;KW=1;SH=1;SW=1;PH=0;PW=0;DH=1;DW=1;groups=1,1471873
161,sigmoid_35,sigmoid_f16,n=480,87033
162,mul_35,mul_c1_f16,N=1;C=480;HW=20,1129765
163,conv2d_44,conv2d_f16,N=1;IC=480;IH=4;IW=5;OC=112;KH=1;KW=1;SH=1;SW=1;PH=0;PW=0;DH=1;DW=1;groups=1,156122310
164,batch_norm_26,batchnorm2d_f16,N=1;C=112;H=4;W=5,281410
165,conv2d_45,conv2d_f16,N=1;IC=112;IH=4;IW=5;OC=672;KH=1;KW=1;SH=1;SW=1;PH=0;PW=0;DH=1;DW=1;groups=1,219363552
166,batch_norm_27,batchnorm2d_f16,N=1;C=672;H=4;W=5,1687706
167,mul_36__sigmoid,sigmoid_f16,n=13440,2472167
168,mul_36,mul_f16,n=13440,2095915
169,conv2d_46,depthwise_conv2d_f16,N=1;IC=1;IH=4;IW=5;OC=672;KH=5;KW=5;SH=1;SW=1;PH=2;PW=2;DH=1;DW=1;groups=672,22846948
170,batch_norm_28,batchnorm2d_f16,N=1;C=672;H=4;W=5,1687771
171,mul_37__sigmoid,sigmoid_f16,n=13440,2429796
172,mul_37,mul_f16,n=13440,2095874
173,adaptive_avg_pool2d_9,adaptive_avg_pool2d_f16,N=1;C=672;IH=4;IW=5;OH=1;OW=1,1132966
174,conv2d_47,conv2d_f16,N=1;IC=672;IH=1;IW=1;OC=28;KH=1;KW=1;SH=1;SW=1;PH=0;PW=0;DH=1;DW=1;groups=1,2733418
175,mul_38__sigmoid,sigmoid_f16,n=28,5339
176,mul_38,mul_f16,n=28,4396
177,conv2d_48,conv2d_f16,N=1;IC=28;IH=1;IW=1;OC=672;KH=1;KW=1;SH=1;SW=1;PH=0;PW=0;DH=1;DW=1;groups=1,2840602
178,sigmoid_39,sigmoid_f16,n=672,123875
179,mul_39,mul_c1_f16,N=1;C=672;HW=20,1580772
180,conv2d_49,conv2d_f16,N=1;IC=672;IH=4;IW=5;OC=112;KH=1;KW=1;SH=1;SW=1;PH=0;PW=0;DH=1;DW=1;groups=1,218491109
181,batch_norm_29,batchnorm2d_f16,N=1;C=112;H=4;W=5,281448
182,add_4,add_f16,n=2240,340291
183,conv2d_50,conv2d_f16,N=1;IC=112;IH=4;IW=5;OC=672;KH=1;KW=1;SH=1;SW=1;PH=0;PW=0;DH=1;DW=1;groups=1,219370517
184,batch_norm_30,batchnorm2d_f16,N=1;C=672;H=4;W=5,1687639
185,mul_40__sigmoid,sigmoid_f16,n=13440,2462476
186,mul_40,mul_f16,n=13440,2096018
187,conv2d_51,depthwise_conv2d_f16,N=1;IC=1;IH=4;IW=5;OC=672;KH=5;KW=5;SH=1;SW=1;PH=2;PW=2;DH=1;DW=1;groups=672,22848941
188,batch_norm_31,batchnorm2d_f16,N=1;C=672;H=4;W=5,1688079
189,mul_41__sigmoid,sigmoid_f16,n=13440,2424426
190,mul_41,mul_f16,n=13440,2096293
191,adaptive_avg_pool2d_10,adaptive_avg_pool2d_f16,N=1;C=672;IH=4;IW=5;OH=1;OW=1,1133097
192,conv2d_52,conv2d_f16,N=1;IC=672;IH=1;IW=1;OC=28;KH=1;KW=1;SH=1;SW=1;PH=0;PW=0;DH=1;DW=1;groups=1,2733361
193,mul_42__sigmoid,sigmoid_f16,n=28,5346
194,mul_42,mul_f16,n=28,4396
195,conv2d_53,conv2d_f16,N=1;IC=28;IH=1;IW=1;OC=672;KH=1;KW=1;SH=1;SW=1;PH=0;PW=0;DH=1;DW=1;groups=1,2840260
196,sigmoid_43,sigmoid_f16,n=672,129181
197,mul_43,mul_c1_f16,N=1;C=672;HW=20,1604268
198,conv2d_54,conv2d_f16,N=1;IC=672;IH=4;IW=5;OC=112;KH=1;KW=1;SH=1;SW=1;PH=0;PW=0;DH=1;DW=1;groups=1,223400710
199,batch_norm_32,batchnorm2d_f16,N=1;C=112;H=4;W=5,281417
200,add_5,add_f16,n=2240,340123
201,conv2d_55,conv2d_f16,N=1;IC=112;IH=4;IW=5;OC=672;KH=1;KW=1;SH=1;SW=1;PH=0;PW=0;DH=1;DW=1;groups=1,219367533
202,batch_norm_33,batchnorm2d_f16,N=1;C=672;H=4;W=5,1687792
203,mul_44__sigmoid,sigmoid_f16,n=13440,2465000
204,mul_44,mul_f16,n=13440,2095987
205,pad_12,pad_f16,N=1;C=672;IH=4;IW=5;pad_left=1;pad_right=2;pad_top=1;pad_bottom=2,543065
206,conv2d_56,depthwise_conv2d_f16,N=1;IC=1;IH=7;IW=8;OC=672;KH=5;KW=5;SH=2;SW=2;PH=0;PW=0;DH=1;DW=1;groups=672,8170788
207,batch_norm_34,batchnorm2d_f16,N=1;C=672;H=2;W=2,398409
208,mul_45__sigmoid,sigmoid_f16,n=2688,486481
209,mul_45,mul_f16,n=2688,419201
210,adaptive_avg_pool2d_11,adaptive_avg_pool2d_f16,N=1;C=672;IH=2;IW=2;OH=1;OW=1,300426
211,conv2d_57,conv2d_f16,N=1;IC=672;IH=1;IW=1;OC=28;KH=1;KW=1;SH=1;SW=1;PH=0;PW=0;DH=1;DW=1;groups=1,2734711
212,mul_46__sigmoid,sigmoid_f16,n=28,5315
213,mul_46,mul_f16,n=28,4408
214,conv2d_58,conv2d_f16,N=1;IC=28;IH=1;IW=1;OC=672;KH=1;KW=1;SH=1;SW=1;PH=0;PW=0;DH=1;DW=1;groups=1,2840264
215,sigmoid_47,sigmoid_f16,n=672,126097
216,mul_47,mul_c1_f16,N=1;C=672;HW=4,345319
217,conv2d_59,conv2d_f16,N=1;IC=672;IH=2;IW=2;OC=192;KH=1;KW=1;SH=1;SW=1;PH=0;PW=0;DH=1;DW=1;groups=1,74933954
218,batch_norm_35,batchnorm2d_f16,N=1;C=192;H=2;W=2,113914
219,conv2d_60,conv2d_f16,N=1;IC=192;IH=2;IW=2;OC=1152;KH=1;KW=1;SH=1;SW=1;PH=0;PW=0;DH=1;DW=1;groups=1,128726451
220,batch_norm_36,batchnorm2d_f16,N=1;C=1152;H=2;W=2,682996
221,mul_48__sigmoid,sigmoid_f16,n=4608,832978
222,mul_48,mul_f16,n=4608,718655
223,conv2d_61,depthwise_conv2d_f16,N=1;IC=1;IH=2;IW=2;OC=1152;KH=5;KW=5;SH=1;SW=1;PH=2;PW=2;DH=1;DW=1;groups=1152,2935088
224,batch_norm_37,batchnorm2d_f16,N=1;C=1152;H=2;W=2,683155
225,mul_49__sigmoid,sigmoid_f16,n=4608,814204
226,mul_49,mul_f16,n=4608,718662
227,adaptive_avg_pool2d_12,adaptive_avg_pool2d_f16,N=1;C=1152;IH=2;IW=2;OH=1;OW=1,514948
228,conv2d_62,conv2d_f16,N=1;IC=1152;IH=1;IW=1;OC=48;KH=1;KW=1;SH=1;SW=1;PH=0;PW=0;DH=1;DW=1;groups=1,8027681
229,mul_50__sigmoid,sigmoid_f16,n=48,9316
230,mul_50,mul_f16,n=48,7504
231,conv2d_63,conv2d_f16,N=1;IC=48;IH=1;IW=1;OC=1152;KH=1;KW=1;SH=1;SW=1;PH=0;PW=0;DH=1;DW=1;groups=1,8210333
232,sigmoid_51,sigmoid_f16,n=1152,226878
233,mul_51,mul_c1_f16,N=1;C=1152;HW=4,633292
234,conv2d_64,conv2d_f16,N=1;IC=1152;IH=2;IW=2;OC=192;KH=1;KW=1;SH=1;SW=1;PH=0;PW=0;DH=1;DW=1;groups=1,141391618
235,batch_norm_38,batchnorm2d_f16,N=1;C=192;H=2;W=2,113890
236,add_6,add_f16,n=768,118623
237,conv2d_65,conv2d_f16,N=1;IC=192;IH=2;IW=2;OC=1152;KH=1;KW=1;SH=1;SW=1;PH=0;PW=0;DH=1;DW=1;groups=1,128724459
238,batch_norm_39,batchnorm2d_f16,N=1;C=1152;H=2;W=2,682959
239,mul_52__sigmoid,sigmoid_f16,n=4608,816776
240,mul_52,mul_f16,n=4608,718505
241,conv2d_66,depthwise_conv2d_f16,N=1;IC=1;IH=2;IW=2;OC=1152;KH=5;KW=5;SH=1;SW=1;PH=2;PW=2;DH=1;DW=1;groups=1152,2934975
242,batch_norm_40,batchnorm2d_f16,N=1;C=1152;H=2;W=2,682835
243,mul_53__sigmoid,sigmoid_f16,n=4608,793386
244,mul_53,mul_f16,n=4608,718503
245,adaptive_avg_pool2d_13,adaptive_avg_pool2d_f16,N=1;C=1152;IH=2;IW=2;OH=1;OW=1,515299
246,conv2d_67,conv2d_f16,N=1;IC=1152;IH=1;IW=1;OC=48;KH=1;KW=1;SH=1;SW=1;PH=0;PW=0;DH=1;DW=1;groups=1,8032831
247,mul_54__sigmoid,sigmoid_f16,n=48,9193
248,mul_54,mul_f16,n=48,7528
249,conv2d_68,conv2d_f16,N=1;IC=48;IH=1;IW=1;OC=1152;KH=1;KW=1;SH=1;SW=1;PH=0;PW=0;DH=1;DW=1;groups=1,8210752
250,sigmoid_55,sigmoid_f16,n=1152,221751
251,mul_55,mul_c1_f16,N=1;C=1152;HW=4,594374
252,conv2d_69,conv2d_f16,N=1;IC=1152;IH=2;IW=2;OC=192;KH=1;KW=1;SH=1;SW=1;PH=0;PW=0;DH=1;DW=1;groups=1,129216558
253,batch_norm_41,batchnorm2d_f16,N=1;C=192;H=2;W=2,113907
254,add_7,add_f16,n=768,118613
255,conv2d_70,conv2d_f16,N=1;IC=192;IH=2;IW=2;OC=1152;KH=1;KW=1;SH=1;SW=1;PH=0;PW=0;DH=1;DW=1;groups=1,128724636
256,batch_norm_42,batchnorm2d_f16,N=1;C=1152;H=2;W=2,682780
257,mul_56__sigmoid,sigmoid_f16,n=4608,797719
258,mul_56,mul_f16,n=4608,718592
259,conv2d_71,depthwise_conv2d_f16,N=1;IC=1;IH=2;IW=2;OC=1152;KH=5;KW=5;SH=1;SW=1;PH=2;PW=2;DH=1;DW=1;groups=1152,2935834
260,batch_norm_43,batchnorm2d_f16,N=1;C=1152;H=2;W=2,683391
261,mul_57__sigmoid,sigmoid_f16,n=4608,791314
262,mul_57,mul_f16,n=4608,718489
263,adaptive_avg_pool2d_14,adaptive_avg_pool2d_f16,N=1;C=1152;IH=2;IW=2;OH=1;OW=1,515224
264,conv2d_72,conv2d_f16,N=1;IC=1152;IH=1;IW=1;OC=48;KH=1;KW=1;SH=1;SW=1;PH=0;PW=0;DH=1;DW=1;groups=1,8032081
265,mul_58__sigmoid,sigmoid_f16,n=48,8851
266,mul_58,mul_f16,n=48,7528
267,conv2d_73,conv2d_f16,N=1;IC=48;IH=1;IW=1;OC=1152;KH=1;KW=1;SH=1;SW=1;PH=0;PW=0;DH=1;DW=1;groups=1,8210601
268,sigmoid_59,sigmoid_f16,n=1152,221733
269,mul_59,mul_c1_f16,N=1;C=1152;HW=4,594656
270,conv2d_74,conv2d_f16,N=1;IC=1152;IH=2;IW=2;OC=192;KH=1;KW=1;SH=1;SW=1;PH=0;PW=0;DH=1;DW=1;groups=1,129407958
271,batch_norm_44,batchnorm2d_f16,N=1;C=192;H=2;W=2,113904
272,add_8,add_f16,n=768,118616
273,conv2d_75,conv2d_f16,N=1;IC=192;IH=2;IW=2;OC=1152;KH=1;KW=1;SH=1;SW=1;PH=0;PW=0;DH=1;DW=1;groups=1,128719252
274,batch_norm_45,batchnorm2d_f16,N=1;C=1152;H=2;W=2,682975
275,mul_60__sigmoid,sigmoid_f16,n=4608,832873
276,mul_60,mul_f16,n=4608,718744
277,conv2d_76,depthwise_conv2d_f16,N=1;IC=1;IH=2;IW=2;OC=1152;KH=3;KW=3;SH=1;SW=1;PH=1;PW=1;DH=1;DW=1;groups=1152,2755045
278,batch_norm_46,batchnorm2d_f16,N=1;C=1152;H=2;W=2,683159
279,mul_61__sigmoid,sigmoid_f16,n=4608,802983
280,mul_61,mul_f16,n=4608,718451
281,adaptive_avg_pool2d_15,adaptive_avg_pool2d_f16,N=1;C=1152;IH=2;IW=2;OH=1;OW=1,514173
282,conv2d_77,conv2d_f16,N=1;IC=1152;IH=1;IW=1;OC=48;KH=1;KW=1;SH=1;SW=1;PH=0;PW=0;DH=1;DW=1;groups=1,8032381
283,mul_62__sigmoid,sigmoid_f16,n=48,9137
284,mul_62,mul_f16,n=48,7528
285,conv2d_78,conv2d_f16,N=1;IC=48;IH=1;IW=1;OC=1152;KH=1;KW=1;SH=1;SW=1;PH=0;PW=0;DH=1;DW=1;groups=1,8210047
286,sigmoid_63,sigmoid_f16,n=1152,222242
287,mul_63,mul_c1_f16,N=1;C=1152;HW=4,595207
288,conv2d_79,conv2d_f16,N=1;IC=1152;IH=2;IW=2;OC=320;KH=1;KW=1;SH=1;SW=1;PH=0;PW=0;DH=1;DW=1;groups=1,216016709
289,batch_norm_47,batchnorm2d_f16,N=1;C=320;H=2;W=2,189712
290,conv2d_80,conv2d_f16,N=1;IC=320;IH=2;IW=2;OC=1280;KH=1;KW=1;SH=1;SW=1;PH=0;PW=0;DH=1;DW=1;groups=1,238087168
291,batch_norm_48,batchnorm2d_f16,N=1;C=1280;H=2;W=2,758694
292,mul_64__sigmoid,sigmoid_f16,n=5120,956281
293,mul_64,mul_f16,n=5120,798385
294,adaptive_avg_pool2d_16,adaptive_avg_pool2d_f16,N=1;C=1280;IH=2;IW=2;OH=1;OW=1,573714
295,linear,linear_f16,M=1;K=1280;N=512,64962904
296,pad_17,pad_s8,N=6;C=3;IH=64;IW=85;pad_left=0;pad_right=1;pad_top=0;pad_bottom=1,1406774
297,conv2d_81,conv2d_s8_pc,N=6;IC=3;IH=65;IW=86;OC=32;KH=3;KW=3;SH=2;SW=2;PH=0;PW=0;DH=1;DW=1;groups=1,196473094
298,mul_65__sigmoid,sigmoid_s8,n=258048,25705045
299,mul_65,mul_s8,n=258048,11161981
300,conv2d_82,depthwise_conv2d_s8,N=6;IC=1;IH=32;IW=42;OC=32;KH=3;KW=3;SH=1;SW=1;PH=1;PW=1;DH=1;DW=1;groups=32,68556535
301,mul_66__sigmoid,sigmoid_s8,n=258048,25428931
302,mul_66,mul_s8,n=258048,11136733
303,adaptive_avg_pool2d_17,adaptive_avg_pool2d_s8,N=6;C=32;IH=32;IW=42;OH=1;OW=1,2140161
304,conv2d_83,conv2d_s8_pc,N=6;IC=32;IH=1;IW=1;OC=8;KH=1;KW=1;SH=1;SW=1;PH=0;PW=0;DH=1;DW=1;groups=1,73461
305,mul_67__sigmoid,sigmoid_s8,n=48,4669
306,mul_67,mul_s8,n=48,2179
307,conv2d_84,conv2d_s8_pc,N=6;IC=8;IH=1;IW=1;OC=32;KH=1;KW=1;SH=1;SW=1;PH=0;PW=0;DH=1;DW=1;groups=1,85701
308,sigmoid_68,sigmoid_s8,n=192,18793
309,mul_68,mul_c1_s8,N=6;C=32;HW=1344,5259286
310,conv2d_85,conv2d_s8_pc,N=6;IC=32;IH=32;IW=42;OC=16;KH=1;KW=1;SH=1;SW=1;PH=0;PW=0;DH=1;DW=1;groups=1,190746886
311,conv2d_86,conv2d_s8_pc,N=6;IC=16;IH=32;IW=42;OC=96;KH=1;KW=1;SH=1;SW=1;PH=0;PW=0;DH=1;DW=1;groups=1,587096326
312,mul_69__sigmoid,sigmoid_s8,n=774144,73953511
313,mul_69,mul_s8,n=774144,33460705
314,pad_19,pad_s8,N=6;C=96;IH=32;IW=42;pad_left=0;pad_right=1;pad_top=0;pad_bottom=1,11415873
315,conv2d_87,depthwise_conv2d_s8,N=6;IC=1;IH=33;IW=43;OC=96;KH=3;KW=3;SH=2;SW=2;PH=0;PW=0;DH=1;DW=1;groups=96,52773368
316,mul_70__sigmoid,sigmoid_s8,n=193536,20036486
317,mul_70,mul_s8,n=193536,8423960
318,adaptive_avg_pool2d_18,adaptive_avg_pool2d_s8,N=6;C=96;IH=16;IW=21;OH=1;OW=1,1692333
319,conv2d_88,conv2d_s8_pc,N=6;IC=96;IH=1;IW=1;OC=4;KH=1;KW=1;SH=1;SW=1;PH=0;PW=0;DH=1;DW=1;groups=1,105981
320,mul_71__sigmoid,sigmoid_s8,n=24,2485
321,mul_71,mul_s8,n=24,1117
322,conv2d_89,conv2d_s8_pc,N=6;IC=4;IH=1;IW=1;OC=96;KH=1;KW=1;SH=1;SW=1;PH=0;PW=0;DH=1;DW=1;groups=1,152901
323,sigmoid_72,sigmoid_s8,n=576,56935
324,mul_72,mul_c1_s8,N=6;C=96;HW=336,3955912
325,conv2d_90,conv2d_s8_pc,N=6;IC=96;IH=16;IW=21;OC=24;KH=1;KW=1;SH=1;SW=1;PH=0;PW=0;DH=1;DW=1;groups=1,210896902
326,conv2d_91,conv2d_s8_pc,N=6;IC=24;IH=16;IW=21;OC=144;KH=1;KW=1;SH=1;SW=1;PH=0;PW=0;DH=1;DW=1;groups=1,324795142
327,mul_73__sigmoid,sigmoid_s8,n=290304,27314066
328,mul_73,mul_s8,n=290304,12483974
329,conv2d_92,depthwise_conv2d_s8,N=6;IC=1;IH=16;IW=21;OC=144;KH=3;KW=3;SH=1;SW=1;PH=1;PW=1;DH=1;DW=1;groups=144,75326360
330,mul_74__sigmoid,sigmoid_s8,n=290304,27411158
331,mul_74,mul_s8,n=290304,12492626
332,adaptive_avg_pool2d_19,adaptive_avg_pool2d_s8,N=6;C=144;IH=16;IW=21;OH=1;OW=1,2538285
333,conv2d_93,conv2d_s8_pc,N=6;IC=144;IH=1;IW=1;OC=6;KH=1;KW=1;SH=1;SW=1;PH=0;PW=0;DH=1;DW=1;groups=1,236600
334,mul_75__sigmoid,sigmoid_s8,n=36,3589
335,mul_75,mul_s8,n=36,1645
336,conv2d_94,conv2d_s8_pc,N=6;IC=6;IH=1;IW=1;OC=144;KH=1;KW=1;SH=1;SW=1;PH=0;PW=0;DH=1;DW=1;groups=1,306981
337,sigmoid_76,sigmoid_s8,n=864,83647
338,mul_76,mul_c1_s8,N=6;C=144;HW=336,5934322
339,conv2d_95,conv2d_s8_pc,N=6;IC=144;IH=16;IW=21;OC=24;KH=1;KW=1;SH=1;SW=1;PH=0;PW=0;DH=1;DW=1;groups=1,315406342
340,add_9,add_s8,n=48384,2062670
341,conv2d_96,conv2d_s8_pc,N=6;IC=24;IH=16;IW=21;OC=144;KH=1;KW=1;SH=1;SW=1;PH=0;PW=0;DH=1;DW=1;groups=1,324795142
342,mul_77__sigmoid,sigmoid_s8,n=290304,27842528
343,mul_77,mul_s8,n=290304,12627698
344,pad_21,pad_s8,N=6;C=144;IH=16;IW=21;pad_left=1;pad_right=2;pad_top=1;pad_bottom=2,5202273
345,conv2d_97,depthwise_conv2d_s8,N=6;IC=1;IH=19;IW=24;OC=144;KH=5;KW=5;SH=2;SW=2;PH=0;PW=0;DH=1;DW=1;groups=144,44897144
346,mul_78__sigmoid,sigmoid_s8,n=69120,7127966
347,mul_78,mul_s8,n=69120,3015050
348,adaptive_avg_pool2d_20,adaptive_avg_pool2d_s8,N=6;C=144;IH=8;IW=10;OH=1;OW=1,706725
349,conv2d_98,conv2d_s8_pc,N=6;IC=144;IH=1;IW=1;OC=6;KH=1;KW=1;SH=1;SW=1;PH=0;PW=0;DH=1;DW=1;groups=1,236600
350,mul_79__sigmoid,sigmoid_s8,n=36,3343
351,mul_79,mul_s8,n=36,1603
352,conv2d_99,conv2d_s8_pc,N=6;IC=6;IH=1;IW=1;OC=144;KH=1;KW=1;SH=1;SW=1;PH=0;PW=0;DH=1;DW=1;groups=1,306981
353,sigmoid_80,sigmoid_s8,n=864,84043
354,mul_80,mul_c1_s8,N=6;C=144;HW=80,1425796
355,conv2d_100,conv2d_s8_pc,N=6;IC=144;IH=8;IW=10;OC=40;KH=1;KW=1;SH=1;SW=1;PH=0;PW=0;DH=1;DW=1;groups=1,125182342
356,conv2d_101,conv2d_s8_pc,N=6;IC=40;IH=8;IW=10;OC=240;KH=1;KW=1;SH=1;SW=1;PH=0;PW=0;DH=1;DW=1;groups=1,211956742
357,mul_81__sigmoid,sigmoid_s8,n=115200,10833818
358,mul_81,mul_s8,n=115200,4969112
359,conv2d_102,depthwise_conv2d_s8,N=6;IC=1;IH=8;IW=10;OC=240;KH=5;KW=5;SH=1;SW=1;PH=2;PW=2;DH=1;DW=1;groups=240,60174968
360,mul_82__sigmoid,sigmoid_s8,n=115200,11189900
361,mul_82,mul_s8,n=115200,5001746
362,adaptive_avg_pool2d_21,adaptive_avg_pool2d_s8,N=6;C=240;IH=8;IW=10;OH=1;OW=1,1177845
363,conv2d_103,conv2d_s8_pc,N=6;IC=240;IH=1;IW=1;OC=10;KH=1;KW=1;SH=1;SW=1;PH=0;PW=0;DH=1;DW=1;groups=1,653361
364,mul_83__sigmoid,sigmoid_s8,n=60,6277
365,mul_83,mul_s8,n=60,2701
366,conv2d_104,conv2d_s8_pc,N=6;IC=10;IH=1;IW=1;OC=240;KH=1;KW=1;SH=1;SW=1;PH=0;PW=0;DH=1;DW=1;groups=1,770661
367,sigmoid_84,sigmoid_s8,n=1440,137683
368,mul_84,mul_c1_s8,N=6;C=240;HW=80,2356120
369,conv2d_105,conv2d_s8_pc,N=6;IC=240;IH=8;IW=10;OC=40;KH=1;KW=1;SH=1;SW=1;PH=0;PW=0;DH=1;DW=1;groups=1,208126342
370,add_10,add_s8,n=19200,807878
371,conv2d_106,conv2d_s8_pc,N=6;IC=40;IH=8;IW=10;OC=240;KH=1;KW=1;SH=1;SW=1;PH=0;PW=0;DH=1;DW=1;groups=1,211956742
372,mul_85__sigmoid,sigmoid_s8,n=115200,10834526
373,mul_85,mul_s8,n=115200,4977008
374,pad_23,pad_s8,N=6;C=240;IH=8;IW=10;pad_left=0;pad_right=1;pad_top=0;pad_bottom=1,1997409
375,conv2d_107,depthwise_conv2d_s8,N=6;IC=1;IH=9;IW=11;OC=240;KH=3;KW=3;SH=2;SW=2;PH=0;PW=0;DH=1;DW=1;groups=240,7937528
376,mul_86__sigmoid,sigmoid_s8,n=28800,2886632
377,mul_86,mul_s8,n=28800,1252832
378,adaptive_avg_pool2d_22,adaptive_avg_pool2d_s8,N=6;C=240;IH=4;IW=5;OH=1;OW=1,434679
379,conv2d_108,conv2d_s8_pc,N=6;IC=240;IH=1;IW=1;OC=10;KH=1;KW=1;SH=1;SW=1;PH=0;PW=0;DH=1;DW=1;groups=1,653361
380,mul_87__sigmoid,sigmoid_s8,n=60,5851
381,mul_87,mul_s8,n=60,2617
382,conv2d_109,conv2d_s8_pc,N=6;IC=10;IH=1;IW=1;OC=240;KH=1;KW=1;SH=1;SW=1;PH=0;PW=0;DH=1;DW=1;groups=1,770661
383,sigmoid_88,sigmoid_s8,n=1440,139843
384,mul_88,mul_c1_s8,N=6;C=240;HW=20,605260
385,conv2d_110,conv2d_s8_pc,N=6;IC=240;IH=4;IW=5;OC=80;KH=1;KW=1;SH=1;SW=1;PH=0;PW=0;DH=1;DW=1;groups=1,104089222
386,conv2d_111,conv2d_s8_pc,N=6;IC=80;IH=4;IW=5;OC=480;KH=1;KW=1;SH=1;SW=1;PH=0;PW=0;DH=1;DW=1;groups=1,209814022
387,mul_89__sigmoid,sigmoid_s8,n=57600,5354342
388,mul_89,mul_s8,n=57600,2472638
389,conv2d_112,depthwise_conv2d_s8,N=6;IC=1;IH=4;IW=5;OC=480;KH=3;KW=3;SH=1;SW=1;PH=1;PW=1;DH=1;DW=1;groups=480,12922808
390,mul_90__sigmoid,sigmoid_s8,n=57600,5392346
391,mul_90,mul_s8,n=57600,2483768
392,adaptive_avg_pool2d_23,adaptive_avg_pool2d_s8,N=6;C=480;IH=4;IW=5;OH=1;OW=1,868023
393,conv2d_113,conv2d_s8_pc,N=6;IC=480;IH=1;IW=1;OC=20;KH=1;KW=1;SH=1;SW=1;PH=0;PW=0;DH=1;DW=1;groups=1,2602461
394,mul_91__sigmoid,sigmoid_s8,n=120,11221
395,mul_91,mul_s8,n=120,5215
396,conv2d_114,conv2d_s8_pc,N=6;IC=20;IH=1;IW=1;OC=480;KH=1;KW=1;SH=1;SW=1;PH=0;PW=0;DH=1;DW=1;groups=1,2837061
397,sigmoid_92,sigmoid_s8,n=2880,266960
398,mul_92,mul_c1_s8,N=6;C=480;HW=20,1212832
399,conv2d_115,conv2d_s8_pc,N=6;IC=480;IH=4;IW=5;OC=80;KH=1;KW=1;SH=1;SW=1;PH=0;PW=0;DH=1;DW=1;groups=1,207769222
400,add_11,add_s8,n=9600,404270
401,conv2d_116,conv2d_s8_pc,N=6;IC=80;IH=4;IW=5;OC=480;KH=1;KW=1;SH=1;SW=1;PH=0;PW=0;DH=1;DW=1;groups=1,209814022
402,mul_93__sigmoid,sigmoid_s8,n=57600,5434394
403,mul_93,mul_s8,n=57600,2492882
404,conv2d_117,depthwise_conv2d_s8,N=6;IC=1;IH=4;IW=5;OC=480;KH=3;KW=3;SH=1;SW=1;PH=1;PW=1;DH=1;DW=1;groups=480,12922808
405,mul_94__sigmoid,sigmoid_s8,n=57600,5511590
406,mul_94,mul_s8,n=57600,2500316
407,adaptive_avg_pool2d_24,adaptive_avg_pool2d_s8,N=6;C=480;IH=4;IW=5;OH=1;OW=1,868521
408,conv2d_118,conv2d_s8_pc,N=6;IC=480;IH=1;IW=1;OC=20;KH=1;KW=1;SH=1;SW=1;PH=0;PW=0;DH=1;DW=1;groups=1,2602461
409,mul_95__sigmoid,sigmoid_s8,n=120,10999
410,mul_95,mul_s8,n=120,5053
411,conv2d_119,conv2d_s8_pc,N=6;IC=20;IH=1;IW=1;OC=480;KH=1;KW=1;SH=1;SW=1;PH=0;PW=0;DH=1;DW=1;groups=1,2837061
412,sigmoid_96,sigmoid_s8,n=2880,266396
413,mul_96,mul_c1_s8,N=6;C=480;HW=20,1202284
414,conv2d_120,conv2d_s8_pc,N=6;IC=480;IH=4;IW=5;OC=80;KH=1;KW=1;SH=1;SW=1;PH=0;PW=0;DH=1;DW=1;groups=1,207769222
415,add_12,add_s8,n=9600,406028
416,conv2d_121,conv2d_s8_pc,N=6;IC=80;IH=4;IW=5;OC=480;KH=1;KW=1;SH=1;SW=1;PH=0;PW=0;DH=1;DW=1;groups=1,209814022
417,mul_97__sigmoid,sigmoid_s8,n=57600,5392352
418,mul_97,mul_s8,n=57600,2485574
419,conv2d_122,depthwise_conv2d_s8,N=6;IC=1;IH=4;IW=5;OC=480;KH=5;KW=5;SH=1;SW=1;PH=2;PW=2;DH=1;DW=1;groups=480,23734328
420,mul_98__sigmoid,sigmoid_s8,n=57600,5637062
421,mul_98,mul_s8,n=57600,2512538
422,adaptive_avg_pool2d_25,adaptive_avg_pool2d_s8,N=6;C=480;IH=4;IW=5;OH=1;OW=1,868791
423,conv2d_123,conv2d_s8_pc,N=6;IC=480;IH=1;IW=1;OC=20;KH=1;KW=1;SH=1;SW=1;PH=0;PW=0;DH=1;DW=1;groups=1,2602461
424,mul_99__sigmoid,sigmoid_s8,n=120,13345
425,mul_99,mul_s8,n=120,5341
426,conv2d_124,conv2d_s8_pc,N=6;IC=20;IH=1;IW=1;OC=480;KH=1;KW=1;SH=1;SW=1;PH=0;PW=0;DH=1;DW=1;groups=1,2837061
427,sigmoid_100,sigmoid_s8,n=2880,271364
428,mul_100,mul_c1_s8,N=6;C=480;HW=20,1211794
429,conv2d_125,conv2d_s8_pc,N=6;IC=480;IH=4;IW=5;OC=112;KH=1;KW=1;SH=1;SW=1;PH=0;PW=0;DH=1;DW=1;groups=1,290876806
430,conv2d_126,conv2d_s8_pc,N=6;IC=112;IH=4;IW=5;OC=672;KH=1;KW=1;SH=1;SW=1;PH=0;PW=0;DH=1;DW=1;groups=1,409861126
431,mul_101__sigmoid,sigmoid_s8,n=80640,7570316
432,mul_101,mul_s8,n=80640,3493790
433,conv2d_127,depthwise_conv2d_s8,N=6;IC=1;IH=4;IW=5;OC=672;KH=5;KW=5;SH=1;SW=1;PH=2;PW=2;DH=1;DW=1;groups=672,33227960
434,mul_102__sigmoid,sigmoid_s8,n=80640,7703882
435,mul_102,mul_s8,n=80640,3517520
436,adaptive_avg_pool2d_26,adaptive_avg_pool2d_s8,N=6;C=672;IH=4;IW=5;OH=1;OW=1,1215531
437,conv2d_128,conv2d_s8_pc,N=6;IC=672;IH=1;IW=1;OC=28;KH=1;KW=1;SH=1;SW=1;PH=0;PW=0;DH=1;DW=1;groups=1,5094861
438,mul_103__sigmoid,sigmoid_s8,n=168,15301
439,mul_103,mul_s8,n=168,6991
440,conv2d_129,conv2d_s8_pc,N=6;IC=28;IH=1;IW=1;OC=672;KH=1;KW=1;SH=1;SW=1;PH=0;PW=0;DH=1;DW=1;groups=1,5423301
441,sigmoid_104,sigmoid_s8,n=4032,353114
442,mul_104,mul_c1_s8,N=6;C=672;HW=20,1696678
443,conv2d_130,conv2d_s8_pc,N=6;IC=672;IH=4;IW=5;OC=112;KH=1;KW=1;SH=1;SW=1;PH=0;PW=0;DH=1;DW=1;groups=1,406998406
444,add_13,add_s8,n=13440,571808
445,conv2d_131,conv2d_s8_pc,N=6;IC=112;IH=4;IW=5;OC=672;KH=1;KW=1;SH=1;SW=1;PH=0;PW=0;DH=1;DW=1;groups=1,409861126
446,mul_105__sigmoid,sigmoid_s8,n=80640,7645640
447,mul_105,mul_s8,n=80640,3507062
448,conv2d_132,depthwise_conv2d_s8,N=6;IC=1;IH=4;IW=5;OC=672;KH=5;KW=5;SH=1;SW=1;PH=2;PW=2;DH=1;DW=1;groups=672,33227960
449,mul_106__sigmoid,sigmoid_s8,n=80640,7851284
450,mul_106,mul_s8,n=80640,3513698
451,adaptive_avg_pool2d_27,adaptive_avg_pool2d_s8,N=6;C=672;IH=4;IW=5;OH=1;OW=1,1215711
452,conv2d_133,conv2d_s8_pc,N=6;IC=672;IH=1;IW=1;OC=28;KH=1;KW=1;SH=1;SW=1;PH=0;PW=0;DH=1;DW=1;groups=1,5094861
453,mul_107__sigmoid,sigmoid_s8,n=168,18931
454,mul_107,mul_s8,n=168,7453
455,conv2d_134,conv2d_s8_pc,N=6;IC=28;IH=1;IW=1;OC=672;KH=1;KW=1;SH=1;SW=1;PH=0;PW=0;DH=1;DW=1;groups=1,5423301
456,sigmoid_108,sigmoid_s8,n=4032,370328
457,mul_108,mul_c1_s8,N=6;C=672;HW=20,1690846
458,conv2d_135,conv2d_s8_pc,N=6;IC=672;IH=4;IW=5;OC=112;KH=1;KW=1;SH=1;SW=1;PH=0;PW=0;DH=1;DW=1;groups=1,406998406
459,add_14,add_s8,n=13440,573782
460,conv2d_136,conv2d_s8_pc,N=6;IC=112;IH=4;IW=5;OC=672;KH=1;KW=1;SH=1;SW=1;PH=0;PW=0;DH=1;DW=1;groups=1,409861126
461,mul_109__sigmoid,sigmoid_s8,n=80640,7645100
462,mul_109,mul_s8,n=80640,3507776
463,pad_29,pad_s8,N=6;C=672;IH=4;IW=5;pad_left=1;pad_right=2;pad_top=1;pad_bottom=2,2778177
464,conv2d_137,depthwise_conv2d_s8,N=6;IC=1;IH=7;IW=8;OC=672;KH=5;KW=5;SH=2;SW=2;PH=0;PW=0;DH=1;DW=1;groups=672,10636663
465,mul_110__sigmoid,sigmoid_s8,n=16128,1650644
466,mul_110,mul_s8,n=16128,707174
467,adaptive_avg_pool2d_28,adaptive_avg_pool2d_s8,N=6;C=672;IH=2;IW=2;OH=1;OW=1,627429
468,conv2d_138,conv2d_s8_pc,N=6;IC=672;IH=1;IW=1;OC=28;KH=1;KW=1;SH=1;SW=1;PH=0;PW=0;DH=1;DW=1;groups=1,5094861
469,mul_111__sigmoid,sigmoid_s8,n=168,17803
470,mul_111,mul_s8,n=168,7285
471,conv2d_139,conv2d_s8_pc,N=6;IC=28;IH=1;IW=1;OC=672;KH=1;KW=1;SH=1;SW=1;PH=0;PW=0;DH=1;DW=1;groups=1,5423301
472,sigmoid_112,sigmoid_s8,n=4032,384290
473,mul_112,mul_c1_s8,N=6;C=672;HW=4,376858
474,conv2d_140,conv2d_s8_pc,N=6;IC=672;IH=2;IW=2;OC=192;KH=1;KW=1;SH=1;SW=1;PH=0;PW=0;DH=1;DW=1;groups=1,139592710
475,conv2d_141,conv2d_s8_pc,N=6;IC=192;IH=2;IW=2;OC=1152;KH=1;KW=1;SH=1;SW=1;PH=0;PW=0;DH=1;DW=1;groups=1,240358150
476,mul_113__sigmoid,sigmoid_s8,n=27648,2608280
477,mul_113,mul_s8,n=27648,1198934
478,conv2d_142,depthwise_conv2d_s8,N=6;IC=1;IH=2;IW=2;OC=1152;KH=5;KW=5;SH=1;SW=1;PH=2;PW=2;DH=1;DW=1;groups=1152,6082808
479,mul_114__sigmoid,sigmoid_s8,n=27648,2629160
480,mul_114,mul_s8,n=27648,1206200
481,adaptive_avg_pool2d_29,adaptive_avg_pool2d_s8,N=6;C=1152;IH=2;IW=2;OH=1;OW=1,1075473
482,conv2d_143,conv2d_s8_pc,N=6;IC=1152;IH=1;IW=1;OC=48;KH=1;KW=1;SH=1;SW=1;PH=0;PW=0;DH=1;DW=1;groups=1,14954661
483,mul_115__sigmoid,sigmoid_s8,n=288,25531
484,mul_115,mul_s8,n=288,11431
485,conv2d_144,conv2d_s8_pc,N=6;IC=48;IH=1;IW=1;OC=1152;KH=1;KW=1;SH=1;SW=1;PH=0;PW=0;DH=1;DW=1;groups=1,15517701
486,sigmoid_116,sigmoid_s8,n=6912,532796
487,mul_116,mul_c1_s8,N=6;C=1152;HW=4,645658
488,conv2d_145,conv2d_s8_pc,N=6;IC=1152;IH=2;IW=2;OC=192;KH=1;KW=1;SH=1;SW=1;PH=0;PW=0;DH=1;DW=1;groups=1,239125510
489,add_15,add_s8,n=4608,196262
490,conv2d_146,conv2d_s8_pc,N=6;IC=192;IH=2;IW=2;OC=1152;KH=1;KW=1;SH=1;SW=1;PH=0;PW=0;DH=1;DW=1;groups=1,240358150
491,mul_117__sigmoid,sigmoid_s8,n=27648,2630678
492,mul_117,mul_s8,n=27648,1204184
493,conv2d_147,depthwise_conv2d_s8,N=6;IC=1;IH=2;IW=2;OC=1152;KH=5;KW=5;SH=1;SW=1;PH=2;PW=2;DH=1;DW=1;groups=1152,6082808
494,mul_118__sigmoid,sigmoid_s8,n=27648,2684204
495,mul_118,mul_s8,n=27648,1207292
496,adaptive_avg_pool2d_30,adaptive_avg_pool2d_s8,N=6;C=1152;IH=2;IW=2;OH=1;OW=1,1075503
497,conv2d_148,conv2d_s8_pc,N=6;IC=1152;IH=1;IW=1;OC=48;KH=1;KW=1;SH=1;SW=1;PH=0;PW=0;DH=1;DW=1;groups=1,14954661
498,mul_119__sigmoid,sigmoid_s8,n=288,27295
499,mul_119,mul_s8,n=288,12019
500,conv2d_149,conv2d_s8_pc,N=6;IC=48;IH=1;IW=1;OC=1152;KH=1;KW=1;SH=1;SW=1;PH=0;PW=0;DH=1;DW=1;groups=1,15517701
501,sigmoid_120,sigmoid_s8,n=6912,569324
502,mul_120,mul_c1_s8,N=6;C=1152;HW=4,646318
503,conv2d_150,conv2d_s8_pc,N=6;IC=1152;IH=2;IW=2;OC=192;KH=1;KW=1;SH=1;SW=1;PH=0;PW=0;DH=1;DW=1;groups=1,239125510
504,add_16,add_s8,n=4608,194414
505,conv2d_151,conv2d_s8_pc,N=6;IC=192;IH=2;IW=2;OC=1152;KH=1;KW=1;SH=1;SW=1;PH=0;PW=0;DH=1;DW=1;groups=1,240358150
506,mul_121__sigmoid,sigmoid_s8,n=27648,2636684
507,mul_121,mul_s8,n=27648,1205486
508,conv2d_152,depthwise_conv2d_s8,N=6;IC=1;IH=2;IW=2;OC=1152;KH=5;KW=5;SH=1;SW=1;PH=2;PW=2;DH=1;DW=1;groups=1152,6082808
509,mul_122__sigmoid,sigmoid_s8,n=27648,2640116
510,mul_122,mul_s8,n=27648,1201376
511,adaptive_avg_pool2d_31,adaptive_avg_pool2d_s8,N=6;C=1152;IH=2;IW=2;OH=1;OW=1,1072977
512,conv2d_153,conv2d_s8_pc,N=6;IC=1152;IH=1;IW=1;OC=48;KH=1;KW=1;SH=1;SW=1;PH=0;PW=0;DH=1;DW=1;groups=1,14954661
513,mul_123__sigmoid,sigmoid_s8,n=288,26689
514,mul_123,mul_s8,n=288,12271
515,conv2d_154,conv2d_s8_pc,N=6;IC=48;IH=1;IW=1;OC=1152;KH=1;KW=1;SH=1;SW=1;PH=0;PW=0;DH=1;DW=1;groups=1,15517701
516,sigmoid_124,sigmoid_s8,n=6912,551114
517,mul_124,mul_c1_s8,N=6;C=1152;HW=4,644860
518,conv2d_155,conv2d_s8_pc,N=6;IC=1152;IH=2;IW=2;OC=192;KH=1;KW=1;SH=1;SW=1;PH=0;PW=0;DH=1;DW=1;groups=1,239125510
519,add_17,add_s8,n=4608,195068
520,conv2d_156,conv2d_s8_pc,N=6;IC=192;IH=2;IW=2;OC=1152;KH=1;KW=1;SH=1;SW=1;PH=0;PW=0;DH=1;DW=1;groups=1,240358150
521,mul_125__sigmoid,sigmoid_s8,n=27648,2630210
522,mul_125,mul_s8,n=27648,1206242
523,conv2d_157,depthwise_conv2d_s8,N=6;IC=1;IH=2;IW=2;OC=1152;KH=3;KW=3;SH=1;SW=1;PH=1;PW=1;DH=1;DW=1;groups=1152,5004535
524,mul_126__sigmoid,sigmoid_s8,n=27648,2647604
525,mul_126,mul_s8,n=27648,1204016
526,adaptive_avg_pool2d_32,adaptive_avg_pool2d_s8,N=6;C=1152;IH=2;IW=2;OH=1;OW=1,1075047
527,conv2d_158,conv2d_s8_pc,N=6;IC=1152;IH=1;IW=1;OC=48;KH=1;KW=1;SH=1;SW=1;PH=0;PW=0;DH=1;DW=1;groups=1,14954661
528,mul_127__sigmoid,sigmoid_s8,n=288,29167
529,mul_127,mul_s8,n=288,12565
530,conv2d_159,conv2d_s8_pc,N=6;IC=48;IH=1;IW=1;OC=1152;KH=1;KW=1;SH=1;SW=1;PH=0;PW=0;DH=1;DW=1;groups=1,15517701
531,sigmoid_128,sigmoid_s8,n=6912,651146
532,mul_128,mul_c1_s8,N=6;C=1152;HW=4,639760
533,conv2d_160,conv2d_s8_pc,N=6;IC=1152;IH=2;IW=2;OC=320;KH=1;KW=1;SH=1;SW=1;PH=0;PW=0;DH=1;DW=1;groups=1,398542342
534,conv2d_161,conv2d_s8_pc,N=6;IC=320;IH=2;IW=2;OC=1280;KH=1;KW=1;SH=1;SW=1;PH=0;PW=0;DH=1;DW=1;groups=1,444011782
535,mul_129__sigmoid,sigmoid_s8,n=30720,2922158
536,mul_129,mul_s8,n=30720,1339982
537,adaptive_avg_pool2d_33,adaptive_avg_pool2d_s8,N=6;C=1280;IH=2;IW=2;OH=1;OW=1,1195443
538,linear_1,linear_s8_pc,M=6;K=1280;N=512,59093125
539,linear__cast_i8,cast_f16_to_i8,n=512,31488
540,cat_1,cat2_c1_s8,N=1;H=1;W=512;C_total=7;C_inputs=6|1,191517
541,add_18,add_s8,n=3584,135019
542,layer_norm,layer_norm_s8,M=7;K=512,269545
543,linear_2,linear_s8_pc,M=7;K=512;N=1536,82962576
544,scaled_dot_product_attention_qk,matmul_s8,M=7;K=128;N=7,77832
545,scaled_dot_product_attention_softmax,softmax_s8,M=7;K=7,10433
546,scaled_dot_product_attention_av,matmul_s8,M=7;K=7;N=128,120251
547,linear_3,linear_s8_pc,M=7;K=512;N=512,27654288
548,add_19,add_s8,n=3584,136667
549,layer_norm_1,layer_norm_s8,M=7;K=512,264205
550,linear_4,linear_s8_pc,M=7;K=512;N=2048,110616721
551,gelu,gelu_s8,n=14336,4161157
552,linear_5,linear_s8_pc,M=7;K=2048;N=512,110229649
553,add_20,add_s8,n=3584,137401
554,layer_norm_2,layer_norm_s8,M=7;K=512,268708
555,linear_6,linear_s8_pc,M=7;K=512;N=1536,82962576
556,scaled_dot_product_attention_1_qk,matmul_s8,M=7;K=128;N=7,77813
557,scaled_dot_product_attention_1_softmax,softmax_s8,M=7;K=7,10319
558,scaled_dot_product_attention_1_av,matmul_s8,M=7;K=7;N=128,120677
559,linear_7,linear_s8_pc,M=7;K=512;N=512,27654288
560,add_21,add_s8,n=3584,136976
561,layer_norm_3,layer_norm_s8,M=7;K=512,264416
562,linear_8,linear_s8_pc,M=7;K=512;N=2048,110616721
563,gelu_1,gelu_s8,n=14336,4145602
564,linear_9,linear_s8_pc,M=7;K=2048;N=512,110229649
565,add_22,add_s8,n=3584,138167
566,layer_norm_4,layer_norm_s8,M=7;K=512,268666
567,linear_10,linear_s8_pc,M=7;K=512;N=1536,82962576
568,scaled_dot_product_attention_2_qk,matmul_s8,M=7;K=128;N=7,77769
569,scaled_dot_product_attention_2_softmax,softmax_s8,M=7;K=7,9784
570,scaled_dot_product_attention_2_av,matmul_s8,M=7;K=7;N=128,120660
571,linear_11,linear_s8_pc,M=7;K=512;N=512,27654288
572,add_23,add_s8,n=3584,137032
573,layer_norm_5,layer_norm_s8,M=7;K=512,258895
574,linear_12,linear_s8_pc,M=7;K=512;N=2048,110616721
575,gelu_2,gelu_s8,n=14336,3452780
576,linear_13,linear_s8_pc,M=7;K=2048;N=512,110229649
577,add_24,add_s8,n=3584,140188
578,layer_norm_6,layer_norm_s8,M=7;K=512,268849
579,linear_14,linear_s8_pc,M=7;K=512;N=1536,82962576
580,scaled_dot_product_attention_3_qk,matmul_s8,M=7;K=128;N=7,77801
581,scaled_dot_product_attention_3_softmax,softmax_s8,M=7;K=7,10075
582,scaled_dot_product_attention_3_av,matmul_s8,M=7;K=7;N=128,120444
583,linear_15,linear_s8_pc,M=7;K=512;N=512,27654288
584,add_25,add_s8,n=3584,140828
585,layer_norm_7,layer_norm_s8,M=7;K=512,259778
586,linear_16,linear_s8_pc,M=7;K=512;N=2048,110616721
587,gelu_3,gelu_s8,n=14336,3220333
588,linear_17,linear_s8_pc,M=7;K=2048;N=512,110229649
589,add_26,add_s8,n=3584,140892
590,linear_18,linear_s8_pc,M=1;K=3584;N=512,27543631
591,linear_18__cast_f16,cast_i8_to_f16,n=512,35874
592,relu,relu_f16,n=512,48173
593,linear_19,linear_f16,M=1;K=512;N=256,12891205
594,relu_1,relu_f16,n=256,24109
595,linear_20,linear_f16,M=1;K=256;N=128,3230351
596,relu_2,relu_f16,n=128,12077
597,linear_21,linear_f16,M=1;K=128;N=64,811597
598,relu_3,relu_f16,n=64,6062
599,linear_22,linear_f16,M=1;K=64;N=32,205039
600,relu_4,relu_f16,n=32,3055
601,relu_4__cast_i8,cast_f16_to_i8,n=32,1976
602,linear_23,linear_s8_pc,M=1;K=32;N=1,594
603,linear_24,linear_s8_pc,M=1;K=32;N=20,10398
604,vint_action_post,vint_action_post,n_wp=5;n_dim=4,172
=== MODELBLASTER_PROFILE_END ===
=== MODELBLASTER_WALL_CYCLES === 176491100
=== MODELBLASTER_RAW_SPIKE_END ===
max_abs_err=0.328 max_rel_err=0.167 (atol=1 rtol=0, in-binary)
PASS

profile -> /scratch/dima/rose-infra/RoSE/soc/sw/xpu-rt/zephyr-chipyard-sw/modelblaster/examples/vint_kcovref/int8/generated/profile.csv
name                                    op                       shape                                                                               cycles      %
-----------------------------------------------------------------------------------------------------------------------------------------------------------------
obs_img__cast_f16                       cast_i8_to_f16           n=97920                                                                            6826196    0.0
slice_2                                 slice_c_f16              N=1;IC=18;C_start=15;C_end=18;H=64;W=85                                             195942    0.0
goal_img__cast_f16                      cast_i8_to_f16           n=16320                                                                            1137965    0.0
cat                                     cat2_c1_f16              N=1;H=64;W=85;C_total=6;C_inputs=3|3                                                391751    0.0
pad                                     pad_f16                  N=1;C=6;IH=64;IW=85;pad_left=0;pad_right=1;pad_top=0;pad_bottom=1                   670529    0.0
conv2d                                  conv2d_f16               N=1;IC=6;IH=65;IW=86;OC=32;KH=3;KW=3;SH=2;SW=2;PH=0;PW=0;DH=1;DW=1;groups=1      297656414    1.7
batch_norm                              batchnorm2d_f16          N=1;C=32;H=32;W=42                                                                 5128091    0.0
mul__sigmoid                            sigmoid_f16              n=43008                                                                            7762336    0.0
mul                                     mul_f16                  n=43008                                                                            6706717    0.0
conv2d_1                                depthwise_conv2d_f16     N=1;IC=1;IH=32;IW=42;OC=32;KH=3;KW=3;SH=1;SW=1;PH=1;PW=1;DH=1;DW=1;groups=32      48046074    0.3
batch_norm_1                            batchnorm2d_f16          N=1;C=32;H=32;W=42                                                                 5123801    0.0
mul_1__sigmoid                          sigmoid_f16              n=43008                                                                            7776254    0.0
mul_1                                   mul_f16                  n=43008                                                                            6706958    0.0
adaptive_avg_pool2d                     adaptive_avg_pool2d_f16  N=1;C=32;IH=32;IW=42;OH=1;OW=1                                                     3283266    0.0
conv2d_2                                conv2d_f16               N=1;IC=32;IH=1;IW=1;OC=8;KH=1;KW=1;SH=1;SW=1;PH=0;PW=0;DH=1;DW=1;groups=1            38591    0.0
mul_2__sigmoid                          sigmoid_f16              n=8                                                                                   1490    0.0
mul_2                                   mul_f16                  n=8                                                                                   1288    0.0
conv2d_3                                conv2d_f16               N=1;IC=8;IH=1;IW=1;OC=32;KH=1;KW=1;SH=1;SW=1;PH=0;PW=0;DH=1;DW=1;groups=1            42575    0.0
sigmoid_3                               sigmoid_f16              n=32                                                                                  5575    0.0
mul_3                                   mul_c1_f16               N=1;C=32;HW=1344                                                                   4946895    0.0
conv2d_4                                conv2d_f16               N=1;IC=32;IH=32;IW=42;OC=16;KH=1;KW=1;SH=1;SW=1;PH=0;PW=0;DH=1;DW=1;groups=1     101390849    0.6
batch_norm_2                            batchnorm2d_f16          N=1;C=16;H=32;W=42                                                                 2564151    0.0
conv2d_5                                conv2d_f16               N=1;IC=16;IH=32;IW=42;OC=96;KH=1;KW=1;SH=1;SW=1;PH=0;PW=0;DH=1;DW=1;groups=1     308950532    1.8
batch_norm_3                            batchnorm2d_f16          N=1;C=96;H=32;W=42                                                                15378493    0.1
mul_4__sigmoid                          sigmoid_f16              n=129024                                                                          23533257    0.1
mul_4                                   mul_f16                  n=129024                                                                          20120936    0.1
pad_2                                   pad_f16                  N=1;C=96;IH=32;IW=42;pad_left=0;pad_right=1;pad_top=0;pad_bottom=1                 2722265    0.0
conv2d_6                                depthwise_conv2d_f16     N=1;IC=1;IH=33;IW=43;OC=96;KH=3;KW=3;SH=2;SW=2;PH=0;PW=0;DH=1;DW=1;groups=96      37246724    0.2
batch_norm_4                            batchnorm2d_f16          N=1;C=96;H=16;W=21                                                                 3859528    0.0
mul_5__sigmoid                          sigmoid_f16              n=32256                                                                            5824900    0.0
mul_5                                   mul_f16                  n=32256                                                                            5030538    0.0
adaptive_avg_pool2d_1                   adaptive_avg_pool2d_f16  N=1;C=96;IH=16;IW=21;OH=1;OW=1                                                     2479198    0.0
conv2d_7                                conv2d_f16               N=1;IC=96;IH=1;IW=1;OC=4;KH=1;KW=1;SH=1;SW=1;PH=0;PW=0;DH=1;DW=1;groups=1            56487    0.0
mul_6__sigmoid                          sigmoid_f16              n=4                                                                                    802    0.0
mul_6                                   mul_f16                  n=4                                                                                    664    0.0
conv2d_8                                conv2d_f16               N=1;IC=4;IH=1;IW=1;OC=96;KH=1;KW=1;SH=1;SW=1;PH=0;PW=0;DH=1;DW=1;groups=1            71759    0.0
sigmoid_7                               sigmoid_f16              n=96                                                                                 17051    0.0
mul_7                                   mul_c1_f16               N=1;C=96;HW=336                                                                    3714143    0.0
conv2d_9                                conv2d_f16               N=1;IC=96;IH=16;IW=21;OC=24;KH=1;KW=1;SH=1;SW=1;PH=0;PW=0;DH=1;DW=1;groups=1     112921367    0.6
batch_norm_5                            batchnorm2d_f16          N=1;C=24;H=16;W=21                                                                  965200    0.0
conv2d_10                               conv2d_f16               N=1;IC=24;IH=16;IW=21;OC=144;KH=1;KW=1;SH=1;SW=1;PH=0;PW=0;DH=1;DW=1;groups=1    172042543    1.0
batch_norm_6                            batchnorm2d_f16          N=1;C=144;H=16;W=21                                                                5787229    0.0
mul_8__sigmoid                          sigmoid_f16              n=48384                                                                            8830210    0.1
mul_8                                   mul_f16                  n=48384                                                                            7545149    0.0
conv2d_11                               depthwise_conv2d_f16     N=1;IC=1;IH=16;IW=21;OC=144;KH=3;KW=3;SH=1;SW=1;PH=1;PW=1;DH=1;DW=1;groups=144    52297130    0.3
batch_norm_7                            batchnorm2d_f16          N=1;C=144;H=16;W=21                                                                5787490    0.0
mul_9__sigmoid                          sigmoid_f16              n=48384                                                                            8718129    0.0
mul_9                                   mul_f16                  n=48384                                                                            7545395    0.0
adaptive_avg_pool2d_2                   adaptive_avg_pool2d_f16  N=1;C=144;IH=16;IW=21;OH=1;OW=1                                                    3718854    0.0
conv2d_12                               conv2d_f16               N=1;IC=144;IH=1;IW=1;OC=6;KH=1;KW=1;SH=1;SW=1;PH=0;PW=0;DH=1;DW=1;groups=1          126469    0.0
mul_10__sigmoid                         sigmoid_f16              n=6                                                                                   1182    0.0
mul_10                                  mul_f16                  n=6                                                                                    976    0.0
conv2d_13                               conv2d_f16               N=1;IC=6;IH=1;IW=1;OC=144;KH=1;KW=1;SH=1;SW=1;PH=0;PW=0;DH=1;DW=1;groups=1          149327    0.0
sigmoid_11                              sigmoid_f16              n=144                                                                                26168    0.0
mul_11                                  mul_c1_f16               N=1;C=144;HW=336                                                                   5570258    0.0
conv2d_14                               conv2d_f16               N=1;IC=144;IH=16;IW=21;OC=24;KH=1;KW=1;SH=1;SW=1;PH=0;PW=0;DH=1;DW=1;groups=1    169052689    1.0
batch_norm_8                            batchnorm2d_f16          N=1;C=24;H=16;W=21                                                                  964620    0.0
add                                     add_f16                  n=8064                                                                             1216072    0.0
conv2d_15                               conv2d_f16               N=1;IC=24;IH=16;IW=21;OC=144;KH=1;KW=1;SH=1;SW=1;PH=0;PW=0;DH=1;DW=1;groups=1    172025427    1.0
batch_norm_9                            batchnorm2d_f16          N=1;C=144;H=16;W=21                                                                5788104    0.0
mul_12__sigmoid                         sigmoid_f16              n=48384                                                                            8720985    0.0
mul_12                                  mul_f16                  n=48384                                                                            7545397    0.0
pad_4                                   pad_f16                  N=1;C=144;IH=16;IW=21;pad_left=1;pad_right=2;pad_top=1;pad_bottom=2                1169945    0.0
conv2d_16                               depthwise_conv2d_f16     N=1;IC=1;IH=19;IW=24;OC=144;KH=5;KW=5;SH=2;SW=2;PH=0;PW=0;DH=1;DW=1;groups=144    34950901    0.2
batch_norm_10                           batchnorm2d_f16          N=1;C=144;H=8;W=10                                                                 1393757    0.0
mul_13__sigmoid                         sigmoid_f16              n=11520                                                                            2075338    0.0
mul_13                                  mul_f16                  n=11520                                                                            1796455    0.0
adaptive_avg_pool2d_3                   adaptive_avg_pool2d_f16  N=1;C=144;IH=8;IW=10;OH=1;OW=1                                                      905370    0.0
conv2d_17                               conv2d_f16               N=1;IC=144;IH=1;IW=1;OC=6;KH=1;KW=1;SH=1;SW=1;PH=0;PW=0;DH=1;DW=1;groups=1          126419    0.0
mul_14__sigmoid                         sigmoid_f16              n=6                                                                                   1134    0.0
mul_14                                  mul_f16                  n=6                                                                                    976    0.0
conv2d_18                               conv2d_f16               N=1;IC=6;IH=1;IW=1;OC=144;KH=1;KW=1;SH=1;SW=1;PH=0;PW=0;DH=1;DW=1;groups=1          149327    0.0
sigmoid_15                              sigmoid_f16              n=144                                                                                25139    0.0
mul_15                                  mul_c1_f16               N=1;C=144;HW=80                                                                    1332512    0.0
conv2d_19                               conv2d_f16               N=1;IC=144;IH=8;IW=10;OC=40;KH=1;KW=1;SH=1;SW=1;PH=0;PW=0;DH=1;DW=1;groups=1      67066675    0.4
batch_norm_11                           batchnorm2d_f16          N=1;C=40;H=8;W=10                                                                   387226    0.0
conv2d_20                               conv2d_f16               N=1;IC=40;IH=8;IW=10;OC=240;KH=1;KW=1;SH=1;SW=1;PH=0;PW=0;DH=1;DW=1;groups=1     112871234    0.6
batch_norm_12                           batchnorm2d_f16          N=1;C=240;H=8;W=10                                                                 2322746    0.0
mul_16__sigmoid                         sigmoid_f16              n=19200                                                                            3501520    0.0
mul_16                                  mul_f16                  n=19200                                                                            2994364    0.0
conv2d_21                               depthwise_conv2d_f16     N=1;IC=1;IH=8;IW=10;OC=240;KH=5;KW=5;SH=1;SW=1;PH=2;PW=2;DH=1;DW=1;groups=240     44487176    0.3
batch_norm_13                           batchnorm2d_f16          N=1;C=240;H=8;W=10                                                                 2323990    0.0
mul_17__sigmoid                         sigmoid_f16              n=19200                                                                            3458323    0.0
mul_17                                  mul_f16                  n=19200                                                                            2994111    0.0
adaptive_avg_pool2d_4                   adaptive_avg_pool2d_f16  N=1;C=240;IH=8;IW=10;OH=1;OW=1                                                     1508808    0.0
conv2d_22                               conv2d_f16               N=1;IC=240;IH=1;IW=1;OC=10;KH=1;KW=1;SH=1;SW=1;PH=0;PW=0;DH=1;DW=1;groups=1         349803    0.0
mul_18__sigmoid                         sigmoid_f16              n=10                                                                                  1900    0.0
mul_18                                  mul_f16                  n=10                                                                                  1600    0.0
conv2d_23                               conv2d_f16               N=1;IC=10;IH=1;IW=1;OC=240;KH=1;KW=1;SH=1;SW=1;PH=0;PW=0;DH=1;DW=1;groups=1         388033    0.0
sigmoid_19                              sigmoid_f16              n=240                                                                                42391    0.0
mul_19                                  mul_c1_f16               N=1;C=240;HW=80                                                                    2220351    0.0
conv2d_24                               conv2d_f16               N=1;IC=240;IH=8;IW=10;OC=40;KH=1;KW=1;SH=1;SW=1;PH=0;PW=0;DH=1;DW=1;groups=1     111626669    0.6
batch_norm_14                           batchnorm2d_f16          N=1;C=40;H=8;W=10                                                                   387326    0.0
add_1                                   add_f16                  n=3200                                                                              482487    0.0
conv2d_25                               conv2d_f16               N=1;IC=40;IH=8;IW=10;OC=240;KH=1;KW=1;SH=1;SW=1;PH=0;PW=0;DH=1;DW=1;groups=1     112834787    0.6
batch_norm_15                           batchnorm2d_f16          N=1;C=240;H=8;W=10                                                                 2323162    0.0
mul_20__sigmoid                         sigmoid_f16              n=19200                                                                            3499356    0.0
mul_20                                  mul_f16                  n=19200                                                                            2994073    0.0
pad_6                                   pad_f16                  N=1;C=240;IH=8;IW=10;pad_left=0;pad_right=1;pad_top=0;pad_bottom=1                  475289    0.0
conv2d_26                               depthwise_conv2d_f16     N=1;IC=1;IH=9;IW=11;OC=240;KH=3;KW=3;SH=2;SW=2;PH=0;PW=0;DH=1;DW=1;groups=240      5558266    0.0
batch_norm_16                           batchnorm2d_f16          N=1;C=240;H=4;W=5                                                                   602945    0.0
mul_21__sigmoid                         sigmoid_f16              n=4800                                                                              866934    0.0
mul_21                                  mul_f16                  n=4800                                                                              748623    0.0
adaptive_avg_pool2d_5                   adaptive_avg_pool2d_f16  N=1;C=240;IH=4;IW=5;OH=1;OW=1                                                       404814    0.0
conv2d_27                               conv2d_f16               N=1;IC=240;IH=1;IW=1;OC=10;KH=1;KW=1;SH=1;SW=1;PH=0;PW=0;DH=1;DW=1;groups=1         349903    0.0
mul_22__sigmoid                         sigmoid_f16              n=10                                                                                  1925    0.0
mul_22                                  mul_f16                  n=10                                                                                  1600    0.0
conv2d_28                               conv2d_f16               N=1;IC=10;IH=1;IW=1;OC=240;KH=1;KW=1;SH=1;SW=1;PH=0;PW=0;DH=1;DW=1;groups=1         388033    0.0
sigmoid_23                              sigmoid_f16              n=240                                                                                42851    0.0
mul_23                                  mul_c1_f16               N=1;C=240;HW=20                                                                     564657    0.0
conv2d_29                               conv2d_f16               N=1;IC=240;IH=4;IW=5;OC=80;KH=1;KW=1;SH=1;SW=1;PH=0;PW=0;DH=1;DW=1;groups=1       55827312    0.3
batch_norm_17                           batchnorm2d_f16          N=1;C=80;H=4;W=5                                                                    201092    0.0
conv2d_30                               conv2d_f16               N=1;IC=80;IH=4;IW=5;OC=480;KH=1;KW=1;SH=1;SW=1;PH=0;PW=0;DH=1;DW=1;groups=1      112163904    0.6
batch_norm_18                           batchnorm2d_f16          N=1;C=480;H=4;W=5                                                                  1205620    0.0
mul_24__sigmoid                         sigmoid_f16              n=9600                                                                             1764389    0.0
mul_24                                  mul_f16                  n=9600                                                                             1497209    0.0
conv2d_31                               depthwise_conv2d_f16     N=1;IC=1;IH=4;IW=5;OC=480;KH=3;KW=3;SH=1;SW=1;PH=1;PW=1;DH=1;DW=1;groups=480       8381581    0.0
batch_norm_19                           batchnorm2d_f16          N=1;C=480;H=4;W=5                                                                  1205694    0.0
mul_25__sigmoid                         sigmoid_f16              n=9600                                                                             1735980    0.0
mul_25                                  mul_f16                  n=9600                                                                             1497112    0.0
adaptive_avg_pool2d_6                   adaptive_avg_pool2d_f16  N=1;C=480;IH=4;IW=5;OH=1;OW=1                                                       809321    0.0
conv2d_32                               conv2d_f16               N=1;IC=480;IH=1;IW=1;OC=20;KH=1;KW=1;SH=1;SW=1;PH=0;PW=0;DH=1;DW=1;groups=1        1396613    0.0
mul_26__sigmoid                         sigmoid_f16              n=20                                                                                  3840    0.0
mul_26                                  mul_f16                  n=20                                                                                  3160    0.0
conv2d_33                               conv2d_f16               N=1;IC=20;IH=1;IW=1;OC=480;KH=1;KW=1;SH=1;SW=1;PH=0;PW=0;DH=1;DW=1;groups=1        1472023    0.0
sigmoid_27                              sigmoid_f16              n=480                                                                                91059    0.0
mul_27                                  mul_c1_f16               N=1;C=480;HW=20                                                                    1129650    0.0
conv2d_34                               conv2d_f16               N=1;IC=480;IH=4;IW=5;OC=80;KH=1;KW=1;SH=1;SW=1;PH=0;PW=0;DH=1;DW=1;groups=1      111561276    0.6
batch_norm_20                           batchnorm2d_f16          N=1;C=80;H=4;W=5                                                                    201019    0.0
add_2                                   add_f16                  n=1600                                                                              241666    0.0
conv2d_35                               conv2d_f16               N=1;IC=80;IH=4;IW=5;OC=480;KH=1;KW=1;SH=1;SW=1;PH=0;PW=0;DH=1;DW=1;groups=1      112133846    0.6
batch_norm_21                           batchnorm2d_f16          N=1;C=480;H=4;W=5                                                                  1205460    0.0
mul_28__sigmoid                         sigmoid_f16              n=9600                                                                             1770794    0.0
mul_28                                  mul_f16                  n=9600                                                                             1497143    0.0
conv2d_36                               depthwise_conv2d_f16     N=1;IC=1;IH=4;IW=5;OC=480;KH=3;KW=3;SH=1;SW=1;PH=1;PW=1;DH=1;DW=1;groups=480       8380807    0.0
batch_norm_22                           batchnorm2d_f16          N=1;C=480;H=4;W=5                                                                  1205729    0.0
mul_29__sigmoid                         sigmoid_f16              n=9600                                                                             1734184    0.0
mul_29                                  mul_f16                  n=9600                                                                             1496989    0.0
adaptive_avg_pool2d_7                   adaptive_avg_pool2d_f16  N=1;C=480;IH=4;IW=5;OH=1;OW=1                                                       809341    0.0
conv2d_37                               conv2d_f16               N=1;IC=480;IH=1;IW=1;OC=20;KH=1;KW=1;SH=1;SW=1;PH=0;PW=0;DH=1;DW=1;groups=1        1395513    0.0
mul_30__sigmoid                         sigmoid_f16              n=20                                                                                  3876    0.0
mul_30                                  mul_f16                  n=20                                                                                  3148    0.0
conv2d_38                               conv2d_f16               N=1;IC=20;IH=1;IW=1;OC=480;KH=1;KW=1;SH=1;SW=1;PH=0;PW=0;DH=1;DW=1;groups=1        1471973    0.0
sigmoid_31                              sigmoid_f16              n=480                                                                                89521    0.0
mul_31                                  mul_c1_f16               N=1;C=480;HW=20                                                                    1129499    0.0
conv2d_39                               conv2d_f16               N=1;IC=480;IH=4;IW=5;OC=80;KH=1;KW=1;SH=1;SW=1;PH=0;PW=0;DH=1;DW=1;groups=1      111510262    0.6
batch_norm_23                           batchnorm2d_f16          N=1;C=80;H=4;W=5                                                                    201113    0.0
add_3                                   add_f16                  n=1600                                                                              241089    0.0
conv2d_40                               conv2d_f16               N=1;IC=80;IH=4;IW=5;OC=480;KH=1;KW=1;SH=1;SW=1;PH=0;PW=0;DH=1;DW=1;groups=1      112139366    0.6
batch_norm_24                           batchnorm2d_f16          N=1;C=480;H=4;W=5                                                                  1205643    0.0
mul_32__sigmoid                         sigmoid_f16              n=9600                                                                             1768085    0.0
mul_32                                  mul_f16                  n=9600                                                                             1497022    0.0
conv2d_41                               depthwise_conv2d_f16     N=1;IC=1;IH=4;IW=5;OC=480;KH=5;KW=5;SH=1;SW=1;PH=2;PW=2;DH=1;DW=1;groups=480      16320405    0.1
batch_norm_25                           batchnorm2d_f16          N=1;C=480;H=4;W=5                                                                  1205673    0.0
mul_33__sigmoid                         sigmoid_f16              n=9600                                                                             1734919    0.0
mul_33                                  mul_f16                  n=9600                                                                             1497054    0.0
adaptive_avg_pool2d_8                   adaptive_avg_pool2d_f16  N=1;C=480;IH=4;IW=5;OH=1;OW=1                                                       809269    0.0
conv2d_42                               conv2d_f16               N=1;IC=480;IH=1;IW=1;OC=20;KH=1;KW=1;SH=1;SW=1;PH=0;PW=0;DH=1;DW=1;groups=1        1396563    0.0
mul_34__sigmoid                         sigmoid_f16              n=20                                                                                  3804    0.0
mul_34                                  mul_f16                  n=20                                                                                  3160    0.0
conv2d_43                               conv2d_f16               N=1;IC=20;IH=1;IW=1;OC=480;KH=1;KW=1;SH=1;SW=1;PH=0;PW=0;DH=1;DW=1;groups=1        1471873    0.0
sigmoid_35                              sigmoid_f16              n=480                                                                                87033    0.0
mul_35                                  mul_c1_f16               N=1;C=480;HW=20                                                                    1129765    0.0
conv2d_44                               conv2d_f16               N=1;IC=480;IH=4;IW=5;OC=112;KH=1;KW=1;SH=1;SW=1;PH=0;PW=0;DH=1;DW=1;groups=1     156122310    0.9
batch_norm_26                           batchnorm2d_f16          N=1;C=112;H=4;W=5                                                                   281410    0.0
conv2d_45                               conv2d_f16               N=1;IC=112;IH=4;IW=5;OC=672;KH=1;KW=1;SH=1;SW=1;PH=0;PW=0;DH=1;DW=1;groups=1     219363552    1.2
batch_norm_27                           batchnorm2d_f16          N=1;C=672;H=4;W=5                                                                  1687706    0.0
mul_36__sigmoid                         sigmoid_f16              n=13440                                                                            2472167    0.0
mul_36                                  mul_f16                  n=13440                                                                            2095915    0.0
conv2d_46                               depthwise_conv2d_f16     N=1;IC=1;IH=4;IW=5;OC=672;KH=5;KW=5;SH=1;SW=1;PH=2;PW=2;DH=1;DW=1;groups=672      22846948    0.1
batch_norm_28                           batchnorm2d_f16          N=1;C=672;H=4;W=5                                                                  1687771    0.0
mul_37__sigmoid                         sigmoid_f16              n=13440                                                                            2429796    0.0
mul_37                                  mul_f16                  n=13440                                                                            2095874    0.0
adaptive_avg_pool2d_9                   adaptive_avg_pool2d_f16  N=1;C=672;IH=4;IW=5;OH=1;OW=1                                                      1132966    0.0
conv2d_47                               conv2d_f16               N=1;IC=672;IH=1;IW=1;OC=28;KH=1;KW=1;SH=1;SW=1;PH=0;PW=0;DH=1;DW=1;groups=1        2733418    0.0
mul_38__sigmoid                         sigmoid_f16              n=28                                                                                  5339    0.0
mul_38                                  mul_f16                  n=28                                                                                  4396    0.0
conv2d_48                               conv2d_f16               N=1;IC=28;IH=1;IW=1;OC=672;KH=1;KW=1;SH=1;SW=1;PH=0;PW=0;DH=1;DW=1;groups=1        2840602    0.0
sigmoid_39                              sigmoid_f16              n=672                                                                               123875    0.0
mul_39                                  mul_c1_f16               N=1;C=672;HW=20                                                                    1580772    0.0
conv2d_49                               conv2d_f16               N=1;IC=672;IH=4;IW=5;OC=112;KH=1;KW=1;SH=1;SW=1;PH=0;PW=0;DH=1;DW=1;groups=1     218491109    1.2
batch_norm_29                           batchnorm2d_f16          N=1;C=112;H=4;W=5                                                                   281448    0.0
add_4                                   add_f16                  n=2240                                                                              340291    0.0
conv2d_50                               conv2d_f16               N=1;IC=112;IH=4;IW=5;OC=672;KH=1;KW=1;SH=1;SW=1;PH=0;PW=0;DH=1;DW=1;groups=1     219370517    1.2
batch_norm_30                           batchnorm2d_f16          N=1;C=672;H=4;W=5                                                                  1687639    0.0
mul_40__sigmoid                         sigmoid_f16              n=13440                                                                            2462476    0.0
mul_40                                  mul_f16                  n=13440                                                                            2096018    0.0
conv2d_51                               depthwise_conv2d_f16     N=1;IC=1;IH=4;IW=5;OC=672;KH=5;KW=5;SH=1;SW=1;PH=2;PW=2;DH=1;DW=1;groups=672      22848941    0.1
batch_norm_31                           batchnorm2d_f16          N=1;C=672;H=4;W=5                                                                  1688079    0.0
mul_41__sigmoid                         sigmoid_f16              n=13440                                                                            2424426    0.0
mul_41                                  mul_f16                  n=13440                                                                            2096293    0.0
adaptive_avg_pool2d_10                  adaptive_avg_pool2d_f16  N=1;C=672;IH=4;IW=5;OH=1;OW=1                                                      1133097    0.0
conv2d_52                               conv2d_f16               N=1;IC=672;IH=1;IW=1;OC=28;KH=1;KW=1;SH=1;SW=1;PH=0;PW=0;DH=1;DW=1;groups=1        2733361    0.0
mul_42__sigmoid                         sigmoid_f16              n=28                                                                                  5346    0.0
mul_42                                  mul_f16                  n=28                                                                                  4396    0.0
conv2d_53                               conv2d_f16               N=1;IC=28;IH=1;IW=1;OC=672;KH=1;KW=1;SH=1;SW=1;PH=0;PW=0;DH=1;DW=1;groups=1        2840260    0.0
sigmoid_43                              sigmoid_f16              n=672                                                                               129181    0.0
mul_43                                  mul_c1_f16               N=1;C=672;HW=20                                                                    1604268    0.0
conv2d_54                               conv2d_f16               N=1;IC=672;IH=4;IW=5;OC=112;KH=1;KW=1;SH=1;SW=1;PH=0;PW=0;DH=1;DW=1;groups=1     223400710    1.3
batch_norm_32                           batchnorm2d_f16          N=1;C=112;H=4;W=5                                                                   281417    0.0
add_5                                   add_f16                  n=2240                                                                              340123    0.0
conv2d_55                               conv2d_f16               N=1;IC=112;IH=4;IW=5;OC=672;KH=1;KW=1;SH=1;SW=1;PH=0;PW=0;DH=1;DW=1;groups=1     219367533    1.2
batch_norm_33                           batchnorm2d_f16          N=1;C=672;H=4;W=5                                                                  1687792    0.0
mul_44__sigmoid                         sigmoid_f16              n=13440                                                                            2465000    0.0
mul_44                                  mul_f16                  n=13440                                                                            2095987    0.0
pad_12                                  pad_f16                  N=1;C=672;IH=4;IW=5;pad_left=1;pad_right=2;pad_top=1;pad_bottom=2                   543065    0.0
conv2d_56                               depthwise_conv2d_f16     N=1;IC=1;IH=7;IW=8;OC=672;KH=5;KW=5;SH=2;SW=2;PH=0;PW=0;DH=1;DW=1;groups=672       8170788    0.0
batch_norm_34                           batchnorm2d_f16          N=1;C=672;H=2;W=2                                                                   398409    0.0
mul_45__sigmoid                         sigmoid_f16              n=2688                                                                              486481    0.0
mul_45                                  mul_f16                  n=2688                                                                              419201    0.0
adaptive_avg_pool2d_11                  adaptive_avg_pool2d_f16  N=1;C=672;IH=2;IW=2;OH=1;OW=1                                                       300426    0.0
conv2d_57                               conv2d_f16               N=1;IC=672;IH=1;IW=1;OC=28;KH=1;KW=1;SH=1;SW=1;PH=0;PW=0;DH=1;DW=1;groups=1        2734711    0.0
mul_46__sigmoid                         sigmoid_f16              n=28                                                                                  5315    0.0
mul_46                                  mul_f16                  n=28                                                                                  4408    0.0
conv2d_58                               conv2d_f16               N=1;IC=28;IH=1;IW=1;OC=672;KH=1;KW=1;SH=1;SW=1;PH=0;PW=0;DH=1;DW=1;groups=1        2840264    0.0
sigmoid_47                              sigmoid_f16              n=672                                                                               126097    0.0
mul_47                                  mul_c1_f16               N=1;C=672;HW=4                                                                      345319    0.0
conv2d_59                               conv2d_f16               N=1;IC=672;IH=2;IW=2;OC=192;KH=1;KW=1;SH=1;SW=1;PH=0;PW=0;DH=1;DW=1;groups=1      74933954    0.4
batch_norm_35                           batchnorm2d_f16          N=1;C=192;H=2;W=2                                                                   113914    0.0
conv2d_60                               conv2d_f16               N=1;IC=192;IH=2;IW=2;OC=1152;KH=1;KW=1;SH=1;SW=1;PH=0;PW=0;DH=1;DW=1;groups=1    128726451    0.7
batch_norm_36                           batchnorm2d_f16          N=1;C=1152;H=2;W=2                                                                  682996    0.0
mul_48__sigmoid                         sigmoid_f16              n=4608                                                                              832978    0.0
mul_48                                  mul_f16                  n=4608                                                                              718655    0.0
conv2d_61                               depthwise_conv2d_f16     N=1;IC=1;IH=2;IW=2;OC=1152;KH=5;KW=5;SH=1;SW=1;PH=2;PW=2;DH=1;DW=1;groups=1152     2935088    0.0
batch_norm_37                           batchnorm2d_f16          N=1;C=1152;H=2;W=2                                                                  683155    0.0
mul_49__sigmoid                         sigmoid_f16              n=4608                                                                              814204    0.0
mul_49                                  mul_f16                  n=4608                                                                              718662    0.0
adaptive_avg_pool2d_12                  adaptive_avg_pool2d_f16  N=1;C=1152;IH=2;IW=2;OH=1;OW=1                                                      514948    0.0
conv2d_62                               conv2d_f16               N=1;IC=1152;IH=1;IW=1;OC=48;KH=1;KW=1;SH=1;SW=1;PH=0;PW=0;DH=1;DW=1;groups=1       8027681    0.0
mul_50__sigmoid                         sigmoid_f16              n=48                                                                                  9316    0.0
mul_50                                  mul_f16                  n=48                                                                                  7504    0.0
conv2d_63                               conv2d_f16               N=1;IC=48;IH=1;IW=1;OC=1152;KH=1;KW=1;SH=1;SW=1;PH=0;PW=0;DH=1;DW=1;groups=1       8210333    0.0
sigmoid_51                              sigmoid_f16              n=1152                                                                              226878    0.0
mul_51                                  mul_c1_f16               N=1;C=1152;HW=4                                                                     633292    0.0
conv2d_64                               conv2d_f16               N=1;IC=1152;IH=2;IW=2;OC=192;KH=1;KW=1;SH=1;SW=1;PH=0;PW=0;DH=1;DW=1;groups=1    141391618    0.8
batch_norm_38                           batchnorm2d_f16          N=1;C=192;H=2;W=2                                                                   113890    0.0
add_6                                   add_f16                  n=768                                                                               118623    0.0
conv2d_65                               conv2d_f16               N=1;IC=192;IH=2;IW=2;OC=1152;KH=1;KW=1;SH=1;SW=1;PH=0;PW=0;DH=1;DW=1;groups=1    128724459    0.7
batch_norm_39                           batchnorm2d_f16          N=1;C=1152;H=2;W=2                                                                  682959    0.0
mul_52__sigmoid                         sigmoid_f16              n=4608                                                                              816776    0.0
mul_52                                  mul_f16                  n=4608                                                                              718505    0.0
conv2d_66                               depthwise_conv2d_f16     N=1;IC=1;IH=2;IW=2;OC=1152;KH=5;KW=5;SH=1;SW=1;PH=2;PW=2;DH=1;DW=1;groups=1152     2934975    0.0
batch_norm_40                           batchnorm2d_f16          N=1;C=1152;H=2;W=2                                                                  682835    0.0
mul_53__sigmoid                         sigmoid_f16              n=4608                                                                              793386    0.0
mul_53                                  mul_f16                  n=4608                                                                              718503    0.0
adaptive_avg_pool2d_13                  adaptive_avg_pool2d_f16  N=1;C=1152;IH=2;IW=2;OH=1;OW=1                                                      515299    0.0
conv2d_67                               conv2d_f16               N=1;IC=1152;IH=1;IW=1;OC=48;KH=1;KW=1;SH=1;SW=1;PH=0;PW=0;DH=1;DW=1;groups=1       8032831    0.0
mul_54__sigmoid                         sigmoid_f16              n=48                                                                                  9193    0.0
mul_54                                  mul_f16                  n=48                                                                                  7528    0.0
conv2d_68                               conv2d_f16               N=1;IC=48;IH=1;IW=1;OC=1152;KH=1;KW=1;SH=1;SW=1;PH=0;PW=0;DH=1;DW=1;groups=1       8210752    0.0
sigmoid_55                              sigmoid_f16              n=1152                                                                              221751    0.0
mul_55                                  mul_c1_f16               N=1;C=1152;HW=4                                                                     594374    0.0
conv2d_69                               conv2d_f16               N=1;IC=1152;IH=2;IW=2;OC=192;KH=1;KW=1;SH=1;SW=1;PH=0;PW=0;DH=1;DW=1;groups=1    129216558    0.7
batch_norm_41                           batchnorm2d_f16          N=1;C=192;H=2;W=2                                                                   113907    0.0
add_7                                   add_f16                  n=768                                                                               118613    0.0
conv2d_70                               conv2d_f16               N=1;IC=192;IH=2;IW=2;OC=1152;KH=1;KW=1;SH=1;SW=1;PH=0;PW=0;DH=1;DW=1;groups=1    128724636    0.7
batch_norm_42                           batchnorm2d_f16          N=1;C=1152;H=2;W=2                                                                  682780    0.0
mul_56__sigmoid                         sigmoid_f16              n=4608                                                                              797719    0.0
mul_56                                  mul_f16                  n=4608                                                                              718592    0.0
conv2d_71                               depthwise_conv2d_f16     N=1;IC=1;IH=2;IW=2;OC=1152;KH=5;KW=5;SH=1;SW=1;PH=2;PW=2;DH=1;DW=1;groups=1152     2935834    0.0
batch_norm_43                           batchnorm2d_f16          N=1;C=1152;H=2;W=2                                                                  683391    0.0
mul_57__sigmoid                         sigmoid_f16              n=4608                                                                              791314    0.0
mul_57                                  mul_f16                  n=4608                                                                              718489    0.0
adaptive_avg_pool2d_14                  adaptive_avg_pool2d_f16  N=1;C=1152;IH=2;IW=2;OH=1;OW=1                                                      515224    0.0
conv2d_72                               conv2d_f16               N=1;IC=1152;IH=1;IW=1;OC=48;KH=1;KW=1;SH=1;SW=1;PH=0;PW=0;DH=1;DW=1;groups=1       8032081    0.0
mul_58__sigmoid                         sigmoid_f16              n=48                                                                                  8851    0.0
mul_58                                  mul_f16                  n=48                                                                                  7528    0.0
conv2d_73                               conv2d_f16               N=1;IC=48;IH=1;IW=1;OC=1152;KH=1;KW=1;SH=1;SW=1;PH=0;PW=0;DH=1;DW=1;groups=1       8210601    0.0
sigmoid_59                              sigmoid_f16              n=1152                                                                              221733    0.0
mul_59                                  mul_c1_f16               N=1;C=1152;HW=4                                                                     594656    0.0
conv2d_74                               conv2d_f16               N=1;IC=1152;IH=2;IW=2;OC=192;KH=1;KW=1;SH=1;SW=1;PH=0;PW=0;DH=1;DW=1;groups=1    129407958    0.7
batch_norm_44                           batchnorm2d_f16          N=1;C=192;H=2;W=2                                                                   113904    0.0
add_8                                   add_f16                  n=768                                                                               118616    0.0
conv2d_75                               conv2d_f16               N=1;IC=192;IH=2;IW=2;OC=1152;KH=1;KW=1;SH=1;SW=1;PH=0;PW=0;DH=1;DW=1;groups=1    128719252    0.7
batch_norm_45                           batchnorm2d_f16          N=1;C=1152;H=2;W=2                                                                  682975    0.0
mul_60__sigmoid                         sigmoid_f16              n=4608                                                                              832873    0.0
mul_60                                  mul_f16                  n=4608                                                                              718744    0.0
conv2d_76                               depthwise_conv2d_f16     N=1;IC=1;IH=2;IW=2;OC=1152;KH=3;KW=3;SH=1;SW=1;PH=1;PW=1;DH=1;DW=1;groups=1152     2755045    0.0
batch_norm_46                           batchnorm2d_f16          N=1;C=1152;H=2;W=2                                                                  683159    0.0
mul_61__sigmoid                         sigmoid_f16              n=4608                                                                              802983    0.0
mul_61                                  mul_f16                  n=4608                                                                              718451    0.0
adaptive_avg_pool2d_15                  adaptive_avg_pool2d_f16  N=1;C=1152;IH=2;IW=2;OH=1;OW=1                                                      514173    0.0
conv2d_77                               conv2d_f16               N=1;IC=1152;IH=1;IW=1;OC=48;KH=1;KW=1;SH=1;SW=1;PH=0;PW=0;DH=1;DW=1;groups=1       8032381    0.0
mul_62__sigmoid                         sigmoid_f16              n=48                                                                                  9137    0.0
mul_62                                  mul_f16                  n=48                                                                                  7528    0.0
conv2d_78                               conv2d_f16               N=1;IC=48;IH=1;IW=1;OC=1152;KH=1;KW=1;SH=1;SW=1;PH=0;PW=0;DH=1;DW=1;groups=1       8210047    0.0
sigmoid_63                              sigmoid_f16              n=1152                                                                              222242    0.0
mul_63                                  mul_c1_f16               N=1;C=1152;HW=4                                                                     595207    0.0
conv2d_79                               conv2d_f16               N=1;IC=1152;IH=2;IW=2;OC=320;KH=1;KW=1;SH=1;SW=1;PH=0;PW=0;DH=1;DW=1;groups=1    216016709    1.2
batch_norm_47                           batchnorm2d_f16          N=1;C=320;H=2;W=2                                                                   189712    0.0
conv2d_80                               conv2d_f16               N=1;IC=320;IH=2;IW=2;OC=1280;KH=1;KW=1;SH=1;SW=1;PH=0;PW=0;DH=1;DW=1;groups=1    238087168    1.3
batch_norm_48                           batchnorm2d_f16          N=1;C=1280;H=2;W=2                                                                  758694    0.0
mul_64__sigmoid                         sigmoid_f16              n=5120                                                                              956281    0.0
mul_64                                  mul_f16                  n=5120                                                                              798385    0.0
adaptive_avg_pool2d_16                  adaptive_avg_pool2d_f16  N=1;C=1280;IH=2;IW=2;OH=1;OW=1                                                      573714    0.0
linear                                  linear_f16               M=1;K=1280;N=512                                                                  64962904    0.4
pad_17                                  pad_s8                   N=6;C=3;IH=64;IW=85;pad_left=0;pad_right=1;pad_top=0;pad_bottom=1                  1406774    0.0
conv2d_81                               conv2d_s8_pc             N=6;IC=3;IH=65;IW=86;OC=32;KH=3;KW=3;SH=2;SW=2;PH=0;PW=0;DH=1;DW=1;groups=1      196473094    1.1
mul_65__sigmoid                         sigmoid_s8               n=258048                                                                          25705045    0.1
mul_65                                  mul_s8                   n=258048                                                                          11161981    0.1
conv2d_82                               depthwise_conv2d_s8      N=6;IC=1;IH=32;IW=42;OC=32;KH=3;KW=3;SH=1;SW=1;PH=1;PW=1;DH=1;DW=1;groups=32      68556535    0.4
mul_66__sigmoid                         sigmoid_s8               n=258048                                                                          25428931    0.1
mul_66                                  mul_s8                   n=258048                                                                          11136733    0.1
adaptive_avg_pool2d_17                  adaptive_avg_pool2d_s8   N=6;C=32;IH=32;IW=42;OH=1;OW=1                                                     2140161    0.0
conv2d_83                               conv2d_s8_pc             N=6;IC=32;IH=1;IW=1;OC=8;KH=1;KW=1;SH=1;SW=1;PH=0;PW=0;DH=1;DW=1;groups=1            73461    0.0
mul_67__sigmoid                         sigmoid_s8               n=48                                                                                  4669    0.0
mul_67                                  mul_s8                   n=48                                                                                  2179    0.0
conv2d_84                               conv2d_s8_pc             N=6;IC=8;IH=1;IW=1;OC=32;KH=1;KW=1;SH=1;SW=1;PH=0;PW=0;DH=1;DW=1;groups=1            85701    0.0
sigmoid_68                              sigmoid_s8               n=192                                                                                18793    0.0
mul_68                                  mul_c1_s8                N=6;C=32;HW=1344                                                                   5259286    0.0
conv2d_85                               conv2d_s8_pc             N=6;IC=32;IH=32;IW=42;OC=16;KH=1;KW=1;SH=1;SW=1;PH=0;PW=0;DH=1;DW=1;groups=1     190746886    1.1
conv2d_86                               conv2d_s8_pc             N=6;IC=16;IH=32;IW=42;OC=96;KH=1;KW=1;SH=1;SW=1;PH=0;PW=0;DH=1;DW=1;groups=1     587096326    3.3
mul_69__sigmoid                         sigmoid_s8               n=774144                                                                          73953511    0.4
mul_69                                  mul_s8                   n=774144                                                                          33460705    0.2
pad_19                                  pad_s8                   N=6;C=96;IH=32;IW=42;pad_left=0;pad_right=1;pad_top=0;pad_bottom=1                11415873    0.1
conv2d_87                               depthwise_conv2d_s8      N=6;IC=1;IH=33;IW=43;OC=96;KH=3;KW=3;SH=2;SW=2;PH=0;PW=0;DH=1;DW=1;groups=96      52773368    0.3
mul_70__sigmoid                         sigmoid_s8               n=193536                                                                          20036486    0.1
mul_70                                  mul_s8                   n=193536                                                                           8423960    0.0
adaptive_avg_pool2d_18                  adaptive_avg_pool2d_s8   N=6;C=96;IH=16;IW=21;OH=1;OW=1                                                     1692333    0.0
conv2d_88                               conv2d_s8_pc             N=6;IC=96;IH=1;IW=1;OC=4;KH=1;KW=1;SH=1;SW=1;PH=0;PW=0;DH=1;DW=1;groups=1           105981    0.0
mul_71__sigmoid                         sigmoid_s8               n=24                                                                                  2485    0.0
mul_71                                  mul_s8                   n=24                                                                                  1117    0.0
conv2d_89                               conv2d_s8_pc             N=6;IC=4;IH=1;IW=1;OC=96;KH=1;KW=1;SH=1;SW=1;PH=0;PW=0;DH=1;DW=1;groups=1           152901    0.0
sigmoid_72                              sigmoid_s8               n=576                                                                                56935    0.0
mul_72                                  mul_c1_s8                N=6;C=96;HW=336                                                                    3955912    0.0
conv2d_90                               conv2d_s8_pc             N=6;IC=96;IH=16;IW=21;OC=24;KH=1;KW=1;SH=1;SW=1;PH=0;PW=0;DH=1;DW=1;groups=1     210896902    1.2
conv2d_91                               conv2d_s8_pc             N=6;IC=24;IH=16;IW=21;OC=144;KH=1;KW=1;SH=1;SW=1;PH=0;PW=0;DH=1;DW=1;groups=1    324795142    1.8
mul_73__sigmoid                         sigmoid_s8               n=290304                                                                          27314066    0.2
mul_73                                  mul_s8                   n=290304                                                                          12483974    0.1
conv2d_92                               depthwise_conv2d_s8      N=6;IC=1;IH=16;IW=21;OC=144;KH=3;KW=3;SH=1;SW=1;PH=1;PW=1;DH=1;DW=1;groups=144    75326360    0.4
mul_74__sigmoid                         sigmoid_s8               n=290304                                                                          27411158    0.2
mul_74                                  mul_s8                   n=290304                                                                          12492626    0.1
adaptive_avg_pool2d_19                  adaptive_avg_pool2d_s8   N=6;C=144;IH=16;IW=21;OH=1;OW=1                                                    2538285    0.0
conv2d_93                               conv2d_s8_pc             N=6;IC=144;IH=1;IW=1;OC=6;KH=1;KW=1;SH=1;SW=1;PH=0;PW=0;DH=1;DW=1;groups=1          236600    0.0
mul_75__sigmoid                         sigmoid_s8               n=36                                                                                  3589    0.0
mul_75                                  mul_s8                   n=36                                                                                  1645    0.0
conv2d_94                               conv2d_s8_pc             N=6;IC=6;IH=1;IW=1;OC=144;KH=1;KW=1;SH=1;SW=1;PH=0;PW=0;DH=1;DW=1;groups=1          306981    0.0
sigmoid_76                              sigmoid_s8               n=864                                                                                83647    0.0
mul_76                                  mul_c1_s8                N=6;C=144;HW=336                                                                   5934322    0.0
conv2d_95                               conv2d_s8_pc             N=6;IC=144;IH=16;IW=21;OC=24;KH=1;KW=1;SH=1;SW=1;PH=0;PW=0;DH=1;DW=1;groups=1    315406342    1.8
add_9                                   add_s8                   n=48384                                                                            2062670    0.0
conv2d_96                               conv2d_s8_pc             N=6;IC=24;IH=16;IW=21;OC=144;KH=1;KW=1;SH=1;SW=1;PH=0;PW=0;DH=1;DW=1;groups=1    324795142    1.8
mul_77__sigmoid                         sigmoid_s8               n=290304                                                                          27842528    0.2
mul_77                                  mul_s8                   n=290304                                                                          12627698    0.1
pad_21                                  pad_s8                   N=6;C=144;IH=16;IW=21;pad_left=1;pad_right=2;pad_top=1;pad_bottom=2                5202273    0.0
conv2d_97                               depthwise_conv2d_s8      N=6;IC=1;IH=19;IW=24;OC=144;KH=5;KW=5;SH=2;SW=2;PH=0;PW=0;DH=1;DW=1;groups=144    44897144    0.3
mul_78__sigmoid                         sigmoid_s8               n=69120                                                                            7127966    0.0
mul_78                                  mul_s8                   n=69120                                                                            3015050    0.0
adaptive_avg_pool2d_20                  adaptive_avg_pool2d_s8   N=6;C=144;IH=8;IW=10;OH=1;OW=1                                                      706725    0.0
conv2d_98                               conv2d_s8_pc             N=6;IC=144;IH=1;IW=1;OC=6;KH=1;KW=1;SH=1;SW=1;PH=0;PW=0;DH=1;DW=1;groups=1          236600    0.0
mul_79__sigmoid                         sigmoid_s8               n=36                                                                                  3343    0.0
mul_79                                  mul_s8                   n=36                                                                                  1603    0.0
conv2d_99                               conv2d_s8_pc             N=6;IC=6;IH=1;IW=1;OC=144;KH=1;KW=1;SH=1;SW=1;PH=0;PW=0;DH=1;DW=1;groups=1          306981    0.0
sigmoid_80                              sigmoid_s8               n=864                                                                                84043    0.0
mul_80                                  mul_c1_s8                N=6;C=144;HW=80                                                                    1425796    0.0
conv2d_100                              conv2d_s8_pc             N=6;IC=144;IH=8;IW=10;OC=40;KH=1;KW=1;SH=1;SW=1;PH=0;PW=0;DH=1;DW=1;groups=1     125182342    0.7
conv2d_101                              conv2d_s8_pc             N=6;IC=40;IH=8;IW=10;OC=240;KH=1;KW=1;SH=1;SW=1;PH=0;PW=0;DH=1;DW=1;groups=1     211956742    1.2
mul_81__sigmoid                         sigmoid_s8               n=115200                                                                          10833818    0.1
mul_81                                  mul_s8                   n=115200                                                                           4969112    0.0
conv2d_102                              depthwise_conv2d_s8      N=6;IC=1;IH=8;IW=10;OC=240;KH=5;KW=5;SH=1;SW=1;PH=2;PW=2;DH=1;DW=1;groups=240     60174968    0.3
mul_82__sigmoid                         sigmoid_s8               n=115200                                                                          11189900    0.1
mul_82                                  mul_s8                   n=115200                                                                           5001746    0.0
adaptive_avg_pool2d_21                  adaptive_avg_pool2d_s8   N=6;C=240;IH=8;IW=10;OH=1;OW=1                                                     1177845    0.0
conv2d_103                              conv2d_s8_pc             N=6;IC=240;IH=1;IW=1;OC=10;KH=1;KW=1;SH=1;SW=1;PH=0;PW=0;DH=1;DW=1;groups=1         653361    0.0
mul_83__sigmoid                         sigmoid_s8               n=60                                                                                  6277    0.0
mul_83                                  mul_s8                   n=60                                                                                  2701    0.0
conv2d_104                              conv2d_s8_pc             N=6;IC=10;IH=1;IW=1;OC=240;KH=1;KW=1;SH=1;SW=1;PH=0;PW=0;DH=1;DW=1;groups=1         770661    0.0
sigmoid_84                              sigmoid_s8               n=1440                                                                              137683    0.0
mul_84                                  mul_c1_s8                N=6;C=240;HW=80                                                                    2356120    0.0
conv2d_105                              conv2d_s8_pc             N=6;IC=240;IH=8;IW=10;OC=40;KH=1;KW=1;SH=1;SW=1;PH=0;PW=0;DH=1;DW=1;groups=1     208126342    1.2
add_10                                  add_s8                   n=19200                                                                             807878    0.0
conv2d_106                              conv2d_s8_pc             N=6;IC=40;IH=8;IW=10;OC=240;KH=1;KW=1;SH=1;SW=1;PH=0;PW=0;DH=1;DW=1;groups=1     211956742    1.2
mul_85__sigmoid                         sigmoid_s8               n=115200                                                                          10834526    0.1
mul_85                                  mul_s8                   n=115200                                                                           4977008    0.0
pad_23                                  pad_s8                   N=6;C=240;IH=8;IW=10;pad_left=0;pad_right=1;pad_top=0;pad_bottom=1                 1997409    0.0
conv2d_107                              depthwise_conv2d_s8      N=6;IC=1;IH=9;IW=11;OC=240;KH=3;KW=3;SH=2;SW=2;PH=0;PW=0;DH=1;DW=1;groups=240      7937528    0.0
mul_86__sigmoid                         sigmoid_s8               n=28800                                                                            2886632    0.0
mul_86                                  mul_s8                   n=28800                                                                            1252832    0.0
adaptive_avg_pool2d_22                  adaptive_avg_pool2d_s8   N=6;C=240;IH=4;IW=5;OH=1;OW=1                                                       434679    0.0
conv2d_108                              conv2d_s8_pc             N=6;IC=240;IH=1;IW=1;OC=10;KH=1;KW=1;SH=1;SW=1;PH=0;PW=0;DH=1;DW=1;groups=1         653361    0.0
mul_87__sigmoid                         sigmoid_s8               n=60                                                                                  5851    0.0
mul_87                                  mul_s8                   n=60                                                                                  2617    0.0
conv2d_109                              conv2d_s8_pc             N=6;IC=10;IH=1;IW=1;OC=240;KH=1;KW=1;SH=1;SW=1;PH=0;PW=0;DH=1;DW=1;groups=1         770661    0.0
sigmoid_88                              sigmoid_s8               n=1440                                                                              139843    0.0
mul_88                                  mul_c1_s8                N=6;C=240;HW=20                                                                     605260    0.0
conv2d_110                              conv2d_s8_pc             N=6;IC=240;IH=4;IW=5;OC=80;KH=1;KW=1;SH=1;SW=1;PH=0;PW=0;DH=1;DW=1;groups=1      104089222    0.6
conv2d_111                              conv2d_s8_pc             N=6;IC=80;IH=4;IW=5;OC=480;KH=1;KW=1;SH=1;SW=1;PH=0;PW=0;DH=1;DW=1;groups=1      209814022    1.2
mul_89__sigmoid                         sigmoid_s8               n=57600                                                                            5354342    0.0
mul_89                                  mul_s8                   n=57600                                                                            2472638    0.0
conv2d_112                              depthwise_conv2d_s8      N=6;IC=1;IH=4;IW=5;OC=480;KH=3;KW=3;SH=1;SW=1;PH=1;PW=1;DH=1;DW=1;groups=480      12922808    0.1
mul_90__sigmoid                         sigmoid_s8               n=57600                                                                            5392346    0.0
mul_90                                  mul_s8                   n=57600                                                                            2483768    0.0
adaptive_avg_pool2d_23                  adaptive_avg_pool2d_s8   N=6;C=480;IH=4;IW=5;OH=1;OW=1                                                       868023    0.0
conv2d_113                              conv2d_s8_pc             N=6;IC=480;IH=1;IW=1;OC=20;KH=1;KW=1;SH=1;SW=1;PH=0;PW=0;DH=1;DW=1;groups=1        2602461    0.0
mul_91__sigmoid                         sigmoid_s8               n=120                                                                                11221    0.0
mul_91                                  mul_s8                   n=120                                                                                 5215    0.0
conv2d_114                              conv2d_s8_pc             N=6;IC=20;IH=1;IW=1;OC=480;KH=1;KW=1;SH=1;SW=1;PH=0;PW=0;DH=1;DW=1;groups=1        2837061    0.0
sigmoid_92                              sigmoid_s8               n=2880                                                                              266960    0.0
mul_92                                  mul_c1_s8                N=6;C=480;HW=20                                                                    1212832    0.0
conv2d_115                              conv2d_s8_pc             N=6;IC=480;IH=4;IW=5;OC=80;KH=1;KW=1;SH=1;SW=1;PH=0;PW=0;DH=1;DW=1;groups=1      207769222    1.2
add_11                                  add_s8                   n=9600                                                                              404270    0.0
conv2d_116                              conv2d_s8_pc             N=6;IC=80;IH=4;IW=5;OC=480;KH=1;KW=1;SH=1;SW=1;PH=0;PW=0;DH=1;DW=1;groups=1      209814022    1.2
mul_93__sigmoid                         sigmoid_s8               n=57600                                                                            5434394    0.0
mul_93                                  mul_s8                   n=57600                                                                            2492882    0.0
conv2d_117                              depthwise_conv2d_s8      N=6;IC=1;IH=4;IW=5;OC=480;KH=3;KW=3;SH=1;SW=1;PH=1;PW=1;DH=1;DW=1;groups=480      12922808    0.1
mul_94__sigmoid                         sigmoid_s8               n=57600                                                                            5511590    0.0
mul_94                                  mul_s8                   n=57600                                                                            2500316    0.0
adaptive_avg_pool2d_24                  adaptive_avg_pool2d_s8   N=6;C=480;IH=4;IW=5;OH=1;OW=1                                                       868521    0.0
conv2d_118                              conv2d_s8_pc             N=6;IC=480;IH=1;IW=1;OC=20;KH=1;KW=1;SH=1;SW=1;PH=0;PW=0;DH=1;DW=1;groups=1        2602461    0.0
mul_95__sigmoid                         sigmoid_s8               n=120                                                                                10999    0.0
mul_95                                  mul_s8                   n=120                                                                                 5053    0.0
conv2d_119                              conv2d_s8_pc             N=6;IC=20;IH=1;IW=1;OC=480;KH=1;KW=1;SH=1;SW=1;PH=0;PW=0;DH=1;DW=1;groups=1        2837061    0.0
sigmoid_96                              sigmoid_s8               n=2880                                                                              266396    0.0
mul_96                                  mul_c1_s8                N=6;C=480;HW=20                                                                    1202284    0.0
conv2d_120                              conv2d_s8_pc             N=6;IC=480;IH=4;IW=5;OC=80;KH=1;KW=1;SH=1;SW=1;PH=0;PW=0;DH=1;DW=1;groups=1      207769222    1.2
add_12                                  add_s8                   n=9600                                                                              406028    0.0
conv2d_121                              conv2d_s8_pc             N=6;IC=80;IH=4;IW=5;OC=480;KH=1;KW=1;SH=1;SW=1;PH=0;PW=0;DH=1;DW=1;groups=1      209814022    1.2
mul_97__sigmoid                         sigmoid_s8               n=57600                                                                            5392352    0.0
mul_97                                  mul_s8                   n=57600                                                                            2485574    0.0
conv2d_122                              depthwise_conv2d_s8      N=6;IC=1;IH=4;IW=5;OC=480;KH=5;KW=5;SH=1;SW=1;PH=2;PW=2;DH=1;DW=1;groups=480      23734328    0.1
mul_98__sigmoid                         sigmoid_s8               n=57600                                                                            5637062    0.0
mul_98                                  mul_s8                   n=57600                                                                            2512538    0.0
adaptive_avg_pool2d_25                  adaptive_avg_pool2d_s8   N=6;C=480;IH=4;IW=5;OH=1;OW=1                                                       868791    0.0
conv2d_123                              conv2d_s8_pc             N=6;IC=480;IH=1;IW=1;OC=20;KH=1;KW=1;SH=1;SW=1;PH=0;PW=0;DH=1;DW=1;groups=1        2602461    0.0
mul_99__sigmoid                         sigmoid_s8               n=120                                                                                13345    0.0
mul_99                                  mul_s8                   n=120                                                                                 5341    0.0
conv2d_124                              conv2d_s8_pc             N=6;IC=20;IH=1;IW=1;OC=480;KH=1;KW=1;SH=1;SW=1;PH=0;PW=0;DH=1;DW=1;groups=1        2837061    0.0
sigmoid_100                             sigmoid_s8               n=2880                                                                              271364    0.0
mul_100                                 mul_c1_s8                N=6;C=480;HW=20                                                                    1211794    0.0
conv2d_125                              conv2d_s8_pc             N=6;IC=480;IH=4;IW=5;OC=112;KH=1;KW=1;SH=1;SW=1;PH=0;PW=0;DH=1;DW=1;groups=1     290876806    1.6
conv2d_126                              conv2d_s8_pc             N=6;IC=112;IH=4;IW=5;OC=672;KH=1;KW=1;SH=1;SW=1;PH=0;PW=0;DH=1;DW=1;groups=1     409861126    2.3
mul_101__sigmoid                        sigmoid_s8               n=80640                                                                            7570316    0.0
mul_101                                 mul_s8                   n=80640                                                                            3493790    0.0
conv2d_127                              depthwise_conv2d_s8      N=6;IC=1;IH=4;IW=5;OC=672;KH=5;KW=5;SH=1;SW=1;PH=2;PW=2;DH=1;DW=1;groups=672      33227960    0.2
mul_102__sigmoid                        sigmoid_s8               n=80640                                                                            7703882    0.0
mul_102                                 mul_s8                   n=80640                                                                            3517520    0.0
adaptive_avg_pool2d_26                  adaptive_avg_pool2d_s8   N=6;C=672;IH=4;IW=5;OH=1;OW=1                                                      1215531    0.0
conv2d_128                              conv2d_s8_pc             N=6;IC=672;IH=1;IW=1;OC=28;KH=1;KW=1;SH=1;SW=1;PH=0;PW=0;DH=1;DW=1;groups=1        5094861    0.0
mul_103__sigmoid                        sigmoid_s8               n=168                                                                                15301    0.0
mul_103                                 mul_s8                   n=168                                                                                 6991    0.0
conv2d_129                              conv2d_s8_pc             N=6;IC=28;IH=1;IW=1;OC=672;KH=1;KW=1;SH=1;SW=1;PH=0;PW=0;DH=1;DW=1;groups=1        5423301    0.0
sigmoid_104                             sigmoid_s8               n=4032                                                                              353114    0.0
mul_104                                 mul_c1_s8                N=6;C=672;HW=20                                                                    1696678    0.0
conv2d_130                              conv2d_s8_pc             N=6;IC=672;IH=4;IW=5;OC=112;KH=1;KW=1;SH=1;SW=1;PH=0;PW=0;DH=1;DW=1;groups=1     406998406    2.3
add_13                                  add_s8                   n=13440                                                                             571808    0.0
conv2d_131                              conv2d_s8_pc             N=6;IC=112;IH=4;IW=5;OC=672;KH=1;KW=1;SH=1;SW=1;PH=0;PW=0;DH=1;DW=1;groups=1     409861126    2.3
mul_105__sigmoid                        sigmoid_s8               n=80640                                                                            7645640    0.0
mul_105                                 mul_s8                   n=80640                                                                            3507062    0.0
conv2d_132                              depthwise_conv2d_s8      N=6;IC=1;IH=4;IW=5;OC=672;KH=5;KW=5;SH=1;SW=1;PH=2;PW=2;DH=1;DW=1;groups=672      33227960    0.2
mul_106__sigmoid                        sigmoid_s8               n=80640                                                                            7851284    0.0
mul_106                                 mul_s8                   n=80640                                                                            3513698    0.0
adaptive_avg_pool2d_27                  adaptive_avg_pool2d_s8   N=6;C=672;IH=4;IW=5;OH=1;OW=1                                                      1215711    0.0
conv2d_133                              conv2d_s8_pc             N=6;IC=672;IH=1;IW=1;OC=28;KH=1;KW=1;SH=1;SW=1;PH=0;PW=0;DH=1;DW=1;groups=1        5094861    0.0
mul_107__sigmoid                        sigmoid_s8               n=168                                                                                18931    0.0
mul_107                                 mul_s8                   n=168                                                                                 7453    0.0
conv2d_134                              conv2d_s8_pc             N=6;IC=28;IH=1;IW=1;OC=672;KH=1;KW=1;SH=1;SW=1;PH=0;PW=0;DH=1;DW=1;groups=1        5423301    0.0
sigmoid_108                             sigmoid_s8               n=4032                                                                              370328    0.0
mul_108                                 mul_c1_s8                N=6;C=672;HW=20                                                                    1690846    0.0
conv2d_135                              conv2d_s8_pc             N=6;IC=672;IH=4;IW=5;OC=112;KH=1;KW=1;SH=1;SW=1;PH=0;PW=0;DH=1;DW=1;groups=1     406998406    2.3
add_14                                  add_s8                   n=13440                                                                             573782    0.0
conv2d_136                              conv2d_s8_pc             N=6;IC=112;IH=4;IW=5;OC=672;KH=1;KW=1;SH=1;SW=1;PH=0;PW=0;DH=1;DW=1;groups=1     409861126    2.3
mul_109__sigmoid                        sigmoid_s8               n=80640                                                                            7645100    0.0
mul_109                                 mul_s8                   n=80640                                                                            3507776    0.0
pad_29                                  pad_s8                   N=6;C=672;IH=4;IW=5;pad_left=1;pad_right=2;pad_top=1;pad_bottom=2                  2778177    0.0
conv2d_137                              depthwise_conv2d_s8      N=6;IC=1;IH=7;IW=8;OC=672;KH=5;KW=5;SH=2;SW=2;PH=0;PW=0;DH=1;DW=1;groups=672      10636663    0.1
mul_110__sigmoid                        sigmoid_s8               n=16128                                                                            1650644    0.0
mul_110                                 mul_s8                   n=16128                                                                             707174    0.0
adaptive_avg_pool2d_28                  adaptive_avg_pool2d_s8   N=6;C=672;IH=2;IW=2;OH=1;OW=1                                                       627429    0.0
conv2d_138                              conv2d_s8_pc             N=6;IC=672;IH=1;IW=1;OC=28;KH=1;KW=1;SH=1;SW=1;PH=0;PW=0;DH=1;DW=1;groups=1        5094861    0.0
mul_111__sigmoid                        sigmoid_s8               n=168                                                                                17803    0.0
mul_111                                 mul_s8                   n=168                                                                                 7285    0.0
conv2d_139                              conv2d_s8_pc             N=6;IC=28;IH=1;IW=1;OC=672;KH=1;KW=1;SH=1;SW=1;PH=0;PW=0;DH=1;DW=1;groups=1        5423301    0.0
sigmoid_112                             sigmoid_s8               n=4032                                                                              384290    0.0
mul_112                                 mul_c1_s8                N=6;C=672;HW=4                                                                      376858    0.0
conv2d_140                              conv2d_s8_pc             N=6;IC=672;IH=2;IW=2;OC=192;KH=1;KW=1;SH=1;SW=1;PH=0;PW=0;DH=1;DW=1;groups=1     139592710    0.8
conv2d_141                              conv2d_s8_pc             N=6;IC=192;IH=2;IW=2;OC=1152;KH=1;KW=1;SH=1;SW=1;PH=0;PW=0;DH=1;DW=1;groups=1    240358150    1.4
mul_113__sigmoid                        sigmoid_s8               n=27648                                                                            2608280    0.0
mul_113                                 mul_s8                   n=27648                                                                            1198934    0.0
conv2d_142                              depthwise_conv2d_s8      N=6;IC=1;IH=2;IW=2;OC=1152;KH=5;KW=5;SH=1;SW=1;PH=2;PW=2;DH=1;DW=1;groups=1152     6082808    0.0
mul_114__sigmoid                        sigmoid_s8               n=27648                                                                            2629160    0.0
mul_114                                 mul_s8                   n=27648                                                                            1206200    0.0
adaptive_avg_pool2d_29                  adaptive_avg_pool2d_s8   N=6;C=1152;IH=2;IW=2;OH=1;OW=1                                                     1075473    0.0
conv2d_143                              conv2d_s8_pc             N=6;IC=1152;IH=1;IW=1;OC=48;KH=1;KW=1;SH=1;SW=1;PH=0;PW=0;DH=1;DW=1;groups=1      14954661    0.1
mul_115__sigmoid                        sigmoid_s8               n=288                                                                                25531    0.0
mul_115                                 mul_s8                   n=288                                                                                11431    0.0
conv2d_144                              conv2d_s8_pc             N=6;IC=48;IH=1;IW=1;OC=1152;KH=1;KW=1;SH=1;SW=1;PH=0;PW=0;DH=1;DW=1;groups=1      15517701    0.1
sigmoid_116                             sigmoid_s8               n=6912                                                                              532796    0.0
mul_116                                 mul_c1_s8                N=6;C=1152;HW=4                                                                     645658    0.0
conv2d_145                              conv2d_s8_pc             N=6;IC=1152;IH=2;IW=2;OC=192;KH=1;KW=1;SH=1;SW=1;PH=0;PW=0;DH=1;DW=1;groups=1    239125510    1.4
add_15                                  add_s8                   n=4608                                                                              196262    0.0
conv2d_146                              conv2d_s8_pc             N=6;IC=192;IH=2;IW=2;OC=1152;KH=1;KW=1;SH=1;SW=1;PH=0;PW=0;DH=1;DW=1;groups=1    240358150    1.4
mul_117__sigmoid                        sigmoid_s8               n=27648                                                                            2630678    0.0
mul_117                                 mul_s8                   n=27648                                                                            1204184    0.0
conv2d_147                              depthwise_conv2d_s8      N=6;IC=1;IH=2;IW=2;OC=1152;KH=5;KW=5;SH=1;SW=1;PH=2;PW=2;DH=1;DW=1;groups=1152     6082808    0.0
mul_118__sigmoid                        sigmoid_s8               n=27648                                                                            2684204    0.0
mul_118                                 mul_s8                   n=27648                                                                            1207292    0.0
adaptive_avg_pool2d_30                  adaptive_avg_pool2d_s8   N=6;C=1152;IH=2;IW=2;OH=1;OW=1                                                     1075503    0.0
conv2d_148                              conv2d_s8_pc             N=6;IC=1152;IH=1;IW=1;OC=48;KH=1;KW=1;SH=1;SW=1;PH=0;PW=0;DH=1;DW=1;groups=1      14954661    0.1
mul_119__sigmoid                        sigmoid_s8               n=288                                                                                27295    0.0
mul_119                                 mul_s8                   n=288                                                                                12019    0.0
conv2d_149                              conv2d_s8_pc             N=6;IC=48;IH=1;IW=1;OC=1152;KH=1;KW=1;SH=1;SW=1;PH=0;PW=0;DH=1;DW=1;groups=1      15517701    0.1
sigmoid_120                             sigmoid_s8               n=6912                                                                              569324    0.0
mul_120                                 mul_c1_s8                N=6;C=1152;HW=4                                                                     646318    0.0
conv2d_150                              conv2d_s8_pc             N=6;IC=1152;IH=2;IW=2;OC=192;KH=1;KW=1;SH=1;SW=1;PH=0;PW=0;DH=1;DW=1;groups=1    239125510    1.4
add_16                                  add_s8                   n=4608                                                                              194414    0.0
conv2d_151                              conv2d_s8_pc             N=6;IC=192;IH=2;IW=2;OC=1152;KH=1;KW=1;SH=1;SW=1;PH=0;PW=0;DH=1;DW=1;groups=1    240358150    1.4
mul_121__sigmoid                        sigmoid_s8               n=27648                                                                            2636684    0.0
mul_121                                 mul_s8                   n=27648                                                                            1205486    0.0
conv2d_152                              depthwise_conv2d_s8      N=6;IC=1;IH=2;IW=2;OC=1152;KH=5;KW=5;SH=1;SW=1;PH=2;PW=2;DH=1;DW=1;groups=1152     6082808    0.0
mul_122__sigmoid                        sigmoid_s8               n=27648                                                                            2640116    0.0
mul_122                                 mul_s8                   n=27648                                                                            1201376    0.0
adaptive_avg_pool2d_31                  adaptive_avg_pool2d_s8   N=6;C=1152;IH=2;IW=2;OH=1;OW=1                                                     1072977    0.0
conv2d_153                              conv2d_s8_pc             N=6;IC=1152;IH=1;IW=1;OC=48;KH=1;KW=1;SH=1;SW=1;PH=0;PW=0;DH=1;DW=1;groups=1      14954661    0.1
mul_123__sigmoid                        sigmoid_s8               n=288                                                                                26689    0.0
mul_123                                 mul_s8                   n=288                                                                                12271    0.0
conv2d_154                              conv2d_s8_pc             N=6;IC=48;IH=1;IW=1;OC=1152;KH=1;KW=1;SH=1;SW=1;PH=0;PW=0;DH=1;DW=1;groups=1      15517701    0.1
sigmoid_124                             sigmoid_s8               n=6912                                                                              551114    0.0
mul_124                                 mul_c1_s8                N=6;C=1152;HW=4                                                                     644860    0.0
conv2d_155                              conv2d_s8_pc             N=6;IC=1152;IH=2;IW=2;OC=192;KH=1;KW=1;SH=1;SW=1;PH=0;PW=0;DH=1;DW=1;groups=1    239125510    1.4
add_17                                  add_s8                   n=4608                                                                              195068    0.0
conv2d_156                              conv2d_s8_pc             N=6;IC=192;IH=2;IW=2;OC=1152;KH=1;KW=1;SH=1;SW=1;PH=0;PW=0;DH=1;DW=1;groups=1    240358150    1.4
mul_125__sigmoid                        sigmoid_s8               n=27648                                                                            2630210    0.0
mul_125                                 mul_s8                   n=27648                                                                            1206242    0.0
conv2d_157                              depthwise_conv2d_s8      N=6;IC=1;IH=2;IW=2;OC=1152;KH=3;KW=3;SH=1;SW=1;PH=1;PW=1;DH=1;DW=1;groups=1152     5004535    0.0
mul_126__sigmoid                        sigmoid_s8               n=27648                                                                            2647604    0.0
mul_126                                 mul_s8                   n=27648                                                                            1204016    0.0
adaptive_avg_pool2d_32                  adaptive_avg_pool2d_s8   N=6;C=1152;IH=2;IW=2;OH=1;OW=1                                                     1075047    0.0
conv2d_158                              conv2d_s8_pc             N=6;IC=1152;IH=1;IW=1;OC=48;KH=1;KW=1;SH=1;SW=1;PH=0;PW=0;DH=1;DW=1;groups=1      14954661    0.1
mul_127__sigmoid                        sigmoid_s8               n=288                                                                                29167    0.0
mul_127                                 mul_s8                   n=288                                                                                12565    0.0
conv2d_159                              conv2d_s8_pc             N=6;IC=48;IH=1;IW=1;OC=1152;KH=1;KW=1;SH=1;SW=1;PH=0;PW=0;DH=1;DW=1;groups=1      15517701    0.1
sigmoid_128                             sigmoid_s8               n=6912                                                                              651146    0.0
mul_128                                 mul_c1_s8                N=6;C=1152;HW=4                                                                     639760    0.0
conv2d_160                              conv2d_s8_pc             N=6;IC=1152;IH=2;IW=2;OC=320;KH=1;KW=1;SH=1;SW=1;PH=0;PW=0;DH=1;DW=1;groups=1    398542342    2.3
conv2d_161                              conv2d_s8_pc             N=6;IC=320;IH=2;IW=2;OC=1280;KH=1;KW=1;SH=1;SW=1;PH=0;PW=0;DH=1;DW=1;groups=1    444011782    2.5
mul_129__sigmoid                        sigmoid_s8               n=30720                                                                            2922158    0.0
mul_129                                 mul_s8                   n=30720                                                                            1339982    0.0
adaptive_avg_pool2d_33                  adaptive_avg_pool2d_s8   N=6;C=1280;IH=2;IW=2;OH=1;OW=1                                                     1195443    0.0
linear_1                                linear_s8_pc             M=6;K=1280;N=512                                                                  59093125    0.3
linear__cast_i8                         cast_f16_to_i8           n=512                                                                                31488    0.0
cat_1                                   cat2_c1_s8               N=1;H=1;W=512;C_total=7;C_inputs=6|1                                                191517    0.0
add_18                                  add_s8                   n=3584                                                                              135019    0.0
layer_norm                              layer_norm_s8            M=7;K=512                                                                           269545    0.0
linear_2                                linear_s8_pc             M=7;K=512;N=1536                                                                  82962576    0.5
scaled_dot_product_attention_qk         matmul_s8                M=7;K=128;N=7                                                                        77832    0.0
scaled_dot_product_attention_softmax    softmax_s8               M=7;K=7                                                                              10433    0.0
scaled_dot_product_attention_av         matmul_s8                M=7;K=7;N=128                                                                       120251    0.0
linear_3                                linear_s8_pc             M=7;K=512;N=512                                                                   27654288    0.2
add_19                                  add_s8                   n=3584                                                                              136667    0.0
layer_norm_1                            layer_norm_s8            M=7;K=512                                                                           264205    0.0
linear_4                                linear_s8_pc             M=7;K=512;N=2048                                                                 110616721    0.6
gelu                                    gelu_s8                  n=14336                                                                            4161157    0.0
linear_5                                linear_s8_pc             M=7;K=2048;N=512                                                                 110229649    0.6
add_20                                  add_s8                   n=3584                                                                              137401    0.0
layer_norm_2                            layer_norm_s8            M=7;K=512                                                                           268708    0.0
linear_6                                linear_s8_pc             M=7;K=512;N=1536                                                                  82962576    0.5
scaled_dot_product_attention_1_qk       matmul_s8                M=7;K=128;N=7                                                                        77813    0.0
scaled_dot_product_attention_1_softmax  softmax_s8               M=7;K=7                                                                              10319    0.0
scaled_dot_product_attention_1_av       matmul_s8                M=7;K=7;N=128                                                                       120677    0.0
linear_7                                linear_s8_pc             M=7;K=512;N=512                                                                   27654288    0.2
add_21                                  add_s8                   n=3584                                                                              136976    0.0
layer_norm_3                            layer_norm_s8            M=7;K=512                                                                           264416    0.0
linear_8                                linear_s8_pc             M=7;K=512;N=2048                                                                 110616721    0.6
gelu_1                                  gelu_s8                  n=14336                                                                            4145602    0.0
linear_9                                linear_s8_pc             M=7;K=2048;N=512                                                                 110229649    0.6
add_22                                  add_s8                   n=3584                                                                              138167    0.0
layer_norm_4                            layer_norm_s8            M=7;K=512                                                                           268666    0.0
linear_10                               linear_s8_pc             M=7;K=512;N=1536                                                                  82962576    0.5
scaled_dot_product_attention_2_qk       matmul_s8                M=7;K=128;N=7                                                                        77769    0.0
scaled_dot_product_attention_2_softmax  softmax_s8               M=7;K=7                                                                               9784    0.0
scaled_dot_product_attention_2_av       matmul_s8                M=7;K=7;N=128                                                                       120660    0.0
linear_11                               linear_s8_pc             M=7;K=512;N=512                                                                   27654288    0.2
add_23                                  add_s8                   n=3584                                                                              137032    0.0
layer_norm_5                            layer_norm_s8            M=7;K=512                                                                           258895    0.0
linear_12                               linear_s8_pc             M=7;K=512;N=2048                                                                 110616721    0.6
gelu_2                                  gelu_s8                  n=14336                                                                            3452780    0.0
linear_13                               linear_s8_pc             M=7;K=2048;N=512                                                                 110229649    0.6
add_24                                  add_s8                   n=3584                                                                              140188    0.0
layer_norm_6                            layer_norm_s8            M=7;K=512                                                                           268849    0.0
linear_14                               linear_s8_pc             M=7;K=512;N=1536                                                                  82962576    0.5
scaled_dot_product_attention_3_qk       matmul_s8                M=7;K=128;N=7                                                                        77801    0.0
scaled_dot_product_attention_3_softmax  softmax_s8               M=7;K=7                                                                              10075    0.0
scaled_dot_product_attention_3_av       matmul_s8                M=7;K=7;N=128                                                                       120444    0.0
linear_15                               linear_s8_pc             M=7;K=512;N=512                                                                   27654288    0.2
add_25                                  add_s8                   n=3584                                                                              140828    0.0
layer_norm_7                            layer_norm_s8            M=7;K=512                                                                           259778    0.0
linear_16                               linear_s8_pc             M=7;K=512;N=2048                                                                 110616721    0.6
gelu_3                                  gelu_s8                  n=14336                                                                            3220333    0.0
linear_17                               linear_s8_pc             M=7;K=2048;N=512                                                                 110229649    0.6
add_26                                  add_s8                   n=3584                                                                              140892    0.0
linear_18                               linear_s8_pc             M=1;K=3584;N=512                                                                  27543631    0.2
linear_18__cast_f16                     cast_i8_to_f16           n=512                                                                                35874    0.0
relu                                    relu_f16                 n=512                                                                                48173    0.0
linear_19                               linear_f16               M=1;K=512;N=256                                                                   12891205    0.1
relu_1                                  relu_f16                 n=256                                                                                24109    0.0
linear_20                               linear_f16               M=1;K=256;N=128                                                                    3230351    0.0
relu_2                                  relu_f16                 n=128                                                                                12077    0.0
linear_21                               linear_f16               M=1;K=128;N=64                                                                      811597    0.0
relu_3                                  relu_f16                 n=64                                                                                  6062    0.0
linear_22                               linear_f16               M=1;K=64;N=32                                                                       205039    0.0
relu_4                                  relu_f16                 n=32                                                                                  3055    0.0
relu_4__cast_i8                         cast_f16_to_i8           n=32                                                                                  1976    0.0
linear_23                               linear_s8_pc             M=1;K=32;N=1                                                                           594    0.0
linear_24                               linear_s8_pc             M=1;K=32;N=20                                                                        10398    0.0
vint_action_post                        vint_action_post         n_wp=5;n_dim=4                                                                         172    0.0
-----------------------------------------------------------------------------------------------------------------------------------------------------------------
TOTAL                                                                                                                                          17649085209
wall_clock_cycles=176491100 (mtime)
iree_profile -> /scratch/dima/rose-infra/RoSE/experiments/kcov/prof/vint_gq31_purerefbase/gemmini_q31/spike/vint_kcovref/vint_kcovref.fp32/vint_kcovref_spike_gemmini_q31_vint_kcovref.fp32/topo_0/results.csv
MODELBLASTER_STAGE_END:run:69.458
### rc=0 2026-09-02T07:02:27Z
############ DONE vint_gq31_purerefbase rc=0 ############
