✓ Conda environment 'zephyr' activated successfully
Zephyr SDK environment variables set:
  ZEPHYR_BASE=/scratch/dima/rose-infra/RoSE/soc/sw/xpu-rt/zephyr-chipyard-sw/zephyr_ws/zephyr
  ZEPHYR_SDK_INSTALL_DIR=/scratch/dima/rose-infra/RoSE/soc/sw/xpu-rt/zephyr-chipyard-sw/tools-manual/zephyr-sdk-1.0.0-beta1
  ZEPHYR_TOOLCHAIN_VARIANT=zephyr
### tag=vint_rvv_kcov2 exdir=vint_kcovref target=rvv quant=int8 2026-09-02T07:18:52Z
### env: MB_DRIFT_ATOL=0.5 GLOBAL_CURATED_DIR=<default kernels/>
[1/5] extract_graph (quant=int8) -> /scratch/dima/rose-infra/RoSE/soc/sw/xpu-rt/zephyr-chipyard-sw/modelblaster/examples/vint_kcovref/int8/generated
MODELBLASTER_STAGE_BEGIN:extract
  (skipped — IR present at /scratch/dima/rose-infra/RoSE/soc/sw/xpu-rt/zephyr-chipyard-sw/modelblaster/examples/vint_kcovref/int8/generated; set FORCE_EXTRACT=1 to re-run)
MODELBLASTER_STAGE_END:extract:0.001
  (auto-promoted GEN_TARGET=rvv_f16 — IR has fp16 ops)
[2/5] generate_skeleton (backend=rvv_f16) -> /scratch/dima/rose-infra/RoSE/soc/sw/xpu-rt/zephyr-chipyard-sw/modelblaster/examples/vint_kcovref/int8/generated/rvv
MODELBLASTER_STAGE_BEGIN:generate_skeleton
wrote /scratch/dima/rose-infra/RoSE/soc/sw/xpu-rt/zephyr-chipyard-sw/modelblaster/examples/vint_kcovref/int8/generated/rvv/weights.h
wrote /scratch/dima/rose-infra/RoSE/soc/sw/xpu-rt/zephyr-chipyard-sw/modelblaster/examples/vint_kcovref/int8/generated/rvv/weights.c
wrote /scratch/dima/rose-infra/RoSE/soc/sw/xpu-rt/zephyr-chipyard-sw/modelblaster/examples/vint_kcovref/int8/generated/rvv/model.h
wrote /scratch/dima/rose-infra/RoSE/soc/sw/xpu-rt/zephyr-chipyard-sw/modelblaster/examples/vint_kcovref/int8/generated/rvv/model.c
wrote /scratch/dima/rose-infra/RoSE/soc/sw/xpu-rt/zephyr-chipyard-sw/modelblaster/examples/vint_kcovref/int8/generated/rvv/buffers.c
wrote /scratch/dima/rose-infra/RoSE/soc/sw/xpu-rt/zephyr-chipyard-sw/modelblaster/examples/vint_kcovref/int8/generated/rvv/test_io.h
MODELBLASTER_STAGE_END:generate_skeleton:13.066
[3/5] generate_kernels (backend=reference target=rvv_f16 quant=int8 optimize=0) -> /scratch/dima/rose-infra/RoSE/soc/sw/xpu-rt/zephyr-chipyard-sw/modelblaster/examples/vint_kcovref/int8/generated/rvv
MODELBLASTER_STAGE_BEGIN:generate_kernels
backend=reference  target=rvv_f16  ops=['adaptive_avg_pool2d_f16', 'adaptive_avg_pool2d_s8', 'add_f16', 'add_s8', 'batchnorm2d_f16', 'cast_f16_to_i8', 'cast_i8_to_f16', 'cat2_c1_f16', 'cat2_c1_s8', 'conv2d_f16', 'conv2d_s8_pc', 'depthwise_conv2d_f16', 'depthwise_conv2d_s8', 'gelu_s8', 'layer_norm_s8', 'linear_f16', 'linear_s8_pc', 'matmul_s8', 'mul_c1_f16', 'mul_c1_s8', 'mul_f16', 'mul_s8', 'pad_f16', 'pad_s8', 'relu_f16', 'sigmoid_f16', 'sigmoid_s8', 'slice_c_f16', 'softmax_s8', 'vint_action_post']
  [curated] pre-seeded verify baseline with 27 curated kernel(s): ['adaptive_avg_pool2d_f16', 'adaptive_avg_pool2d_s8', 'add_f16', 'add_s8', 'batchnorm2d_f16', 'cast_i8_to_f16', 'cat2_c1_f16', 'cat2_c1_s8', 'conv2d_f16', 'conv2d_s8_pc', 'depthwise_conv2d_f16', 'depthwise_conv2d_s8', 'gelu_s8', 'linear_f16', 'linear_s8_pc', 'matmul_s8', 'mul_c1_f16', 'mul_c1_s8', 'mul_f16', 'mul_s8', 'pad_f16', 'pad_s8', 'relu_f16', 'sigmoid_f16', 'sigmoid_s8', 'slice_c_f16', 'softmax_s8']
  [adaptive_avg_pool2d_f16/direct] reference + curated swap from /scratch/dima/rose-infra/RoSE/soc/sw/xpu-rt/zephyr-chipyard-sw/modelblaster/kernels/rvv_f16/rvv_f16_adaptive_avg_pool2d_f16_direct.c
  [adaptive_avg_pool2d_f16/direct] verify curated at 13 shape(s) vs reference_impl
  [adaptive_avg_pool2d_f16/?] MB_DRIFT_ATOL loosens verify atol 0.0001 -> 0.5 (accepting up to 0.5 LSB of drift by request)
  [adaptive_avg_pool2d_f16/direct] curated verify PASS — spike-harness ok (max_abs_err=0.492 max_rel_err=0.146, cycles={'cast_i8_to_f16': 46923, 'slice_c_f16': 3116, 'cat2_c1_f16': 5913, 'pad_f16': 493750, 'conv2d_f16': 17766770, 'batchnorm2d_f16': 791597, 'sigmoid_f16': 1575178, 'mul_f16': 130033, 'depthwise_conv2d_f16': 3424807, 'adaptive_avg_pool2d_f16': 1407125, 'mul_c1_f16': 215248, 'add_f16': 4437, 'linear_f16': 197416, 'pad_s8': 2657912, 'conv2d_s8_pc': 344222584, 'sigmoid_s8': 1769214, 'mul_s8': 2864922, 'depthwise_conv2d_s8': 305912490, 'adaptive_avg_pool2d_s8': 10844175, 'mul_c1_s8': 2259136, 'add_s8': 130458, 'linear_s8_pc': 70359279, 'cast_f16_to_i8': 10585, 'cat2_c1_s8': 2727, 'layer_norm_s8': 2119594, 'matmul_s8': 537152, 'softmax_s8': 17416, 'gelu_s8': 673140, 'relu_f16': 236, 'vint_action_post': 172})
  [adaptive_avg_pool2d_s8/direct] reference + curated swap from /scratch/dima/rose-infra/RoSE/soc/sw/xpu-rt/zephyr-chipyard-sw/modelblaster/kernels/rvv_f16/rvv_f16_adaptive_avg_pool2d_s8_direct.c
  [adaptive_avg_pool2d_s8/direct] verify curated at 14 shape(s) vs reference_impl
  [adaptive_avg_pool2d_s8/?] MB_DRIFT_ATOL loosens verify atol 0.0001 -> 0.5 (accepting up to 0.5 LSB of drift by request)
  [adaptive_avg_pool2d_s8/direct] curated verify PASS — spike-harness ok (max_abs_err=0.492 max_rel_err=0.146, cycles={'cast_i8_to_f16': 46923, 'slice_c_f16': 3116, 'cat2_c1_f16': 5913, 'pad_f16': 493750, 'conv2d_f16': 17766770, 'batchnorm2d_f16': 791597, 'sigmoid_f16': 1575178, 'mul_f16': 130033, 'depthwise_conv2d_f16': 3424807, 'adaptive_avg_pool2d_f16': 1407125, 'mul_c1_f16': 215248, 'add_f16': 4437, 'linear_f16': 197416, 'pad_s8': 2657912, 'conv2d_s8_pc': 344222584, 'sigmoid_s8': 1769214, 'mul_s8': 2864922, 'depthwise_conv2d_s8': 305912490, 'adaptive_avg_pool2d_s8': 10844175, 'mul_c1_s8': 2259136, 'add_s8': 130458, 'linear_s8_pc': 70359279, 'cast_f16_to_i8': 10585, 'cat2_c1_s8': 2727, 'layer_norm_s8': 2119594, 'matmul_s8': 537152, 'softmax_s8': 17416, 'gelu_s8': 673140, 'relu_f16': 236, 'vint_action_post': 172})
  [add_f16/direct] reference + curated swap from /scratch/dima/rose-infra/RoSE/soc/sw/xpu-rt/zephyr-chipyard-sw/modelblaster/kernels/rvv_f16/rvv_f16_add_f16_direct.c
  [add_f16/direct] verify curated at 7 shape(s) vs reference_impl
  [add_f16/?] MB_DRIFT_ATOL loosens verify atol 0.0001 -> 0.5 (accepting up to 0.5 LSB of drift by request)
  [add_f16/direct] curated verify PASS — spike-harness ok (max_abs_err=0.492 max_rel_err=0.146, cycles={'cast_i8_to_f16': 46923, 'slice_c_f16': 3116, 'cat2_c1_f16': 5913, 'pad_f16': 493750, 'conv2d_f16': 17766770, 'batchnorm2d_f16': 791597, 'sigmoid_f16': 1575178, 'mul_f16': 130033, 'depthwise_conv2d_f16': 3424807, 'adaptive_avg_pool2d_f16': 1407125, 'mul_c1_f16': 215248, 'add_f16': 4437, 'linear_f16': 197416, 'pad_s8': 2657912, 'conv2d_s8_pc': 344222584, 'sigmoid_s8': 1769214, 'mul_s8': 2864922, 'depthwise_conv2d_s8': 305912490, 'adaptive_avg_pool2d_s8': 10844175, 'mul_c1_s8': 2259136, 'add_s8': 130458, 'linear_s8_pc': 70359279, 'cast_f16_to_i8': 10585, 'cat2_c1_s8': 2727, 'layer_norm_s8': 2119594, 'matmul_s8': 537152, 'softmax_s8': 17416, 'gelu_s8': 673140, 'relu_f16': 236, 'vint_action_post': 172})
  [add_s8/direct] reference + curated swap from /scratch/dima/rose-infra/RoSE/soc/sw/xpu-rt/zephyr-chipyard-sw/modelblaster/kernels/rvv_f16/rvv_f16_add_s8_direct.c
  [add_s8/direct] verify curated at 9 shape(s) vs reference_impl
  [add_s8/?] MB_DRIFT_ATOL loosens verify atol 0.0001 -> 0.5 (accepting up to 0.5 LSB of drift by request)
  [add_s8/direct] curated verify PASS — spike-harness ok (max_abs_err=0.492 max_rel_err=0.146, cycles={'cast_i8_to_f16': 46923, 'slice_c_f16': 3116, 'cat2_c1_f16': 5913, 'pad_f16': 493750, 'conv2d_f16': 17766770, 'batchnorm2d_f16': 791597, 'sigmoid_f16': 1575178, 'mul_f16': 130033, 'depthwise_conv2d_f16': 3424807, 'adaptive_avg_pool2d_f16': 1407125, 'mul_c1_f16': 215248, 'add_f16': 4437, 'linear_f16': 197416, 'pad_s8': 2657912, 'conv2d_s8_pc': 344222584, 'sigmoid_s8': 1769214, 'mul_s8': 2864922, 'depthwise_conv2d_s8': 305912490, 'adaptive_avg_pool2d_s8': 10844175, 'mul_c1_s8': 2259136, 'add_s8': 130458, 'linear_s8_pc': 70359279, 'cast_f16_to_i8': 10585, 'cat2_c1_s8': 2727, 'layer_norm_s8': 2119594, 'matmul_s8': 537152, 'softmax_s8': 17416, 'gelu_s8': 673140, 'relu_f16': 236, 'vint_action_post': 172})
  [batchnorm2d_f16/direct] reference + curated swap from /scratch/dima/rose-infra/RoSE/soc/sw/xpu-rt/zephyr-chipyard-sw/modelblaster/kernels/rvv_f16/rvv_f16_batchnorm2d_f16_direct.c
  [batchnorm2d_f16/direct] verify curated at 21 shape(s) vs reference_impl
  [batchnorm2d_f16/?] MB_DRIFT_ATOL loosens verify atol 0.0001 -> 0.5 (accepting up to 0.5 LSB of drift by request)
  [batchnorm2d_f16/direct] curated verify PASS — spike-harness ok (max_abs_err=0.492 max_rel_err=0.146, cycles={'cast_i8_to_f16': 46923, 'slice_c_f16': 3116, 'cat2_c1_f16': 5913, 'pad_f16': 493750, 'conv2d_f16': 17766770, 'batchnorm2d_f16': 791597, 'sigmoid_f16': 1575178, 'mul_f16': 130033, 'depthwise_conv2d_f16': 3424807, 'adaptive_avg_pool2d_f16': 1407125, 'mul_c1_f16': 215248, 'add_f16': 4437, 'linear_f16': 197416, 'pad_s8': 2657912, 'conv2d_s8_pc': 344222584, 'sigmoid_s8': 1769214, 'mul_s8': 2864922, 'depthwise_conv2d_s8': 305912490, 'adaptive_avg_pool2d_s8': 10844175, 'mul_c1_s8': 2259136, 'add_s8': 130458, 'linear_s8_pc': 70359279, 'cast_f16_to_i8': 10585, 'cat2_c1_s8': 2727, 'layer_norm_s8': 2119594, 'matmul_s8': 537152, 'softmax_s8': 17416, 'gelu_s8': 673140, 'relu_f16': 236, 'vint_action_post': 172})
  [cast_i8_to_f16/direct] reference + curated swap from /scratch/dima/rose-infra/RoSE/soc/sw/xpu-rt/zephyr-chipyard-sw/modelblaster/kernels/rvv_f16/rvv_f16_cast_i8_to_f16_direct.c
  [cast_i8_to_f16/direct] verify curated at 6 shape(s) vs reference_impl
  [cast_i8_to_f16/?] MB_DRIFT_ATOL loosens verify atol 0.0001 -> 0.5 (accepting up to 0.5 LSB of drift by request)
  [cast_i8_to_f16/direct] curated verify PASS — spike-harness ok (max_abs_err=0.492 max_rel_err=0.146, cycles={'cast_i8_to_f16': 46923, 'slice_c_f16': 3116, 'cat2_c1_f16': 5913, 'pad_f16': 493750, 'conv2d_f16': 17766770, 'batchnorm2d_f16': 791597, 'sigmoid_f16': 1575178, 'mul_f16': 130033, 'depthwise_conv2d_f16': 3424807, 'adaptive_avg_pool2d_f16': 1407125, 'mul_c1_f16': 215248, 'add_f16': 4437, 'linear_f16': 197416, 'pad_s8': 2657912, 'conv2d_s8_pc': 344222584, 'sigmoid_s8': 1769214, 'mul_s8': 2864922, 'depthwise_conv2d_s8': 305912490, 'adaptive_avg_pool2d_s8': 10844175, 'mul_c1_s8': 2259136, 'add_s8': 130458, 'linear_s8_pc': 70359279, 'cast_f16_to_i8': 10585, 'cat2_c1_s8': 2727, 'layer_norm_s8': 2119594, 'matmul_s8': 537152, 'softmax_s8': 17416, 'gelu_s8': 673140, 'relu_f16': 236, 'vint_action_post': 172})
  [cat2_c1_f16/direct] reference + curated swap from /scratch/dima/rose-infra/RoSE/soc/sw/xpu-rt/zephyr-chipyard-sw/modelblaster/kernels/rvv_f16/rvv_f16_cat2_c1_f16_direct.c
  [cat2_c1_f16/direct] verify curated at 3 shape(s) vs reference_impl
  [cat2_c1_f16/?] MB_DRIFT_ATOL loosens verify atol 0.0001 -> 0.5 (accepting up to 0.5 LSB of drift by request)
  [cat2_c1_f16/direct] curated verify PASS — spike-harness ok (max_abs_err=0.492 max_rel_err=0.146, cycles={'cast_i8_to_f16': 46923, 'slice_c_f16': 3116, 'cat2_c1_f16': 5913, 'pad_f16': 493750, 'conv2d_f16': 17766770, 'batchnorm2d_f16': 791597, 'sigmoid_f16': 1575178, 'mul_f16': 130033, 'depthwise_conv2d_f16': 3424807, 'adaptive_avg_pool2d_f16': 1407125, 'mul_c1_f16': 215248, 'add_f16': 4437, 'linear_f16': 197416, 'pad_s8': 2657912, 'conv2d_s8_pc': 344222584, 'sigmoid_s8': 1769214, 'mul_s8': 2864922, 'depthwise_conv2d_s8': 305912490, 'adaptive_avg_pool2d_s8': 10844175, 'mul_c1_s8': 2259136, 'add_s8': 130458, 'linear_s8_pc': 70359279, 'cast_f16_to_i8': 10585, 'cat2_c1_s8': 2727, 'layer_norm_s8': 2119594, 'matmul_s8': 537152, 'softmax_s8': 17416, 'gelu_s8': 673140, 'relu_f16': 236, 'vint_action_post': 172})
  [cat2_c1_s8/direct] reference + curated swap from /scratch/dima/rose-infra/RoSE/soc/sw/xpu-rt/zephyr-chipyard-sw/modelblaster/kernels/rvv_f16/rvv_f16_cat2_c1_s8_direct.c
  [cat2_c1_s8/direct] verify curated at 3 shape(s) vs reference_impl
  [cat2_c1_s8/?] MB_DRIFT_ATOL loosens verify atol 0.0001 -> 0.5 (accepting up to 0.5 LSB of drift by request)
  [cat2_c1_s8/direct] curated verify PASS — spike-harness ok (max_abs_err=0.492 max_rel_err=0.146, cycles={'cast_i8_to_f16': 46923, 'slice_c_f16': 3116, 'cat2_c1_f16': 5913, 'pad_f16': 493750, 'conv2d_f16': 17766770, 'batchnorm2d_f16': 791597, 'sigmoid_f16': 1575178, 'mul_f16': 130033, 'depthwise_conv2d_f16': 3424807, 'adaptive_avg_pool2d_f16': 1407125, 'mul_c1_f16': 215248, 'add_f16': 4437, 'linear_f16': 197416, 'pad_s8': 2657912, 'conv2d_s8_pc': 344222584, 'sigmoid_s8': 1769214, 'mul_s8': 2864922, 'depthwise_conv2d_s8': 305912490, 'adaptive_avg_pool2d_s8': 10844175, 'mul_c1_s8': 2259136, 'add_s8': 130458, 'linear_s8_pc': 70359279, 'cast_f16_to_i8': 10585, 'cat2_c1_s8': 2727, 'layer_norm_s8': 2119594, 'matmul_s8': 537152, 'softmax_s8': 17416, 'gelu_s8': 673140, 'relu_f16': 236, 'vint_action_post': 172})
  [conv2d_f16/oc_blocked] reference + curated swap from /scratch/dima/rose-infra/RoSE/soc/sw/xpu-rt/zephyr-chipyard-sw/modelblaster/kernels/rvv_f16/rvv_f16_conv2d_f16_oc_blocked.c
  [conv2d_f16/oc_blocked] verify curated at 35 shape(s) vs reference_impl
  [conv2d_f16/?] MB_DRIFT_ATOL loosens verify atol 0.0001 -> 0.5 (accepting up to 0.5 LSB of drift by request)
  [conv2d_f16/oc_blocked] curated verify PASS — spike-harness ok (max_abs_err=0.492 max_rel_err=0.146, cycles={'cast_i8_to_f16': 46923, 'slice_c_f16': 3116, 'cat2_c1_f16': 5913, 'pad_f16': 493750, 'conv2d_f16': 17766770, 'batchnorm2d_f16': 791597, 'sigmoid_f16': 1575178, 'mul_f16': 130033, 'depthwise_conv2d_f16': 3424807, 'adaptive_avg_pool2d_f16': 1407125, 'mul_c1_f16': 215248, 'add_f16': 4437, 'linear_f16': 197416, 'pad_s8': 2657912, 'conv2d_s8_pc': 344222584, 'sigmoid_s8': 1769214, 'mul_s8': 2864922, 'depthwise_conv2d_s8': 305912490, 'adaptive_avg_pool2d_s8': 10844175, 'mul_c1_s8': 2259136, 'add_s8': 130458, 'linear_s8_pc': 70359279, 'cast_f16_to_i8': 10585, 'cat2_c1_s8': 2727, 'layer_norm_s8': 2119594, 'matmul_s8': 537152, 'softmax_s8': 17416, 'gelu_s8': 673140, 'relu_f16': 236, 'vint_action_post': 172})
  [conv2d_s8_pc/direct] reference + curated swap from /scratch/dima/rose-infra/RoSE/soc/sw/xpu-rt/zephyr-chipyard-sw/modelblaster/kernels/rvv_f16/rvv_f16_conv2d_s8_pc_direct.c
  [conv2d_s8_pc/direct] verify curated at 35 shape(s) vs reference_impl
  [conv2d_s8_pc/?] MB_DRIFT_ATOL loosens verify atol 0.0001 -> 0.5 (accepting up to 0.5 LSB of drift by request)
  [conv2d_s8_pc/direct] curated verify PASS — spike-harness ok (max_abs_err=0.492 max_rel_err=0.146, cycles={'cast_i8_to_f16': 46923, 'slice_c_f16': 3116, 'cat2_c1_f16': 5913, 'pad_f16': 493750, 'conv2d_f16': 17766770, 'batchnorm2d_f16': 791597, 'sigmoid_f16': 1575178, 'mul_f16': 130033, 'depthwise_conv2d_f16': 3424807, 'adaptive_avg_pool2d_f16': 1407125, 'mul_c1_f16': 215248, 'add_f16': 4437, 'linear_f16': 197416, 'pad_s8': 2657912, 'conv2d_s8_pc': 344222584, 'sigmoid_s8': 1769214, 'mul_s8': 2864922, 'depthwise_conv2d_s8': 305912490, 'adaptive_avg_pool2d_s8': 10844175, 'mul_c1_s8': 2259136, 'add_s8': 130458, 'linear_s8_pc': 70359279, 'cast_f16_to_i8': 10585, 'cat2_c1_s8': 2727, 'layer_norm_s8': 2119594, 'matmul_s8': 537152, 'softmax_s8': 17416, 'gelu_s8': 673140, 'relu_f16': 236, 'vint_action_post': 172})
  [depthwise_conv2d_f16/oc_vec] reference + curated swap from /scratch/dima/rose-infra/RoSE/soc/sw/xpu-rt/zephyr-chipyard-sw/modelblaster/kernels/rvv_f16/rvv_f16_depthwise_conv2d_f16_oc_vec.c
  [depthwise_conv2d_f16/oc_vec] verify curated at 13 shape(s) vs reference_impl
  [depthwise_conv2d_f16/?] MB_DRIFT_ATOL loosens verify atol 0.0001 -> 0.5 (accepting up to 0.5 LSB of drift by request)
  [depthwise_conv2d_f16/oc_vec] curated verify PASS — spike-harness ok (max_abs_err=0.492 max_rel_err=0.146, cycles={'cast_i8_to_f16': 46923, 'slice_c_f16': 3116, 'cat2_c1_f16': 5913, 'pad_f16': 493750, 'conv2d_f16': 17766770, 'batchnorm2d_f16': 791597, 'sigmoid_f16': 1575178, 'mul_f16': 130033, 'depthwise_conv2d_f16': 3424807, 'adaptive_avg_pool2d_f16': 1407125, 'mul_c1_f16': 215248, 'add_f16': 4437, 'linear_f16': 197416, 'pad_s8': 2657912, 'conv2d_s8_pc': 344222584, 'sigmoid_s8': 1769214, 'mul_s8': 2864922, 'depthwise_conv2d_s8': 305912490, 'adaptive_avg_pool2d_s8': 10844175, 'mul_c1_s8': 2259136, 'add_s8': 130458, 'linear_s8_pc': 70359279, 'cast_f16_to_i8': 10585, 'cat2_c1_s8': 2727, 'layer_norm_s8': 2119594, 'matmul_s8': 537152, 'softmax_s8': 17416, 'gelu_s8': 673140, 'relu_f16': 236, 'vint_action_post': 172})
  [depthwise_conv2d_s8/direct] reference + curated swap from /scratch/dima/rose-infra/RoSE/soc/sw/xpu-rt/zephyr-chipyard-sw/modelblaster/kernels/rvv_f16/rvv_f16_depthwise_conv2d_s8_direct.c
  [depthwise_conv2d_s8/direct] verify curated at 14 shape(s) vs reference_impl
  [depthwise_conv2d_s8/?] MB_DRIFT_ATOL loosens verify atol 0.0001 -> 0.5 (accepting up to 0.5 LSB of drift by request)
  [depthwise_conv2d_s8/direct] curated verify PASS — spike-harness ok (max_abs_err=0.492 max_rel_err=0.146, cycles={'cast_i8_to_f16': 46923, 'slice_c_f16': 3116, 'cat2_c1_f16': 5913, 'pad_f16': 493750, 'conv2d_f16': 17766770, 'batchnorm2d_f16': 791597, 'sigmoid_f16': 1575178, 'mul_f16': 130033, 'depthwise_conv2d_f16': 3424807, 'adaptive_avg_pool2d_f16': 1407125, 'mul_c1_f16': 215248, 'add_f16': 4437, 'linear_f16': 197416, 'pad_s8': 2657912, 'conv2d_s8_pc': 344222584, 'sigmoid_s8': 1769214, 'mul_s8': 2864922, 'depthwise_conv2d_s8': 305912490, 'adaptive_avg_pool2d_s8': 10844175, 'mul_c1_s8': 2259136, 'add_s8': 130458, 'linear_s8_pc': 70359279, 'cast_f16_to_i8': 10585, 'cat2_c1_s8': 2727, 'layer_norm_s8': 2119594, 'matmul_s8': 537152, 'softmax_s8': 17416, 'gelu_s8': 673140, 'relu_f16': 236, 'vint_action_post': 172})
  [gelu_s8/rvv_memo_lut_gather] reference + curated swap from /scratch/dima/rose-infra/RoSE/soc/sw/xpu-rt/zephyr-chipyard-sw/modelblaster/kernels/rvv_f16/rvv_f16_gelu_s8_rvv_memo_lut_gather.c
  [gelu_s8/rvv_memo_lut_gather] verify curated at 4 shape(s) vs reference_impl
  [gelu_s8/?] MB_DRIFT_ATOL loosens verify atol 0.0001 -> 0.5 (accepting up to 0.5 LSB of drift by request)
  [gelu_s8/rvv_memo_lut_gather] curated verify PASS — spike-harness ok (max_abs_err=0.492 max_rel_err=0.146, cycles={'cast_i8_to_f16': 46923, 'slice_c_f16': 3116, 'cat2_c1_f16': 5913, 'pad_f16': 493750, 'conv2d_f16': 17766770, 'batchnorm2d_f16': 791597, 'sigmoid_f16': 1575178, 'mul_f16': 130033, 'depthwise_conv2d_f16': 3424807, 'adaptive_avg_pool2d_f16': 1407125, 'mul_c1_f16': 215248, 'add_f16': 4437, 'linear_f16': 197416, 'pad_s8': 2657912, 'conv2d_s8_pc': 344222584, 'sigmoid_s8': 1769214, 'mul_s8': 2864922, 'depthwise_conv2d_s8': 305912490, 'adaptive_avg_pool2d_s8': 10844175, 'mul_c1_s8': 2259136, 'add_s8': 130458, 'linear_s8_pc': 70359279, 'cast_f16_to_i8': 10585, 'cat2_c1_s8': 2727, 'layer_norm_s8': 2119594, 'matmul_s8': 537152, 'softmax_s8': 17416, 'gelu_s8': 673140, 'relu_f16': 236, 'vint_action_post': 172})
  [linear_f16/narrow] reference + curated swap from /scratch/dima/rose-infra/RoSE/soc/sw/xpu-rt/zephyr-chipyard-sw/modelblaster/kernels/rvv_f16/rvv_f16_linear_f16_narrow.c
  [linear_f16/narrow] verify curated at 12 shape(s) vs reference_impl
  [linear_f16/?] MB_DRIFT_ATOL loosens verify atol 0.0039191835884530846 -> 0.5 (accepting up to 0.5 LSB of drift by request)
  [linear_f16/narrow] curated verify PASS — spike-harness ok (max_abs_err=0.492 max_rel_err=0.146, cycles={'cast_i8_to_f16': 46923, 'slice_c_f16': 3116, 'cat2_c1_f16': 5913, 'pad_f16': 493750, 'conv2d_f16': 17766770, 'batchnorm2d_f16': 791597, 'sigmoid_f16': 1575178, 'mul_f16': 130033, 'depthwise_conv2d_f16': 3424807, 'adaptive_avg_pool2d_f16': 1407125, 'mul_c1_f16': 215248, 'add_f16': 4437, 'linear_f16': 197416, 'pad_s8': 2657912, 'conv2d_s8_pc': 344222584, 'sigmoid_s8': 1769214, 'mul_s8': 2864922, 'depthwise_conv2d_s8': 305912490, 'adaptive_avg_pool2d_s8': 10844175, 'mul_c1_s8': 2259136, 'add_s8': 130458, 'linear_s8_pc': 70359279, 'cast_f16_to_i8': 10585, 'cat2_c1_s8': 2727, 'layer_norm_s8': 2119594, 'matmul_s8': 537152, 'softmax_s8': 17416, 'gelu_s8': 673140, 'relu_f16': 236, 'vint_action_post': 172})
  [linear_s8_pc/direct] reference + curated swap from /scratch/dima/rose-infra/RoSE/soc/sw/xpu-rt/zephyr-chipyard-sw/modelblaster/kernels/rvv_f16/rvv_f16_linear_s8_pc_direct.c
  [linear_s8_pc/direct] verify curated at 10 shape(s) vs reference_impl
  [linear_s8_pc/?] MB_DRIFT_ATOL loosens verify atol 0.005986651818838306 -> 0.5 (accepting up to 0.5 LSB of drift by request)
  [linear_s8_pc/direct] curated verify PASS — spike-harness ok (max_abs_err=0.492 max_rel_err=0.146, cycles={'cast_i8_to_f16': 46923, 'slice_c_f16': 3116, 'cat2_c1_f16': 5913, 'pad_f16': 493750, 'conv2d_f16': 17766770, 'batchnorm2d_f16': 791597, 'sigmoid_f16': 1575178, 'mul_f16': 130033, 'depthwise_conv2d_f16': 3424807, 'adaptive_avg_pool2d_f16': 1407125, 'mul_c1_f16': 215248, 'add_f16': 4437, 'linear_f16': 197416, 'pad_s8': 2657912, 'conv2d_s8_pc': 344222584, 'sigmoid_s8': 1769214, 'mul_s8': 2864922, 'depthwise_conv2d_s8': 305912490, 'adaptive_avg_pool2d_s8': 10844175, 'mul_c1_s8': 2259136, 'add_s8': 130458, 'linear_s8_pc': 70359279, 'cast_f16_to_i8': 10585, 'cat2_c1_s8': 2727, 'layer_norm_s8': 2119594, 'matmul_s8': 537152, 'softmax_s8': 17416, 'gelu_s8': 673140, 'relu_f16': 236, 'vint_action_post': 172})
  [matmul_s8/rvv_k_reduce_n_lanes] reference + curated swap from /scratch/dima/rose-infra/RoSE/soc/sw/xpu-rt/zephyr-chipyard-sw/modelblaster/kernels/rvv_f16/rvv_f16_matmul_s8_rvv_k_reduce_n_lanes.c
  [matmul_s8/rvv_k_reduce_n_lanes] verify curated at 5 shape(s) vs reference_impl
  [matmul_s8/?] MB_DRIFT_ATOL loosens verify atol 0.002262741699796952 -> 0.5 (accepting up to 0.5 LSB of drift by request)
  [matmul_s8/rvv_k_reduce_n_lanes] curated verify PASS — spike-harness ok (max_abs_err=0.492 max_rel_err=0.146, cycles={'cast_i8_to_f16': 46923, 'slice_c_f16': 3116, 'cat2_c1_f16': 5913, 'pad_f16': 493750, 'conv2d_f16': 17766770, 'batchnorm2d_f16': 791597, 'sigmoid_f16': 1575178, 'mul_f16': 130033, 'depthwise_conv2d_f16': 3424807, 'adaptive_avg_pool2d_f16': 1407125, 'mul_c1_f16': 215248, 'add_f16': 4437, 'linear_f16': 197416, 'pad_s8': 2657912, 'conv2d_s8_pc': 344222584, 'sigmoid_s8': 1769214, 'mul_s8': 2864922, 'depthwise_conv2d_s8': 305912490, 'adaptive_avg_pool2d_s8': 10844175, 'mul_c1_s8': 2259136, 'add_s8': 130458, 'linear_s8_pc': 70359279, 'cast_f16_to_i8': 10585, 'cat2_c1_s8': 2727, 'layer_norm_s8': 2119594, 'matmul_s8': 537152, 'softmax_s8': 17416, 'gelu_s8': 673140, 'relu_f16': 236, 'vint_action_post': 172})
  [mul_c1_f16/direct] reference + curated swap from /scratch/dima/rose-infra/RoSE/soc/sw/xpu-rt/zephyr-chipyard-sw/modelblaster/kernels/rvv_f16/rvv_f16_mul_c1_f16_direct.c
  [mul_c1_f16/direct] verify curated at 12 shape(s) vs reference_impl
  [mul_c1_f16/?] MB_DRIFT_ATOL loosens verify atol 0.0001 -> 0.5 (accepting up to 0.5 LSB of drift by request)
  [mul_c1_f16/direct] curated verify PASS — spike-harness ok (max_abs_err=0.492 max_rel_err=0.146, cycles={'cast_i8_to_f16': 46923, 'slice_c_f16': 3116, 'cat2_c1_f16': 5913, 'pad_f16': 493750, 'conv2d_f16': 17766770, 'batchnorm2d_f16': 791597, 'sigmoid_f16': 1575178, 'mul_f16': 130033, 'depthwise_conv2d_f16': 3424807, 'adaptive_avg_pool2d_f16': 1407125, 'mul_c1_f16': 215248, 'add_f16': 4437, 'linear_f16': 197416, 'pad_s8': 2657912, 'conv2d_s8_pc': 344222584, 'sigmoid_s8': 1769214, 'mul_s8': 2864922, 'depthwise_conv2d_s8': 305912490, 'adaptive_avg_pool2d_s8': 10844175, 'mul_c1_s8': 2259136, 'add_s8': 130458, 'linear_s8_pc': 70359279, 'cast_f16_to_i8': 10585, 'cat2_c1_s8': 2727, 'layer_norm_s8': 2119594, 'matmul_s8': 537152, 'softmax_s8': 17416, 'gelu_s8': 673140, 'relu_f16': 236, 'vint_action_post': 172})
  [mul_c1_s8/direct] reference + curated swap from /scratch/dima/rose-infra/RoSE/soc/sw/xpu-rt/zephyr-chipyard-sw/modelblaster/kernels/rvv_f16/rvv_f16_mul_c1_s8_direct.c
  [mul_c1_s8/direct] verify curated at 11 shape(s) vs reference_impl
  [mul_c1_s8/?] MB_DRIFT_ATOL loosens verify atol 0.0001 -> 0.5 (accepting up to 0.5 LSB of drift by request)
  [mul_c1_s8/direct] curated verify PASS — spike-harness ok (max_abs_err=0.492 max_rel_err=0.146, cycles={'cast_i8_to_f16': 46923, 'slice_c_f16': 3116, 'cat2_c1_f16': 5913, 'pad_f16': 493750, 'conv2d_f16': 17766770, 'batchnorm2d_f16': 791597, 'sigmoid_f16': 1575178, 'mul_f16': 130033, 'depthwise_conv2d_f16': 3424807, 'adaptive_avg_pool2d_f16': 1407125, 'mul_c1_f16': 215248, 'add_f16': 4437, 'linear_f16': 197416, 'pad_s8': 2657912, 'conv2d_s8_pc': 344222584, 'sigmoid_s8': 1769214, 'mul_s8': 2864922, 'depthwise_conv2d_s8': 305912490, 'adaptive_avg_pool2d_s8': 10844175, 'mul_c1_s8': 2259136, 'add_s8': 130458, 'linear_s8_pc': 70359279, 'cast_f16_to_i8': 10585, 'cat2_c1_s8': 2727, 'layer_norm_s8': 2119594, 'matmul_s8': 537152, 'softmax_s8': 17416, 'gelu_s8': 673140, 'relu_f16': 236, 'vint_action_post': 172})
  [mul_f16/direct] reference + curated swap from /scratch/dima/rose-infra/RoSE/soc/sw/xpu-rt/zephyr-chipyard-sw/modelblaster/kernels/rvv_f16/rvv_f16_mul_f16_direct.c
  [mul_f16/direct] verify curated at 21 shape(s) vs reference_impl
  [mul_f16/?] MB_DRIFT_ATOL loosens verify atol 0.0001 -> 0.5 (accepting up to 0.5 LSB of drift by request)
  [mul_f16/direct] curated verify PASS — spike-harness ok (max_abs_err=0.492 max_rel_err=0.146, cycles={'cast_i8_to_f16': 46923, 'slice_c_f16': 3116, 'cat2_c1_f16': 5913, 'pad_f16': 493750, 'conv2d_f16': 17766770, 'batchnorm2d_f16': 791597, 'sigmoid_f16': 1575178, 'mul_f16': 130033, 'depthwise_conv2d_f16': 3424807, 'adaptive_avg_pool2d_f16': 1407125, 'mul_c1_f16': 215248, 'add_f16': 4437, 'linear_f16': 197416, 'pad_s8': 2657912, 'conv2d_s8_pc': 344222584, 'sigmoid_s8': 1769214, 'mul_s8': 2864922, 'depthwise_conv2d_s8': 305912490, 'adaptive_avg_pool2d_s8': 10844175, 'mul_c1_s8': 2259136, 'add_s8': 130458, 'linear_s8_pc': 70359279, 'cast_f16_to_i8': 10585, 'cat2_c1_s8': 2727, 'layer_norm_s8': 2119594, 'matmul_s8': 537152, 'softmax_s8': 17416, 'gelu_s8': 673140, 'relu_f16': 236, 'vint_action_post': 172})
  [mul_s8/direct] reference + curated swap from /scratch/dima/rose-infra/RoSE/soc/sw/xpu-rt/zephyr-chipyard-sw/modelblaster/kernels/rvv_f16/rvv_f16_mul_s8_direct.c
  [mul_s8/direct] verify curated at 23 shape(s) vs reference_impl
  [mul_s8/?] MB_DRIFT_ATOL loosens verify atol 0.0001 -> 0.5 (accepting up to 0.5 LSB of drift by request)
  [mul_s8/direct] curated verify PASS — spike-harness ok (max_abs_err=0.492 max_rel_err=0.146, cycles={'cast_i8_to_f16': 46923, 'slice_c_f16': 3116, 'cat2_c1_f16': 5913, 'pad_f16': 493750, 'conv2d_f16': 17766770, 'batchnorm2d_f16': 791597, 'sigmoid_f16': 1575178, 'mul_f16': 130033, 'depthwise_conv2d_f16': 3424807, 'adaptive_avg_pool2d_f16': 1407125, 'mul_c1_f16': 215248, 'add_f16': 4437, 'linear_f16': 197416, 'pad_s8': 2657912, 'conv2d_s8_pc': 344222584, 'sigmoid_s8': 1769214, 'mul_s8': 2864922, 'depthwise_conv2d_s8': 305912490, 'adaptive_avg_pool2d_s8': 10844175, 'mul_c1_s8': 2259136, 'add_s8': 130458, 'linear_s8_pc': 70359279, 'cast_f16_to_i8': 10585, 'cat2_c1_s8': 2727, 'layer_norm_s8': 2119594, 'matmul_s8': 537152, 'softmax_s8': 17416, 'gelu_s8': 673140, 'relu_f16': 236, 'vint_action_post': 172})
  [pad_f16/direct] reference + curated swap from /scratch/dima/rose-infra/RoSE/soc/sw/xpu-rt/zephyr-chipyard-sw/modelblaster/kernels/rvv_f16/rvv_f16_pad_f16_direct.c
  [pad_f16/direct] verify curated at 6 shape(s) vs reference_impl
  [pad_f16/?] MB_DRIFT_ATOL loosens verify atol 0.0001 -> 0.5 (accepting up to 0.5 LSB of drift by request)
  [pad_f16/direct] curated verify PASS — spike-harness ok (max_abs_err=0.492 max_rel_err=0.146, cycles={'cast_i8_to_f16': 46923, 'slice_c_f16': 3116, 'cat2_c1_f16': 5913, 'pad_f16': 493750, 'conv2d_f16': 17766770, 'batchnorm2d_f16': 791597, 'sigmoid_f16': 1575178, 'mul_f16': 130033, 'depthwise_conv2d_f16': 3424807, 'adaptive_avg_pool2d_f16': 1407125, 'mul_c1_f16': 215248, 'add_f16': 4437, 'linear_f16': 197416, 'pad_s8': 2657912, 'conv2d_s8_pc': 344222584, 'sigmoid_s8': 1769214, 'mul_s8': 2864922, 'depthwise_conv2d_s8': 305912490, 'adaptive_avg_pool2d_s8': 10844175, 'mul_c1_s8': 2259136, 'add_s8': 130458, 'linear_s8_pc': 70359279, 'cast_f16_to_i8': 10585, 'cat2_c1_s8': 2727, 'layer_norm_s8': 2119594, 'matmul_s8': 537152, 'softmax_s8': 17416, 'gelu_s8': 673140, 'relu_f16': 236, 'vint_action_post': 172})
  [pad_s8/direct] reference + curated swap from /scratch/dima/rose-infra/RoSE/soc/sw/xpu-rt/zephyr-chipyard-sw/modelblaster/kernels/rvv_f16/rvv_f16_pad_s8_direct.c
  [pad_s8/direct] verify curated at 7 shape(s) vs reference_impl
  [pad_s8/?] MB_DRIFT_ATOL loosens verify atol 0.0001 -> 0.5 (accepting up to 0.5 LSB of drift by request)
  [pad_s8/direct] curated verify PASS — spike-harness ok (max_abs_err=0.492 max_rel_err=0.146, cycles={'cast_i8_to_f16': 46923, 'slice_c_f16': 3116, 'cat2_c1_f16': 5913, 'pad_f16': 493750, 'conv2d_f16': 17766770, 'batchnorm2d_f16': 791597, 'sigmoid_f16': 1575178, 'mul_f16': 130033, 'depthwise_conv2d_f16': 3424807, 'adaptive_avg_pool2d_f16': 1407125, 'mul_c1_f16': 215248, 'add_f16': 4437, 'linear_f16': 197416, 'pad_s8': 2657912, 'conv2d_s8_pc': 344222584, 'sigmoid_s8': 1769214, 'mul_s8': 2864922, 'depthwise_conv2d_s8': 305912490, 'adaptive_avg_pool2d_s8': 10844175, 'mul_c1_s8': 2259136, 'add_s8': 130458, 'linear_s8_pc': 70359279, 'cast_f16_to_i8': 10585, 'cat2_c1_s8': 2727, 'layer_norm_s8': 2119594, 'matmul_s8': 537152, 'softmax_s8': 17416, 'gelu_s8': 673140, 'relu_f16': 236, 'vint_action_post': 172})
  [relu_f16/direct] reference + curated swap from /scratch/dima/rose-infra/RoSE/soc/sw/xpu-rt/zephyr-chipyard-sw/modelblaster/kernels/rvv_f16/rvv_f16_relu_f16_direct.c
  [relu_f16/direct] verify curated at 8 shape(s) vs reference_impl
  [relu_f16/?] MB_DRIFT_ATOL loosens verify atol 0.0001 -> 0.5 (accepting up to 0.5 LSB of drift by request)
  [relu_f16/direct] curated verify PASS — spike-harness ok (max_abs_err=0.492 max_rel_err=0.146, cycles={'cast_i8_to_f16': 46923, 'slice_c_f16': 3116, 'cat2_c1_f16': 5913, 'pad_f16': 493750, 'conv2d_f16': 17766770, 'batchnorm2d_f16': 791597, 'sigmoid_f16': 1575178, 'mul_f16': 130033, 'depthwise_conv2d_f16': 3424807, 'adaptive_avg_pool2d_f16': 1407125, 'mul_c1_f16': 215248, 'add_f16': 4437, 'linear_f16': 197416, 'pad_s8': 2657912, 'conv2d_s8_pc': 344222584, 'sigmoid_s8': 1769214, 'mul_s8': 2864922, 'depthwise_conv2d_s8': 305912490, 'adaptive_avg_pool2d_s8': 10844175, 'mul_c1_s8': 2259136, 'add_s8': 130458, 'linear_s8_pc': 70359279, 'cast_f16_to_i8': 10585, 'cat2_c1_s8': 2727, 'layer_norm_s8': 2119594, 'matmul_s8': 537152, 'softmax_s8': 17416, 'gelu_s8': 673140, 'relu_f16': 236, 'vint_action_post': 172})
  [sigmoid_f16/direct] reference + curated swap from /scratch/dima/rose-infra/RoSE/soc/sw/xpu-rt/zephyr-chipyard-sw/modelblaster/kernels/rvv_f16/rvv_f16_sigmoid_f16_direct.c
  [sigmoid_f16/direct] verify curated at 29 shape(s) vs reference_impl
  [sigmoid_f16/?] MB_DRIFT_ATOL loosens verify atol 0.0001 -> 0.5 (accepting up to 0.5 LSB of drift by request)
  [sigmoid_f16/direct] curated verify PASS — spike-harness ok (max_abs_err=0.492 max_rel_err=0.146, cycles={'cast_i8_to_f16': 46923, 'slice_c_f16': 3116, 'cat2_c1_f16': 5913, 'pad_f16': 493750, 'conv2d_f16': 17766770, 'batchnorm2d_f16': 791597, 'sigmoid_f16': 1575178, 'mul_f16': 130033, 'depthwise_conv2d_f16': 3424807, 'adaptive_avg_pool2d_f16': 1407125, 'mul_c1_f16': 215248, 'add_f16': 4437, 'linear_f16': 197416, 'pad_s8': 2657912, 'conv2d_s8_pc': 344222584, 'sigmoid_s8': 1769214, 'mul_s8': 2864922, 'depthwise_conv2d_s8': 305912490, 'adaptive_avg_pool2d_s8': 10844175, 'mul_c1_s8': 2259136, 'add_s8': 130458, 'linear_s8_pc': 70359279, 'cast_f16_to_i8': 10585, 'cat2_c1_s8': 2727, 'layer_norm_s8': 2119594, 'matmul_s8': 537152, 'softmax_s8': 17416, 'gelu_s8': 673140, 'relu_f16': 236, 'vint_action_post': 172})
  [sigmoid_s8/direct] reference + curated swap from /scratch/dima/rose-infra/RoSE/soc/sw/xpu-rt/zephyr-chipyard-sw/modelblaster/kernels/rvv_f16/rvv_f16_sigmoid_s8_direct.c
  [sigmoid_s8/direct] verify curated at 28 shape(s) vs reference_impl
  [sigmoid_s8/?] MB_DRIFT_ATOL loosens verify atol 0.0001 -> 0.5 (accepting up to 0.5 LSB of drift by request)
  [sigmoid_s8/direct] curated verify PASS — spike-harness ok (max_abs_err=0.492 max_rel_err=0.146, cycles={'cast_i8_to_f16': 46923, 'slice_c_f16': 3116, 'cat2_c1_f16': 5913, 'pad_f16': 493750, 'conv2d_f16': 17766770, 'batchnorm2d_f16': 791597, 'sigmoid_f16': 1575178, 'mul_f16': 130033, 'depthwise_conv2d_f16': 3424807, 'adaptive_avg_pool2d_f16': 1407125, 'mul_c1_f16': 215248, 'add_f16': 4437, 'linear_f16': 197416, 'pad_s8': 2657912, 'conv2d_s8_pc': 344222584, 'sigmoid_s8': 1769214, 'mul_s8': 2864922, 'depthwise_conv2d_s8': 305912490, 'adaptive_avg_pool2d_s8': 10844175, 'mul_c1_s8': 2259136, 'add_s8': 130458, 'linear_s8_pc': 70359279, 'cast_f16_to_i8': 10585, 'cat2_c1_s8': 2727, 'layer_norm_s8': 2119594, 'matmul_s8': 537152, 'softmax_s8': 17416, 'gelu_s8': 673140, 'relu_f16': 236, 'vint_action_post': 172})
  [slice_c_f16/direct] reference + curated swap from /scratch/dima/rose-infra/RoSE/soc/sw/xpu-rt/zephyr-chipyard-sw/modelblaster/kernels/rvv_f16/rvv_f16_slice_c_f16_direct.c
  [slice_c_f16/direct] verify curated at 2 shape(s) vs reference_impl
  [slice_c_f16/?] MB_DRIFT_ATOL loosens verify atol 0.0001 -> 0.5 (accepting up to 0.5 LSB of drift by request)
  [slice_c_f16/direct] curated verify PASS — spike-harness ok (max_abs_err=0.492 max_rel_err=0.146, cycles={'cast_i8_to_f16': 46923, 'slice_c_f16': 3116, 'cat2_c1_f16': 5913, 'pad_f16': 493750, 'conv2d_f16': 17766770, 'batchnorm2d_f16': 791597, 'sigmoid_f16': 1575178, 'mul_f16': 130033, 'depthwise_conv2d_f16': 3424807, 'adaptive_avg_pool2d_f16': 1407125, 'mul_c1_f16': 215248, 'add_f16': 4437, 'linear_f16': 197416, 'pad_s8': 2657912, 'conv2d_s8_pc': 344222584, 'sigmoid_s8': 1769214, 'mul_s8': 2864922, 'depthwise_conv2d_s8': 305912490, 'adaptive_avg_pool2d_s8': 10844175, 'mul_c1_s8': 2259136, 'add_s8': 130458, 'linear_s8_pc': 70359279, 'cast_f16_to_i8': 10585, 'cat2_c1_s8': 2727, 'layer_norm_s8': 2119594, 'matmul_s8': 537152, 'softmax_s8': 17416, 'gelu_s8': 673140, 'relu_f16': 236, 'vint_action_post': 172})
  [softmax_s8/rvv_cached_exp] reference + curated swap from /scratch/dima/rose-infra/RoSE/soc/sw/xpu-rt/zephyr-chipyard-sw/modelblaster/kernels/rvv_f16/rvv_f16_softmax_s8_rvv_cached_exp.c
  [softmax_s8/rvv_cached_exp] verify curated at 4 shape(s) vs reference_impl
  [softmax_s8/?] MB_DRIFT_ATOL loosens verify atol 0.0008 -> 0.5 (accepting up to 0.5 LSB of drift by request)
  [softmax_s8/rvv_cached_exp] curated verify PASS — spike-harness ok (max_abs_err=0.492 max_rel_err=0.146, cycles={'cast_i8_to_f16': 46923, 'slice_c_f16': 3116, 'cat2_c1_f16': 5913, 'pad_f16': 493750, 'conv2d_f16': 17766770, 'batchnorm2d_f16': 791597, 'sigmoid_f16': 1575178, 'mul_f16': 130033, 'depthwise_conv2d_f16': 3424807, 'adaptive_avg_pool2d_f16': 1407125, 'mul_c1_f16': 215248, 'add_f16': 4437, 'linear_f16': 197416, 'pad_s8': 2657912, 'conv2d_s8_pc': 344222584, 'sigmoid_s8': 1769214, 'mul_s8': 2864922, 'depthwise_conv2d_s8': 305912490, 'adaptive_avg_pool2d_s8': 10844175, 'mul_c1_s8': 2259136, 'add_s8': 130458, 'linear_s8_pc': 70359279, 'cast_f16_to_i8': 10585, 'cat2_c1_s8': 2727, 'layer_norm_s8': 2119594, 'matmul_s8': 537152, 'softmax_s8': 17416, 'gelu_s8': 673140, 'relu_f16': 236, 'vint_action_post': 172})
wrote /scratch/dima/rose-infra/RoSE/soc/sw/xpu-rt/zephyr-chipyard-sw/modelblaster/examples/vint_kcovref/int8/generated/rvv/kernels.h
wrote /scratch/dima/rose-infra/RoSE/soc/sw/xpu-rt/zephyr-chipyard-sw/modelblaster/examples/vint_kcovref/int8/generated/rvv/kernels.c  (source=reference target=rvv_f16)
wrote /scratch/dima/rose-infra/RoSE/soc/sw/xpu-rt/zephyr-chipyard-sw/modelblaster/examples/vint_kcovref/int8/generated/rvv/kernel_picks.json
MODELBLASTER_STAGE_END:generate_kernels:742.194
[4/5] west build (board=spike_riscv64) -> /scratch/dima/rose-infra/RoSE/soc/sw/xpu-rt/zephyr-chipyard-sw/modelblaster/examples/vint_kcovref/int8/build/rvv
MODELBLASTER_STAGE_BEGIN:build
-- west build: making build dir /scratch/dima/rose-infra/RoSE/soc/sw/xpu-rt/zephyr-chipyard-sw/modelblaster/examples/vint_kcovref/int8/build/rvv pristine
-- west build: generating a build system
Loading Zephyr default modules (Zephyr base).
-- Application: /scratch/dima/rose-infra/RoSE/soc/sw/xpu-rt/zephyr-chipyard-sw/modelblaster/harness
-- CMake version: 3.28.3
-- Found Python3: /scratch/dima/rose-infra/RoSE/soc/sw/xpu-rt/zephyr-chipyard-sw/tools/miniforge3/envs/zephyr/bin/python3.12 (found suitable version "3.12.13", minimum required is "3.10") found components: Interpreter 
-- Cache files will be written to: /home/dima/.cache/zephyr
-- Zephyr version: 4.2.99 (/scratch/dima/rose-infra/RoSE/soc/sw/xpu-rt/zephyr-chipyard-sw/zephyr_ws/zephyr)
-- Found west (found suitable version "1.5.0", minimum required is "0.14.0")
-- Board: spike_riscv64, qualifiers: rocketchip_virt_riscv64
-- Found host-tools: zephyr 1.0.0 (/scratch/dima/rose-infra/RoSE/soc/sw/xpu-rt/zephyr-chipyard-sw/tools-manual/zephyr-sdk-1.0.0-beta1)
-- Found toolchain: zephyr 1.0.0 (/scratch/dima/rose-infra/RoSE/soc/sw/xpu-rt/zephyr-chipyard-sw/tools-manual/zephyr-sdk-1.0.0-beta1)
-- Found Dtc: /scratch/dima/rose-infra/RoSE/soc/sw/xpu-rt/zephyr-chipyard-sw/tools-manual/zephyr-sdk-1.0.0-beta1/hosttools/sysroots/x86_64-pokysdk-linux/usr/bin/dtc (found suitable version "1.7.0", minimum required is "1.4.6") 
-- Found BOARD.dts: /scratch/dima/rose-infra/RoSE/soc/sw/xpu-rt/zephyr-chipyard-sw/zephyr_ws/zephyr/boards/spike/riscv64/spike_riscv64.dts
node '/uart' compatible 'ucb,htif' has unknown vendor prefix 'ucb'
-- Generated zephyr.dts: /scratch/dima/rose-infra/RoSE/soc/sw/xpu-rt/zephyr-chipyard-sw/modelblaster/examples/vint_kcovref/int8/build/rvv/zephyr/zephyr.dts
-- Generated pickled edt: /scratch/dima/rose-infra/RoSE/soc/sw/xpu-rt/zephyr-chipyard-sw/modelblaster/examples/vint_kcovref/int8/build/rvv/zephyr/edt.pickle
-- Generated devicetree_generated.h: /scratch/dima/rose-infra/RoSE/soc/sw/xpu-rt/zephyr-chipyard-sw/modelblaster/examples/vint_kcovref/int8/build/rvv/zephyr/include/generated/zephyr/devicetree_generated.h

warning: PRIVILEGED_STACK_SIZE (defined at soc/cdns/sample_controller32/Kconfig.defconfig:8,
soc/andestech/ae350/Kconfig.defconfig.ae350:15, arch/x86/Kconfig:495, arch/xtensa/Kconfig:250,
arch/arm64/core/Kconfig:132, arch/Kconfig:340) was assigned the value '2048' but got the value ''.
Check these unsatisfied dependencies: (SOC_XTENSA_SAMPLE_CONTROLLER32 || ((SOC_ANDES_AE350 ||
SOC_ANDES_AE350_CLIC) && SOC_SERIES_ANDES_AE350 && SOC_FAMILY_ANDES_V5) || X86 || (XTENSA_MMU &&
CPU_HAS_MMU && XTENSA) || ARM64 || USERSPACE) (=n). See
http://docs.zephyrproject.org/latest/kconfig.html#CONFIG_PRIVILEGED_STACK_SIZE and/or look up
PRIVILEGED_STACK_SIZE in the menuconfig/guiconfig interface. The Application Development Primer,
Setting Configuration Values, and Kconfig - Tips and Best Practices sections of the manual might be
helpful too.

Parsing /scratch/dima/rose-infra/RoSE/soc/sw/xpu-rt/zephyr-chipyard-sw/modelblaster/harness/Kconfig
Loaded configuration '/scratch/dima/rose-infra/RoSE/soc/sw/xpu-rt/zephyr-chipyard-sw/zephyr_ws/zephyr/boards/spike/riscv64/spike_riscv64_defconfig'
Merged configuration '/scratch/dima/rose-infra/RoSE/soc/sw/xpu-rt/zephyr-chipyard-sw/modelblaster/harness/prj.conf'
Merged configuration '/scratch/dima/rose-infra/RoSE/soc/sw/xpu-rt/zephyr-chipyard-sw/modelblaster/harness/backends/rvv_f16.conf'
Merged configuration '/scratch/dima/rose-infra/RoSE/soc/sw/xpu-rt/zephyr-chipyard-sw/modelblaster/harness/backends/spike_single_core.conf'
Configuration saved to '/scratch/dima/rose-infra/RoSE/soc/sw/xpu-rt/zephyr-chipyard-sw/modelblaster/examples/vint_kcovref/int8/build/rvv/zephyr/.config'
Kconfig header saved to '/scratch/dima/rose-infra/RoSE/soc/sw/xpu-rt/zephyr-chipyard-sw/modelblaster/examples/vint_kcovref/int8/build/rvv/zephyr/include/generated/zephyr/autoconf.h'
-- RISCV_V_KERNEL_ONLY=y: global -march=rv64imafdc_zicsr_zifencei_zfh_zvfh (V stripped); per-file -march=rv64imafdcv_zicsr_zifencei_zfh_zvfh
-- Found GnuLd: /scratch/dima/rose-infra/RoSE/soc/sw/xpu-rt/zephyr-chipyard-sw/tools-manual/zephyr-sdk-1.0.0-beta1/gnu/riscv64-zephyr-elf/riscv64-zephyr-elf/bin/ld.bfd (found version "2.43.1") 
-- The C compiler identification is GNU 14.3.0
-- The CXX compiler identification is GNU 14.3.0
-- The ASM compiler identification is GNU
-- Found assembler: /scratch/dima/rose-infra/RoSE/soc/sw/xpu-rt/zephyr-chipyard-sw/tools-manual/zephyr-sdk-1.0.0-beta1/gnu/riscv64-zephyr-elf/bin/riscv64-zephyr-elf-gcc
-- Using ccache: /usr/bin/ccache
-- Found gen_kobject_list: /scratch/dima/rose-infra/RoSE/soc/sw/xpu-rt/zephyr-chipyard-sw/zephyr_ws/zephyr/scripts/build/gen_kobject_list.py
-- modelblaster harness MODEL_DIR=/scratch/dima/rose-infra/RoSE/soc/sw/xpu-rt/zephyr-chipyard-sw/modelblaster/examples/vint_kcovref/int8/generated/rvv  backend=rvv_f16
-- modelblaster harness kernel cflags=-march=rv64gcv_zfh_zvfh;-mabi=lp64d;-DMODELBLASTER_RVV_IHWOC_WEIGHTS=1
-- Configuring done (3.8s)
-- Generating done (0.0s)
-- Build files have been written to: /scratch/dima/rose-infra/RoSE/soc/sw/xpu-rt/zephyr-chipyard-sw/modelblaster/examples/vint_kcovref/int8/build/rvv
-- west build: building application
[1/128] Preparing syscall dependency handling

[2/128] Generating misc/generated/syscalls_subdirs.trigger
[3/128] Generating misc/generated/syscalls.json, misc/generated/struct_tags.json
[4/128] Generating include/generated/device-api-sections.ld, include/generated/device-api-sections.cmake
[5/128] Generating include/generated/zephyr/syscall_dispatch.c, include/generated/zephyr/syscall_exports_llext.c, syscall_weakdefs_llext.c, include/generated/zephyr/syscall_list.h
[6/128] Generating include/generated/zephyr/kobj-types-enum.h, include/generated/zephyr/otype-to-str.h, include/generated/zephyr/otype-to-size.h
[7/128] Generating include/generated/zephyr/driver-validation.h
[8/128] Building C object zephyr/CMakeFiles/offsets.dir/arch/riscv/core/offsets/offsets.c.obj
[9/128] Generating include/generated/zephyr/offsets.h
[10/128] Generating include/generated/zephyr/version.h
-- Zephyr version: 4.2.99 (/scratch/dima/rose-infra/RoSE/soc/sw/xpu-rt/zephyr-chipyard-sw/zephyr_ws/zephyr), build: c93d5bdb6078
[11/128] Building ASM object CMakeFiles/app.dir/scratch/dima/rose-infra/RoSE/soc/sw/xpu-rt/zephyr-chipyard-sw/modelblaster/examples/vint_kcovref/int8/generated/rvv/test_io.S.obj
[12/128] Building ASM object zephyr/CMakeFiles/zephyr.dir/soc/common/riscv-privileged/vector.S.obj
[13/128] Building C object zephyr/CMakeFiles/zephyr.dir/lib/utils/last_section_id.c.obj
[14/128] Building C object CMakeFiles/app.dir/scratch/dima/rose-infra/RoSE/soc/sw/xpu-rt/zephyr-chipyard-sw/modelblaster/examples/vint_kcovref/int8/generated/rvv/buffers.c.obj
[15/128] Building C object zephyr/CMakeFiles/zephyr.dir/misc/generated/configs.c.obj
[16/128] Building ASM object zephyr/CMakeFiles/zephyr.dir/soc/common/riscv-privileged/soc_irq.S.obj
[17/128] Building C object zephyr/CMakeFiles/zephyr.dir/soc/rocketchip/virt_riscv/common/tacit/tacit.c.obj
In file included from /scratch/dima/rose-infra/RoSE/soc/sw/xpu-rt/zephyr-chipyard-sw/zephyr_ws/zephyr/soc/rocketchip/virt_riscv/common/tacit/tacit.c:6:
/scratch/dima/rose-infra/RoSE/soc/sw/xpu-rt/zephyr-chipyard-sw/zephyr_ws/zephyr/soc/rocketchip/virt_riscv/common/tacit/tacit.h: In function 'l_trace_encoder_get':
/scratch/dima/rose-infra/RoSE/soc/sw/xpu-rt/zephyr-chipyard-sw/zephyr_ws/zephyr/soc/rocketchip/virt_riscv/common/tacit/tacit.h:50:10: warning: cast to pointer from integer of different size [-Wint-to-pointer-cast]
   50 |   return (LTraceEncoderType *)(L_TRACE_ENCODER_BASE_ADDRESS + hart_id * 0x1000);
      |          ^
/scratch/dima/rose-infra/RoSE/soc/sw/xpu-rt/zephyr-chipyard-sw/zephyr_ws/zephyr/soc/rocketchip/virt_riscv/common/tacit/tacit.h: In function 'l_trace_sink_dma_get':
/scratch/dima/rose-infra/RoSE/soc/sw/xpu-rt/zephyr-chipyard-sw/zephyr_ws/zephyr/soc/rocketchip/virt_riscv/common/tacit/tacit.h:54:10: warning: cast to pointer from integer of different size [-Wint-to-pointer-cast]
   54 |   return (LTraceSinkDmaType *)(L_TRACE_SINK_DMA_BASE_ADDRESS + hart_id * 0x1000);
      |          ^
[18/128] Building ASM object zephyr/arch/arch/riscv/core/CMakeFiles/arch__riscv__core.dir/fpu.S.obj
[19/128] Generating linker_zephyr_pre0.cmd
[20/128] Building ASM object zephyr/arch/arch/riscv/core/CMakeFiles/arch__riscv__core.dir/reset.S.obj
[21/128] Building ASM object zephyr/arch/arch/riscv/core/CMakeFiles/arch__riscv__core.dir/switch.S.obj
[22/128] Building C object zephyr/CMakeFiles/zephyr.dir/lib/utils/bitmask.c.obj
[23/128] Building C object zephyr/CMakeFiles/zephyr.dir/lib/utils/dec.c.obj
[24/128] Building C object zephyr/arch/arch/riscv/core/CMakeFiles/arch__riscv__core.dir/prep_c.c.obj
[25/128] Building ASM object zephyr/arch/arch/riscv/core/CMakeFiles/arch__riscv__core.dir/isr.S.obj
[26/128] Building C object zephyr/arch/common/CMakeFiles/arch__common.dir/init.c.obj
[27/128] Building C object zephyr/arch/common/CMakeFiles/arch__common.dir/sw_isr_common.c.obj
[28/128] Building C object zephyr/CMakeFiles/zephyr.dir/lib/libc/validate_libc.c.obj
[29/128] Building C object zephyr/CMakeFiles/zephyr.dir/lib/utils/hex.c.obj
[30/128] Building C object zephyr/CMakeFiles/zephyr.dir/lib/os/thread_entry.c.obj
[31/128] Building C object zephyr/CMakeFiles/zephyr.dir/lib/os/assert.c.obj
[32/128] Building C object zephyr/CMakeFiles/zephyr.dir/soc/common/riscv-privileged/soc_common_irq.c.obj
[33/128] Building C object zephyr/arch/arch/riscv/core/CMakeFiles/arch__riscv__core.dir/cpu_idle.c.obj
[34/128] Building C object zephyr/CMakeFiles/zephyr.dir/soc/rocketchip/virt_riscv/common/soc.c.obj
[35/128] Building C object zephyr/CMakeFiles/zephyr_pre0.dir/misc/empty_file.c.obj
[36/128] Building C object CMakeFiles/app.dir/src/main.c.obj
[37/128] Building C object zephyr/arch/common/CMakeFiles/isr_tables.dir/isr_tables.c.obj
[38/128] Building C object zephyr/CMakeFiles/zephyr.dir/lib/os/reboot.c.obj
[39/128] Building C object zephyr/CMakeFiles/zephyr.dir/lib/os/sem.c.obj
[40/128] Building C object zephyr/arch/common/CMakeFiles/arch__common.dir/multilevel_irq.c.obj
[41/128] Building C object zephyr/arch/arch/riscv/core/CMakeFiles/arch__riscv__core.dir/irq_manage.c.obj
[42/128] Building C object zephyr/arch/arch/riscv/core/CMakeFiles/arch__riscv__core.dir/thread.c.obj
[43/128] Building C object zephyr/CMakeFiles/zephyr.dir/lib/utils/timeutil.c.obj
[44/128] Building C object zephyr/arch/arch/riscv/core/CMakeFiles/arch__riscv__core.dir/fatal.c.obj
[45/128] Building C object zephyr/CMakeFiles/zephyr.dir/lib/utils/ring_buffer.c.obj
[46/128] Building C object zephyr/CMakeFiles/zephyr.dir/subsys/tracing/tracing_none.c.obj
[47/128] Building C object zephyr/lib/libc/picolibc/CMakeFiles/lib__libc__picolibc.dir/assert.c.obj
[48/128] Building C object zephyr/arch/arch/riscv/core/CMakeFiles/arch__riscv__core.dir/reboot.c.obj
[49/128] Linking C static library zephyr/arch/common/libisr_tables.a
[50/128] Building C object zephyr/CMakeFiles/zephyr.dir/lib/os/printk.c.obj
[51/128] Building C object zephyr/arch/arch/riscv/core/CMakeFiles/arch__riscv__core.dir/tls.c.obj
[52/128] Building C object zephyr/lib/libc/picolibc/CMakeFiles/lib__libc__picolibc.dir/chk_fail.c.obj
[53/128] Building C object zephyr/lib/libc/picolibc/CMakeFiles/lib__libc__picolibc.dir/errno_wrap.c.obj
[54/128] Building C object zephyr/lib/libc/picolibc/CMakeFiles/lib__libc__picolibc.dir/cbprintf.c.obj
[55/128] Building C object zephyr/CMakeFiles/zephyr.dir/lib/os/clock.c.obj
[56/128] Building C object zephyr/arch/arch/riscv/core/CMakeFiles/arch__riscv__core.dir/fpu.c.obj
[57/128] Building C object zephyr/lib/libc/common/CMakeFiles/lib__libc__common.dir/source/time/time.c.obj
[58/128] Building C object zephyr/arch/arch/riscv/core/CMakeFiles/arch__riscv__core.dir/v.c.obj
[59/128] Building C object zephyr/lib/libc/picolibc/CMakeFiles/lib__libc__picolibc.dir/exit.c.obj
[60/128] Linking C static library zephyr/arch/common/libarch__common.a
[61/128] Building C object zephyr/kernel/CMakeFiles/kernel.dir/version.c.obj
[62/128] Building C object zephyr/arch/arch/riscv/core/CMakeFiles/arch__riscv__core.dir/stacktrace.c.obj
[63/128] Building C object zephyr/lib/posix/c_lib_ext/CMakeFiles/lib__posix__c_lib_ext.dir/fnmatch.c.obj
[64/128] Building C object zephyr/lib/libc/picolibc/CMakeFiles/lib__libc__picolibc.dir/stdio.c.obj
[65/128] Building C object zephyr/kernel/CMakeFiles/kernel.dir/errno.c.obj
[66/128] Building C object zephyr/lib/libc/common/CMakeFiles/lib__libc__common.dir/source/stdlib/malloc.c.obj
[67/128] Building C object zephyr/drivers/timer/CMakeFiles/drivers__timer.dir/riscv_machine_timer.c.obj
[68/128] Building C object zephyr/lib/libc/common/CMakeFiles/lib__libc__common.dir/source/stdlib/abort.c.obj
[69/128] Building C object zephyr/lib/libc/picolibc/CMakeFiles/lib__libc__picolibc.dir/locks.c.obj
[70/128] Building C object zephyr/drivers/timer/CMakeFiles/drivers__timer.dir/sys_clock_init.c.obj
[71/128] Building C object zephyr/lib/posix/c_lib_ext/CMakeFiles/lib__posix__c_lib_ext.dir/getentropy.c.obj
In file included from /scratch/dima/rose-infra/RoSE/soc/sw/xpu-rt/zephyr-chipyard-sw/zephyr_ws/zephyr/include/zephyr/posix/sys/sysconf.h:11,
                 from /scratch/dima/rose-infra/RoSE/soc/sw/xpu-rt/zephyr-chipyard-sw/zephyr_ws/zephyr/include/zephyr/posix/unistd.h:18,
                 from /scratch/dima/rose-infra/RoSE/soc/sw/xpu-rt/zephyr-chipyard-sw/zephyr_ws/zephyr/lib/posix/c_lib_ext/getentropy.c:11:
/scratch/dima/rose-infra/RoSE/soc/sw/xpu-rt/zephyr-chipyard-sw/zephyr_ws/zephyr/include/zephyr/posix/posix_limits.h:23:9: warning: "_POSIX_AIO_LISTIO_MAX" redefined
   23 | #define _POSIX_AIO_LISTIO_MAX               (2)
      |         ^~~~~~~~~~~~~~~~~~~~~
In file included from /scratch/dima/rose-infra/RoSE/soc/sw/xpu-rt/zephyr-chipyard-sw/tools-manual/zephyr-sdk-1.0.0-beta1/gnu/riscv64-zephyr-elf/riscv64-zephyr-elf/sys-include/limits.h:6,
                 from /scratch/dima/rose-infra/RoSE/soc/sw/xpu-rt/zephyr-chipyard-sw/tools-manual/zephyr-sdk-1.0.0-beta1/gnu/riscv64-zephyr-elf/lib/gcc/riscv64-zephyr-elf/14.3.0/include/limits.h:210,
                 from /scratch/dima/rose-infra/RoSE/soc/sw/xpu-rt/zephyr-chipyard-sw/tools-manual/zephyr-sdk-1.0.0-beta1/gnu/riscv64-zephyr-elf/lib/gcc/riscv64-zephyr-elf/14.3.0/include/syslimits.h:7,
                 from /scratch/dima/rose-infra/RoSE/soc/sw/xpu-rt/zephyr-chipyard-sw/tools-manual/zephyr-sdk-1.0.0-beta1/gnu/riscv64-zephyr-elf/lib/gcc/riscv64-zephyr-elf/14.3.0/include/limits.h:34,
                 from /scratch/dima/rose-infra/RoSE/soc/sw/xpu-rt/zephyr-chipyard-sw/zephyr_ws/zephyr/include/zephyr/kernel_includes.h:22,
                 from /scratch/dima/rose-infra/RoSE/soc/sw/xpu-rt/zephyr-chipyard-sw/zephyr_ws/zephyr/include/zephyr/kernel.h:17,
                 from /scratch/dima/rose-infra/RoSE/soc/sw/xpu-rt/zephyr-chipyard-sw/zephyr_ws/zephyr/lib/posix/c_lib_ext/getentropy.c:10:
/scratch/dima/rose-infra/RoSE/soc/sw/xpu-rt/zephyr-chipyard-sw/tools-manual/zephyr-sdk-1.0.0-beta1/gnu/riscv64-zephyr-elf/riscv64-zephyr-elf/sys-include/sys/syslimits.h:63:9: note: this is the location of the previous definition
   63 | #define _POSIX_AIO_LISTIO_MAX   2
      |         ^~~~~~~~~~~~~~~~~~~~~
/scratch/dima/rose-infra/RoSE/soc/sw/xpu-rt/zephyr-chipyard-sw/zephyr_ws/zephyr/include/zephyr/posix/posix_limits.h:24:9: warning: "_POSIX_AIO_MAX" redefined
   24 | #define _POSIX_AIO_MAX                      (1)
      |         ^~~~~~~~~~~~~~
/scratch/dima/rose-infra/RoSE/soc/sw/xpu-rt/zephyr-chipyard-sw/tools-manual/zephyr-sdk-1.0.0-beta1/gnu/riscv64-zephyr-elf/riscv64-zephyr-elf/sys-include/sys/syslimits.h:64:9: note: this is the location of the previous definition
   64 | #define _POSIX_AIO_MAX          1
      |         ^~~~~~~~~~~~~~
/scratch/dima/rose-infra/RoSE/soc/sw/xpu-rt/zephyr-chipyard-sw/zephyr_ws/zephyr/include/zephyr/posix/posix_limits.h:25:9: warning: "_POSIX_ARG_MAX" redefined
   25 | #define _POSIX_ARG_MAX                      (4096)
      |         ^~~~~~~~~~~~~~
/scratch/dima/rose-infra/RoSE/soc/sw/xpu-rt/zephyr-chipyard-sw/tools-manual/zephyr-sdk-1.0.0-beta1/gnu/riscv64-zephyr-elf/riscv64-zephyr-elf/sys-include/sys/syslimits.h:65:9: note: this is the location of the previous definition
   65 | #define _POSIX_ARG_MAX          4096
      |         ^~~~~~~~~~~~~~
/scratch/dima/rose-infra/RoSE/soc/sw/xpu-rt/zephyr-chipyard-sw/zephyr_ws/zephyr/include/zephyr/posix/posix_limits.h:26:9: warning: "_POSIX_CHILD_MAX" redefined
   26 | #define _POSIX_CHILD_MAX                    (25)
      |         ^~~~~~~~~~~~~~~~
/scratch/dima/rose-infra/RoSE/soc/sw/xpu-rt/zephyr-chipyard-sw/tools-manual/zephyr-sdk-1.0.0-beta1/gnu/riscv64-zephyr-elf/riscv64-zephyr-elf/sys-include/sys/syslimits.h:66:9: note: this is the location of the previous definition
   66 | #define _POSIX_CHILD_MAX        6
      |         ^~~~~~~~~~~~~~~~
/scratch/dima/rose-infra/RoSE/soc/sw/xpu-rt/zephyr-chipyard-sw/zephyr_ws/zephyr/include/zephyr/posix/posix_limits.h:27:9: warning: "_POSIX_DELAYTIMER_MAX" redefined
   27 | #define _POSIX_DELAYTIMER_MAX               (32)
      |         ^~~~~~~~~~~~~~~~~~~~~
/scratch/dima/rose-infra/RoSE/soc/sw/xpu-rt/zephyr-chipyard-sw/tools-manual/zephyr-sdk-1.0.0-beta1/gnu/riscv64-zephyr-elf/riscv64-zephyr-elf/sys-include/sys/syslimits.h:67:9: note: this is the location of the previous definition
   67 | #define _POSIX_DELAYTIMER_MAX   32
      |         ^~~~~~~~~~~~~~~~~~~~~
/scratch/dima/rose-infra/RoSE/soc/sw/xpu-rt/zephyr-chipyard-sw/zephyr_ws/zephyr/include/zephyr/posix/posix_limits.h:28:9: warning: "_POSIX_HOST_NAME_MAX" redefined
   28 | #define _POSIX_HOST_NAME_MAX                (255)
      |         ^~~~~~~~~~~~~~~~~~~~
/scratch/dima/rose-infra/RoSE/soc/sw/xpu-rt/zephyr-chipyard-sw/tools-manual/zephyr-sdk-1.0.0-beta1/gnu/riscv64-zephyr-elf/riscv64-zephyr-elf/sys-include/sys/syslimits.h:68:9: note: this is the location of the previous definition
   68 | #define _POSIX_HOST_NAME_MAX    255
      |         ^~~~~~~~~~~~~~~~~~~~
/scratch/dima/rose-infra/RoSE/soc/sw/xpu-rt/zephyr-chipyard-sw/zephyr_ws/zephyr/include/zephyr/posix/posix_limits.h:29:9: warning: "_POSIX_LINK_MAX" redefined
   29 | #define _POSIX_LINK_MAX                     (8)
      |         ^~~~~~~~~~~~~~~
/scratch/dima/rose-infra/RoSE/soc/sw/xpu-rt/zephyr-chipyard-sw/tools-manual/zephyr-sdk-1.0.0-beta1/gnu/riscv64-zephyr-elf/riscv64-zephyr-elf/sys-include/sys/syslimits.h:69:9: note: this is the location of the previous definition
   69 | #define _POSIX_LINK_MAX         8
      |         ^~~~~~~~~~~~~~~
/scratch/dima/rose-infra/RoSE/soc/sw/xpu-rt/zephyr-chipyard-sw/zephyr_ws/zephyr/include/zephyr/posix/posix_limits.h:30:9: warning: "_POSIX_LOGIN_NAME_MAX" redefined
   30 | #define _POSIX_LOGIN_NAME_MAX               (9)
      |         ^~~~~~~~~~~~~~~~~~~~~
/scratch/dima/rose-infra/RoSE/soc/sw/xpu-rt/zephyr-chipyard-sw/tools-manual/zephyr-sdk-1.0.0-beta1/gnu/riscv64-zephyr-elf/riscv64-zephyr-elf/sys-include/sys/syslimits.h:70:9: note: this is the location of the previous definition
   70 | #define _POSIX_LOGIN_NAME_MAX   9
      |         ^~~~~~~~~~~~~~~~~~~~~
/scratch/dima/rose-infra/RoSE/soc/sw/xpu-rt/zephyr-chipyard-sw/zephyr_ws/zephyr/include/zephyr/posix/posix_limits.h:31:9: warning: "_POSIX_MAX_CANON" redefined
   31 | #define _POSIX_MAX_CANON                    (255)
      |         ^~~~~~~~~~~~~~~~
/scratch/dima/rose-infra/RoSE/soc/sw/xpu-rt/zephyr-chipyard-sw/tools-manual/zephyr-sdk-1.0.0-beta1/gnu/riscv64-zephyr-elf/riscv64-zephyr-elf/sys-include/sys/syslimits.h:71:9: note: this is the location of the previous definition
   71 | #define _POSIX_MAX_CANON        255
      |         ^~~~~~~~~~~~~~~~
/scratch/dima/rose-infra/RoSE/soc/sw/xpu-rt/zephyr-chipyard-sw/zephyr_ws/zephyr/include/zephyr/posix/posix_limits.h:32:9: warning: "_POSIX_MAX_INPUT" redefined
   32 | #define _POSIX_MAX_INPUT                    (255)
      |         ^~~~~~~~~~~~~~~~
/scratch/dima/rose-infra/RoSE/soc/sw/xpu-rt/zephyr-chipyard-sw/tools-manual/zephyr-sdk-1.0.0-beta1/gnu/riscv64-zephyr-elf/riscv64-zephyr-elf/sys-include/sys/syslimits.h:72:9: note: this is the location of the previous definition
   72 | #define _POSIX_MAX_INPUT        255
      |         ^~~~~~~~~~~~~~~~
/scratch/dima/rose-infra/RoSE/soc/sw/xpu-rt/zephyr-chipyard-sw/zephyr_ws/zephyr/include/zephyr/posix/posix_limits.h:33:9: warning: "_POSIX_MQ_OPEN_MAX" redefined
   33 | #define _POSIX_MQ_OPEN_MAX                  (8)
      |         ^~~~~~~~~~~~~~~~~~
/scratch/dima/rose-infra/RoSE/soc/sw/xpu-rt/zephyr-chipyard-sw/tools-manual/zephyr-sdk-1.0.0-beta1/gnu/riscv64-zephyr-elf/riscv64-zephyr-elf/sys-include/sys/syslimits.h:73:9: note: this is the location of the previous definition
   73 | #define _POSIX_MQ_OPEN_MAX      8
      |         ^~~~~~~~~~~~~~~~~~
/scratch/dima/rose-infra/RoSE/soc/sw/xpu-rt/zephyr-chipyard-sw/zephyr_ws/zephyr/include/zephyr/posix/posix_limits.h:34:9: warning: "_POSIX_MQ_PRIO_MAX" redefined
   34 | #define _POSIX_MQ_PRIO_MAX                  (32)
      |         ^~~~~~~~~~~~~~~~~~
/scratch/dima/rose-infra/RoSE/soc/sw/xpu-rt/zephyr-chipyard-sw/tools-manual/zephyr-sdk-1.0.0-beta1/gnu/riscv64-zephyr-elf/riscv64-zephyr-elf/sys-include/sys/syslimits.h:74:9: note: this is the location of the previous definition
   74 | #define _POSIX_MQ_PRIO_MAX      32
      |         ^~~~~~~~~~~~~~~~~~
/scratch/dima/rose-infra/RoSE/soc/sw/xpu-rt/zephyr-chipyard-sw/zephyr_ws/zephyr/include/zephyr/posix/posix_limits.h:35:9: warning: "_POSIX_NAME_MAX" redefined
   35 | #define _POSIX_NAME_MAX                     (14)
      |         ^~~~~~~~~~~~~~~
/scratch/dima/rose-infra/RoSE/soc/sw/xpu-rt/zephyr-chipyard-sw/tools-manual/zephyr-sdk-1.0.0-beta1/gnu/riscv64-zephyr-elf/riscv64-zephyr-elf/sys-include/sys/syslimits.h:75:9: note: this is the location of the previous definition
   75 | #define _POSIX_NAME_MAX         14
      |         ^~~~~~~~~~~~~~~
/scratch/dima/rose-infra/RoSE/soc/sw/xpu-rt/zephyr-chipyard-sw/zephyr_ws/zephyr/include/zephyr/posix/posix_limits.h:36:9: warning: "_POSIX_NGROUPS_MAX" redefined
   36 | #define _POSIX_NGROUPS_MAX                  (8)
      |         ^~~~~~~~~~~~~~~~~~
/scratch/dima/rose-infra/RoSE/soc/sw/xpu-rt/zephyr-chipyard-sw/tools-manual/zephyr-sdk-1.0.0-beta1/gnu/riscv64-zephyr-elf/riscv64-zephyr-elf/sys-include/sys/syslimits.h:76:9: note: this is the location of the previous definition
   76 | #define _POSIX_NGROUPS_MAX      0
      |         ^~~~~~~~~~~~~~~~~~
/scratch/dima/rose-infra/RoSE/soc/sw/xpu-rt/zephyr-chipyard-sw/zephyr_ws/zephyr/include/zephyr/posix/posix_limits.h:37:9: warning: "_POSIX_OPEN_MAX" redefined
   37 | #define _POSIX_OPEN_MAX                     (20)
      |         ^~~~~~~~~~~~~~~
/scratch/dima/rose-infra/RoSE/soc/sw/xpu-rt/zephyr-chipyard-sw/tools-manual/zephyr-sdk-1.0.0-beta1/gnu/riscv64-zephyr-elf/riscv64-zephyr-elf/sys-include/sys/syslimits.h:77:9: note: this is the location of the previous definition
   77 | #define _POSIX_OPEN_MAX         16
      |         ^~~~~~~~~~~~~~~
/scratch/dima/rose-infra/RoSE/soc/sw/xpu-rt/zephyr-chipyard-sw/zephyr_ws/zephyr/include/zephyr/posix/posix_limits.h:38:9: warning: "_POSIX_PATH_MAX" redefined
   38 | #define _POSIX_PATH_MAX                     (256)
      |         ^~~~~~~~~~~~~~~
/scratch/dima/rose-infra/RoSE/soc/sw/xpu-rt/zephyr-chipyard-sw/tools-manual/zephyr-sdk-1.0.0-beta1/gnu/riscv64-zephyr-elf/riscv64-zephyr-elf/sys-include/sys/syslimits.h:78:9: note: this is the location of the previous definition
   78 | #define _POSIX_PATH_MAX         255
      |         ^~~~~~~~~~~~~~~
/scratch/dima/rose-infra/RoSE/soc/sw/xpu-rt/zephyr-chipyard-sw/zephyr_ws/zephyr/include/zephyr/posix/posix_limits.h:39:9: warning: "_POSIX_PIPE_BUF" redefined
   39 | #define _POSIX_PIPE_BUF                     (512)
      |         ^~~~~~~~~~~~~~~
/scratch/dima/rose-infra/RoSE/soc/sw/xpu-rt/zephyr-chipyard-sw/tools-manual/zephyr-sdk-1.0.0-beta1/gnu/riscv64-zephyr-elf/riscv64-zephyr-elf/sys-include/sys/syslimits.h:79:9: note: this is the location of the previous definition
   79 | #define _POSIX_PIPE_BUF         512
      |         ^~~~~~~~~~~~~~~
/scratch/dima/rose-infra/RoSE/soc/sw/xpu-rt/zephyr-chipyard-sw/zephyr_ws/zephyr/include/zephyr/posix/posix_limits.h:40:9: warning: "_POSIX_RE_DUP_MAX" redefined
   40 | #define _POSIX_RE_DUP_MAX                   (255)
      |         ^~~~~~~~~~~~~~~~~
/scratch/dima/rose-infra/RoSE/soc/sw/xpu-rt/zephyr-chipyard-sw/tools-manual/zephyr-sdk-1.0.0-beta1/gnu/riscv64-zephyr-elf/riscv64-zephyr-elf/sys-include/sys/syslimits.h:80:9: note: this is the location of the previous definition
   80 | #define _POSIX_RE_DUP_MAX       255
      |         ^~~~~~~~~~~~~~~~~
/scratch/dima/rose-infra/RoSE/soc/sw/xpu-rt/zephyr-chipyard-sw/zephyr_ws/zephyr/include/zephyr/posix/posix_limits.h:41:9: warning: "_POSIX_RTSIG_MAX" redefined
   41 | #define _POSIX_RTSIG_MAX                    (8)
      |         ^~~~~~~~~~~~~~~~
/scratch/dima/rose-infra/RoSE/soc/sw/xpu-rt/zephyr-chipyard-sw/tools-manual/zephyr-sdk-1.0.0-beta1/gnu/riscv64-zephyr-elf/riscv64-zephyr-elf/sys-include/sys/syslimits.h:81:9: note: this is the location of the previous definition
   81 | #define _POSIX_RTSIG_MAX        8
      |         ^~~~~~~~~~~~~~~~
/scratch/dima/rose-infra/RoSE/soc/sw/xpu-rt/zephyr-chipyard-sw/zephyr_ws/zephyr/include/zephyr/posix/posix_limits.h:42:9: warning: "_POSIX_SEM_NSEMS_MAX" redefined
   42 | #define _POSIX_SEM_NSEMS_MAX                (256)
      |         ^~~~~~~~~~~~~~~~~~~~
/scratch/dima/rose-infra/RoSE/soc/sw/xpu-rt/zephyr-chipyard-sw/tools-manual/zephyr-sdk-1.0.0-beta1/gnu/riscv64-zephyr-elf/riscv64-zephyr-elf/sys-include/sys/syslimits.h:82:9: note: this is the location of the previous definition
   82 | #define _POSIX_SEM_NSEMS_MAX    256
      |         ^~~~~~~~~~~~~~~~~~~~
/scratch/dima/rose-infra/RoSE/soc/sw/xpu-rt/zephyr-chipyard-sw/zephyr_ws/zephyr/include/zephyr/posix/posix_limits.h:43:9: warning: "_POSIX_SEM_VALUE_MAX" redefined
   43 | #define _POSIX_SEM_VALUE_MAX                (32767)
      |         ^~~~~~~~~~~~~~~~~~~~
/scratch/dima/rose-infra/RoSE/soc/sw/xpu-rt/zephyr-chipyard-sw/tools-manual/zephyr-sdk-1.0.0-beta1/gnu/riscv64-zephyr-elf/riscv64-zephyr-elf/sys-include/sys/syslimits.h:83:9: note: this is the location of the previous definition
   83 | #define _POSIX_SEM_VALUE_MAX    32767
      |         ^~~~~~~~~~~~~~~~~~~~
/scratch/dima/rose-infra/RoSE/soc/sw/xpu-rt/zephyr-chipyard-sw/zephyr_ws/zephyr/include/zephyr/posix/posix_limits.h:44:9: warning: "_POSIX_SIGQUEUE_MAX" redefined
   44 | #define _POSIX_SIGQUEUE_MAX                 (32)
      |         ^~~~~~~~~~~~~~~~~~~
/scratch/dima/rose-infra/RoSE/soc/sw/xpu-rt/zephyr-chipyard-sw/tools-manual/zephyr-sdk-1.0.0-beta1/gnu/riscv64-zephyr-elf/riscv64-zephyr-elf/sys-include/sys/syslimits.h:84:9: note: this is the location of the previous definition
   84 | #define _POSIX_SIGQUEUE_MAX     32
      |         ^~~~~~~~~~~~~~~~~~~
/scratch/dima/rose-infra/RoSE/soc/sw/xpu-rt/zephyr-chipyard-sw/zephyr_ws/zephyr/include/zephyr/posix/posix_limits.h:45:9: warning: "_POSIX_SSIZE_MAX" redefined
   45 | #define _POSIX_SSIZE_MAX                    (32767)
      |         ^~~~~~~~~~~~~~~~
/scratch/dima/rose-infra/RoSE/soc/sw/xpu-rt/zephyr-chipyard-sw/tools-manual/zephyr-sdk-1.0.0-beta1/gnu/riscv64-zephyr-elf/riscv64-zephyr-elf/sys-include/sys/syslimits.h:85:9: note: this is the location of the previous definition
   85 | #define _POSIX_SSIZE_MAX        32767
      |         ^~~~~~~~~~~~~~~~
/scratch/dima/rose-infra/RoSE/soc/sw/xpu-rt/zephyr-chipyard-sw/zephyr_ws/zephyr/include/zephyr/posix/posix_limits.h:46:9: warning: "_POSIX_SS_REPL_MAX" redefined
   46 | #define _POSIX_SS_REPL_MAX                  (4)
      |         ^~~~~~~~~~~~~~~~~~
/scratch/dima/rose-infra/RoSE/soc/sw/xpu-rt/zephyr-chipyard-sw/tools-manual/zephyr-sdk-1.0.0-beta1/gnu/riscv64-zephyr-elf/riscv64-zephyr-elf/sys-include/sys/syslimits.h:86:9: note: this is the location of the previous definition
   86 | #define _POSIX_SS_REPL_MAX      4
      |         ^~~~~~~~~~~~~~~~~~
/scratch/dima/rose-infra/RoSE/soc/sw/xpu-rt/zephyr-chipyard-sw/zephyr_ws/zephyr/include/zephyr/posix/posix_limits.h:47:9: warning: "_POSIX_STREAM_MAX" redefined
   47 | #define _POSIX_STREAM_MAX                   (8)
      |         ^~~~~~~~~~~~~~~~~
/scratch/dima/rose-infra/RoSE/soc/sw/xpu-rt/zephyr-chipyard-sw/tools-manual/zephyr-sdk-1.0.0-beta1/gnu/riscv64-zephyr-elf/riscv64-zephyr-elf/sys-include/sys/syslimits.h:87:9: note: this is the location of the previous definition
   87 | #define _POSIX_STREAM_MAX       8
      |         ^~~~~~~~~~~~~~~~~
/scratch/dima/rose-infra/RoSE/soc/sw/xpu-rt/zephyr-chipyard-sw/zephyr_ws/zephyr/include/zephyr/posix/posix_limits.h:48:9: warning: "_POSIX_SYMLINK_MAX" redefined
   48 | #define _POSIX_SYMLINK_MAX                  (255)
      |         ^~~~~~~~~~~~~~~~~~
/scratch/dima/rose-infra/RoSE/soc/sw/xpu-rt/zephyr-chipyard-sw/tools-manual/zephyr-sdk-1.0.0-beta1/gnu/riscv64-zephyr-elf/riscv64-zephyr-elf/sys-include/sys/syslimits.h:88:9: note: this is the location of the previous definition
   88 | #define _POSIX_SYMLINK_MAX      255
      |         ^~~~~~~~~~~~~~~~~~
/scratch/dima/rose-infra/RoSE/soc/sw/xpu-rt/zephyr-chipyard-sw/zephyr_ws/zephyr/include/zephyr/posix/posix_limits.h:49:9: warning: "_POSIX_SYMLOOP_MAX" redefined
   49 | #define _POSIX_SYMLOOP_MAX                  (8)
      |         ^~~~~~~~~~~~~~~~~~
/scratch/dima/rose-infra/RoSE/soc/sw/xpu-rt/zephyr-chipyard-sw/tools-manual/zephyr-sdk-1.0.0-beta1/gnu/riscv64-zephyr-elf/riscv64-zephyr-elf/sys-include/sys/syslimits.h:89:9: note: this is the location of the previous definition
   89 | #define _POSIX_SYMLOOP_MAX      8
      |         ^~~~~~~~~~~~~~~~~~
/scratch/dima/rose-infra/RoSE/soc/sw/xpu-rt/zephyr-chipyard-sw/zephyr_ws/zephyr/include/zephyr/posix/posix_limits.h:50:9: warning: "_POSIX_THREAD_DESTRUCTOR_ITERATIONS" redefined
   50 | #define _POSIX_THREAD_DESTRUCTOR_ITERATIONS (4)
      |         ^~~~~~~~~~~~~~~~~~~~~~~~~~~~~~~~~~~
/scratch/dima/rose-infra/RoSE/soc/sw/xpu-rt/zephyr-chipyard-sw/tools-manual/zephyr-sdk-1.0.0-beta1/gnu/riscv64-zephyr-elf/riscv64-zephyr-elf/sys-include/sys/syslimits.h:90:9: note: this is the location of the previous definition
   90 | #define _POSIX_THREAD_DESTRUCTOR_ITERATIONS     4
      |         ^~~~~~~~~~~~~~~~~~~~~~~~~~~~~~~~~~~
/scratch/dima/rose-infra/RoSE/soc/sw/xpu-rt/zephyr-chipyard-sw/zephyr_ws/zephyr/include/zephyr/posix/posix_limits.h:51:9: warning: "_POSIX_THREAD_KEYS_MAX" redefined
   51 | #define _POSIX_THREAD_KEYS_MAX              (128)
      |         ^~~~~~~~~~~~~~~~~~~~~~
/scratch/dima/rose-infra/RoSE/soc/sw/xpu-rt/zephyr-chipyard-sw/tools-manual/zephyr-sdk-1.0.0-beta1/gnu/riscv64-zephyr-elf/riscv64-zephyr-elf/sys-include/sys/syslimits.h:91:9: note: this is the location of the previous definition
   91 | #define _POSIX_THREAD_KEYS_MAX  128
      |         ^~~~~~~~~~~~~~~~~~~~~~
/scratch/dima/rose-infra/RoSE/soc/sw/xpu-rt/zephyr-chipyard-sw/zephyr_ws/zephyr/include/zephyr/posix/posix_limits.h:52:9: warning: "_POSIX_THREAD_THREADS_MAX" redefined
   52 | #define _POSIX_THREAD_THREADS_MAX           (64)
      |         ^~~~~~~~~~~~~~~~~~~~~~~~~
/scratch/dima/rose-infra/RoSE/soc/sw/xpu-rt/zephyr-chipyard-sw/tools-manual/zephyr-sdk-1.0.0-beta1/gnu/riscv64-zephyr-elf/riscv64-zephyr-elf/sys-include/sys/syslimits.h:92:9: note: this is the location of the previous definition
   92 | #define _POSIX_THREAD_THREADS_MAX       64
      |         ^~~~~~~~~~~~~~~~~~~~~~~~~
/scratch/dima/rose-infra/RoSE/soc/sw/xpu-rt/zephyr-chipyard-sw/zephyr_ws/zephyr/include/zephyr/posix/posix_limits.h:53:9: warning: "_POSIX_TIMER_MAX" redefined
   53 | #define _POSIX_TIMER_MAX                    (32)
      |         ^~~~~~~~~~~~~~~~
/scratch/dima/rose-infra/RoSE/soc/sw/xpu-rt/zephyr-chipyard-sw/tools-manual/zephyr-sdk-1.0.0-beta1/gnu/riscv64-zephyr-elf/riscv64-zephyr-elf/sys-include/sys/syslimits.h:93:9: note: this is the location of the previous definition
   93 | #define _POSIX_TIMER_MAX        32
      |         ^~~~~~~~~~~~~~~~
/scratch/dima/rose-infra/RoSE/soc/sw/xpu-rt/zephyr-chipyard-sw/zephyr_ws/zephyr/include/zephyr/posix/posix_limits.h:54:9: warning: "_POSIX_TRACE_EVENT_NAME_MAX" redefined
   54 | #define _POSIX_TRACE_EVENT_NAME_MAX         (30)
      |         ^~~~~~~~~~~~~~~~~~~~~~~~~~~
/scratch/dima/rose-infra/RoSE/soc/sw/xpu-rt/zephyr-chipyard-sw/tools-manual/zephyr-sdk-1.0.0-beta1/gnu/riscv64-zephyr-elf/riscv64-zephyr-elf/sys-include/sys/syslimits.h:94:9: note: this is the location of the previous definition
   94 | #define _POSIX_TRACE_EVENT_NAME_MAX     30
      |         ^~~~~~~~~~~~~~~~~~~~~~~~~~~
/scratch/dima/rose-infra/RoSE/soc/sw/xpu-rt/zephyr-chipyard-sw/zephyr_ws/zephyr/include/zephyr/posix/posix_limits.h:55:9: warning: "_POSIX_TRACE_NAME_MAX" redefined
   55 | #define _POSIX_TRACE_NAME_MAX               (8)
      |         ^~~~~~~~~~~~~~~~~~~~~
/scratch/dima/rose-infra/RoSE/soc/sw/xpu-rt/zephyr-chipyard-sw/tools-manual/zephyr-sdk-1.0.0-beta1/gnu/riscv64-zephyr-elf/riscv64-zephyr-elf/sys-include/sys/syslimits.h:95:9: note: this is the location of the previous definition
   95 | #define _POSIX_TRACE_NAME_MAX   8
      |         ^~~~~~~~~~~~~~~~~~~~~
/scratch/dima/rose-infra/RoSE/soc/sw/xpu-rt/zephyr-chipyard-sw/zephyr_ws/zephyr/include/zephyr/posix/posix_limits.h:56:9: warning: "_POSIX_TRACE_SYS_MAX" redefined
   56 | #define _POSIX_TRACE_SYS_MAX                (8)
      |         ^~~~~~~~~~~~~~~~~~~~
/scratch/dima/rose-infra/RoSE/soc/sw/xpu-rt/zephyr-chipyard-sw/tools-manual/zephyr-sdk-1.0.0-beta1/gnu/riscv64-zephyr-elf/riscv64-zephyr-elf/sys-include/sys/syslimits.h:96:9: note: this is the location of the previous definition
   96 | #define _POSIX_TRACE_SYS_MAX    8
      |         ^~~~~~~~~~~~~~~~~~~~
/scratch/dima/rose-infra/RoSE/soc/sw/xpu-rt/zephyr-chipyard-sw/zephyr_ws/zephyr/include/zephyr/posix/posix_limits.h:57:9: warning: "_POSIX_TRACE_USER_EVENT_MAX" redefined
   57 | #define _POSIX_TRACE_USER_EVENT_MAX         (32)
      |         ^~~~~~~~~~~~~~~~~~~~~~~~~~~
/scratch/dima/rose-infra/RoSE/soc/sw/xpu-rt/zephyr-chipyard-sw/tools-manual/zephyr-sdk-1.0.0-beta1/gnu/riscv64-zephyr-elf/riscv64-zephyr-elf/sys-include/sys/syslimits.h:97:9: note: this is the location of the previous definition
   97 | #define _POSIX_TRACE_USER_EVENT_MAX     32
      |         ^~~~~~~~~~~~~~~~~~~~~~~~~~~
/scratch/dima/rose-infra/RoSE/soc/sw/xpu-rt/zephyr-chipyard-sw/zephyr_ws/zephyr/include/zephyr/posix/posix_limits.h:58:9: warning: "_POSIX_TTY_NAME_MAX" redefined
   58 | #define _POSIX_TTY_NAME_MAX                 (9)
      |         ^~~~~~~~~~~~~~~~~~~
/scratch/dima/rose-infra/RoSE/soc/sw/xpu-rt/zephyr-chipyard-sw/tools-manual/zephyr-sdk-1.0.0-beta1/gnu/riscv64-zephyr-elf/riscv64-zephyr-elf/sys-include/sys/syslimits.h:98:9: note: this is the location of the previous definition
   98 | #define _POSIX_TTY_NAME_MAX     9
      |         ^~~~~~~~~~~~~~~~~~~
/scratch/dima/rose-infra/RoSE/soc/sw/xpu-rt/zephyr-chipyard-sw/zephyr_ws/zephyr/include/zephyr/posix/posix_limits.h:59:9: warning: "_POSIX_TZNAME_MAX" redefined
   59 | #define _POSIX_TZNAME_MAX                   (6)
      |         ^~~~~~~~~~~~~~~~~
/scratch/dima/rose-infra/RoSE/soc/sw/xpu-rt/zephyr-chipyard-sw/tools-manual/zephyr-sdk-1.0.0-beta1/gnu/riscv64-zephyr-elf/riscv64-zephyr-elf/sys-include/sys/syslimits.h:99:9: note: this is the location of the previous definition
   99 | #define _POSIX_TZNAME_MAX       3
      |         ^~~~~~~~~~~~~~~~~
/scratch/dima/rose-infra/RoSE/soc/sw/xpu-rt/zephyr-chipyard-sw/zephyr_ws/zephyr/include/zephyr/posix/posix_limits.h:60:9: warning: "_POSIX2_BC_BASE_MAX" redefined
   60 | #define _POSIX2_BC_BASE_MAX                 (99)
      |         ^~~~~~~~~~~~~~~~~~~
/scratch/dima/rose-infra/RoSE/soc/sw/xpu-rt/zephyr-chipyard-sw/tools-manual/zephyr-sdk-1.0.0-beta1/gnu/riscv64-zephyr-elf/riscv64-zephyr-elf/sys-include/sys/syslimits.h:100:9: note: this is the location of the previous definition
  100 | #define _POSIX2_BC_BASE_MAX     99
      |         ^~~~~~~~~~~~~~~~~~~
/scratch/dima/rose-infra/RoSE/soc/sw/xpu-rt/zephyr-chipyard-sw/zephyr_ws/zephyr/include/zephyr/posix/posix_limits.h:61:9: warning: "_POSIX2_BC_DIM_MAX" redefined
   61 | #define _POSIX2_BC_DIM_MAX                  (2048)
      |         ^~~~~~~~~~~~~~~~~~
/scratch/dima/rose-infra/RoSE/soc/sw/xpu-rt/zephyr-chipyard-sw/tools-manual/zephyr-sdk-1.0.0-beta1/gnu/riscv64-zephyr-elf/riscv64-zephyr-elf/sys-include/sys/syslimits.h:101:9: note: this is the location of the previous definition
  101 | #define _POSIX2_BC_DIM_MAX      2048
      |         ^~~~~~~~~~~~~~~~~~
/scratch/dima/rose-infra/RoSE/soc/sw/xpu-rt/zephyr-chipyard-sw/zephyr_ws/zephyr/include/zephyr/posix/posix_limits.h:62:9: warning: "_POSIX2_BC_SCALE_MAX" redefined
   62 | #define _POSIX2_BC_SCALE_MAX                (99)
      |         ^~~~~~~~~~~~~~~~~~~~
/scratch/dima/rose-infra/RoSE/soc/sw/xpu-rt/zephyr-chipyard-sw/tools-manual/zephyr-sdk-1.0.0-beta1/gnu/riscv64-zephyr-elf/riscv64-zephyr-elf/sys-include/sys/syslimits.h:102:9: note: this is the location of the previous definition
  102 | #define _POSIX2_BC_SCALE_MAX    99
      |         ^~~~~~~~~~~~~~~~~~~~
/scratch/dima/rose-infra/RoSE/soc/sw/xpu-rt/zephyr-chipyard-sw/zephyr_ws/zephyr/include/zephyr/posix/posix_limits.h:63:9: warning: "_POSIX2_BC_STRING_MAX" redefined
   63 | #define _POSIX2_BC_STRING_MAX               (1000)
      |         ^~~~~~~~~~~~~~~~~~~~~
/scratch/dima/rose-infra/RoSE/soc/sw/xpu-rt/zephyr-chipyard-sw/tools-manual/zephyr-sdk-1.0.0-beta1/gnu/riscv64-zephyr-elf/riscv64-zephyr-elf/sys-include/sys/syslimits.h:103:9: note: this is the location of the previous definition
  103 | #define _POSIX2_BC_STRING_MAX   1000
      |         ^~~~~~~~~~~~~~~~~~~~~
/scratch/dima/rose-infra/RoSE/soc/sw/xpu-rt/zephyr-chipyard-sw/zephyr_ws/zephyr/include/zephyr/posix/posix_limits.h:64:9: warning: "_POSIX2_CHARCLASS_NAME_MAX" redefined
   64 | #define _POSIX2_CHARCLASS_NAME_MAX          (14)
      |         ^~~~~~~~~~~~~~~~~~~~~~~~~~
/scratch/dima/rose-infra/RoSE/soc/sw/xpu-rt/zephyr-chipyard-sw/tools-manual/zephyr-sdk-1.0.0-beta1/gnu/riscv64-zephyr-elf/riscv64-zephyr-elf/sys-include/sys/syslimits.h:104:9: note: this is the location of the previous definition
  104 | #define _POSIX2_CHARCLASS_NAME_MAX      14
      |         ^~~~~~~~~~~~~~~~~~~~~~~~~~
/scratch/dima/rose-infra/RoSE/soc/sw/xpu-rt/zephyr-chipyard-sw/zephyr_ws/zephyr/include/zephyr/posix/posix_limits.h:65:9: warning: "_POSIX2_COLL_WEIGHTS_MAX" redefined
   65 | #define _POSIX2_COLL_WEIGHTS_MAX            (2)
      |         ^~~~~~~~~~~~~~~~~~~~~~~~
/scratch/dima/rose-infra/RoSE/soc/sw/xpu-rt/zephyr-chipyard-sw/tools-manual/zephyr-sdk-1.0.0-beta1/gnu/riscv64-zephyr-elf/riscv64-zephyr-elf/sys-include/sys/syslimits.h:105:9: note: this is the location of the previous definition
  105 | #define _POSIX2_COLL_WEIGHTS_MAX        2
      |         ^~~~~~~~~~~~~~~~~~~~~~~~
/scratch/dima/rose-infra/RoSE/soc/sw/xpu-rt/zephyr-chipyard-sw/zephyr_ws/zephyr/include/zephyr/posix/posix_limits.h:66:9: warning: "_POSIX2_EXPR_NEST_MAX" redefined
   66 | #define _POSIX2_EXPR_NEST_MAX               (32)
      |         ^~~~~~~~~~~~~~~~~~~~~
/scratch/dima/rose-infra/RoSE/soc/sw/xpu-rt/zephyr-chipyard-sw/tools-manual/zephyr-sdk-1.0.0-beta1/gnu/riscv64-zephyr-elf/riscv64-zephyr-elf/sys-include/sys/syslimits.h:106:9: note: this is the location of the previous definition
  106 | #define _POSIX2_EXPR_NEST_MAX   32
      |         ^~~~~~~~~~~~~~~~~~~~~
/scratch/dima/rose-infra/RoSE/soc/sw/xpu-rt/zephyr-chipyard-sw/zephyr_ws/zephyr/include/zephyr/posix/posix_limits.h:67:9: warning: "_POSIX2_LINE_MAX" redefined
   67 | #define _POSIX2_LINE_MAX                    (2048)
      |         ^~~~~~~~~~~~~~~~
/scratch/dima/rose-infra/RoSE/soc/sw/xpu-rt/zephyr-chipyard-sw/tools-manual/zephyr-sdk-1.0.0-beta1/gnu/riscv64-zephyr-elf/riscv64-zephyr-elf/sys-include/sys/syslimits.h:107:9: note: this is the location of the previous definition
  107 | #define _POSIX2_LINE_MAX        2048
      |         ^~~~~~~~~~~~~~~~
/scratch/dima/rose-infra/RoSE/soc/sw/xpu-rt/zephyr-chipyard-sw/zephyr_ws/zephyr/include/zephyr/posix/posix_limits.h:83:9: warning: "ARG_MAX" redefined
   83 | #define ARG_MAX                       _POSIX_ARG_MAX
      |         ^~~~~~~
/scratch/dima/rose-infra/RoSE/soc/sw/xpu-rt/zephyr-chipyard-sw/tools-manual/zephyr-sdk-1.0.0-beta1/gnu/riscv64-zephyr-elf/riscv64-zephyr-elf/sys-include/sys/syslimits.h:41:9: note: this is the location of the previous definition
   41 | #define ARG_MAX                 65536   /* max bytes for an exec function */
      |         ^~~~~~~
/scratch/dima/rose-infra/RoSE/soc/sw/xpu-rt/zephyr-chipyard-sw/zephyr_ws/zephyr/include/zephyr/posix/posix_limits.h:84:9: warning: "ATEXIT_MAX" redefined
   84 | #define ATEXIT_MAX                    (32)
      |         ^~~~~~~~~~
/scratch/dima/rose-infra/RoSE/soc/sw/xpu-rt/zephyr-chipyard-sw/tools-manual/zephyr-sdk-1.0.0-beta1/gnu/riscv64-zephyr-elf/riscv64-zephyr-elf/sys-include/sys/syslimits.h:42:9: note: this is the location of the previous definition
   42 | #define ATEXIT_MAX                 32   /* max atexit functions */
      |         ^~~~~~~~~~
/scratch/dima/rose-infra/RoSE/soc/sw/xpu-rt/zephyr-chipyard-sw/zephyr_ws/zephyr/include/zephyr/posix/posix_limits.h:93:9: warning: "OPEN_MAX" redefined
   93 | #define OPEN_MAX                      CONFIG_POSIX_OPEN_MAX
      |         ^~~~~~~~
/scratch/dima/rose-infra/RoSE/soc/sw/xpu-rt/zephyr-chipyard-sw/tools-manual/zephyr-sdk-1.0.0-beta1/gnu/riscv64-zephyr-elf/riscv64-zephyr-elf/sys-include/sys/syslimits.h:45:9: note: this is the location of the previous definition
   45 | #define OPEN_MAX                   64   /* max open files per process */
      |         ^~~~~~~~
/scratch/dima/rose-infra/RoSE/soc/sw/xpu-rt/zephyr-chipyard-sw/zephyr_ws/zephyr/include/zephyr/posix/posix_limits.h:96:9: warning: "PATH_MAX" redefined
   96 | #define PATH_MAX                      _POSIX_PATH_MAX
      |         ^~~~~~~~
/scratch/dima/rose-infra/RoSE/soc/sw/xpu-rt/zephyr-chipyard-sw/tools-manual/zephyr-sdk-1.0.0-beta1/gnu/riscv64-zephyr-elf/riscv64-zephyr-elf/sys-include/sys/syslimits.h:53:9: note: this is the location of the previous definition
   53 | #define PATH_MAX                 1024   /* max bytes in pathname */
      |         ^~~~~~~~
/scratch/dima/rose-infra/RoSE/soc/sw/xpu-rt/zephyr-chipyard-sw/zephyr_ws/zephyr/include/zephyr/posix/posix_limits.h:114:9: warning: "TZNAME_MAX" redefined
  114 | #define TZNAME_MAX                    _POSIX_TZNAME_MAX
      |         ^~~~~~~~~~
/scratch/dima/rose-infra/RoSE/soc/sw/xpu-rt/zephyr-chipyard-sw/tools-manual/zephyr-sdk-1.0.0-beta1/gnu/riscv64-zephyr-elf/riscv64-zephyr-elf/sys-include/sys/syslimits.h:46:9: note: this is the location of the previous definition
   46 | #define TZNAME_MAX                 10   /* max time zone name length */
      |         ^~~~~~~~~~
[72/128] Building C object zephyr/CMakeFiles/zephyr.dir/lib/os/cbprintf_packaged.c.obj
[73/128] Building C object zephyr/kernel/CMakeFiles/kernel.dir/banner.c.obj
[74/128] Building C object zephyr/drivers/console/CMakeFiles/drivers__console.dir/uart_console.c.obj
[75/128] Building C object zephyr/kernel/CMakeFiles/kernel.dir/device.c.obj
[76/128] Building C object zephyr/CMakeFiles/zephyr.dir/lib/heap/heap.c.obj
[77/128] Linking C static library zephyr/arch/arch/riscv/core/libarch__riscv__core.a
[78/128] Building C object zephyr/kernel/CMakeFiles/kernel.dir/float.c.obj
[79/128] Building C object zephyr/lib/posix/c_lib_ext/CMakeFiles/lib__posix__c_lib_ext.dir/getopt/getopt_common.c.obj
[80/128] Linking C static library zephyr/lib/libc/common/liblib__libc__common.a
[81/128] Building C object zephyr/CMakeFiles/zephyr.dir/lib/utils/bitarray.c.obj
[82/128] Building C object zephyr/kernel/CMakeFiles/kernel.dir/busy_wait.c.obj
[83/128] Linking C static library zephyr/lib/libc/picolibc/liblib__libc__picolibc.a
[84/128] Building C object zephyr/CMakeFiles/zephyr.dir/lib/utils/rb.c.obj
[85/128] Building C object zephyr/kernel/CMakeFiles/kernel.dir/main_weak.c.obj
[86/128] Building C object zephyr/kernel/CMakeFiles/kernel.dir/fatal.c.obj
[87/128] Linking C static library zephyr/drivers/timer/libdrivers__timer.a
[88/128] Building C object zephyr/drivers/serial/CMakeFiles/drivers__serial.dir/uart_htif.c.obj
[89/128] Building C object zephyr/drivers/interrupt_controller/CMakeFiles/drivers__interrupt_controller.dir/intc_plic.c.obj
[90/128] Linking C static library zephyr/drivers/console/libdrivers__console.a
[91/128] Building C object zephyr/lib/posix/c_lib_ext/CMakeFiles/lib__posix__c_lib_ext.dir/getopt/getopt.c.obj
In file included from /scratch/dima/rose-infra/RoSE/soc/sw/xpu-rt/zephyr-chipyard-sw/zephyr_ws/zephyr/include/zephyr/posix/sys/sysconf.h:11,
                 from /scratch/dima/rose-infra/RoSE/soc/sw/xpu-rt/zephyr-chipyard-sw/zephyr_ws/zephyr/include/zephyr/posix/unistd.h:18,
                 from /scratch/dima/rose-infra/RoSE/soc/sw/xpu-rt/zephyr-chipyard-sw/zephyr_ws/zephyr/lib/posix/c_lib_ext/getopt/getopt.c:36:
/scratch/dima/rose-infra/RoSE/soc/sw/xpu-rt/zephyr-chipyard-sw/zephyr_ws/zephyr/include/zephyr/posix/posix_limits.h:23:9: warning: "_POSIX_AIO_LISTIO_MAX" redefined
   23 | #define _POSIX_AIO_LISTIO_MAX               (2)
      |         ^~~~~~~~~~~~~~~~~~~~~
In file included from /scratch/dima/rose-infra/RoSE/soc/sw/xpu-rt/zephyr-chipyard-sw/tools-manual/zephyr-sdk-1.0.0-beta1/gnu/riscv64-zephyr-elf/riscv64-zephyr-elf/sys-include/limits.h:6,
                 from /scratch/dima/rose-infra/RoSE/soc/sw/xpu-rt/zephyr-chipyard-sw/tools-manual/zephyr-sdk-1.0.0-beta1/gnu/riscv64-zephyr-elf/lib/gcc/riscv64-zephyr-elf/14.3.0/include/limits.h:210,
                 from /scratch/dima/rose-infra/RoSE/soc/sw/xpu-rt/zephyr-chipyard-sw/tools-manual/zephyr-sdk-1.0.0-beta1/gnu/riscv64-zephyr-elf/lib/gcc/riscv64-zephyr-elf/14.3.0/include/syslimits.h:7,
                 from /scratch/dima/rose-infra/RoSE/soc/sw/xpu-rt/zephyr-chipyard-sw/tools-manual/zephyr-sdk-1.0.0-beta1/gnu/riscv64-zephyr-elf/lib/gcc/riscv64-zephyr-elf/14.3.0/include/limits.h:34,
                 from /scratch/dima/rose-infra/RoSE/soc/sw/xpu-rt/zephyr-chipyard-sw/zephyr_ws/zephyr/include/zephyr/kernel_includes.h:22,
                 from /scratch/dima/rose-infra/RoSE/soc/sw/xpu-rt/zephyr-chipyard-sw/zephyr_ws/zephyr/include/zephyr/kernel.h:17,
                 from /scratch/dima/rose-infra/RoSE/soc/sw/xpu-rt/zephyr-chipyard-sw/zephyr_ws/zephyr/include/zephyr/posix/posix_types.h:30,
                 from /scratch/dima/rose-infra/RoSE/soc/sw/xpu-rt/zephyr-chipyard-sw/zephyr_ws/zephyr/include/zephyr/posix/unistd.h:11:
/scratch/dima/rose-infra/RoSE/soc/sw/xpu-rt/zephyr-chipyard-sw/tools-manual/zephyr-sdk-1.0.0-beta1/gnu/riscv64-zephyr-elf/riscv64-zephyr-elf/sys-include/sys/syslimits.h:63:9: note: this is the location of the previous definition
   63 | #define _POSIX_AIO_LISTIO_MAX   2
      |         ^~~~~~~~~~~~~~~~~~~~~
/scratch/dima/rose-infra/RoSE/soc/sw/xpu-rt/zephyr-chipyard-sw/zephyr_ws/zephyr/include/zephyr/posix/posix_limits.h:24:9: warning: "_POSIX_AIO_MAX" redefined
   24 | #define _POSIX_AIO_MAX                      (1)
      |         ^~~~~~~~~~~~~~
/scratch/dima/rose-infra/RoSE/soc/sw/xpu-rt/zephyr-chipyard-sw/tools-manual/zephyr-sdk-1.0.0-beta1/gnu/riscv64-zephyr-elf/riscv64-zephyr-elf/sys-include/sys/syslimits.h:64:9: note: this is the location of the previous definition
   64 | #define _POSIX_AIO_MAX          1
      |         ^~~~~~~~~~~~~~
/scratch/dima/rose-infra/RoSE/soc/sw/xpu-rt/zephyr-chipyard-sw/zephyr_ws/zephyr/include/zephyr/posix/posix_limits.h:25:9: warning: "_POSIX_ARG_MAX" redefined
   25 | #define _POSIX_ARG_MAX                      (4096)
      |         ^~~~~~~~~~~~~~
/scratch/dima/rose-infra/RoSE/soc/sw/xpu-rt/zephyr-chipyard-sw/tools-manual/zephyr-sdk-1.0.0-beta1/gnu/riscv64-zephyr-elf/riscv64-zephyr-elf/sys-include/sys/syslimits.h:65:9: note: this is the location of the previous definition
   65 | #define _POSIX_ARG_MAX          4096
      |         ^~~~~~~~~~~~~~
/scratch/dima/rose-infra/RoSE/soc/sw/xpu-rt/zephyr-chipyard-sw/zephyr_ws/zephyr/include/zephyr/posix/posix_limits.h:26:9: warning: "_POSIX_CHILD_MAX" redefined
   26 | #define _POSIX_CHILD_MAX                    (25)
      |         ^~~~~~~~~~~~~~~~
/scratch/dima/rose-infra/RoSE/soc/sw/xpu-rt/zephyr-chipyard-sw/tools-manual/zephyr-sdk-1.0.0-beta1/gnu/riscv64-zephyr-elf/riscv64-zephyr-elf/sys-include/sys/syslimits.h:66:9: note: this is the location of the previous definition
   66 | #define _POSIX_CHILD_MAX        6
      |         ^~~~~~~~~~~~~~~~
/scratch/dima/rose-infra/RoSE/soc/sw/xpu-rt/zephyr-chipyard-sw/zephyr_ws/zephyr/include/zephyr/posix/posix_limits.h:27:9: warning: "_POSIX_DELAYTIMER_MAX" redefined
   27 | #define _POSIX_DELAYTIMER_MAX               (32)
      |         ^~~~~~~~~~~~~~~~~~~~~
/scratch/dima/rose-infra/RoSE/soc/sw/xpu-rt/zephyr-chipyard-sw/tools-manual/zephyr-sdk-1.0.0-beta1/gnu/riscv64-zephyr-elf/riscv64-zephyr-elf/sys-include/sys/syslimits.h:67:9: note: this is the location of the previous definition
   67 | #define _POSIX_DELAYTIMER_MAX   32
      |         ^~~~~~~~~~~~~~~~~~~~~
/scratch/dima/rose-infra/RoSE/soc/sw/xpu-rt/zephyr-chipyard-sw/zephyr_ws/zephyr/include/zephyr/posix/posix_limits.h:28:9: warning: "_POSIX_HOST_NAME_MAX" redefined
   28 | #define _POSIX_HOST_NAME_MAX                (255)
      |         ^~~~~~~~~~~~~~~~~~~~
/scratch/dima/rose-infra/RoSE/soc/sw/xpu-rt/zephyr-chipyard-sw/tools-manual/zephyr-sdk-1.0.0-beta1/gnu/riscv64-zephyr-elf/riscv64-zephyr-elf/sys-include/sys/syslimits.h:68:9: note: this is the location of the previous definition
   68 | #define _POSIX_HOST_NAME_MAX    255
      |         ^~~~~~~~~~~~~~~~~~~~
/scratch/dima/rose-infra/RoSE/soc/sw/xpu-rt/zephyr-chipyard-sw/zephyr_ws/zephyr/include/zephyr/posix/posix_limits.h:29:9: warning: "_POSIX_LINK_MAX" redefined
   29 | #define _POSIX_LINK_MAX                     (8)
      |         ^~~~~~~~~~~~~~~
/scratch/dima/rose-infra/RoSE/soc/sw/xpu-rt/zephyr-chipyard-sw/tools-manual/zephyr-sdk-1.0.0-beta1/gnu/riscv64-zephyr-elf/riscv64-zephyr-elf/sys-include/sys/syslimits.h:69:9: note: this is the location of the previous definition
   69 | #define _POSIX_LINK_MAX         8
      |         ^~~~~~~~~~~~~~~
/scratch/dima/rose-infra/RoSE/soc/sw/xpu-rt/zephyr-chipyard-sw/zephyr_ws/zephyr/include/zephyr/posix/posix_limits.h:30:9: warning: "_POSIX_LOGIN_NAME_MAX" redefined
   30 | #define _POSIX_LOGIN_NAME_MAX               (9)
      |         ^~~~~~~~~~~~~~~~~~~~~
/scratch/dima/rose-infra/RoSE/soc/sw/xpu-rt/zephyr-chipyard-sw/tools-manual/zephyr-sdk-1.0.0-beta1/gnu/riscv64-zephyr-elf/riscv64-zephyr-elf/sys-include/sys/syslimits.h:70:9: note: this is the location of the previous definition
   70 | #define _POSIX_LOGIN_NAME_MAX   9
      |         ^~~~~~~~~~~~~~~~~~~~~
/scratch/dima/rose-infra/RoSE/soc/sw/xpu-rt/zephyr-chipyard-sw/zephyr_ws/zephyr/include/zephyr/posix/posix_limits.h:31:9: warning: "_POSIX_MAX_CANON" redefined
   31 | #define _POSIX_MAX_CANON                    (255)
      |         ^~~~~~~~~~~~~~~~
/scratch/dima/rose-infra/RoSE/soc/sw/xpu-rt/zephyr-chipyard-sw/tools-manual/zephyr-sdk-1.0.0-beta1/gnu/riscv64-zephyr-elf/riscv64-zephyr-elf/sys-include/sys/syslimits.h:71:9: note: this is the location of the previous definition
   71 | #define _POSIX_MAX_CANON        255
      |         ^~~~~~~~~~~~~~~~
/scratch/dima/rose-infra/RoSE/soc/sw/xpu-rt/zephyr-chipyard-sw/zephyr_ws/zephyr/include/zephyr/posix/posix_limits.h:32:9: warning: "_POSIX_MAX_INPUT" redefined
   32 | #define _POSIX_MAX_INPUT                    (255)
      |         ^~~~~~~~~~~~~~~~
/scratch/dima/rose-infra/RoSE/soc/sw/xpu-rt/zephyr-chipyard-sw/tools-manual/zephyr-sdk-1.0.0-beta1/gnu/riscv64-zephyr-elf/riscv64-zephyr-elf/sys-include/sys/syslimits.h:72:9: note: this is the location of the previous definition
   72 | #define _POSIX_MAX_INPUT        255
      |         ^~~~~~~~~~~~~~~~
/scratch/dima/rose-infra/RoSE/soc/sw/xpu-rt/zephyr-chipyard-sw/zephyr_ws/zephyr/include/zephyr/posix/posix_limits.h:33:9: warning: "_POSIX_MQ_OPEN_MAX" redefined
   33 | #define _POSIX_MQ_OPEN_MAX                  (8)
      |         ^~~~~~~~~~~~~~~~~~
/scratch/dima/rose-infra/RoSE/soc/sw/xpu-rt/zephyr-chipyard-sw/tools-manual/zephyr-sdk-1.0.0-beta1/gnu/riscv64-zephyr-elf/riscv64-zephyr-elf/sys-include/sys/syslimits.h:73:9: note: this is the location of the previous definition
   73 | #define _POSIX_MQ_OPEN_MAX      8
      |         ^~~~~~~~~~~~~~~~~~
/scratch/dima/rose-infra/RoSE/soc/sw/xpu-rt/zephyr-chipyard-sw/zephyr_ws/zephyr/include/zephyr/posix/posix_limits.h:34:9: warning: "_POSIX_MQ_PRIO_MAX" redefined
   34 | #define _POSIX_MQ_PRIO_MAX                  (32)
      |         ^~~~~~~~~~~~~~~~~~
/scratch/dima/rose-infra/RoSE/soc/sw/xpu-rt/zephyr-chipyard-sw/tools-manual/zephyr-sdk-1.0.0-beta1/gnu/riscv64-zephyr-elf/riscv64-zephyr-elf/sys-include/sys/syslimits.h:74:9: note: this is the location of the previous definition
   74 | #define _POSIX_MQ_PRIO_MAX      32
      |         ^~~~~~~~~~~~~~~~~~
/scratch/dima/rose-infra/RoSE/soc/sw/xpu-rt/zephyr-chipyard-sw/zephyr_ws/zephyr/include/zephyr/posix/posix_limits.h:35:9: warning: "_POSIX_NAME_MAX" redefined
   35 | #define _POSIX_NAME_MAX                     (14)
      |         ^~~~~~~~~~~~~~~
/scratch/dima/rose-infra/RoSE/soc/sw/xpu-rt/zephyr-chipyard-sw/tools-manual/zephyr-sdk-1.0.0-beta1/gnu/riscv64-zephyr-elf/riscv64-zephyr-elf/sys-include/sys/syslimits.h:75:9: note: this is the location of the previous definition
   75 | #define _POSIX_NAME_MAX         14
      |         ^~~~~~~~~~~~~~~
/scratch/dima/rose-infra/RoSE/soc/sw/xpu-rt/zephyr-chipyard-sw/zephyr_ws/zephyr/include/zephyr/posix/posix_limits.h:36:9: warning: "_POSIX_NGROUPS_MAX" redefined
   36 | #define _POSIX_NGROUPS_MAX                  (8)
      |         ^~~~~~~~~~~~~~~~~~
/scratch/dima/rose-infra/RoSE/soc/sw/xpu-rt/zephyr-chipyard-sw/tools-manual/zephyr-sdk-1.0.0-beta1/gnu/riscv64-zephyr-elf/riscv64-zephyr-elf/sys-include/sys/syslimits.h:76:9: note: this is the location of the previous definition
   76 | #define _POSIX_NGROUPS_MAX      0
      |         ^~~~~~~~~~~~~~~~~~
/scratch/dima/rose-infra/RoSE/soc/sw/xpu-rt/zephyr-chipyard-sw/zephyr_ws/zephyr/include/zephyr/posix/posix_limits.h:37:9: warning: "_POSIX_OPEN_MAX" redefined
   37 | #define _POSIX_OPEN_MAX                     (20)
      |         ^~~~~~~~~~~~~~~
/scratch/dima/rose-infra/RoSE/soc/sw/xpu-rt/zephyr-chipyard-sw/tools-manual/zephyr-sdk-1.0.0-beta1/gnu/riscv64-zephyr-elf/riscv64-zephyr-elf/sys-include/sys/syslimits.h:77:9: note: this is the location of the previous definition
   77 | #define _POSIX_OPEN_MAX         16
      |         ^~~~~~~~~~~~~~~
/scratch/dima/rose-infra/RoSE/soc/sw/xpu-rt/zephyr-chipyard-sw/zephyr_ws/zephyr/include/zephyr/posix/posix_limits.h:38:9: warning: "_POSIX_PATH_MAX" redefined
   38 | #define _POSIX_PATH_MAX                     (256)
      |         ^~~~~~~~~~~~~~~
/scratch/dima/rose-infra/RoSE/soc/sw/xpu-rt/zephyr-chipyard-sw/tools-manual/zephyr-sdk-1.0.0-beta1/gnu/riscv64-zephyr-elf/riscv64-zephyr-elf/sys-include/sys/syslimits.h:78:9: note: this is the location of the previous definition
   78 | #define _POSIX_PATH_MAX         255
      |         ^~~~~~~~~~~~~~~
/scratch/dima/rose-infra/RoSE/soc/sw/xpu-rt/zephyr-chipyard-sw/zephyr_ws/zephyr/include/zephyr/posix/posix_limits.h:39:9: warning: "_POSIX_PIPE_BUF" redefined
   39 | #define _POSIX_PIPE_BUF                     (512)
      |         ^~~~~~~~~~~~~~~
/scratch/dima/rose-infra/RoSE/soc/sw/xpu-rt/zephyr-chipyard-sw/tools-manual/zephyr-sdk-1.0.0-beta1/gnu/riscv64-zephyr-elf/riscv64-zephyr-elf/sys-include/sys/syslimits.h:79:9: note: this is the location of the previous definition
   79 | #define _POSIX_PIPE_BUF         512
      |         ^~~~~~~~~~~~~~~
/scratch/dima/rose-infra/RoSE/soc/sw/xpu-rt/zephyr-chipyard-sw/zephyr_ws/zephyr/include/zephyr/posix/posix_limits.h:40:9: warning: "_POSIX_RE_DUP_MAX" redefined
   40 | #define _POSIX_RE_DUP_MAX                   (255)
      |         ^~~~~~~~~~~~~~~~~
/scratch/dima/rose-infra/RoSE/soc/sw/xpu-rt/zephyr-chipyard-sw/tools-manual/zephyr-sdk-1.0.0-beta1/gnu/riscv64-zephyr-elf/riscv64-zephyr-elf/sys-include/sys/syslimits.h:80:9: note: this is the location of the previous definition
   80 | #define _POSIX_RE_DUP_MAX       255
      |         ^~~~~~~~~~~~~~~~~
/scratch/dima/rose-infra/RoSE/soc/sw/xpu-rt/zephyr-chipyard-sw/zephyr_ws/zephyr/include/zephyr/posix/posix_limits.h:41:9: warning: "_POSIX_RTSIG_MAX" redefined
   41 | #define _POSIX_RTSIG_MAX                    (8)
      |         ^~~~~~~~~~~~~~~~
/scratch/dima/rose-infra/RoSE/soc/sw/xpu-rt/zephyr-chipyard-sw/tools-manual/zephyr-sdk-1.0.0-beta1/gnu/riscv64-zephyr-elf/riscv64-zephyr-elf/sys-include/sys/syslimits.h:81:9: note: this is the location of the previous definition
   81 | #define _POSIX_RTSIG_MAX        8
      |         ^~~~~~~~~~~~~~~~
/scratch/dima/rose-infra/RoSE/soc/sw/xpu-rt/zephyr-chipyard-sw/zephyr_ws/zephyr/include/zephyr/posix/posix_limits.h:42:9: warning: "_POSIX_SEM_NSEMS_MAX" redefined
   42 | #define _POSIX_SEM_NSEMS_MAX                (256)
      |         ^~~~~~~~~~~~~~~~~~~~
/scratch/dima/rose-infra/RoSE/soc/sw/xpu-rt/zephyr-chipyard-sw/tools-manual/zephyr-sdk-1.0.0-beta1/gnu/riscv64-zephyr-elf/riscv64-zephyr-elf/sys-include/sys/syslimits.h:82:9: note: this is the location of the previous definition
   82 | #define _POSIX_SEM_NSEMS_MAX    256
      |         ^~~~~~~~~~~~~~~~~~~~
/scratch/dima/rose-infra/RoSE/soc/sw/xpu-rt/zephyr-chipyard-sw/zephyr_ws/zephyr/include/zephyr/posix/posix_limits.h:43:9: warning: "_POSIX_SEM_VALUE_MAX" redefined
   43 | #define _POSIX_SEM_VALUE_MAX                (32767)
      |         ^~~~~~~~~~~~~~~~~~~~
/scratch/dima/rose-infra/RoSE/soc/sw/xpu-rt/zephyr-chipyard-sw/tools-manual/zephyr-sdk-1.0.0-beta1/gnu/riscv64-zephyr-elf/riscv64-zephyr-elf/sys-include/sys/syslimits.h:83:9: note: this is the location of the previous definition
   83 | #define _POSIX_SEM_VALUE_MAX    32767
      |         ^~~~~~~~~~~~~~~~~~~~
/scratch/dima/rose-infra/RoSE/soc/sw/xpu-rt/zephyr-chipyard-sw/zephyr_ws/zephyr/include/zephyr/posix/posix_limits.h:44:9: warning: "_POSIX_SIGQUEUE_MAX" redefined
   44 | #define _POSIX_SIGQUEUE_MAX                 (32)
      |         ^~~~~~~~~~~~~~~~~~~
/scratch/dima/rose-infra/RoSE/soc/sw/xpu-rt/zephyr-chipyard-sw/tools-manual/zephyr-sdk-1.0.0-beta1/gnu/riscv64-zephyr-elf/riscv64-zephyr-elf/sys-include/sys/syslimits.h:84:9: note: this is the location of the previous definition
   84 | #define _POSIX_SIGQUEUE_MAX     32
      |         ^~~~~~~~~~~~~~~~~~~
/scratch/dima/rose-infra/RoSE/soc/sw/xpu-rt/zephyr-chipyard-sw/zephyr_ws/zephyr/include/zephyr/posix/posix_limits.h:45:9: warning: "_POSIX_SSIZE_MAX" redefined
   45 | #define _POSIX_SSIZE_MAX                    (32767)
      |         ^~~~~~~~~~~~~~~~
/scratch/dima/rose-infra/RoSE/soc/sw/xpu-rt/zephyr-chipyard-sw/tools-manual/zephyr-sdk-1.0.0-beta1/gnu/riscv64-zephyr-elf/riscv64-zephyr-elf/sys-include/sys/syslimits.h:85:9: note: this is the location of the previous definition
   85 | #define _POSIX_SSIZE_MAX        32767
      |         ^~~~~~~~~~~~~~~~
/scratch/dima/rose-infra/RoSE/soc/sw/xpu-rt/zephyr-chipyard-sw/zephyr_ws/zephyr/include/zephyr/posix/posix_limits.h:46:9: warning: "_POSIX_SS_REPL_MAX" redefined
   46 | #define _POSIX_SS_REPL_MAX                  (4)
      |         ^~~~~~~~~~~~~~~~~~
/scratch/dima/rose-infra/RoSE/soc/sw/xpu-rt/zephyr-chipyard-sw/tools-manual/zephyr-sdk-1.0.0-beta1/gnu/riscv64-zephyr-elf/riscv64-zephyr-elf/sys-include/sys/syslimits.h:86:9: note: this is the location of the previous definition
   86 | #define _POSIX_SS_REPL_MAX      4
      |         ^~~~~~~~~~~~~~~~~~
/scratch/dima/rose-infra/RoSE/soc/sw/xpu-rt/zephyr-chipyard-sw/zephyr_ws/zephyr/include/zephyr/posix/posix_limits.h:47:9: warning: "_POSIX_STREAM_MAX" redefined
   47 | #define _POSIX_STREAM_MAX                   (8)
      |         ^~~~~~~~~~~~~~~~~
/scratch/dima/rose-infra/RoSE/soc/sw/xpu-rt/zephyr-chipyard-sw/tools-manual/zephyr-sdk-1.0.0-beta1/gnu/riscv64-zephyr-elf/riscv64-zephyr-elf/sys-include/sys/syslimits.h:87:9: note: this is the location of the previous definition
   87 | #define _POSIX_STREAM_MAX       8
      |         ^~~~~~~~~~~~~~~~~
/scratch/dima/rose-infra/RoSE/soc/sw/xpu-rt/zephyr-chipyard-sw/zephyr_ws/zephyr/include/zephyr/posix/posix_limits.h:48:9: warning: "_POSIX_SYMLINK_MAX" redefined
   48 | #define _POSIX_SYMLINK_MAX                  (255)
      |         ^~~~~~~~~~~~~~~~~~
/scratch/dima/rose-infra/RoSE/soc/sw/xpu-rt/zephyr-chipyard-sw/tools-manual/zephyr-sdk-1.0.0-beta1/gnu/riscv64-zephyr-elf/riscv64-zephyr-elf/sys-include/sys/syslimits.h:88:9: note: this is the location of the previous definition
   88 | #define _POSIX_SYMLINK_MAX      255
      |         ^~~~~~~~~~~~~~~~~~
/scratch/dima/rose-infra/RoSE/soc/sw/xpu-rt/zephyr-chipyard-sw/zephyr_ws/zephyr/include/zephyr/posix/posix_limits.h:49:9: warning: "_POSIX_SYMLOOP_MAX" redefined
   49 | #define _POSIX_SYMLOOP_MAX                  (8)
      |         ^~~~~~~~~~~~~~~~~~
/scratch/dima/rose-infra/RoSE/soc/sw/xpu-rt/zephyr-chipyard-sw/tools-manual/zephyr-sdk-1.0.0-beta1/gnu/riscv64-zephyr-elf/riscv64-zephyr-elf/sys-include/sys/syslimits.h:89:9: note: this is the location of the previous definition
   89 | #define _POSIX_SYMLOOP_MAX      8
      |         ^~~~~~~~~~~~~~~~~~
/scratch/dima/rose-infra/RoSE/soc/sw/xpu-rt/zephyr-chipyard-sw/zephyr_ws/zephyr/include/zephyr/posix/posix_limits.h:50:9: warning: "_POSIX_THREAD_DESTRUCTOR_ITERATIONS" redefined
   50 | #define _POSIX_THREAD_DESTRUCTOR_ITERATIONS (4)
      |         ^~~~~~~~~~~~~~~~~~~~~~~~~~~~~~~~~~~
/scratch/dima/rose-infra/RoSE/soc/sw/xpu-rt/zephyr-chipyard-sw/tools-manual/zephyr-sdk-1.0.0-beta1/gnu/riscv64-zephyr-elf/riscv64-zephyr-elf/sys-include/sys/syslimits.h:90:9: note: this is the location of the previous definition
   90 | #define _POSIX_THREAD_DESTRUCTOR_ITERATIONS     4
      |         ^~~~~~~~~~~~~~~~~~~~~~~~~~~~~~~~~~~
/scratch/dima/rose-infra/RoSE/soc/sw/xpu-rt/zephyr-chipyard-sw/zephyr_ws/zephyr/include/zephyr/posix/posix_limits.h:51:9: warning: "_POSIX_THREAD_KEYS_MAX" redefined
   51 | #define _POSIX_THREAD_KEYS_MAX              (128)
      |         ^~~~~~~~~~~~~~~~~~~~~~
/scratch/dima/rose-infra/RoSE/soc/sw/xpu-rt/zephyr-chipyard-sw/tools-manual/zephyr-sdk-1.0.0-beta1/gnu/riscv64-zephyr-elf/riscv64-zephyr-elf/sys-include/sys/syslimits.h:91:9: note: this is the location of the previous definition
   91 | #define _POSIX_THREAD_KEYS_MAX  128
      |         ^~~~~~~~~~~~~~~~~~~~~~
/scratch/dima/rose-infra/RoSE/soc/sw/xpu-rt/zephyr-chipyard-sw/zephyr_ws/zephyr/include/zephyr/posix/posix_limits.h:52:9: warning: "_POSIX_THREAD_THREADS_MAX" redefined
   52 | #define _POSIX_THREAD_THREADS_MAX           (64)
      |         ^~~~~~~~~~~~~~~~~~~~~~~~~
/scratch/dima/rose-infra/RoSE/soc/sw/xpu-rt/zephyr-chipyard-sw/tools-manual/zephyr-sdk-1.0.0-beta1/gnu/riscv64-zephyr-elf/riscv64-zephyr-elf/sys-include/sys/syslimits.h:92:9: note: this is the location of the previous definition
   92 | #define _POSIX_THREAD_THREADS_MAX       64
      |         ^~~~~~~~~~~~~~~~~~~~~~~~~
/scratch/dima/rose-infra/RoSE/soc/sw/xpu-rt/zephyr-chipyard-sw/zephyr_ws/zephyr/include/zephyr/posix/posix_limits.h:53:9: warning: "_POSIX_TIMER_MAX" redefined
   53 | #define _POSIX_TIMER_MAX                    (32)
      |         ^~~~~~~~~~~~~~~~
/scratch/dima/rose-infra/RoSE/soc/sw/xpu-rt/zephyr-chipyard-sw/tools-manual/zephyr-sdk-1.0.0-beta1/gnu/riscv64-zephyr-elf/riscv64-zephyr-elf/sys-include/sys/syslimits.h:93:9: note: this is the location of the previous definition
   93 | #define _POSIX_TIMER_MAX        32
      |         ^~~~~~~~~~~~~~~~
/scratch/dima/rose-infra/RoSE/soc/sw/xpu-rt/zephyr-chipyard-sw/zephyr_ws/zephyr/include/zephyr/posix/posix_limits.h:54:9: warning: "_POSIX_TRACE_EVENT_NAME_MAX" redefined
   54 | #define _POSIX_TRACE_EVENT_NAME_MAX         (30)
      |         ^~~~~~~~~~~~~~~~~~~~~~~~~~~
/scratch/dima/rose-infra/RoSE/soc/sw/xpu-rt/zephyr-chipyard-sw/tools-manual/zephyr-sdk-1.0.0-beta1/gnu/riscv64-zephyr-elf/riscv64-zephyr-elf/sys-include/sys/syslimits.h:94:9: note: this is the location of the previous definition
   94 | #define _POSIX_TRACE_EVENT_NAME_MAX     30
      |         ^~~~~~~~~~~~~~~~~~~~~~~~~~~
/scratch/dima/rose-infra/RoSE/soc/sw/xpu-rt/zephyr-chipyard-sw/zephyr_ws/zephyr/include/zephyr/posix/posix_limits.h:55:9: warning: "_POSIX_TRACE_NAME_MAX" redefined
   55 | #define _POSIX_TRACE_NAME_MAX               (8)
      |         ^~~~~~~~~~~~~~~~~~~~~
/scratch/dima/rose-infra/RoSE/soc/sw/xpu-rt/zephyr-chipyard-sw/tools-manual/zephyr-sdk-1.0.0-beta1/gnu/riscv64-zephyr-elf/riscv64-zephyr-elf/sys-include/sys/syslimits.h:95:9: note: this is the location of the previous definition
   95 | #define _POSIX_TRACE_NAME_MAX   8
      |         ^~~~~~~~~~~~~~~~~~~~~
/scratch/dima/rose-infra/RoSE/soc/sw/xpu-rt/zephyr-chipyard-sw/zephyr_ws/zephyr/include/zephyr/posix/posix_limits.h:56:9: warning: "_POSIX_TRACE_SYS_MAX" redefined
   56 | #define _POSIX_TRACE_SYS_MAX                (8)
      |         ^~~~~~~~~~~~~~~~~~~~
/scratch/dima/rose-infra/RoSE/soc/sw/xpu-rt/zephyr-chipyard-sw/tools-manual/zephyr-sdk-1.0.0-beta1/gnu/riscv64-zephyr-elf/riscv64-zephyr-elf/sys-include/sys/syslimits.h:96:9: note: this is the location of the previous definition
   96 | #define _POSIX_TRACE_SYS_MAX    8
      |         ^~~~~~~~~~~~~~~~~~~~
/scratch/dima/rose-infra/RoSE/soc/sw/xpu-rt/zephyr-chipyard-sw/zephyr_ws/zephyr/include/zephyr/posix/posix_limits.h:57:9: warning: "_POSIX_TRACE_USER_EVENT_MAX" redefined
   57 | #define _POSIX_TRACE_USER_EVENT_MAX         (32)
      |         ^~~~~~~~~~~~~~~~~~~~~~~~~~~
/scratch/dima/rose-infra/RoSE/soc/sw/xpu-rt/zephyr-chipyard-sw/tools-manual/zephyr-sdk-1.0.0-beta1/gnu/riscv64-zephyr-elf/riscv64-zephyr-elf/sys-include/sys/syslimits.h:97:9: note: this is the location of the previous definition
   97 | #define _POSIX_TRACE_USER_EVENT_MAX     32
      |         ^~~~~~~~~~~~~~~~~~~~~~~~~~~
/scratch/dima/rose-infra/RoSE/soc/sw/xpu-rt/zephyr-chipyard-sw/zephyr_ws/zephyr/include/zephyr/posix/posix_limits.h:58:9: warning: "_POSIX_TTY_NAME_MAX" redefined
   58 | #define _POSIX_TTY_NAME_MAX                 (9)
      |         ^~~~~~~~~~~~~~~~~~~
/scratch/dima/rose-infra/RoSE/soc/sw/xpu-rt/zephyr-chipyard-sw/tools-manual/zephyr-sdk-1.0.0-beta1/gnu/riscv64-zephyr-elf/riscv64-zephyr-elf/sys-include/sys/syslimits.h:98:9: note: this is the location of the previous definition
   98 | #define _POSIX_TTY_NAME_MAX     9
      |         ^~~~~~~~~~~~~~~~~~~
/scratch/dima/rose-infra/RoSE/soc/sw/xpu-rt/zephyr-chipyard-sw/zephyr_ws/zephyr/include/zephyr/posix/posix_limits.h:59:9: warning: "_POSIX_TZNAME_MAX" redefined
   59 | #define _POSIX_TZNAME_MAX                   (6)
      |         ^~~~~~~~~~~~~~~~~
/scratch/dima/rose-infra/RoSE/soc/sw/xpu-rt/zephyr-chipyard-sw/tools-manual/zephyr-sdk-1.0.0-beta1/gnu/riscv64-zephyr-elf/riscv64-zephyr-elf/sys-include/sys/syslimits.h:99:9: note: this is the location of the previous definition
   99 | #define _POSIX_TZNAME_MAX       3
      |         ^~~~~~~~~~~~~~~~~
/scratch/dima/rose-infra/RoSE/soc/sw/xpu-rt/zephyr-chipyard-sw/zephyr_ws/zephyr/include/zephyr/posix/posix_limits.h:60:9: warning: "_POSIX2_BC_BASE_MAX" redefined
   60 | #define _POSIX2_BC_BASE_MAX                 (99)
      |         ^~~~~~~~~~~~~~~~~~~
/scratch/dima/rose-infra/RoSE/soc/sw/xpu-rt/zephyr-chipyard-sw/tools-manual/zephyr-sdk-1.0.0-beta1/gnu/riscv64-zephyr-elf/riscv64-zephyr-elf/sys-include/sys/syslimits.h:100:9: note: this is the location of the previous definition
  100 | #define _POSIX2_BC_BASE_MAX     99
      |         ^~~~~~~~~~~~~~~~~~~
/scratch/dima/rose-infra/RoSE/soc/sw/xpu-rt/zephyr-chipyard-sw/zephyr_ws/zephyr/include/zephyr/posix/posix_limits.h:61:9: warning: "_POSIX2_BC_DIM_MAX" redefined
   61 | #define _POSIX2_BC_DIM_MAX                  (2048)
      |         ^~~~~~~~~~~~~~~~~~
/scratch/dima/rose-infra/RoSE/soc/sw/xpu-rt/zephyr-chipyard-sw/tools-manual/zephyr-sdk-1.0.0-beta1/gnu/riscv64-zephyr-elf/riscv64-zephyr-elf/sys-include/sys/syslimits.h:101:9: note: this is the location of the previous definition
  101 | #define _POSIX2_BC_DIM_MAX      2048
      |         ^~~~~~~~~~~~~~~~~~
/scratch/dima/rose-infra/RoSE/soc/sw/xpu-rt/zephyr-chipyard-sw/zephyr_ws/zephyr/include/zephyr/posix/posix_limits.h:62:9: warning: "_POSIX2_BC_SCALE_MAX" redefined
   62 | #define _POSIX2_BC_SCALE_MAX                (99)
      |         ^~~~~~~~~~~~~~~~~~~~
/scratch/dima/rose-infra/RoSE/soc/sw/xpu-rt/zephyr-chipyard-sw/tools-manual/zephyr-sdk-1.0.0-beta1/gnu/riscv64-zephyr-elf/riscv64-zephyr-elf/sys-include/sys/syslimits.h:102:9: note: this is the location of the previous definition
  102 | #define _POSIX2_BC_SCALE_MAX    99
      |         ^~~~~~~~~~~~~~~~~~~~
/scratch/dima/rose-infra/RoSE/soc/sw/xpu-rt/zephyr-chipyard-sw/zephyr_ws/zephyr/include/zephyr/posix/posix_limits.h:63:9: warning: "_POSIX2_BC_STRING_MAX" redefined
   63 | #define _POSIX2_BC_STRING_MAX               (1000)
      |         ^~~~~~~~~~~~~~~~~~~~~
/scratch/dima/rose-infra/RoSE/soc/sw/xpu-rt/zephyr-chipyard-sw/tools-manual/zephyr-sdk-1.0.0-beta1/gnu/riscv64-zephyr-elf/riscv64-zephyr-elf/sys-include/sys/syslimits.h:103:9: note: this is the location of the previous definition
  103 | #define _POSIX2_BC_STRING_MAX   1000
      |         ^~~~~~~~~~~~~~~~~~~~~
/scratch/dima/rose-infra/RoSE/soc/sw/xpu-rt/zephyr-chipyard-sw/zephyr_ws/zephyr/include/zephyr/posix/posix_limits.h:64:9: warning: "_POSIX2_CHARCLASS_NAME_MAX" redefined
   64 | #define _POSIX2_CHARCLASS_NAME_MAX          (14)
      |         ^~~~~~~~~~~~~~~~~~~~~~~~~~
/scratch/dima/rose-infra/RoSE/soc/sw/xpu-rt/zephyr-chipyard-sw/tools-manual/zephyr-sdk-1.0.0-beta1/gnu/riscv64-zephyr-elf/riscv64-zephyr-elf/sys-include/sys/syslimits.h:104:9: note: this is the location of the previous definition
  104 | #define _POSIX2_CHARCLASS_NAME_MAX      14
      |         ^~~~~~~~~~~~~~~~~~~~~~~~~~
/scratch/dima/rose-infra/RoSE/soc/sw/xpu-rt/zephyr-chipyard-sw/zephyr_ws/zephyr/include/zephyr/posix/posix_limits.h:65:9: warning: "_POSIX2_COLL_WEIGHTS_MAX" redefined
   65 | #define _POSIX2_COLL_WEIGHTS_MAX            (2)
      |         ^~~~~~~~~~~~~~~~~~~~~~~~
/scratch/dima/rose-infra/RoSE/soc/sw/xpu-rt/zephyr-chipyard-sw/tools-manual/zephyr-sdk-1.0.0-beta1/gnu/riscv64-zephyr-elf/riscv64-zephyr-elf/sys-include/sys/syslimits.h:105:9: note: this is the location of the previous definition
  105 | #define _POSIX2_COLL_WEIGHTS_MAX        2
      |         ^~~~~~~~~~~~~~~~~~~~~~~~
/scratch/dima/rose-infra/RoSE/soc/sw/xpu-rt/zephyr-chipyard-sw/zephyr_ws/zephyr/include/zephyr/posix/posix_limits.h:66:9: warning: "_POSIX2_EXPR_NEST_MAX" redefined
   66 | #define _POSIX2_EXPR_NEST_MAX               (32)
      |         ^~~~~~~~~~~~~~~~~~~~~
/scratch/dima/rose-infra/RoSE/soc/sw/xpu-rt/zephyr-chipyard-sw/tools-manual/zephyr-sdk-1.0.0-beta1/gnu/riscv64-zephyr-elf/riscv64-zephyr-elf/sys-include/sys/syslimits.h:106:9: note: this is the location of the previous definition
  106 | #define _POSIX2_EXPR_NEST_MAX   32
      |         ^~~~~~~~~~~~~~~~~~~~~
/scratch/dima/rose-infra/RoSE/soc/sw/xpu-rt/zephyr-chipyard-sw/zephyr_ws/zephyr/include/zephyr/posix/posix_limits.h:67:9: warning: "_POSIX2_LINE_MAX" redefined
   67 | #define _POSIX2_LINE_MAX                    (2048)
      |         ^~~~~~~~~~~~~~~~
/scratch/dima/rose-infra/RoSE/soc/sw/xpu-rt/zephyr-chipyard-sw/tools-manual/zephyr-sdk-1.0.0-beta1/gnu/riscv64-zephyr-elf/riscv64-zephyr-elf/sys-include/sys/syslimits.h:107:9: note: this is the location of the previous definition
  107 | #define _POSIX2_LINE_MAX        2048
      |         ^~~~~~~~~~~~~~~~
/scratch/dima/rose-infra/RoSE/soc/sw/xpu-rt/zephyr-chipyard-sw/zephyr_ws/zephyr/include/zephyr/posix/posix_limits.h:83:9: warning: "ARG_MAX" redefined
   83 | #define ARG_MAX                       _POSIX_ARG_MAX
      |         ^~~~~~~
/scratch/dima/rose-infra/RoSE/soc/sw/xpu-rt/zephyr-chipyard-sw/tools-manual/zephyr-sdk-1.0.0-beta1/gnu/riscv64-zephyr-elf/riscv64-zephyr-elf/sys-include/sys/syslimits.h:41:9: note: this is the location of the previous definition
   41 | #define ARG_MAX                 65536   /* max bytes for an exec function */
      |         ^~~~~~~
/scratch/dima/rose-infra/RoSE/soc/sw/xpu-rt/zephyr-chipyard-sw/zephyr_ws/zephyr/include/zephyr/posix/posix_limits.h:84:9: warning: "ATEXIT_MAX" redefined
   84 | #define ATEXIT_MAX                    (32)
      |         ^~~~~~~~~~
/scratch/dima/rose-infra/RoSE/soc/sw/xpu-rt/zephyr-chipyard-sw/tools-manual/zephyr-sdk-1.0.0-beta1/gnu/riscv64-zephyr-elf/riscv64-zephyr-elf/sys-include/sys/syslimits.h:42:9: note: this is the location of the previous definition
   42 | #define ATEXIT_MAX                 32   /* max atexit functions */
      |         ^~~~~~~~~~
/scratch/dima/rose-infra/RoSE/soc/sw/xpu-rt/zephyr-chipyard-sw/zephyr_ws/zephyr/include/zephyr/posix/posix_limits.h:93:9: warning: "OPEN_MAX" redefined
   93 | #define OPEN_MAX                      CONFIG_POSIX_OPEN_MAX
      |         ^~~~~~~~
/scratch/dima/rose-infra/RoSE/soc/sw/xpu-rt/zephyr-chipyard-sw/tools-manual/zephyr-sdk-1.0.0-beta1/gnu/riscv64-zephyr-elf/riscv64-zephyr-elf/sys-include/sys/syslimits.h:45:9: note: this is the location of the previous definition
   45 | #define OPEN_MAX                   64   /* max open files per process */
      |         ^~~~~~~~
/scratch/dima/rose-infra/RoSE/soc/sw/xpu-rt/zephyr-chipyard-sw/zephyr_ws/zephyr/include/zephyr/posix/posix_limits.h:96:9: warning: "PATH_MAX" redefined
   96 | #define PATH_MAX                      _POSIX_PATH_MAX
      |         ^~~~~~~~
/scratch/dima/rose-infra/RoSE/soc/sw/xpu-rt/zephyr-chipyard-sw/tools-manual/zephyr-sdk-1.0.0-beta1/gnu/riscv64-zephyr-elf/riscv64-zephyr-elf/sys-include/sys/syslimits.h:53:9: note: this is the location of the previous definition
   53 | #define PATH_MAX                 1024   /* max bytes in pathname */
      |         ^~~~~~~~
/scratch/dima/rose-infra/RoSE/soc/sw/xpu-rt/zephyr-chipyard-sw/zephyr_ws/zephyr/include/zephyr/posix/posix_limits.h:114:9: warning: "TZNAME_MAX" redefined
  114 | #define TZNAME_MAX                    _POSIX_TZNAME_MAX
      |         ^~~~~~~~~~
/scratch/dima/rose-infra/RoSE/soc/sw/xpu-rt/zephyr-chipyard-sw/tools-manual/zephyr-sdk-1.0.0-beta1/gnu/riscv64-zephyr-elf/riscv64-zephyr-elf/sys-include/sys/syslimits.h:46:9: note: this is the location of the previous definition
   46 | #define TZNAME_MAX                 10   /* max time zone name length */
      |         ^~~~~~~~~~
[92/128] Building C object zephyr/kernel/CMakeFiles/kernel.dir/mem_slab.c.obj
[93/128] Linking C static library zephyr/drivers/serial/libdrivers__serial.a
[94/128] Building C object zephyr/kernel/CMakeFiles/kernel.dir/idle.c.obj
[95/128] Linking C static library zephyr/drivers/interrupt_controller/libdrivers__interrupt_controller.a
[96/128] Building C object zephyr/kernel/CMakeFiles/kernel.dir/system_work_q.c.obj
[97/128] Building C object zephyr/kernel/CMakeFiles/kernel.dir/init.c.obj
[98/128] Building C object zephyr/kernel/CMakeFiles/kernel.dir/stack.c.obj
[99/128] Building C object zephyr/kernel/CMakeFiles/kernel.dir/sem.c.obj
[100/128] Linking C static library zephyr/lib/posix/c_lib_ext/liblib__posix__c_lib_ext.a
[101/128] Building C object zephyr/kernel/CMakeFiles/kernel.dir/kheap.c.obj
[102/128] Building C object zephyr/kernel/CMakeFiles/kernel.dir/condvar.c.obj
[103/128] Building C object zephyr/kernel/CMakeFiles/kernel.dir/timer.c.obj
[104/128] Building C object zephyr/kernel/CMakeFiles/kernel.dir/mutex.c.obj
[105/128] Building C object zephyr/kernel/CMakeFiles/kernel.dir/msg_q.c.obj
[106/128] Building C object zephyr/kernel/CMakeFiles/kernel.dir/dynamic_disabled.c.obj
[107/128] Building C object zephyr/CMakeFiles/zephyr.dir/lib/os/cbprintf_complete.c.obj
[108/128] Building C object zephyr/kernel/CMakeFiles/kernel.dir/timeslicing.c.obj
[109/128] Building C object zephyr/kernel/CMakeFiles/kernel.dir/mailbox.c.obj
[110/128] Building C object zephyr/kernel/CMakeFiles/kernel.dir/mempool.c.obj
[111/128] Building C object zephyr/kernel/CMakeFiles/kernel.dir/thread.c.obj
[112/128] Building C object zephyr/kernel/CMakeFiles/kernel.dir/queue.c.obj
[113/128] Building C object zephyr/kernel/CMakeFiles/kernel.dir/pipe.c.obj
[114/128] Building C object zephyr/kernel/CMakeFiles/kernel.dir/timeout.c.obj
[115/128] Linking C static library zephyr/libzephyr.a
[116/128] Building C object zephyr/kernel/CMakeFiles/kernel.dir/work.c.obj
[117/128] Building C object zephyr/kernel/CMakeFiles/kernel.dir/sched.c.obj
[118/128] Linking C static library zephyr/kernel/libkernel.a
[119/128] Building C object CMakeFiles/app.dir/scratch/dima/rose-infra/RoSE/soc/sw/xpu-rt/zephyr-chipyard-sw/modelblaster/examples/vint_kcovref/int8/generated/rvv/kernels.c.obj
[120/128] Building C object CMakeFiles/app.dir/scratch/dima/rose-infra/RoSE/soc/sw/xpu-rt/zephyr-chipyard-sw/modelblaster/examples/vint_kcovref/int8/generated/rvv/model.c.obj
[121/128] Building C object CMakeFiles/app.dir/scratch/dima/rose-infra/RoSE/soc/sw/xpu-rt/zephyr-chipyard-sw/modelblaster/examples/vint_kcovref/int8/generated/rvv/weights.c.obj
[122/128] Linking C static library app/libapp.a
[123/128] Linking C executable zephyr/zephyr_pre0.elf
[124/128] Generating linker.cmd
[125/128] Generating isr_tables.c, isr_tables_vt.ld, isr_tables_swi.ld
[126/128] Building C object zephyr/CMakeFiles/zephyr_final.dir/misc/empty_file.c.obj
[127/128] Building C object zephyr/CMakeFiles/zephyr_final.dir/isr_tables.c.obj
[128/128] Linking C executable zephyr/zephyr.elf
Memory region         Used Size  Region Size  %age Used
             RAM:    53480976 B       256 MB     19.92%
        IDT_LIST:           0 B         4 KB      0.00%
Generating files from /scratch/dima/rose-infra/RoSE/soc/sw/xpu-rt/zephyr-chipyard-sw/modelblaster/examples/vint_kcovref/int8/build/rvv/zephyr/zephyr.elf for board: spike_riscv64
MODELBLASTER_STAGE_END:build:37.794
[5/5] spike + compare
MODELBLASTER_STAGE_BEGIN:run
spike: /scratch2/dima/misc_sw/spike
=== MODELBLASTER_RAW_SPIKE_BEGIN ===
*** Booting Zephyr OS build c93d5bdb6078 ***
modelblaster harness: model=vint in=114240 out=21
=== MODELBLASTER_VERIFY === max_abs_err=0.491825104 max_rel_err=0.146037564 n=21
=== MODELBLASTER_OUTPUT_BEGIN ===
19.6729336
0.895590067
-0.0778773949
0.995495498
-0.0948090926
1.71330273
-0.233632177
0.978716969
-0.205214828
2.49207664
-0.467264354
0.935472071
-0.353400558
3.19297314
-0.817712605
0.90015924
-0.435560912
3.73811483
-1.20709956
0.635707259
-0.771930277
=== MODELBLASTER_OUTPUT_END ===
=== MODELBLASTER_PROFILE_BEGIN ===
dispatch_id,name,op,shape,cycles
0,obs_img__cast_f16,cast_i8_to_f16,n=97920,40054
1,slice_2,slice_c_f16,N=1;IC=18;C_start=15;C_end=18;H=64;W=85,3116
2,goal_img__cast_f16,cast_i8_to_f16,n=16320,6647
3,cat,cat2_c1_f16,N=1;H=64;W=85;C_total=6;C_inputs=3|3,5913
4,pad,pad_f16,N=1;C=6;IH=64;IW=85;pad_left=0;pad_right=1;pad_top=0;pad_bottom=1,19478
5,conv2d,conv2d_f16,N=1;IC=6;IH=65;IW=86;OC=32;KH=3;KW=3;SH=2;SW=2;PH=0;PW=0;DH=1;DW=1;groups=1,1262179
6,batch_norm,batchnorm2d_f16,N=1;C=32;H=32;W=42,20573
7,mul__sigmoid,sigmoid_f16,n=43008,104868
8,mul,mul_f16,n=43008,8750
9,conv2d_1,depthwise_conv2d_f16,N=1;IC=1;IH=32;IW=42;OC=32;KH=3;KW=3;SH=1;SW=1;PH=1;PW=1;DH=1;DW=1;groups=32,521216
10,batch_norm_1,batchnorm2d_f16,N=1;C=32;H=32;W=42,20573
11,mul_1__sigmoid,sigmoid_f16,n=43008,104868
12,mul_1,mul_f16,n=43008,8750
13,adaptive_avg_pool2d,adaptive_avg_pool2d_f16,N=1;C=32;IH=32;IW=42;OH=1;OW=1,42885
14,conv2d_2,conv2d_f16,N=1;IC=32;IH=1;IW=1;OC=8;KH=1;KW=1;SH=1;SW=1;PH=0;PW=0;DH=1;DW=1;groups=1,623
15,mul_2__sigmoid,sigmoid_f16,n=8,74
16,mul_2,mul_f16,n=8,26
17,conv2d_3,conv2d_f16,N=1;IC=8;IH=1;IW=1;OC=32;KH=1;KW=1;SH=1;SW=1;PH=0;PW=0;DH=1;DW=1;groups=1,533
18,sigmoid_3,sigmoid_f16,n=32,113
19,mul_3,mul_c1_f16,N=1;C=32;HW=1344,8377
20,conv2d_4,conv2d_f16,N=1;IC=32;IH=32;IW=42;OC=16;KH=1;KW=1;SH=1;SW=1;PH=0;PW=0;DH=1;DW=1;groups=1,327809
21,batch_norm_2,batchnorm2d_f16,N=1;C=16;H=32;W=42,10301
22,conv2d_5,conv2d_f16,N=1;IC=16;IH=32;IW=42;OC=96;KH=1;KW=1;SH=1;SW=1;PH=0;PW=0;DH=1;DW=1;groups=1,1086817
23,batch_norm_3,batchnorm2d_f16,N=1;C=96;H=32;W=42,61661
24,mul_4__sigmoid,sigmoid_f16,n=129024,314532
25,mul_4,mul_f16,n=129024,26222
26,pad_2,pad_f16,N=1;C=96;IH=32;IW=42;pad_left=0;pad_right=1;pad_top=0;pad_bottom=1,116324
27,conv2d_6,depthwise_conv2d_f16,N=1;IC=1;IH=33;IW=43;OC=96;KH=3;KW=3;SH=2;SW=2;PH=0;PW=0;DH=1;DW=1;groups=96,391010
28,batch_norm_4,batchnorm2d_f16,N=1;C=96;H=16;W=21,17021
29,mul_5__sigmoid,sigmoid_f16,n=32256,78660
30,mul_5,mul_f16,n=32256,6566
31,adaptive_avg_pool2d_1,adaptive_avg_pool2d_f16,N=1;C=96;IH=16;IW=21;OH=1;OW=1,42501
32,conv2d_7,conv2d_f16,N=1;IC=96;IH=1;IW=1;OC=4;KH=1;KW=1;SH=1;SW=1;PH=0;PW=0;DH=1;DW=1;groups=1,1263
33,mul_6__sigmoid,sigmoid_f16,n=4,74
34,mul_6,mul_f16,n=4,26
35,conv2d_8,conv2d_f16,N=1;IC=4;IH=1;IW=1;OC=96;KH=1;KW=1;SH=1;SW=1;PH=0;PW=0;DH=1;DW=1;groups=1,893
36,sigmoid_7,sigmoid_f16,n=96,269
37,mul_7,mul_c1_f16,N=1;C=96;HW=336,7801
38,conv2d_9,conv2d_f16,N=1;IC=96;IH=16;IW=21;OC=24;KH=1;KW=1;SH=1;SW=1;PH=0;PW=0;DH=1;DW=1;groups=1,452385
39,batch_norm_5,batchnorm2d_f16,N=1;C=24;H=16;W=21,4277
40,conv2d_10,conv2d_f16,N=1;IC=24;IH=16;IW=21;OC=144;KH=1;KW=1;SH=1;SW=1;PH=0;PW=0;DH=1;DW=1;groups=1,577153
41,batch_norm_6,batchnorm2d_f16,N=1;C=144;H=16;W=21,25517
42,mul_8__sigmoid,sigmoid_f16,n=48384,117972
43,mul_8,mul_f16,n=48384,9842
44,conv2d_11,depthwise_conv2d_f16,N=1;IC=1;IH=16;IW=21;OC=144;KH=3;KW=3;SH=1;SW=1;PH=1;PW=1;DH=1;DW=1;groups=144,562036
45,batch_norm_7,batchnorm2d_f16,N=1;C=144;H=16;W=21,25517
46,mul_9__sigmoid,sigmoid_f16,n=48384,117972
47,mul_9,mul_f16,n=48384,9842
48,adaptive_avg_pool2d_2,adaptive_avg_pool2d_f16,N=1;C=144;IH=16;IW=21;OH=1;OW=1,63717
49,conv2d_12,conv2d_f16,N=1;IC=144;IH=1;IW=1;OC=6;KH=1;KW=1;SH=1;SW=1;PH=0;PW=0;DH=1;DW=1;groups=1,1743
50,mul_10__sigmoid,sigmoid_f16,n=6,74
51,mul_10,mul_f16,n=6,26
52,conv2d_13,conv2d_f16,N=1;IC=6;IH=1;IW=1;OC=144;KH=1;KW=1;SH=1;SW=1;PH=0;PW=0;DH=1;DW=1;groups=1,1403
53,sigmoid_11,sigmoid_f16,n=144,386
54,mul_11,mul_c1_f16,N=1;C=144;HW=336,11689
55,conv2d_14,conv2d_f16,N=1;IC=144;IH=16;IW=21;OC=24;KH=1;KW=1;SH=1;SW=1;PH=0;PW=0;DH=1;DW=1;groups=1,667425
56,batch_norm_8,batchnorm2d_f16,N=1;C=24;H=16;W=21,4277
57,add,add_f16,n=8064,1652
58,conv2d_15,conv2d_f16,N=1;IC=24;IH=16;IW=21;OC=144;KH=1;KW=1;SH=1;SW=1;PH=0;PW=0;DH=1;DW=1;groups=1,577153
59,batch_norm_9,batchnorm2d_f16,N=1;C=144;H=16;W=21,25517
60,mul_12__sigmoid,sigmoid_f16,n=48384,117972
61,mul_12,mul_f16,n=48384,9842
62,pad_4,pad_f16,N=1;C=144;IH=16;IW=21;pad_left=1;pad_right=2;pad_top=1;pad_bottom=2,114980
63,conv2d_16,depthwise_conv2d_f16,N=1;IC=1;IH=19;IW=24;OC=144;KH=5;KW=5;SH=2;SW=2;PH=0;PW=0;DH=1;DW=1;groups=144,312090
64,batch_norm_10,batchnorm2d_f16,N=1;C=144;H=8;W=10,8237
65,mul_13__sigmoid,sigmoid_f16,n=11520,28116
66,mul_13,mul_f16,n=11520,2354
67,adaptive_avg_pool2d_3,adaptive_avg_pool2d_f16,N=1;C=144;IH=8;IW=10;OH=1;OW=1,36069
68,conv2d_17,conv2d_f16,N=1;IC=144;IH=1;IW=1;OC=6;KH=1;KW=1;SH=1;SW=1;PH=0;PW=0;DH=1;DW=1;groups=1,1743
69,mul_14__sigmoid,sigmoid_f16,n=6,74
70,mul_14,mul_f16,n=6,26
71,conv2d_18,conv2d_f16,N=1;IC=6;IH=1;IW=1;OC=144;KH=1;KW=1;SH=1;SW=1;PH=0;PW=0;DH=1;DW=1;groups=1,1403
72,sigmoid_15,sigmoid_f16,n=144,386
73,mul_15,mul_c1_f16,N=1;C=144;HW=80,4777
74,conv2d_19,conv2d_f16,N=1;IC=144;IH=8;IW=10;OC=40;KH=1;KW=1;SH=1;SW=1;PH=0;PW=0;DH=1;DW=1;groups=1,243169
75,batch_norm_11,batchnorm2d_f16,N=1;C=40;H=8;W=10,2309
76,conv2d_20,conv2d_f16,N=1;IC=40;IH=8;IW=10;OC=240;KH=1;KW=1;SH=1;SW=1;PH=0;PW=0;DH=1;DW=1;groups=1,364033
77,batch_norm_12,batchnorm2d_f16,N=1;C=240;H=8;W=10,13709
78,mul_16__sigmoid,sigmoid_f16,n=19200,46836
79,mul_16,mul_f16,n=19200,3914
80,conv2d_21,depthwise_conv2d_f16,N=1;IC=1;IH=8;IW=10;OC=240;KH=5;KW=5;SH=1;SW=1;PH=2;PW=2;DH=1;DW=1;groups=240,436470
81,batch_norm_13,batchnorm2d_f16,N=1;C=240;H=8;W=10,13709
82,mul_17__sigmoid,sigmoid_f16,n=19200,46836
83,mul_17,mul_f16,n=19200,3914
84,adaptive_avg_pool2d_4,adaptive_avg_pool2d_f16,N=1;C=240;IH=8;IW=10;OH=1;OW=1,60069
85,conv2d_22,conv2d_f16,N=1;IC=240;IH=1;IW=1;OC=10;KH=1;KW=1;SH=1;SW=1;PH=0;PW=0;DH=1;DW=1;groups=1,2703
86,mul_18__sigmoid,sigmoid_f16,n=10,74
87,mul_18,mul_f16,n=10,26
88,conv2d_23,conv2d_f16,N=1;IC=10;IH=1;IW=1;OC=240;KH=1;KW=1;SH=1;SW=1;PH=0;PW=0;DH=1;DW=1;groups=1,2783
89,sigmoid_19,sigmoid_f16,n=240,620
90,mul_19,mul_c1_f16,N=1;C=240;HW=80,7945
91,conv2d_24,conv2d_f16,N=1;IC=240;IH=8;IW=10;OC=40;KH=1;KW=1;SH=1;SW=1;PH=0;PW=0;DH=1;DW=1;groups=1,399841
92,batch_norm_14,batchnorm2d_f16,N=1;C=40;H=8;W=10,2309
93,add_1,add_f16,n=3200,664
94,conv2d_25,conv2d_f16,N=1;IC=40;IH=8;IW=10;OC=240;KH=1;KW=1;SH=1;SW=1;PH=0;PW=0;DH=1;DW=1;groups=1,364033
95,batch_norm_15,batchnorm2d_f16,N=1;C=240;H=8;W=10,13709
96,mul_20__sigmoid,sigmoid_f16,n=19200,46836
97,mul_20,mul_f16,n=19200,3914
98,pad_6,pad_f16,N=1;C=240;IH=8;IW=10;pad_left=0;pad_right=1;pad_top=0;pad_bottom=1,77588
99,conv2d_26,depthwise_conv2d_f16,N=1;IC=1;IH=9;IW=11;OC=240;KH=3;KW=3;SH=2;SW=2;PH=0;PW=0;DH=1;DW=1;groups=240,57954
100,batch_norm_16,batchnorm2d_f16,N=1;C=240;H=4;W=5,6509
101,mul_21__sigmoid,sigmoid_f16,n=4800,11736
102,mul_21,mul_f16,n=4800,989
103,adaptive_avg_pool2d_5,adaptive_avg_pool2d_f16,N=1;C=240;IH=4;IW=5;OH=1;OW=1,37029
104,conv2d_27,conv2d_f16,N=1;IC=240;IH=1;IW=1;OC=10;KH=1;KW=1;SH=1;SW=1;PH=0;PW=0;DH=1;DW=1;groups=1,2703
105,mul_22__sigmoid,sigmoid_f16,n=10,74
106,mul_22,mul_f16,n=10,26
107,conv2d_28,conv2d_f16,N=1;IC=10;IH=1;IW=1;OC=240;KH=1;KW=1;SH=1;SW=1;PH=0;PW=0;DH=1;DW=1;groups=1,2783
108,sigmoid_23,sigmoid_f16,n=240,620
109,mul_23,mul_c1_f16,N=1;C=240;HW=20,5065
110,conv2d_29,conv2d_f16,N=1;IC=240;IH=4;IW=5;OC=80;KH=1;KW=1;SH=1;SW=1;PH=0;PW=0;DH=1;DW=1;groups=1,177107
111,batch_norm_17,batchnorm2d_f16,N=1;C=80;H=4;W=5,2189
112,conv2d_30,conv2d_f16,N=1;IC=80;IH=4;IW=5;OC=480;KH=1;KW=1;SH=1;SW=1;PH=0;PW=0;DH=1;DW=1;groups=1,368625
113,batch_norm_18,batchnorm2d_f16,N=1;C=480;H=4;W=5,12989
114,mul_24__sigmoid,sigmoid_f16,n=9600,23436
115,mul_24,mul_f16,n=9600,1964
116,conv2d_31,depthwise_conv2d_f16,N=1;IC=1;IH=4;IW=5;OC=480;KH=3;KW=3;SH=1;SW=1;PH=1;PW=1;DH=1;DW=1;groups=480,98003
117,batch_norm_19,batchnorm2d_f16,N=1;C=480;H=4;W=5,12989
118,mul_25__sigmoid,sigmoid_f16,n=9600,23436
119,mul_25,mul_f16,n=9600,1964
120,adaptive_avg_pool2d_6,adaptive_avg_pool2d_f16,N=1;C=480;IH=4;IW=5;OH=1;OW=1,73989
121,conv2d_32,conv2d_f16,N=1;IC=480;IH=1;IW=1;OC=20;KH=1;KW=1;SH=1;SW=1;PH=0;PW=0;DH=1;DW=1;groups=1,10054
122,mul_26__sigmoid,sigmoid_f16,n=20,113
123,mul_26,mul_f16,n=20,26
124,conv2d_33,conv2d_f16,N=1;IC=20;IH=1;IW=1;OC=480;KH=1;KW=1;SH=1;SW=1;PH=0;PW=0;DH=1;DW=1;groups=1,8333
125,sigmoid_27,sigmoid_f16,n=480,1205
126,mul_27,mul_c1_f16,N=1;C=480;HW=20,10105
127,conv2d_34,conv2d_f16,N=1;IC=480;IH=4;IW=5;OC=80;KH=1;KW=1;SH=1;SW=1;PH=0;PW=0;DH=1;DW=1;groups=1,350684
128,batch_norm_20,batchnorm2d_f16,N=1;C=80;H=4;W=5,2189
129,add_2,add_f16,n=1600,338
130,conv2d_35,conv2d_f16,N=1;IC=80;IH=4;IW=5;OC=480;KH=1;KW=1;SH=1;SW=1;PH=0;PW=0;DH=1;DW=1;groups=1,368625
131,batch_norm_21,batchnorm2d_f16,N=1;C=480;H=4;W=5,12989
132,mul_28__sigmoid,sigmoid_f16,n=9600,23436
133,mul_28,mul_f16,n=9600,1964
134,conv2d_36,depthwise_conv2d_f16,N=1;IC=1;IH=4;IW=5;OC=480;KH=3;KW=3;SH=1;SW=1;PH=1;PW=1;DH=1;DW=1;groups=480,98003
135,batch_norm_22,batchnorm2d_f16,N=1;C=480;H=4;W=5,12989
136,mul_29__sigmoid,sigmoid_f16,n=9600,23436
137,mul_29,mul_f16,n=9600,1964
138,adaptive_avg_pool2d_7,adaptive_avg_pool2d_f16,N=1;C=480;IH=4;IW=5;OH=1;OW=1,73989
139,conv2d_37,conv2d_f16,N=1;IC=480;IH=1;IW=1;OC=20;KH=1;KW=1;SH=1;SW=1;PH=0;PW=0;DH=1;DW=1;groups=1,10054
140,mul_30__sigmoid,sigmoid_f16,n=20,113
141,mul_30,mul_f16,n=20,26
142,conv2d_38,conv2d_f16,N=1;IC=20;IH=1;IW=1;OC=480;KH=1;KW=1;SH=1;SW=1;PH=0;PW=0;DH=1;DW=1;groups=1,8333
143,sigmoid_31,sigmoid_f16,n=480,1205
144,mul_31,mul_c1_f16,N=1;C=480;HW=20,10105
145,conv2d_39,conv2d_f16,N=1;IC=480;IH=4;IW=5;OC=80;KH=1;KW=1;SH=1;SW=1;PH=0;PW=0;DH=1;DW=1;groups=1,350684
146,batch_norm_23,batchnorm2d_f16,N=1;C=80;H=4;W=5,2189
147,add_3,add_f16,n=1600,338
148,conv2d_40,conv2d_f16,N=1;IC=80;IH=4;IW=5;OC=480;KH=1;KW=1;SH=1;SW=1;PH=0;PW=0;DH=1;DW=1;groups=1,368625
149,batch_norm_24,batchnorm2d_f16,N=1;C=480;H=4;W=5,12989
150,mul_32__sigmoid,sigmoid_f16,n=9600,23436
151,mul_32,mul_f16,n=9600,1964
152,conv2d_41,depthwise_conv2d_f16,N=1;IC=1;IH=4;IW=5;OC=480;KH=5;KW=5;SH=1;SW=1;PH=2;PW=2;DH=1;DW=1;groups=480,179543
153,batch_norm_25,batchnorm2d_f16,N=1;C=480;H=4;W=5,12989
154,mul_33__sigmoid,sigmoid_f16,n=9600,23436
155,mul_33,mul_f16,n=9600,1964
156,adaptive_avg_pool2d_8,adaptive_avg_pool2d_f16,N=1;C=480;IH=4;IW=5;OH=1;OW=1,73989
157,conv2d_42,conv2d_f16,N=1;IC=480;IH=1;IW=1;OC=20;KH=1;KW=1;SH=1;SW=1;PH=0;PW=0;DH=1;DW=1;groups=1,10054
158,mul_34__sigmoid,sigmoid_f16,n=20,113
159,mul_34,mul_f16,n=20,26
160,conv2d_43,conv2d_f16,N=1;IC=20;IH=1;IW=1;OC=480;KH=1;KW=1;SH=1;SW=1;PH=0;PW=0;DH=1;DW=1;groups=1,8333
161,sigmoid_35,sigmoid_f16,n=480,1205
162,mul_35,mul_c1_f16,N=1;C=480;HW=20,10105
163,conv2d_44,conv2d_f16,N=1;IC=480;IH=4;IW=5;OC=112;KH=1;KW=1;SH=1;SW=1;PH=0;PW=0;DH=1;DW=1;groups=1,490898
164,batch_norm_26,batchnorm2d_f16,N=1;C=112;H=4;W=5,3053
165,conv2d_45,conv2d_f16,N=1;IC=112;IH=4;IW=5;OC=672;KH=1;KW=1;SH=1;SW=1;PH=0;PW=0;DH=1;DW=1;groups=1,709914
166,batch_norm_27,batchnorm2d_f16,N=1;C=672;H=4;W=5,18173
167,mul_36__sigmoid,sigmoid_f16,n=13440,32796
168,mul_36,mul_f16,n=13440,2744
169,conv2d_46,depthwise_conv2d_f16,N=1;IC=1;IH=4;IW=5;OC=672;KH=5;KW=5;SH=1;SW=1;PH=2;PW=2;DH=1;DW=1;groups=672,251219
170,batch_norm_28,batchnorm2d_f16,N=1;C=672;H=4;W=5,18173
171,mul_37__sigmoid,sigmoid_f16,n=13440,32796
172,mul_37,mul_f16,n=13440,2744
173,adaptive_avg_pool2d_9,adaptive_avg_pool2d_f16,N=1;C=672;IH=4;IW=5;OH=1;OW=1,103557
174,conv2d_47,conv2d_f16,N=1;IC=672;IH=1;IW=1;OC=28;KH=1;KW=1;SH=1;SW=1;PH=0;PW=0;DH=1;DW=1;groups=1,13894
175,mul_38__sigmoid,sigmoid_f16,n=28,113
176,mul_38,mul_f16,n=28,26
177,conv2d_48,conv2d_f16,N=1;IC=28;IH=1;IW=1;OC=672;KH=1;KW=1;SH=1;SW=1;PH=0;PW=0;DH=1;DW=1;groups=1,15014
178,sigmoid_39,sigmoid_f16,n=672,1673
179,mul_39,mul_c1_f16,N=1;C=672;HW=20,14137
180,conv2d_49,conv2d_f16,N=1;IC=672;IH=4;IW=5;OC=112;KH=1;KW=1;SH=1;SW=1;PH=0;PW=0;DH=1;DW=1;groups=1,684434
181,batch_norm_29,batchnorm2d_f16,N=1;C=112;H=4;W=5,3053
182,add_4,add_f16,n=2240,469
183,conv2d_50,conv2d_f16,N=1;IC=112;IH=4;IW=5;OC=672;KH=1;KW=1;SH=1;SW=1;PH=0;PW=0;DH=1;DW=1;groups=1,709914
184,batch_norm_30,batchnorm2d_f16,N=1;C=672;H=4;W=5,18173
185,mul_40__sigmoid,sigmoid_f16,n=13440,32796
186,mul_40,mul_f16,n=13440,2744
187,conv2d_51,depthwise_conv2d_f16,N=1;IC=1;IH=4;IW=5;OC=672;KH=5;KW=5;SH=1;SW=1;PH=2;PW=2;DH=1;DW=1;groups=672,251219
188,batch_norm_31,batchnorm2d_f16,N=1;C=672;H=4;W=5,18173
189,mul_41__sigmoid,sigmoid_f16,n=13440,32796
190,mul_41,mul_f16,n=13440,2744
191,adaptive_avg_pool2d_10,adaptive_avg_pool2d_f16,N=1;C=672;IH=4;IW=5;OH=1;OW=1,103557
192,conv2d_52,conv2d_f16,N=1;IC=672;IH=1;IW=1;OC=28;KH=1;KW=1;SH=1;SW=1;PH=0;PW=0;DH=1;DW=1;groups=1,13894
193,mul_42__sigmoid,sigmoid_f16,n=28,113
194,mul_42,mul_f16,n=28,26
195,conv2d_53,conv2d_f16,N=1;IC=28;IH=1;IW=1;OC=672;KH=1;KW=1;SH=1;SW=1;PH=0;PW=0;DH=1;DW=1;groups=1,15014
196,sigmoid_43,sigmoid_f16,n=672,1673
197,mul_43,mul_c1_f16,N=1;C=672;HW=20,14137
198,conv2d_54,conv2d_f16,N=1;IC=672;IH=4;IW=5;OC=112;KH=1;KW=1;SH=1;SW=1;PH=0;PW=0;DH=1;DW=1;groups=1,684434
199,batch_norm_32,batchnorm2d_f16,N=1;C=112;H=4;W=5,3053
200,add_5,add_f16,n=2240,469
201,conv2d_55,conv2d_f16,N=1;IC=112;IH=4;IW=5;OC=672;KH=1;KW=1;SH=1;SW=1;PH=0;PW=0;DH=1;DW=1;groups=1,709914
202,batch_norm_33,batchnorm2d_f16,N=1;C=672;H=4;W=5,18173
203,mul_44__sigmoid,sigmoid_f16,n=13440,32796
204,mul_44,mul_f16,n=13440,2744
205,pad_12,pad_f16,N=1;C=672;IH=4;IW=5;pad_left=1;pad_right=2;pad_top=1;pad_bottom=2,165380
206,conv2d_56,depthwise_conv2d_f16,N=1;IC=1;IH=7;IW=8;OC=672;KH=5;KW=5;SH=2;SW=2;PH=0;PW=0;DH=1;DW=1;groups=672,72736
207,batch_norm_34,batchnorm2d_f16,N=1;C=672;H=2;W=2,18173
208,mul_45__sigmoid,sigmoid_f16,n=2688,6588
209,mul_45,mul_f16,n=2688,560
210,adaptive_avg_pool2d_11,adaptive_avg_pool2d_f16,N=1;C=672;IH=2;IW=2;OH=1;OW=1,71301
211,conv2d_57,conv2d_f16,N=1;IC=672;IH=1;IW=1;OC=28;KH=1;KW=1;SH=1;SW=1;PH=0;PW=0;DH=1;DW=1;groups=1,13894
212,mul_46__sigmoid,sigmoid_f16,n=28,113
213,mul_46,mul_f16,n=28,26
214,conv2d_58,conv2d_f16,N=1;IC=28;IH=1;IW=1;OC=672;KH=1;KW=1;SH=1;SW=1;PH=0;PW=0;DH=1;DW=1;groups=1,15014
215,sigmoid_47,sigmoid_f16,n=672,1673
216,mul_47,mul_c1_f16,N=1;C=672;HW=4,14137
217,conv2d_59,conv2d_f16,N=1;IC=672;IH=2;IW=2;OC=192;KH=1;KW=1;SH=1;SW=1;PH=0;PW=0;DH=1;DW=1;groups=1,261737
218,batch_norm_35,batchnorm2d_f16,N=1;C=192;H=2;W=2,5213
219,conv2d_60,conv2d_f16,N=1;IC=192;IH=2;IW=2;OC=1152;KH=1;KW=1;SH=1;SW=1;PH=0;PW=0;DH=1;DW=1;groups=1,456575
220,batch_norm_36,batchnorm2d_f16,N=1;C=1152;H=2;W=2,31133
221,mul_48__sigmoid,sigmoid_f16,n=4608,11268
222,mul_48,mul_f16,n=4608,950
223,conv2d_61,depthwise_conv2d_f16,N=1;IC=1;IH=2;IW=2;OC=1152;KH=5;KW=5;SH=1;SW=1;PH=2;PW=2;DH=1;DW=1;groups=1152,51567
224,batch_norm_37,batchnorm2d_f16,N=1;C=1152;H=2;W=2,31133
225,mul_49__sigmoid,sigmoid_f16,n=4608,11268
226,mul_49,mul_f16,n=4608,950
227,adaptive_avg_pool2d_12,adaptive_avg_pool2d_f16,N=1;C=1152;IH=2;IW=2;OH=1;OW=1,122181
228,conv2d_62,conv2d_f16,N=1;IC=1152;IH=1;IW=1;OC=48;KH=1;KW=1;SH=1;SW=1;PH=0;PW=0;DH=1;DW=1;groups=1,35164
229,mul_50__sigmoid,sigmoid_f16,n=48,152
230,mul_50,mul_f16,n=48,26
231,conv2d_63,conv2d_f16,N=1;IC=48;IH=1;IW=1;OC=1152;KH=1;KW=1;SH=1;SW=1;PH=0;PW=0;DH=1;DW=1;groups=1,40160
232,sigmoid_51,sigmoid_f16,n=1152,2843
233,mul_51,mul_c1_f16,N=1;C=1152;HW=4,24217
234,conv2d_64,conv2d_f16,N=1;IC=1152;IH=2;IW=2;OC=192;KH=1;KW=1;SH=1;SW=1;PH=0;PW=0;DH=1;DW=1;groups=1,446055
235,batch_norm_38,batchnorm2d_f16,N=1;C=192;H=2;W=2,5213
236,add_6,add_f16,n=768,169
237,conv2d_65,conv2d_f16,N=1;IC=192;IH=2;IW=2;OC=1152;KH=1;KW=1;SH=1;SW=1;PH=0;PW=0;DH=1;DW=1;groups=1,456575
238,batch_norm_39,batchnorm2d_f16,N=1;C=1152;H=2;W=2,31133
239,mul_52__sigmoid,sigmoid_f16,n=4608,11268
240,mul_52,mul_f16,n=4608,950
241,conv2d_66,depthwise_conv2d_f16,N=1;IC=1;IH=2;IW=2;OC=1152;KH=5;KW=5;SH=1;SW=1;PH=2;PW=2;DH=1;DW=1;groups=1152,51567
242,batch_norm_40,batchnorm2d_f16,N=1;C=1152;H=2;W=2,31133
243,mul_53__sigmoid,sigmoid_f16,n=4608,11268
244,mul_53,mul_f16,n=4608,950
245,adaptive_avg_pool2d_13,adaptive_avg_pool2d_f16,N=1;C=1152;IH=2;IW=2;OH=1;OW=1,122181
246,conv2d_67,conv2d_f16,N=1;IC=1152;IH=1;IW=1;OC=48;KH=1;KW=1;SH=1;SW=1;PH=0;PW=0;DH=1;DW=1;groups=1,35164
247,mul_54__sigmoid,sigmoid_f16,n=48,152
248,mul_54,mul_f16,n=48,26
249,conv2d_68,conv2d_f16,N=1;IC=48;IH=1;IW=1;OC=1152;KH=1;KW=1;SH=1;SW=1;PH=0;PW=0;DH=1;DW=1;groups=1,40160
250,sigmoid_55,sigmoid_f16,n=1152,2843
251,mul_55,mul_c1_f16,N=1;C=1152;HW=4,24217
252,conv2d_69,conv2d_f16,N=1;IC=1152;IH=2;IW=2;OC=192;KH=1;KW=1;SH=1;SW=1;PH=0;PW=0;DH=1;DW=1;groups=1,446055
253,batch_norm_41,batchnorm2d_f16,N=1;C=192;H=2;W=2,5213
254,add_7,add_f16,n=768,169
255,conv2d_70,conv2d_f16,N=1;IC=192;IH=2;IW=2;OC=1152;KH=1;KW=1;SH=1;SW=1;PH=0;PW=0;DH=1;DW=1;groups=1,456575
256,batch_norm_42,batchnorm2d_f16,N=1;C=1152;H=2;W=2,31133
257,mul_56__sigmoid,sigmoid_f16,n=4608,11268
258,mul_56,mul_f16,n=4608,950
259,conv2d_71,depthwise_conv2d_f16,N=1;IC=1;IH=2;IW=2;OC=1152;KH=5;KW=5;SH=1;SW=1;PH=2;PW=2;DH=1;DW=1;groups=1152,51567
260,batch_norm_43,batchnorm2d_f16,N=1;C=1152;H=2;W=2,31133
261,mul_57__sigmoid,sigmoid_f16,n=4608,11268
262,mul_57,mul_f16,n=4608,950
263,adaptive_avg_pool2d_14,adaptive_avg_pool2d_f16,N=1;C=1152;IH=2;IW=2;OH=1;OW=1,122181
264,conv2d_72,conv2d_f16,N=1;IC=1152;IH=1;IW=1;OC=48;KH=1;KW=1;SH=1;SW=1;PH=0;PW=0;DH=1;DW=1;groups=1,35164
265,mul_58__sigmoid,sigmoid_f16,n=48,152
266,mul_58,mul_f16,n=48,26
267,conv2d_73,conv2d_f16,N=1;IC=48;IH=1;IW=1;OC=1152;KH=1;KW=1;SH=1;SW=1;PH=0;PW=0;DH=1;DW=1;groups=1,40160
268,sigmoid_59,sigmoid_f16,n=1152,2843
269,mul_59,mul_c1_f16,N=1;C=1152;HW=4,24217
270,conv2d_74,conv2d_f16,N=1;IC=1152;IH=2;IW=2;OC=192;KH=1;KW=1;SH=1;SW=1;PH=0;PW=0;DH=1;DW=1;groups=1,446055
271,batch_norm_44,batchnorm2d_f16,N=1;C=192;H=2;W=2,5213
272,add_8,add_f16,n=768,169
273,conv2d_75,conv2d_f16,N=1;IC=192;IH=2;IW=2;OC=1152;KH=1;KW=1;SH=1;SW=1;PH=0;PW=0;DH=1;DW=1;groups=1,456575
274,batch_norm_45,batchnorm2d_f16,N=1;C=1152;H=2;W=2,31133
275,mul_60__sigmoid,sigmoid_f16,n=4608,11268
276,mul_60,mul_f16,n=4608,950
277,conv2d_76,depthwise_conv2d_f16,N=1;IC=1;IH=2;IW=2;OC=1152;KH=3;KW=3;SH=1;SW=1;PH=1;PW=1;DH=1;DW=1;groups=1152,38607
278,batch_norm_46,batchnorm2d_f16,N=1;C=1152;H=2;W=2,31133
279,mul_61__sigmoid,sigmoid_f16,n=4608,11268
280,mul_61,mul_f16,n=4608,950
281,adaptive_avg_pool2d_15,adaptive_avg_pool2d_f16,N=1;C=1152;IH=2;IW=2;OH=1;OW=1,122181
282,conv2d_77,conv2d_f16,N=1;IC=1152;IH=1;IW=1;OC=48;KH=1;KW=1;SH=1;SW=1;PH=0;PW=0;DH=1;DW=1;groups=1,35164
283,mul_62__sigmoid,sigmoid_f16,n=48,152
284,mul_62,mul_f16,n=48,26
285,conv2d_78,conv2d_f16,N=1;IC=48;IH=1;IW=1;OC=1152;KH=1;KW=1;SH=1;SW=1;PH=0;PW=0;DH=1;DW=1;groups=1,40160
286,sigmoid_63,sigmoid_f16,n=1152,2843
287,mul_63,mul_c1_f16,N=1;C=1152;HW=4,24217
288,conv2d_79,conv2d_f16,N=1;IC=1152;IH=2;IW=2;OC=320;KH=1;KW=1;SH=1;SW=1;PH=0;PW=0;DH=1;DW=1;groups=1,743327
289,batch_norm_47,batchnorm2d_f16,N=1;C=320;H=2;W=2,8669
290,conv2d_80,conv2d_f16,N=1;IC=320;IH=2;IW=2;OC=1280;KH=1;KW=1;SH=1;SW=1;PH=0;PW=0;DH=1;DW=1;groups=1,837629
291,batch_norm_48,batchnorm2d_f16,N=1;C=1280;H=2;W=2,34589
292,mul_64__sigmoid,sigmoid_f16,n=5120,12516
293,mul_64,mul_f16,n=5120,1054
294,adaptive_avg_pool2d_16,adaptive_avg_pool2d_f16,N=1;C=1280;IH=2;IW=2;OH=1;OW=1,135749
295,linear,linear_f16,M=1;K=1280;N=512,153280
296,pad_17,pad_s8,N=6;C=3;IH=64;IW=85;pad_left=0;pad_right=1;pad_top=0;pad_bottom=1,39764
297,conv2d_81,conv2d_s8_pc,N=6;IC=3;IH=65;IW=86;OC=32;KH=3;KW=3;SH=2;SW=2;PH=0;PW=0;DH=1;DW=1;groups=1,18417824
298,mul_65__sigmoid,sigmoid_s8,n=258048,67967
299,mul_65,mul_s8,n=258048,193572
300,conv2d_82,depthwise_conv2d_s8,N=6;IC=1;IH=32;IW=42;OC=32;KH=3;KW=3;SH=1;SW=1;PH=1;PW=1;DH=1;DW=1;groups=32,20662744
301,mul_66__sigmoid,sigmoid_s8,n=258048,64794
302,mul_66,mul_s8,n=258048,193572
303,adaptive_avg_pool2d_17,adaptive_avg_pool2d_s8,N=6;C=32;IH=32;IW=42;OH=1;OW=1,218661
304,conv2d_83,conv2d_s8_pc,N=6;IC=32;IH=1;IW=1;OC=8;KH=1;KW=1;SH=1;SW=1;PH=0;PW=0;DH=1;DW=1;groups=1,19863
305,mul_67__sigmoid,sigmoid_s8,n=48,4687
306,mul_67,mul_s8,n=48,84
307,conv2d_84,conv2d_s8_pc,N=6;IC=8;IH=1;IW=1;OC=32;KH=1;KW=1;SH=1;SW=1;PH=0;PW=0;DH=1;DW=1;groups=1,16671
308,sigmoid_68,sigmoid_s8,n=192,16402
309,mul_68,mul_c1_s8,N=6;C=32;HW=1344,163660
310,conv2d_85,conv2d_s8_pc,N=6;IC=32;IH=32;IW=42;OC=16;KH=1;KW=1;SH=1;SW=1;PH=0;PW=0;DH=1;DW=1;groups=1,17514928
311,conv2d_86,conv2d_s8_pc,N=6;IC=16;IH=32;IW=42;OC=96;KH=1;KW=1;SH=1;SW=1;PH=0;PW=0;DH=1;DW=1;groups=1,44459104
312,mul_69__sigmoid,sigmoid_s8,n=774144,166122
313,mul_69,mul_s8,n=774144,580644
314,pad_19,pad_s8,N=6;C=96;IH=32;IW=42;pad_left=0;pad_right=1;pad_top=0;pad_bottom=1,641793
315,conv2d_87,depthwise_conv2d_s8,N=6;IC=1;IH=33;IW=43;OC=96;KH=3;KW=3;SH=2;SW=2;PH=0;PW=0;DH=1;DW=1;groups=96,49119255
316,mul_70__sigmoid,sigmoid_s8,n=193536,70152
317,mul_70,mul_s8,n=193536,145189
318,adaptive_avg_pool2d_18,adaptive_avg_pool2d_s8,N=6;C=96;IH=16;IW=21;OH=1;OW=1,240849
319,conv2d_88,conv2d_s8_pc,N=6;IC=96;IH=1;IW=1;OC=4;KH=1;KW=1;SH=1;SW=1;PH=0;PW=0;DH=1;DW=1;groups=1,48371
320,mul_71__sigmoid,sigmoid_s8,n=24,2797
321,mul_71,mul_s8,n=24,60
322,conv2d_89,conv2d_s8_pc,N=6;IC=4;IH=1;IW=1;OC=96;KH=1;KW=1;SH=1;SW=1;PH=0;PW=0;DH=1;DW=1;groups=1,35919
323,sigmoid_72,sigmoid_s8,n=576,18382
324,mul_72,mul_c1_s8,N=6;C=96;HW=336,133708
325,conv2d_90,conv2d_s8_pc,N=6;IC=96;IH=16;IW=21;OC=24;KH=1;KW=1;SH=1;SW=1;PH=0;PW=0;DH=1;DW=1;groups=1,12299944
326,conv2d_91,conv2d_s8_pc,N=6;IC=24;IH=16;IW=21;OC=144;KH=1;KW=1;SH=1;SW=1;PH=0;PW=0;DH=1;DW=1;groups=1,17679862
327,mul_73__sigmoid,sigmoid_s8,n=290304,88949
328,mul_73,mul_s8,n=290304,217765
329,conv2d_92,depthwise_conv2d_s8,N=6;IC=1;IH=16;IW=21;OC=144;KH=3;KW=3;SH=1;SW=1;PH=1;PW=1;DH=1;DW=1;groups=144,26772185
330,mul_74__sigmoid,sigmoid_s8,n=290304,83583
331,mul_74,mul_s8,n=290304,217765
332,adaptive_avg_pool2d_19,adaptive_avg_pool2d_s8,N=6;C=144;IH=16;IW=21;OH=1;OW=1,361227
333,conv2d_93,conv2d_s8_pc,N=6;IC=144;IH=1;IW=1;OC=6;KH=1;KW=1;SH=1;SW=1;PH=0;PW=0;DH=1;DW=1;groups=1,73994
334,mul_75__sigmoid,sigmoid_s8,n=36,4153
335,mul_75,mul_s8,n=36,84
336,conv2d_94,conv2d_s8_pc,N=6;IC=6;IH=1;IW=1;OC=144;KH=1;KW=1;SH=1;SW=1;PH=0;PW=0;DH=1;DW=1;groups=1,57927
337,sigmoid_76,sigmoid_s8,n=864,24362
338,mul_76,mul_c1_s8,N=6;C=144;HW=336,200524
339,conv2d_95,conv2d_s8_pc,N=6;IC=144;IH=16;IW=21;OC=24;KH=1;KW=1;SH=1;SW=1;PH=0;PW=0;DH=1;DW=1;groups=1,17258152
340,add_9,add_s8,n=48384,39349
341,conv2d_96,conv2d_s8_pc,N=6;IC=24;IH=16;IW=21;OC=144;KH=1;KW=1;SH=1;SW=1;PH=0;PW=0;DH=1;DW=1;groups=1,17679868
342,mul_77__sigmoid,sigmoid_s8,n=290304,88489
343,mul_77,mul_s8,n=290304,217765
344,pad_21,pad_s8,N=6;C=144;IH=16;IW=21;pad_left=1;pad_right=2;pad_top=1;pad_bottom=2,631713
345,conv2d_97,depthwise_conv2d_s8,N=6;IC=1;IH=19;IW=24;OC=144;KH=5;KW=5;SH=2;SW=2;PH=0;PW=0;DH=1;DW=1;groups=144,39322647
346,mul_78__sigmoid,sigmoid_s8,n=69120,45166
347,mul_78,mul_s8,n=69120,51877
348,adaptive_avg_pool2d_20,adaptive_avg_pool2d_s8,N=6;C=144;IH=8;IW=10;OH=1;OW=1,230253
349,conv2d_98,conv2d_s8_pc,N=6;IC=144;IH=1;IW=1;OC=6;KH=1;KW=1;SH=1;SW=1;PH=0;PW=0;DH=1;DW=1;groups=1,74006
350,mul_79__sigmoid,sigmoid_s8,n=36,4105
351,mul_79,mul_s8,n=36,84
352,conv2d_99,conv2d_s8_pc,N=6;IC=6;IH=1;IW=1;OC=144;KH=1;KW=1;SH=1;SW=1;PH=0;PW=0;DH=1;DW=1;groups=1,57927
353,sigmoid_80,sigmoid_s8,n=864,23190
354,mul_80,mul_c1_s8,N=6;C=144;HW=80,62284
355,conv2d_100,conv2d_s8_pc,N=6;IC=144;IH=8;IW=10;OC=40;KH=1;KW=1;SH=1;SW=1;PH=0;PW=0;DH=1;DW=1;groups=1,4973784
356,conv2d_101,conv2d_s8_pc,N=6;IC=40;IH=8;IW=10;OC=240;KH=1;KW=1;SH=1;SW=1;PH=0;PW=0;DH=1;DW=1;groups=1,7826224
357,mul_81__sigmoid,sigmoid_s8,n=115200,48277
358,mul_81,mul_s8,n=115200,86437
359,conv2d_102,depthwise_conv2d_s8,N=6;IC=1;IH=8;IW=10;OC=240;KH=5;KW=5;SH=1;SW=1;PH=2;PW=2;DH=1;DW=1;groups=240,28562681
360,mul_82__sigmoid,sigmoid_s8,n=115200,47918
361,mul_82,mul_s8,n=115200,86437
362,adaptive_avg_pool2d_21,adaptive_avg_pool2d_s8,N=6;C=240;IH=8;IW=10;OH=1;OW=1,383229
363,conv2d_103,conv2d_s8_pc,N=6;IC=240;IH=1;IW=1;OC=10;KH=1;KW=1;SH=1;SW=1;PH=0;PW=0;DH=1;DW=1;groups=1,129845
364,mul_83__sigmoid,sigmoid_s8,n=60,7375
365,mul_83,mul_s8,n=60,84
366,conv2d_104,conv2d_s8_pc,N=6;IC=10;IH=1;IW=1;OC=240;KH=1;KW=1;SH=1;SW=1;PH=0;PW=0;DH=1;DW=1;groups=1,110871
367,sigmoid_84,sigmoid_s8,n=1440,20179
368,mul_84,mul_c1_s8,N=6;C=240;HW=80,103756
369,conv2d_105,conv2d_s8_pc,N=6;IC=240;IH=8;IW=10;OC=40;KH=1;KW=1;SH=1;SW=1;PH=0;PW=0;DH=1;DW=1;groups=1,7677144
370,add_10,add_s8,n=19200,15637
371,conv2d_106,conv2d_s8_pc,N=6;IC=40;IH=8;IW=10;OC=240;KH=1;KW=1;SH=1;SW=1;PH=0;PW=0;DH=1;DW=1;groups=1,7826224
372,mul_85__sigmoid,sigmoid_s8,n=115200,47960
373,mul_85,mul_s8,n=115200,86437
374,pad_23,pad_s8,N=6;C=240;IH=8;IW=10;pad_left=0;pad_right=1;pad_top=0;pad_bottom=1,429249
375,conv2d_107,depthwise_conv2d_s8,N=6;IC=1;IH=9;IW=11;OC=240;KH=3;KW=3;SH=2;SW=2;PH=0;PW=0;DH=1;DW=1;groups=240,7417683
376,mul_86__sigmoid,sigmoid_s8,n=28800,36938
377,mul_86,mul_s8,n=28800,21637
378,adaptive_avg_pool2d_22,adaptive_avg_pool2d_s8,N=6;C=240;IH=4;IW=5;OH=1;OW=1,274107
379,conv2d_108,conv2d_s8_pc,N=6;IC=240;IH=1;IW=1;OC=10;KH=1;KW=1;SH=1;SW=1;PH=0;PW=0;DH=1;DW=1;groups=1,129881
380,mul_87__sigmoid,sigmoid_s8,n=60,7399
381,mul_87,mul_s8,n=60,84
382,conv2d_109,conv2d_s8_pc,N=6;IC=10;IH=1;IW=1;OC=240;KH=1;KW=1;SH=1;SW=1;PH=0;PW=0;DH=1;DW=1;groups=1,110871
383,sigmoid_88,sigmoid_s8,n=1440,20082
384,mul_88,mul_c1_s8,N=6;C=240;HW=20,46156
385,conv2d_110,conv2d_s8_pc,N=6;IC=240;IH=4;IW=5;OC=80;KH=1;KW=1;SH=1;SW=1;PH=0;PW=0;DH=1;DW=1;groups=1,2958464
386,conv2d_111,conv2d_s8_pc,N=6;IC=80;IH=4;IW=5;OC=480;KH=1;KW=1;SH=1;SW=1;PH=0;PW=0;DH=1;DW=1;groups=1,5651464
387,mul_89__sigmoid,sigmoid_s8,n=57600,25876
388,mul_89,mul_s8,n=57600,43237
389,conv2d_112,depthwise_conv2d_s8,N=6;IC=1;IH=4;IW=5;OC=480;KH=3;KW=3;SH=1;SW=1;PH=1;PW=1;DH=1;DW=1;groups=480,8810201
390,mul_90__sigmoid,sigmoid_s8,n=57600,35655
391,mul_90,mul_s8,n=57600,43237
392,adaptive_avg_pool2d_23,adaptive_avg_pool2d_s8,N=6;C=480;IH=4;IW=5;OH=1;OW=1,546849
393,conv2d_113,conv2d_s8_pc,N=6;IC=480;IH=1;IW=1;OC=20;KH=1;KW=1;SH=1;SW=1;PH=0;PW=0;DH=1;DW=1;groups=1,354835
394,mul_91__sigmoid,sigmoid_s8,n=120,12661
395,mul_91,mul_s8,n=120,132
396,conv2d_114,conv2d_s8_pc,N=6;IC=20;IH=1;IW=1;OC=480;KH=1;KW=1;SH=1;SW=1;PH=0;PW=0;DH=1;DW=1;groups=1,295311
397,sigmoid_92,sigmoid_s8,n=2880,9878
398,mul_92,mul_c1_s8,N=6;C=480;HW=20,92236
399,conv2d_115,conv2d_s8_pc,N=6;IC=480;IH=4;IW=5;OC=80;KH=1;KW=1;SH=1;SW=1;PH=0;PW=0;DH=1;DW=1;groups=1,5473664
400,add_11,add_s8,n=9600,7837
401,conv2d_116,conv2d_s8_pc,N=6;IC=80;IH=4;IW=5;OC=480;KH=1;KW=1;SH=1;SW=1;PH=0;PW=0;DH=1;DW=1;groups=1,5651464
402,mul_93__sigmoid,sigmoid_s8,n=57600,26483
403,mul_93,mul_s8,n=57600,43237
404,conv2d_117,depthwise_conv2d_s8,N=6;IC=1;IH=4;IW=5;OC=480;KH=3;KW=3;SH=1;SW=1;PH=1;PW=1;DH=1;DW=1;groups=480,8810201
405,mul_94__sigmoid,sigmoid_s8,n=57600,30323
406,mul_94,mul_s8,n=57600,43237
407,adaptive_avg_pool2d_24,adaptive_avg_pool2d_s8,N=6;C=480;IH=4;IW=5;OH=1;OW=1,546579
408,conv2d_118,conv2d_s8_pc,N=6;IC=480;IH=1;IW=1;OC=20;KH=1;KW=1;SH=1;SW=1;PH=0;PW=0;DH=1;DW=1;groups=1,354835
409,mul_95__sigmoid,sigmoid_s8,n=120,14239
410,mul_95,mul_s8,n=120,132
411,conv2d_119,conv2d_s8_pc,N=6;IC=20;IH=1;IW=1;OC=480;KH=1;KW=1;SH=1;SW=1;PH=0;PW=0;DH=1;DW=1;groups=1,295311
412,sigmoid_96,sigmoid_s8,n=2880,18674
413,mul_96,mul_c1_s8,N=6;C=480;HW=20,92236
414,conv2d_120,conv2d_s8_pc,N=6;IC=480;IH=4;IW=5;OC=80;KH=1;KW=1;SH=1;SW=1;PH=0;PW=0;DH=1;DW=1;groups=1,5473664
415,add_12,add_s8,n=9600,7837
416,conv2d_121,conv2d_s8_pc,N=6;IC=80;IH=4;IW=5;OC=480;KH=1;KW=1;SH=1;SW=1;PH=0;PW=0;DH=1;DW=1;groups=1,5651464
417,mul_97__sigmoid,sigmoid_s8,n=57600,26472
418,mul_97,mul_s8,n=57600,43237
419,conv2d_122,depthwise_conv2d_s8,N=6;IC=1;IH=4;IW=5;OC=480;KH=5;KW=5;SH=1;SW=1;PH=2;PW=2;DH=1;DW=1;groups=480,21827801
420,mul_98__sigmoid,sigmoid_s8,n=57600,29425
421,mul_98,mul_s8,n=57600,43237
422,adaptive_avg_pool2d_25,adaptive_avg_pool2d_s8,N=6;C=480;IH=4;IW=5;OH=1;OW=1,546327
423,conv2d_123,conv2d_s8_pc,N=6;IC=480;IH=1;IW=1;OC=20;KH=1;KW=1;SH=1;SW=1;PH=0;PW=0;DH=1;DW=1;groups=1,354835
424,mul_99__sigmoid,sigmoid_s8,n=120,11036
425,mul_99,mul_s8,n=120,132
426,conv2d_124,conv2d_s8_pc,N=6;IC=20;IH=1;IW=1;OC=480;KH=1;KW=1;SH=1;SW=1;PH=0;PW=0;DH=1;DW=1;groups=1,295311
427,sigmoid_100,sigmoid_s8,n=2880,5928
428,mul_100,mul_c1_s8,N=6;C=480;HW=20,92236
429,conv2d_125,conv2d_s8_pc,N=6;IC=480;IH=4;IW=5;OC=112;KH=1;KW=1;SH=1;SW=1;PH=0;PW=0;DH=1;DW=1;groups=1,6693648
430,conv2d_126,conv2d_s8_pc,N=6;IC=112;IH=4;IW=5;OC=672;KH=1;KW=1;SH=1;SW=1;PH=0;PW=0;DH=1;DW=1;groups=1,9372520
431,mul_101__sigmoid,sigmoid_s8,n=80640,30433
432,mul_101,mul_s8,n=80640,60517
433,conv2d_127,depthwise_conv2d_s8,N=6;IC=1;IH=4;IW=5;OC=672;KH=5;KW=5;SH=1;SW=1;PH=2;PW=2;DH=1;DW=1;groups=672,30558809
434,mul_102__sigmoid,sigmoid_s8,n=80640,29910
435,mul_102,mul_s8,n=80640,60517
436,adaptive_avg_pool2d_26,adaptive_avg_pool2d_s8,N=6;C=672;IH=4;IW=5;OH=1;OW=1,762861
437,conv2d_128,conv2d_s8_pc,N=6;IC=672;IH=1;IW=1;OC=28;KH=1;KW=1;SH=1;SW=1;PH=0;PW=0;DH=1;DW=1;groups=1,538715
438,mul_103__sigmoid,sigmoid_s8,n=168,1577
439,mul_103,mul_s8,n=168,180
440,conv2d_129,conv2d_s8_pc,N=6;IC=28;IH=1;IW=1;OC=672;KH=1;KW=1;SH=1;SW=1;PH=0;PW=0;DH=1;DW=1;groups=1,496431
441,sigmoid_104,sigmoid_s8,n=4032,2733
442,mul_104,mul_c1_s8,N=6;C=672;HW=20,129100
443,conv2d_130,conv2d_s8_pc,N=6;IC=672;IH=4;IW=5;OC=112;KH=1;KW=1;SH=1;SW=1;PH=0;PW=0;DH=1;DW=1;groups=1,9123600
444,add_13,add_s8,n=13440,10957
445,conv2d_131,conv2d_s8_pc,N=6;IC=112;IH=4;IW=5;OC=672;KH=1;KW=1;SH=1;SW=1;PH=0;PW=0;DH=1;DW=1;groups=1,9372520
446,mul_105__sigmoid,sigmoid_s8,n=80640,28072
447,mul_105,mul_s8,n=80640,60517
448,conv2d_132,depthwise_conv2d_s8,N=6;IC=1;IH=4;IW=5;OC=672;KH=5;KW=5;SH=1;SW=1;PH=2;PW=2;DH=1;DW=1;groups=672,30558809
449,mul_106__sigmoid,sigmoid_s8,n=80640,28999
450,mul_106,mul_s8,n=80640,60517
451,adaptive_avg_pool2d_27,adaptive_avg_pool2d_s8,N=6;C=672;IH=4;IW=5;OH=1;OW=1,762891
452,conv2d_133,conv2d_s8_pc,N=6;IC=672;IH=1;IW=1;OC=28;KH=1;KW=1;SH=1;SW=1;PH=0;PW=0;DH=1;DW=1;groups=1,538715
453,mul_107__sigmoid,sigmoid_s8,n=168,2457
454,mul_107,mul_s8,n=168,180
455,conv2d_134,conv2d_s8_pc,N=6;IC=28;IH=1;IW=1;OC=672;KH=1;KW=1;SH=1;SW=1;PH=0;PW=0;DH=1;DW=1;groups=1,496431
456,sigmoid_108,sigmoid_s8,n=4032,5028
457,mul_108,mul_c1_s8,N=6;C=672;HW=20,129100
458,conv2d_135,conv2d_s8_pc,N=6;IC=672;IH=4;IW=5;OC=112;KH=1;KW=1;SH=1;SW=1;PH=0;PW=0;DH=1;DW=1;groups=1,9123600
459,add_14,add_s8,n=13440,10957
460,conv2d_136,conv2d_s8_pc,N=6;IC=112;IH=4;IW=5;OC=672;KH=1;KW=1;SH=1;SW=1;PH=0;PW=0;DH=1;DW=1;groups=1,9372520
461,mul_109__sigmoid,sigmoid_s8,n=80640,26750
462,mul_109,mul_s8,n=80640,60517
463,pad_29,pad_s8,N=6;C=672;IH=4;IW=5;pad_left=1;pad_right=2;pad_top=1;pad_bottom=2,915393
464,conv2d_137,depthwise_conv2d_s8,N=6;IC=1;IH=7;IW=8;OC=672;KH=5;KW=5;SH=2;SW=2;PH=0;PW=0;DH=1;DW=1;groups=672,9379292
465,mul_110__sigmoid,sigmoid_s8,n=16128,33966
466,mul_110,mul_s8,n=16128,12133
467,adaptive_avg_pool2d_28,adaptive_avg_pool2d_s8,N=6;C=672;IH=2;IW=2;OH=1;OW=1,611967
468,conv2d_138,conv2d_s8_pc,N=6;IC=672;IH=1;IW=1;OC=28;KH=1;KW=1;SH=1;SW=1;PH=0;PW=0;DH=1;DW=1;groups=1,538715
469,mul_111__sigmoid,sigmoid_s8,n=168,13071
470,mul_111,mul_s8,n=168,180
471,conv2d_139,conv2d_s8_pc,N=6;IC=28;IH=1;IW=1;OC=672;KH=1;KW=1;SH=1;SW=1;PH=0;PW=0;DH=1;DW=1;groups=1,496431
472,sigmoid_112,sigmoid_s8,n=4032,11120
473,mul_112,mul_c1_s8,N=6;C=672;HW=4,129100
474,conv2d_140,conv2d_s8_pc,N=6;IC=672;IH=2;IW=2;OC=192;KH=1;KW=1;SH=1;SW=1;PH=0;PW=0;DH=1;DW=1;groups=1,3891700
475,conv2d_141,conv2d_s8_pc,N=6;IC=192;IH=2;IW=2;OC=1152;KH=1;KW=1;SH=1;SW=1;PH=0;PW=0;DH=1;DW=1;groups=1,6569860
476,mul_113__sigmoid,sigmoid_s8,n=27648,21889
477,mul_113,mul_s8,n=27648,20773
478,conv2d_142,depthwise_conv2d_s8,N=6;IC=1;IH=2;IW=2;OC=1152;KH=5;KW=5;SH=1;SW=1;PH=2;PW=2;DH=1;DW=1;groups=1152,6304026
479,mul_114__sigmoid,sigmoid_s8,n=27648,24778
480,mul_114,mul_s8,n=27648,20773
481,adaptive_avg_pool2d_29,adaptive_avg_pool2d_s8,N=6;C=1152;IH=2;IW=2;OH=1;OW=1,1049397
482,conv2d_143,conv2d_s8_pc,N=6;IC=1152;IH=1;IW=1;OC=48;KH=1;KW=1;SH=1;SW=1;PH=0;PW=0;DH=1;DW=1;groups=1,1245087
483,mul_115__sigmoid,sigmoid_s8,n=288,10392
484,mul_115,mul_s8,n=288,252
485,conv2d_144,conv2d_s8_pc,N=6;IC=48;IH=1;IW=1;OC=1152;KH=1;KW=1;SH=1;SW=1;PH=0;PW=0;DH=1;DW=1;groups=1,1207551
486,sigmoid_116,sigmoid_s8,n=6912,5473
487,mul_116,mul_c1_s8,N=6;C=1152;HW=4,221260
488,conv2d_145,conv2d_s8_pc,N=6;IC=1152;IH=2;IW=2;OC=192;KH=1;KW=1;SH=1;SW=1;PH=0;PW=0;DH=1;DW=1;groups=1,6518260
489,add_15,add_s8,n=4608,3781
490,conv2d_146,conv2d_s8_pc,N=6;IC=192;IH=2;IW=2;OC=1152;KH=1;KW=1;SH=1;SW=1;PH=0;PW=0;DH=1;DW=1;groups=1,6569860
491,mul_117__sigmoid,sigmoid_s8,n=27648,24961
492,mul_117,mul_s8,n=27648,20773
493,conv2d_147,depthwise_conv2d_s8,N=6;IC=1;IH=2;IW=2;OC=1152;KH=5;KW=5;SH=1;SW=1;PH=2;PW=2;DH=1;DW=1;groups=1152,6304026
494,mul_118__sigmoid,sigmoid_s8,n=27648,28015
495,mul_118,mul_s8,n=27648,20773
496,adaptive_avg_pool2d_30,adaptive_avg_pool2d_s8,N=6;C=1152;IH=2;IW=2;OH=1;OW=1,1049607
497,conv2d_148,conv2d_s8_pc,N=6;IC=1152;IH=1;IW=1;OC=48;KH=1;KW=1;SH=1;SW=1;PH=0;PW=0;DH=1;DW=1;groups=1,1245087
498,mul_119__sigmoid,sigmoid_s8,n=288,19779
499,mul_119,mul_s8,n=288,252
500,conv2d_149,conv2d_s8_pc,N=6;IC=48;IH=1;IW=1;OC=1152;KH=1;KW=1;SH=1;SW=1;PH=0;PW=0;DH=1;DW=1;groups=1,1207551
501,sigmoid_120,sigmoid_s8,n=6912,5201
502,mul_120,mul_c1_s8,N=6;C=1152;HW=4,221260
503,conv2d_150,conv2d_s8_pc,N=6;IC=1152;IH=2;IW=2;OC=192;KH=1;KW=1;SH=1;SW=1;PH=0;PW=0;DH=1;DW=1;groups=1,6518260
504,add_16,add_s8,n=4608,3781
505,conv2d_151,conv2d_s8_pc,N=6;IC=192;IH=2;IW=2;OC=1152;KH=1;KW=1;SH=1;SW=1;PH=0;PW=0;DH=1;DW=1;groups=1,6569860
506,mul_121__sigmoid,sigmoid_s8,n=27648,25355
507,mul_121,mul_s8,n=27648,20773
508,conv2d_152,depthwise_conv2d_s8,N=6;IC=1;IH=2;IW=2;OC=1152;KH=5;KW=5;SH=1;SW=1;PH=2;PW=2;DH=1;DW=1;groups=1152,6304026
509,mul_122__sigmoid,sigmoid_s8,n=27648,20916
510,mul_122,mul_s8,n=27648,20773
511,adaptive_avg_pool2d_31,adaptive_avg_pool2d_s8,N=6;C=1152;IH=2;IW=2;OH=1;OW=1,1047045
512,conv2d_153,conv2d_s8_pc,N=6;IC=1152;IH=1;IW=1;OC=48;KH=1;KW=1;SH=1;SW=1;PH=0;PW=0;DH=1;DW=1;groups=1,1245087
513,mul_123__sigmoid,sigmoid_s8,n=288,11997
514,mul_123,mul_s8,n=288,252
515,conv2d_154,conv2d_s8_pc,N=6;IC=48;IH=1;IW=1;OC=1152;KH=1;KW=1;SH=1;SW=1;PH=0;PW=0;DH=1;DW=1;groups=1,1207551
516,sigmoid_124,sigmoid_s8,n=6912,10812
517,mul_124,mul_c1_s8,N=6;C=1152;HW=4,221260
518,conv2d_155,conv2d_s8_pc,N=6;IC=1152;IH=2;IW=2;OC=192;KH=1;KW=1;SH=1;SW=1;PH=0;PW=0;DH=1;DW=1;groups=1,6518260
519,add_17,add_s8,n=4608,3781
520,conv2d_156,conv2d_s8_pc,N=6;IC=192;IH=2;IW=2;OC=1152;KH=1;KW=1;SH=1;SW=1;PH=0;PW=0;DH=1;DW=1;groups=1,6569860
521,mul_125__sigmoid,sigmoid_s8,n=27648,21497
522,mul_125,mul_s8,n=27648,20773
523,conv2d_157,depthwise_conv2d_s8,N=6;IC=1;IH=2;IW=2;OC=1152;KH=3;KW=3;SH=1;SW=1;PH=1;PW=1;DH=1;DW=1;groups=1152,5198104
524,mul_126__sigmoid,sigmoid_s8,n=27648,25743
525,mul_126,mul_s8,n=27648,20773
526,adaptive_avg_pool2d_32,adaptive_avg_pool2d_s8,N=6;C=1152;IH=2;IW=2;OH=1;OW=1,1047093
527,conv2d_158,conv2d_s8_pc,N=6;IC=1152;IH=1;IW=1;OC=48;KH=1;KW=1;SH=1;SW=1;PH=0;PW=0;DH=1;DW=1;groups=1,1245087
528,mul_127__sigmoid,sigmoid_s8,n=288,12040
529,mul_127,mul_s8,n=288,252
530,conv2d_159,conv2d_s8_pc,N=6;IC=48;IH=1;IW=1;OC=1152;KH=1;KW=1;SH=1;SW=1;PH=0;PW=0;DH=1;DW=1;groups=1,1207551
531,sigmoid_128,sigmoid_s8,n=6912,17710
532,mul_128,mul_c1_s8,N=6;C=1152;HW=4,221260
533,conv2d_160,conv2d_s8_pc,N=6;IC=1152;IH=2;IW=2;OC=320;KH=1;KW=1;SH=1;SW=1;PH=0;PW=0;DH=1;DW=1;groups=1,10051796
534,conv2d_161,conv2d_s8_pc,N=6;IC=320;IH=2;IW=2;OC=1280;KH=1;KW=1;SH=1;SW=1;PH=0;PW=0;DH=1;DW=1;groups=1,11180644
535,mul_129__sigmoid,sigmoid_s8,n=30720,12462
536,mul_129,mul_s8,n=30720,23077
537,adaptive_avg_pool2d_33,adaptive_avg_pool2d_s8,N=6;C=1280;IH=2;IW=2;OH=1;OW=1,1165233
538,linear_1,linear_s8_pc,M=6;K=1280;N=512,2838680
539,linear__cast_i8,cast_f16_to_i8,n=512,9958
540,cat_1,cat2_c1_s8,N=1;H=1;W=512;C_total=7;C_inputs=6|1,2727
541,add_18,add_s8,n=3584,2949
542,layer_norm,layer_norm_s8,M=7;K=512,269307
543,linear_2,linear_s8_pc,M=7;K=512;N=1536,4257951
544,scaled_dot_product_attention_qk,matmul_s8,M=7;K=128;N=7,17913
545,scaled_dot_product_attention_softmax,softmax_s8,M=7;K=7,4722
546,scaled_dot_product_attention_av,matmul_s8,M=7;K=7;N=128,116303
547,linear_3,linear_s8_pc,M=7;K=512;N=512,1419423
548,add_19,add_s8,n=3584,2949
549,layer_norm_1,layer_norm_s8,M=7;K=512,263808
550,linear_4,linear_s8_pc,M=7;K=512;N=2048,5677216
551,gelu,gelu_s8,n=14336,165002
552,linear_5,linear_s8_pc,M=7;K=2048;N=512,5204128
553,add_20,add_s8,n=3584,2949
554,layer_norm_2,layer_norm_s8,M=7;K=512,268520
555,linear_6,linear_s8_pc,M=7;K=512;N=1536,4257951
556,scaled_dot_product_attention_1_qk,matmul_s8,M=7;K=128;N=7,17817
557,scaled_dot_product_attention_1_softmax,softmax_s8,M=7;K=7,4154
558,scaled_dot_product_attention_1_av,matmul_s8,M=7;K=7;N=128,116480
559,linear_7,linear_s8_pc,M=7;K=512;N=512,1419423
560,add_21,add_s8,n=3584,2949
561,layer_norm_3,layer_norm_s8,M=7;K=512,263736
562,linear_8,linear_s8_pc,M=7;K=512;N=2048,5677216
563,gelu_1,gelu_s8,n=14336,164099
564,linear_9,linear_s8_pc,M=7;K=2048;N=512,5204128
565,add_22,add_s8,n=3584,2949
566,layer_norm_4,layer_norm_s8,M=7;K=512,267815
567,linear_10,linear_s8_pc,M=7;K=512;N=1536,4257951
568,scaled_dot_product_attention_2_qk,matmul_s8,M=7;K=128;N=7,17786
569,scaled_dot_product_attention_2_softmax,softmax_s8,M=7;K=7,4113
570,scaled_dot_product_attention_2_av,matmul_s8,M=7;K=7;N=128,116469
571,linear_11,linear_s8_pc,M=7;K=512;N=512,1419423
572,add_23,add_s8,n=3584,2949
573,layer_norm_5,layer_norm_s8,M=7;K=512,258753
574,linear_12,linear_s8_pc,M=7;K=512;N=2048,5677216
575,gelu_2,gelu_s8,n=14336,170403
576,linear_13,linear_s8_pc,M=7;K=2048;N=512,5204128
577,add_24,add_s8,n=3584,2949
578,layer_norm_6,layer_norm_s8,M=7;K=512,268225
579,linear_14,linear_s8_pc,M=7;K=512;N=1536,4257951
580,scaled_dot_product_attention_3_qk,matmul_s8,M=7;K=128;N=7,17844
581,scaled_dot_product_attention_3_softmax,softmax_s8,M=7;K=7,4427
582,scaled_dot_product_attention_3_av,matmul_s8,M=7;K=7;N=128,116540
583,linear_15,linear_s8_pc,M=7;K=512;N=512,1419424
584,add_25,add_s8,n=3584,2949
585,layer_norm_7,layer_norm_s8,M=7;K=512,259430
586,linear_16,linear_s8_pc,M=7;K=512;N=2048,5677216
587,gelu_3,gelu_s8,n=14336,173636
588,linear_17,linear_s8_pc,M=7;K=2048;N=512,5204128
589,add_26,add_s8,n=3584,2949
590,linear_18,linear_s8_pc,M=1;K=3584;N=512,1284178
591,linear_18__cast_f16,cast_i8_to_f16,n=512,222
592,relu,relu_f16,n=512,100
593,linear_19,linear_f16,M=1;K=512;N=256,32128
594,relu_1,relu_f16,n=256,56
595,linear_20,linear_f16,M=1;K=256;N=128,8672
596,relu_2,relu_f16,n=128,34
597,linear_21,linear_f16,M=1;K=128;N=64,2512
598,relu_3,relu_f16,n=64,23
599,linear_22,linear_f16,M=1;K=64;N=32,824
600,relu_4,relu_f16,n=32,23
601,relu_4__cast_i8,cast_f16_to_i8,n=32,627
602,linear_23,linear_s8_pc,M=1;K=32;N=1,147
603,linear_24,linear_s8_pc,M=1;K=32;N=20,1401
604,vint_action_post,vint_action_post,n_wp=5;n_dim=4,172
=== MODELBLASTER_PROFILE_END ===
=== MODELBLASTER_WALL_CYCLES === 7704700
=== MODELBLASTER_RAW_SPIKE_END ===
max_abs_err=0.492 max_rel_err=0.146 (atol=0.00598665 rtol=0.0001, in-binary)
FAIL

profile -> /scratch/dima/rose-infra/RoSE/soc/sw/xpu-rt/zephyr-chipyard-sw/modelblaster/examples/vint_kcovref/int8/generated/profile.csv
name                                    op                       shape                                                                               cycles      %
-----------------------------------------------------------------------------------------------------------------------------------------------------------------
obs_img__cast_f16                       cast_i8_to_f16           n=97920                                                                              40054    0.0
slice_2                                 slice_c_f16              N=1;IC=18;C_start=15;C_end=18;H=64;W=85                                               3116    0.0
goal_img__cast_f16                      cast_i8_to_f16           n=16320                                                                               6647    0.0
cat                                     cat2_c1_f16              N=1;H=64;W=85;C_total=6;C_inputs=3|3                                                  5913    0.0
pad                                     pad_f16                  N=1;C=6;IH=64;IW=85;pad_left=0;pad_right=1;pad_top=0;pad_bottom=1                    19478    0.0
conv2d                                  conv2d_f16               N=1;IC=6;IH=65;IW=86;OC=32;KH=3;KW=3;SH=2;SW=2;PH=0;PW=0;DH=1;DW=1;groups=1        1262179    0.2
batch_norm                              batchnorm2d_f16          N=1;C=32;H=32;W=42                                                                   20573    0.0
mul__sigmoid                            sigmoid_f16              n=43008                                                                             104868    0.0
mul                                     mul_f16                  n=43008                                                                               8750    0.0
conv2d_1                                depthwise_conv2d_f16     N=1;IC=1;IH=32;IW=42;OC=32;KH=3;KW=3;SH=1;SW=1;PH=1;PW=1;DH=1;DW=1;groups=32        521216    0.1
batch_norm_1                            batchnorm2d_f16          N=1;C=32;H=32;W=42                                                                   20573    0.0
mul_1__sigmoid                          sigmoid_f16              n=43008                                                                             104868    0.0
mul_1                                   mul_f16                  n=43008                                                                               8750    0.0
adaptive_avg_pool2d                     adaptive_avg_pool2d_f16  N=1;C=32;IH=32;IW=42;OH=1;OW=1                                                       42885    0.0
conv2d_2                                conv2d_f16               N=1;IC=32;IH=1;IW=1;OC=8;KH=1;KW=1;SH=1;SW=1;PH=0;PW=0;DH=1;DW=1;groups=1              623    0.0
mul_2__sigmoid                          sigmoid_f16              n=8                                                                                     74    0.0
mul_2                                   mul_f16                  n=8                                                                                     26    0.0
conv2d_3                                conv2d_f16               N=1;IC=8;IH=1;IW=1;OC=32;KH=1;KW=1;SH=1;SW=1;PH=0;PW=0;DH=1;DW=1;groups=1              533    0.0
sigmoid_3                               sigmoid_f16              n=32                                                                                   113    0.0
mul_3                                   mul_c1_f16               N=1;C=32;HW=1344                                                                      8377    0.0
conv2d_4                                conv2d_f16               N=1;IC=32;IH=32;IW=42;OC=16;KH=1;KW=1;SH=1;SW=1;PH=0;PW=0;DH=1;DW=1;groups=1        327809    0.0
batch_norm_2                            batchnorm2d_f16          N=1;C=16;H=32;W=42                                                                   10301    0.0
conv2d_5                                conv2d_f16               N=1;IC=16;IH=32;IW=42;OC=96;KH=1;KW=1;SH=1;SW=1;PH=0;PW=0;DH=1;DW=1;groups=1       1086817    0.1
batch_norm_3                            batchnorm2d_f16          N=1;C=96;H=32;W=42                                                                   61661    0.0
mul_4__sigmoid                          sigmoid_f16              n=129024                                                                            314532    0.0
mul_4                                   mul_f16                  n=129024                                                                             26222    0.0
pad_2                                   pad_f16                  N=1;C=96;IH=32;IW=42;pad_left=0;pad_right=1;pad_top=0;pad_bottom=1                  116324    0.0
conv2d_6                                depthwise_conv2d_f16     N=1;IC=1;IH=33;IW=43;OC=96;KH=3;KW=3;SH=2;SW=2;PH=0;PW=0;DH=1;DW=1;groups=96        391010    0.1
batch_norm_4                            batchnorm2d_f16          N=1;C=96;H=16;W=21                                                                   17021    0.0
mul_5__sigmoid                          sigmoid_f16              n=32256                                                                              78660    0.0
mul_5                                   mul_f16                  n=32256                                                                               6566    0.0
adaptive_avg_pool2d_1                   adaptive_avg_pool2d_f16  N=1;C=96;IH=16;IW=21;OH=1;OW=1                                                       42501    0.0
conv2d_7                                conv2d_f16               N=1;IC=96;IH=1;IW=1;OC=4;KH=1;KW=1;SH=1;SW=1;PH=0;PW=0;DH=1;DW=1;groups=1             1263    0.0
mul_6__sigmoid                          sigmoid_f16              n=4                                                                                     74    0.0
mul_6                                   mul_f16                  n=4                                                                                     26    0.0
conv2d_8                                conv2d_f16               N=1;IC=4;IH=1;IW=1;OC=96;KH=1;KW=1;SH=1;SW=1;PH=0;PW=0;DH=1;DW=1;groups=1              893    0.0
sigmoid_7                               sigmoid_f16              n=96                                                                                   269    0.0
mul_7                                   mul_c1_f16               N=1;C=96;HW=336                                                                       7801    0.0
conv2d_9                                conv2d_f16               N=1;IC=96;IH=16;IW=21;OC=24;KH=1;KW=1;SH=1;SW=1;PH=0;PW=0;DH=1;DW=1;groups=1        452385    0.1
batch_norm_5                            batchnorm2d_f16          N=1;C=24;H=16;W=21                                                                    4277    0.0
conv2d_10                               conv2d_f16               N=1;IC=24;IH=16;IW=21;OC=144;KH=1;KW=1;SH=1;SW=1;PH=0;PW=0;DH=1;DW=1;groups=1       577153    0.1
batch_norm_6                            batchnorm2d_f16          N=1;C=144;H=16;W=21                                                                  25517    0.0
mul_8__sigmoid                          sigmoid_f16              n=48384                                                                             117972    0.0
mul_8                                   mul_f16                  n=48384                                                                               9842    0.0
conv2d_11                               depthwise_conv2d_f16     N=1;IC=1;IH=16;IW=21;OC=144;KH=3;KW=3;SH=1;SW=1;PH=1;PW=1;DH=1;DW=1;groups=144      562036    0.1
batch_norm_7                            batchnorm2d_f16          N=1;C=144;H=16;W=21                                                                  25517    0.0
mul_9__sigmoid                          sigmoid_f16              n=48384                                                                             117972    0.0
mul_9                                   mul_f16                  n=48384                                                                               9842    0.0
adaptive_avg_pool2d_2                   adaptive_avg_pool2d_f16  N=1;C=144;IH=16;IW=21;OH=1;OW=1                                                      63717    0.0
conv2d_12                               conv2d_f16               N=1;IC=144;IH=1;IW=1;OC=6;KH=1;KW=1;SH=1;SW=1;PH=0;PW=0;DH=1;DW=1;groups=1            1743    0.0
mul_10__sigmoid                         sigmoid_f16              n=6                                                                                     74    0.0
mul_10                                  mul_f16                  n=6                                                                                     26    0.0
conv2d_13                               conv2d_f16               N=1;IC=6;IH=1;IW=1;OC=144;KH=1;KW=1;SH=1;SW=1;PH=0;PW=0;DH=1;DW=1;groups=1            1403    0.0
sigmoid_11                              sigmoid_f16              n=144                                                                                  386    0.0
mul_11                                  mul_c1_f16               N=1;C=144;HW=336                                                                     11689    0.0
conv2d_14                               conv2d_f16               N=1;IC=144;IH=16;IW=21;OC=24;KH=1;KW=1;SH=1;SW=1;PH=0;PW=0;DH=1;DW=1;groups=1       667425    0.1
batch_norm_8                            batchnorm2d_f16          N=1;C=24;H=16;W=21                                                                    4277    0.0
add                                     add_f16                  n=8064                                                                                1652    0.0
conv2d_15                               conv2d_f16               N=1;IC=24;IH=16;IW=21;OC=144;KH=1;KW=1;SH=1;SW=1;PH=0;PW=0;DH=1;DW=1;groups=1       577153    0.1
batch_norm_9                            batchnorm2d_f16          N=1;C=144;H=16;W=21                                                                  25517    0.0
mul_12__sigmoid                         sigmoid_f16              n=48384                                                                             117972    0.0
mul_12                                  mul_f16                  n=48384                                                                               9842    0.0
pad_4                                   pad_f16                  N=1;C=144;IH=16;IW=21;pad_left=1;pad_right=2;pad_top=1;pad_bottom=2                 114980    0.0
conv2d_16                               depthwise_conv2d_f16     N=1;IC=1;IH=19;IW=24;OC=144;KH=5;KW=5;SH=2;SW=2;PH=0;PW=0;DH=1;DW=1;groups=144      312090    0.0
batch_norm_10                           batchnorm2d_f16          N=1;C=144;H=8;W=10                                                                    8237    0.0
mul_13__sigmoid                         sigmoid_f16              n=11520                                                                              28116    0.0
mul_13                                  mul_f16                  n=11520                                                                               2354    0.0
adaptive_avg_pool2d_3                   adaptive_avg_pool2d_f16  N=1;C=144;IH=8;IW=10;OH=1;OW=1                                                       36069    0.0
conv2d_17                               conv2d_f16               N=1;IC=144;IH=1;IW=1;OC=6;KH=1;KW=1;SH=1;SW=1;PH=0;PW=0;DH=1;DW=1;groups=1            1743    0.0
mul_14__sigmoid                         sigmoid_f16              n=6                                                                                     74    0.0
mul_14                                  mul_f16                  n=6                                                                                     26    0.0
conv2d_18                               conv2d_f16               N=1;IC=6;IH=1;IW=1;OC=144;KH=1;KW=1;SH=1;SW=1;PH=0;PW=0;DH=1;DW=1;groups=1            1403    0.0
sigmoid_15                              sigmoid_f16              n=144                                                                                  386    0.0
mul_15                                  mul_c1_f16               N=1;C=144;HW=80                                                                       4777    0.0
conv2d_19                               conv2d_f16               N=1;IC=144;IH=8;IW=10;OC=40;KH=1;KW=1;SH=1;SW=1;PH=0;PW=0;DH=1;DW=1;groups=1        243169    0.0
batch_norm_11                           batchnorm2d_f16          N=1;C=40;H=8;W=10                                                                     2309    0.0
conv2d_20                               conv2d_f16               N=1;IC=40;IH=8;IW=10;OC=240;KH=1;KW=1;SH=1;SW=1;PH=0;PW=0;DH=1;DW=1;groups=1        364033    0.0
batch_norm_12                           batchnorm2d_f16          N=1;C=240;H=8;W=10                                                                   13709    0.0
mul_16__sigmoid                         sigmoid_f16              n=19200                                                                              46836    0.0
mul_16                                  mul_f16                  n=19200                                                                               3914    0.0
conv2d_21                               depthwise_conv2d_f16     N=1;IC=1;IH=8;IW=10;OC=240;KH=5;KW=5;SH=1;SW=1;PH=2;PW=2;DH=1;DW=1;groups=240       436470    0.1
batch_norm_13                           batchnorm2d_f16          N=1;C=240;H=8;W=10                                                                   13709    0.0
mul_17__sigmoid                         sigmoid_f16              n=19200                                                                              46836    0.0
mul_17                                  mul_f16                  n=19200                                                                               3914    0.0
adaptive_avg_pool2d_4                   adaptive_avg_pool2d_f16  N=1;C=240;IH=8;IW=10;OH=1;OW=1                                                       60069    0.0
conv2d_22                               conv2d_f16               N=1;IC=240;IH=1;IW=1;OC=10;KH=1;KW=1;SH=1;SW=1;PH=0;PW=0;DH=1;DW=1;groups=1           2703    0.0
mul_18__sigmoid                         sigmoid_f16              n=10                                                                                    74    0.0
mul_18                                  mul_f16                  n=10                                                                                    26    0.0
conv2d_23                               conv2d_f16               N=1;IC=10;IH=1;IW=1;OC=240;KH=1;KW=1;SH=1;SW=1;PH=0;PW=0;DH=1;DW=1;groups=1           2783    0.0
sigmoid_19                              sigmoid_f16              n=240                                                                                  620    0.0
mul_19                                  mul_c1_f16               N=1;C=240;HW=80                                                                       7945    0.0
conv2d_24                               conv2d_f16               N=1;IC=240;IH=8;IW=10;OC=40;KH=1;KW=1;SH=1;SW=1;PH=0;PW=0;DH=1;DW=1;groups=1        399841    0.1
batch_norm_14                           batchnorm2d_f16          N=1;C=40;H=8;W=10                                                                     2309    0.0
add_1                                   add_f16                  n=3200                                                                                 664    0.0
conv2d_25                               conv2d_f16               N=1;IC=40;IH=8;IW=10;OC=240;KH=1;KW=1;SH=1;SW=1;PH=0;PW=0;DH=1;DW=1;groups=1        364033    0.0
batch_norm_15                           batchnorm2d_f16          N=1;C=240;H=8;W=10                                                                   13709    0.0
mul_20__sigmoid                         sigmoid_f16              n=19200                                                                              46836    0.0
mul_20                                  mul_f16                  n=19200                                                                               3914    0.0
pad_6                                   pad_f16                  N=1;C=240;IH=8;IW=10;pad_left=0;pad_right=1;pad_top=0;pad_bottom=1                   77588    0.0
conv2d_26                               depthwise_conv2d_f16     N=1;IC=1;IH=9;IW=11;OC=240;KH=3;KW=3;SH=2;SW=2;PH=0;PW=0;DH=1;DW=1;groups=240        57954    0.0
batch_norm_16                           batchnorm2d_f16          N=1;C=240;H=4;W=5                                                                     6509    0.0
mul_21__sigmoid                         sigmoid_f16              n=4800                                                                               11736    0.0
mul_21                                  mul_f16                  n=4800                                                                                 989    0.0
adaptive_avg_pool2d_5                   adaptive_avg_pool2d_f16  N=1;C=240;IH=4;IW=5;OH=1;OW=1                                                        37029    0.0
conv2d_27                               conv2d_f16               N=1;IC=240;IH=1;IW=1;OC=10;KH=1;KW=1;SH=1;SW=1;PH=0;PW=0;DH=1;DW=1;groups=1           2703    0.0
mul_22__sigmoid                         sigmoid_f16              n=10                                                                                    74    0.0
mul_22                                  mul_f16                  n=10                                                                                    26    0.0
conv2d_28                               conv2d_f16               N=1;IC=10;IH=1;IW=1;OC=240;KH=1;KW=1;SH=1;SW=1;PH=0;PW=0;DH=1;DW=1;groups=1           2783    0.0
sigmoid_23                              sigmoid_f16              n=240                                                                                  620    0.0
mul_23                                  mul_c1_f16               N=1;C=240;HW=20                                                                       5065    0.0
conv2d_29                               conv2d_f16               N=1;IC=240;IH=4;IW=5;OC=80;KH=1;KW=1;SH=1;SW=1;PH=0;PW=0;DH=1;DW=1;groups=1         177107    0.0
batch_norm_17                           batchnorm2d_f16          N=1;C=80;H=4;W=5                                                                      2189    0.0
conv2d_30                               conv2d_f16               N=1;IC=80;IH=4;IW=5;OC=480;KH=1;KW=1;SH=1;SW=1;PH=0;PW=0;DH=1;DW=1;groups=1         368625    0.0
batch_norm_18                           batchnorm2d_f16          N=1;C=480;H=4;W=5                                                                    12989    0.0
mul_24__sigmoid                         sigmoid_f16              n=9600                                                                               23436    0.0
mul_24                                  mul_f16                  n=9600                                                                                1964    0.0
conv2d_31                               depthwise_conv2d_f16     N=1;IC=1;IH=4;IW=5;OC=480;KH=3;KW=3;SH=1;SW=1;PH=1;PW=1;DH=1;DW=1;groups=480         98003    0.0
batch_norm_19                           batchnorm2d_f16          N=1;C=480;H=4;W=5                                                                    12989    0.0
mul_25__sigmoid                         sigmoid_f16              n=9600                                                                               23436    0.0
mul_25                                  mul_f16                  n=9600                                                                                1964    0.0
adaptive_avg_pool2d_6                   adaptive_avg_pool2d_f16  N=1;C=480;IH=4;IW=5;OH=1;OW=1                                                        73989    0.0
conv2d_32                               conv2d_f16               N=1;IC=480;IH=1;IW=1;OC=20;KH=1;KW=1;SH=1;SW=1;PH=0;PW=0;DH=1;DW=1;groups=1          10054    0.0
mul_26__sigmoid                         sigmoid_f16              n=20                                                                                   113    0.0
mul_26                                  mul_f16                  n=20                                                                                    26    0.0
conv2d_33                               conv2d_f16               N=1;IC=20;IH=1;IW=1;OC=480;KH=1;KW=1;SH=1;SW=1;PH=0;PW=0;DH=1;DW=1;groups=1           8333    0.0
sigmoid_27                              sigmoid_f16              n=480                                                                                 1205    0.0
mul_27                                  mul_c1_f16               N=1;C=480;HW=20                                                                      10105    0.0
conv2d_34                               conv2d_f16               N=1;IC=480;IH=4;IW=5;OC=80;KH=1;KW=1;SH=1;SW=1;PH=0;PW=0;DH=1;DW=1;groups=1         350684    0.0
batch_norm_20                           batchnorm2d_f16          N=1;C=80;H=4;W=5                                                                      2189    0.0
add_2                                   add_f16                  n=1600                                                                                 338    0.0
conv2d_35                               conv2d_f16               N=1;IC=80;IH=4;IW=5;OC=480;KH=1;KW=1;SH=1;SW=1;PH=0;PW=0;DH=1;DW=1;groups=1         368625    0.0
batch_norm_21                           batchnorm2d_f16          N=1;C=480;H=4;W=5                                                                    12989    0.0
mul_28__sigmoid                         sigmoid_f16              n=9600                                                                               23436    0.0
mul_28                                  mul_f16                  n=9600                                                                                1964    0.0
conv2d_36                               depthwise_conv2d_f16     N=1;IC=1;IH=4;IW=5;OC=480;KH=3;KW=3;SH=1;SW=1;PH=1;PW=1;DH=1;DW=1;groups=480         98003    0.0
batch_norm_22                           batchnorm2d_f16          N=1;C=480;H=4;W=5                                                                    12989    0.0
mul_29__sigmoid                         sigmoid_f16              n=9600                                                                               23436    0.0
mul_29                                  mul_f16                  n=9600                                                                                1964    0.0
adaptive_avg_pool2d_7                   adaptive_avg_pool2d_f16  N=1;C=480;IH=4;IW=5;OH=1;OW=1                                                        73989    0.0
conv2d_37                               conv2d_f16               N=1;IC=480;IH=1;IW=1;OC=20;KH=1;KW=1;SH=1;SW=1;PH=0;PW=0;DH=1;DW=1;groups=1          10054    0.0
mul_30__sigmoid                         sigmoid_f16              n=20                                                                                   113    0.0
mul_30                                  mul_f16                  n=20                                                                                    26    0.0
conv2d_38                               conv2d_f16               N=1;IC=20;IH=1;IW=1;OC=480;KH=1;KW=1;SH=1;SW=1;PH=0;PW=0;DH=1;DW=1;groups=1           8333    0.0
sigmoid_31                              sigmoid_f16              n=480                                                                                 1205    0.0
mul_31                                  mul_c1_f16               N=1;C=480;HW=20                                                                      10105    0.0
conv2d_39                               conv2d_f16               N=1;IC=480;IH=4;IW=5;OC=80;KH=1;KW=1;SH=1;SW=1;PH=0;PW=0;DH=1;DW=1;groups=1         350684    0.0
batch_norm_23                           batchnorm2d_f16          N=1;C=80;H=4;W=5                                                                      2189    0.0
add_3                                   add_f16                  n=1600                                                                                 338    0.0
conv2d_40                               conv2d_f16               N=1;IC=80;IH=4;IW=5;OC=480;KH=1;KW=1;SH=1;SW=1;PH=0;PW=0;DH=1;DW=1;groups=1         368625    0.0
batch_norm_24                           batchnorm2d_f16          N=1;C=480;H=4;W=5                                                                    12989    0.0
mul_32__sigmoid                         sigmoid_f16              n=9600                                                                               23436    0.0
mul_32                                  mul_f16                  n=9600                                                                                1964    0.0
conv2d_41                               depthwise_conv2d_f16     N=1;IC=1;IH=4;IW=5;OC=480;KH=5;KW=5;SH=1;SW=1;PH=2;PW=2;DH=1;DW=1;groups=480        179543    0.0
batch_norm_25                           batchnorm2d_f16          N=1;C=480;H=4;W=5                                                                    12989    0.0
mul_33__sigmoid                         sigmoid_f16              n=9600                                                                               23436    0.0
mul_33                                  mul_f16                  n=9600                                                                                1964    0.0
adaptive_avg_pool2d_8                   adaptive_avg_pool2d_f16  N=1;C=480;IH=4;IW=5;OH=1;OW=1                                                        73989    0.0
conv2d_42                               conv2d_f16               N=1;IC=480;IH=1;IW=1;OC=20;KH=1;KW=1;SH=1;SW=1;PH=0;PW=0;DH=1;DW=1;groups=1          10054    0.0
mul_34__sigmoid                         sigmoid_f16              n=20                                                                                   113    0.0
mul_34                                  mul_f16                  n=20                                                                                    26    0.0
conv2d_43                               conv2d_f16               N=1;IC=20;IH=1;IW=1;OC=480;KH=1;KW=1;SH=1;SW=1;PH=0;PW=0;DH=1;DW=1;groups=1           8333    0.0
sigmoid_35                              sigmoid_f16              n=480                                                                                 1205    0.0
mul_35                                  mul_c1_f16               N=1;C=480;HW=20                                                                      10105    0.0
conv2d_44                               conv2d_f16               N=1;IC=480;IH=4;IW=5;OC=112;KH=1;KW=1;SH=1;SW=1;PH=0;PW=0;DH=1;DW=1;groups=1        490898    0.1
batch_norm_26                           batchnorm2d_f16          N=1;C=112;H=4;W=5                                                                     3053    0.0
conv2d_45                               conv2d_f16               N=1;IC=112;IH=4;IW=5;OC=672;KH=1;KW=1;SH=1;SW=1;PH=0;PW=0;DH=1;DW=1;groups=1        709914    0.1
batch_norm_27                           batchnorm2d_f16          N=1;C=672;H=4;W=5                                                                    18173    0.0
mul_36__sigmoid                         sigmoid_f16              n=13440                                                                              32796    0.0
mul_36                                  mul_f16                  n=13440                                                                               2744    0.0
conv2d_46                               depthwise_conv2d_f16     N=1;IC=1;IH=4;IW=5;OC=672;KH=5;KW=5;SH=1;SW=1;PH=2;PW=2;DH=1;DW=1;groups=672        251219    0.0
batch_norm_28                           batchnorm2d_f16          N=1;C=672;H=4;W=5                                                                    18173    0.0
mul_37__sigmoid                         sigmoid_f16              n=13440                                                                              32796    0.0
mul_37                                  mul_f16                  n=13440                                                                               2744    0.0
adaptive_avg_pool2d_9                   adaptive_avg_pool2d_f16  N=1;C=672;IH=4;IW=5;OH=1;OW=1                                                       103557    0.0
conv2d_47                               conv2d_f16               N=1;IC=672;IH=1;IW=1;OC=28;KH=1;KW=1;SH=1;SW=1;PH=0;PW=0;DH=1;DW=1;groups=1          13894    0.0
mul_38__sigmoid                         sigmoid_f16              n=28                                                                                   113    0.0
mul_38                                  mul_f16                  n=28                                                                                    26    0.0
conv2d_48                               conv2d_f16               N=1;IC=28;IH=1;IW=1;OC=672;KH=1;KW=1;SH=1;SW=1;PH=0;PW=0;DH=1;DW=1;groups=1          15014    0.0
sigmoid_39                              sigmoid_f16              n=672                                                                                 1673    0.0
mul_39                                  mul_c1_f16               N=1;C=672;HW=20                                                                      14137    0.0
conv2d_49                               conv2d_f16               N=1;IC=672;IH=4;IW=5;OC=112;KH=1;KW=1;SH=1;SW=1;PH=0;PW=0;DH=1;DW=1;groups=1        684434    0.1
batch_norm_29                           batchnorm2d_f16          N=1;C=112;H=4;W=5                                                                     3053    0.0
add_4                                   add_f16                  n=2240                                                                                 469    0.0
conv2d_50                               conv2d_f16               N=1;IC=112;IH=4;IW=5;OC=672;KH=1;KW=1;SH=1;SW=1;PH=0;PW=0;DH=1;DW=1;groups=1        709914    0.1
batch_norm_30                           batchnorm2d_f16          N=1;C=672;H=4;W=5                                                                    18173    0.0
mul_40__sigmoid                         sigmoid_f16              n=13440                                                                              32796    0.0
mul_40                                  mul_f16                  n=13440                                                                               2744    0.0
conv2d_51                               depthwise_conv2d_f16     N=1;IC=1;IH=4;IW=5;OC=672;KH=5;KW=5;SH=1;SW=1;PH=2;PW=2;DH=1;DW=1;groups=672        251219    0.0
batch_norm_31                           batchnorm2d_f16          N=1;C=672;H=4;W=5                                                                    18173    0.0
mul_41__sigmoid                         sigmoid_f16              n=13440                                                                              32796    0.0
mul_41                                  mul_f16                  n=13440                                                                               2744    0.0
adaptive_avg_pool2d_10                  adaptive_avg_pool2d_f16  N=1;C=672;IH=4;IW=5;OH=1;OW=1                                                       103557    0.0
conv2d_52                               conv2d_f16               N=1;IC=672;IH=1;IW=1;OC=28;KH=1;KW=1;SH=1;SW=1;PH=0;PW=0;DH=1;DW=1;groups=1          13894    0.0
mul_42__sigmoid                         sigmoid_f16              n=28                                                                                   113    0.0
mul_42                                  mul_f16                  n=28                                                                                    26    0.0
conv2d_53                               conv2d_f16               N=1;IC=28;IH=1;IW=1;OC=672;KH=1;KW=1;SH=1;SW=1;PH=0;PW=0;DH=1;DW=1;groups=1          15014    0.0
sigmoid_43                              sigmoid_f16              n=672                                                                                 1673    0.0
mul_43                                  mul_c1_f16               N=1;C=672;HW=20                                                                      14137    0.0
conv2d_54                               conv2d_f16               N=1;IC=672;IH=4;IW=5;OC=112;KH=1;KW=1;SH=1;SW=1;PH=0;PW=0;DH=1;DW=1;groups=1        684434    0.1
batch_norm_32                           batchnorm2d_f16          N=1;C=112;H=4;W=5                                                                     3053    0.0
add_5                                   add_f16                  n=2240                                                                                 469    0.0
conv2d_55                               conv2d_f16               N=1;IC=112;IH=4;IW=5;OC=672;KH=1;KW=1;SH=1;SW=1;PH=0;PW=0;DH=1;DW=1;groups=1        709914    0.1
batch_norm_33                           batchnorm2d_f16          N=1;C=672;H=4;W=5                                                                    18173    0.0
mul_44__sigmoid                         sigmoid_f16              n=13440                                                                              32796    0.0
mul_44                                  mul_f16                  n=13440                                                                               2744    0.0
pad_12                                  pad_f16                  N=1;C=672;IH=4;IW=5;pad_left=1;pad_right=2;pad_top=1;pad_bottom=2                   165380    0.0
conv2d_56                               depthwise_conv2d_f16     N=1;IC=1;IH=7;IW=8;OC=672;KH=5;KW=5;SH=2;SW=2;PH=0;PW=0;DH=1;DW=1;groups=672         72736    0.0
batch_norm_34                           batchnorm2d_f16          N=1;C=672;H=2;W=2                                                                    18173    0.0
mul_45__sigmoid                         sigmoid_f16              n=2688                                                                                6588    0.0
mul_45                                  mul_f16                  n=2688                                                                                 560    0.0
adaptive_avg_pool2d_11                  adaptive_avg_pool2d_f16  N=1;C=672;IH=2;IW=2;OH=1;OW=1                                                        71301    0.0
conv2d_57                               conv2d_f16               N=1;IC=672;IH=1;IW=1;OC=28;KH=1;KW=1;SH=1;SW=1;PH=0;PW=0;DH=1;DW=1;groups=1          13894    0.0
mul_46__sigmoid                         sigmoid_f16              n=28                                                                                   113    0.0
mul_46                                  mul_f16                  n=28                                                                                    26    0.0
conv2d_58                               conv2d_f16               N=1;IC=28;IH=1;IW=1;OC=672;KH=1;KW=1;SH=1;SW=1;PH=0;PW=0;DH=1;DW=1;groups=1          15014    0.0
sigmoid_47                              sigmoid_f16              n=672                                                                                 1673    0.0
mul_47                                  mul_c1_f16               N=1;C=672;HW=4                                                                       14137    0.0
conv2d_59                               conv2d_f16               N=1;IC=672;IH=2;IW=2;OC=192;KH=1;KW=1;SH=1;SW=1;PH=0;PW=0;DH=1;DW=1;groups=1        261737    0.0
batch_norm_35                           batchnorm2d_f16          N=1;C=192;H=2;W=2                                                                     5213    0.0
conv2d_60                               conv2d_f16               N=1;IC=192;IH=2;IW=2;OC=1152;KH=1;KW=1;SH=1;SW=1;PH=0;PW=0;DH=1;DW=1;groups=1       456575    0.1
batch_norm_36                           batchnorm2d_f16          N=1;C=1152;H=2;W=2                                                                   31133    0.0
mul_48__sigmoid                         sigmoid_f16              n=4608                                                                               11268    0.0
mul_48                                  mul_f16                  n=4608                                                                                 950    0.0
conv2d_61                               depthwise_conv2d_f16     N=1;IC=1;IH=2;IW=2;OC=1152;KH=5;KW=5;SH=1;SW=1;PH=2;PW=2;DH=1;DW=1;groups=1152       51567    0.0
batch_norm_37                           batchnorm2d_f16          N=1;C=1152;H=2;W=2                                                                   31133    0.0
mul_49__sigmoid                         sigmoid_f16              n=4608                                                                               11268    0.0
mul_49                                  mul_f16                  n=4608                                                                                 950    0.0
adaptive_avg_pool2d_12                  adaptive_avg_pool2d_f16  N=1;C=1152;IH=2;IW=2;OH=1;OW=1                                                      122181    0.0
conv2d_62                               conv2d_f16               N=1;IC=1152;IH=1;IW=1;OC=48;KH=1;KW=1;SH=1;SW=1;PH=0;PW=0;DH=1;DW=1;groups=1         35164    0.0
mul_50__sigmoid                         sigmoid_f16              n=48                                                                                   152    0.0
mul_50                                  mul_f16                  n=48                                                                                    26    0.0
conv2d_63                               conv2d_f16               N=1;IC=48;IH=1;IW=1;OC=1152;KH=1;KW=1;SH=1;SW=1;PH=0;PW=0;DH=1;DW=1;groups=1         40160    0.0
sigmoid_51                              sigmoid_f16              n=1152                                                                                2843    0.0
mul_51                                  mul_c1_f16               N=1;C=1152;HW=4                                                                      24217    0.0
conv2d_64                               conv2d_f16               N=1;IC=1152;IH=2;IW=2;OC=192;KH=1;KW=1;SH=1;SW=1;PH=0;PW=0;DH=1;DW=1;groups=1       446055    0.1
batch_norm_38                           batchnorm2d_f16          N=1;C=192;H=2;W=2                                                                     5213    0.0
add_6                                   add_f16                  n=768                                                                                  169    0.0
conv2d_65                               conv2d_f16               N=1;IC=192;IH=2;IW=2;OC=1152;KH=1;KW=1;SH=1;SW=1;PH=0;PW=0;DH=1;DW=1;groups=1       456575    0.1
batch_norm_39                           batchnorm2d_f16          N=1;C=1152;H=2;W=2                                                                   31133    0.0
mul_52__sigmoid                         sigmoid_f16              n=4608                                                                               11268    0.0
mul_52                                  mul_f16                  n=4608                                                                                 950    0.0
conv2d_66                               depthwise_conv2d_f16     N=1;IC=1;IH=2;IW=2;OC=1152;KH=5;KW=5;SH=1;SW=1;PH=2;PW=2;DH=1;DW=1;groups=1152       51567    0.0
batch_norm_40                           batchnorm2d_f16          N=1;C=1152;H=2;W=2                                                                   31133    0.0
mul_53__sigmoid                         sigmoid_f16              n=4608                                                                               11268    0.0
mul_53                                  mul_f16                  n=4608                                                                                 950    0.0
adaptive_avg_pool2d_13                  adaptive_avg_pool2d_f16  N=1;C=1152;IH=2;IW=2;OH=1;OW=1                                                      122181    0.0
conv2d_67                               conv2d_f16               N=1;IC=1152;IH=1;IW=1;OC=48;KH=1;KW=1;SH=1;SW=1;PH=0;PW=0;DH=1;DW=1;groups=1         35164    0.0
mul_54__sigmoid                         sigmoid_f16              n=48                                                                                   152    0.0
mul_54                                  mul_f16                  n=48                                                                                    26    0.0
conv2d_68                               conv2d_f16               N=1;IC=48;IH=1;IW=1;OC=1152;KH=1;KW=1;SH=1;SW=1;PH=0;PW=0;DH=1;DW=1;groups=1         40160    0.0
sigmoid_55                              sigmoid_f16              n=1152                                                                                2843    0.0
mul_55                                  mul_c1_f16               N=1;C=1152;HW=4                                                                      24217    0.0
conv2d_69                               conv2d_f16               N=1;IC=1152;IH=2;IW=2;OC=192;KH=1;KW=1;SH=1;SW=1;PH=0;PW=0;DH=1;DW=1;groups=1       446055    0.1
batch_norm_41                           batchnorm2d_f16          N=1;C=192;H=2;W=2                                                                     5213    0.0
add_7                                   add_f16                  n=768                                                                                  169    0.0
conv2d_70                               conv2d_f16               N=1;IC=192;IH=2;IW=2;OC=1152;KH=1;KW=1;SH=1;SW=1;PH=0;PW=0;DH=1;DW=1;groups=1       456575    0.1
batch_norm_42                           batchnorm2d_f16          N=1;C=1152;H=2;W=2                                                                   31133    0.0
mul_56__sigmoid                         sigmoid_f16              n=4608                                                                               11268    0.0
mul_56                                  mul_f16                  n=4608                                                                                 950    0.0
conv2d_71                               depthwise_conv2d_f16     N=1;IC=1;IH=2;IW=2;OC=1152;KH=5;KW=5;SH=1;SW=1;PH=2;PW=2;DH=1;DW=1;groups=1152       51567    0.0
batch_norm_43                           batchnorm2d_f16          N=1;C=1152;H=2;W=2                                                                   31133    0.0
mul_57__sigmoid                         sigmoid_f16              n=4608                                                                               11268    0.0
mul_57                                  mul_f16                  n=4608                                                                                 950    0.0
adaptive_avg_pool2d_14                  adaptive_avg_pool2d_f16  N=1;C=1152;IH=2;IW=2;OH=1;OW=1                                                      122181    0.0
conv2d_72                               conv2d_f16               N=1;IC=1152;IH=1;IW=1;OC=48;KH=1;KW=1;SH=1;SW=1;PH=0;PW=0;DH=1;DW=1;groups=1         35164    0.0
mul_58__sigmoid                         sigmoid_f16              n=48                                                                                   152    0.0
mul_58                                  mul_f16                  n=48                                                                                    26    0.0
conv2d_73                               conv2d_f16               N=1;IC=48;IH=1;IW=1;OC=1152;KH=1;KW=1;SH=1;SW=1;PH=0;PW=0;DH=1;DW=1;groups=1         40160    0.0
sigmoid_59                              sigmoid_f16              n=1152                                                                                2843    0.0
mul_59                                  mul_c1_f16               N=1;C=1152;HW=4                                                                      24217    0.0
conv2d_74                               conv2d_f16               N=1;IC=1152;IH=2;IW=2;OC=192;KH=1;KW=1;SH=1;SW=1;PH=0;PW=0;DH=1;DW=1;groups=1       446055    0.1
batch_norm_44                           batchnorm2d_f16          N=1;C=192;H=2;W=2                                                                     5213    0.0
add_8                                   add_f16                  n=768                                                                                  169    0.0
conv2d_75                               conv2d_f16               N=1;IC=192;IH=2;IW=2;OC=1152;KH=1;KW=1;SH=1;SW=1;PH=0;PW=0;DH=1;DW=1;groups=1       456575    0.1
batch_norm_45                           batchnorm2d_f16          N=1;C=1152;H=2;W=2                                                                   31133    0.0
mul_60__sigmoid                         sigmoid_f16              n=4608                                                                               11268    0.0
mul_60                                  mul_f16                  n=4608                                                                                 950    0.0
conv2d_76                               depthwise_conv2d_f16     N=1;IC=1;IH=2;IW=2;OC=1152;KH=3;KW=3;SH=1;SW=1;PH=1;PW=1;DH=1;DW=1;groups=1152       38607    0.0
batch_norm_46                           batchnorm2d_f16          N=1;C=1152;H=2;W=2                                                                   31133    0.0
mul_61__sigmoid                         sigmoid_f16              n=4608                                                                               11268    0.0
mul_61                                  mul_f16                  n=4608                                                                                 950    0.0
adaptive_avg_pool2d_15                  adaptive_avg_pool2d_f16  N=1;C=1152;IH=2;IW=2;OH=1;OW=1                                                      122181    0.0
conv2d_77                               conv2d_f16               N=1;IC=1152;IH=1;IW=1;OC=48;KH=1;KW=1;SH=1;SW=1;PH=0;PW=0;DH=1;DW=1;groups=1         35164    0.0
mul_62__sigmoid                         sigmoid_f16              n=48                                                                                   152    0.0
mul_62                                  mul_f16                  n=48                                                                                    26    0.0
conv2d_78                               conv2d_f16               N=1;IC=48;IH=1;IW=1;OC=1152;KH=1;KW=1;SH=1;SW=1;PH=0;PW=0;DH=1;DW=1;groups=1         40160    0.0
sigmoid_63                              sigmoid_f16              n=1152                                                                                2843    0.0
mul_63                                  mul_c1_f16               N=1;C=1152;HW=4                                                                      24217    0.0
conv2d_79                               conv2d_f16               N=1;IC=1152;IH=2;IW=2;OC=320;KH=1;KW=1;SH=1;SW=1;PH=0;PW=0;DH=1;DW=1;groups=1       743327    0.1
batch_norm_47                           batchnorm2d_f16          N=1;C=320;H=2;W=2                                                                     8669    0.0
conv2d_80                               conv2d_f16               N=1;IC=320;IH=2;IW=2;OC=1280;KH=1;KW=1;SH=1;SW=1;PH=0;PW=0;DH=1;DW=1;groups=1       837629    0.1
batch_norm_48                           batchnorm2d_f16          N=1;C=1280;H=2;W=2                                                                   34589    0.0
mul_64__sigmoid                         sigmoid_f16              n=5120                                                                               12516    0.0
mul_64                                  mul_f16                  n=5120                                                                                1054    0.0
adaptive_avg_pool2d_16                  adaptive_avg_pool2d_f16  N=1;C=1280;IH=2;IW=2;OH=1;OW=1                                                      135749    0.0
linear                                  linear_f16               M=1;K=1280;N=512                                                                    153280    0.0
pad_17                                  pad_s8                   N=6;C=3;IH=64;IW=85;pad_left=0;pad_right=1;pad_top=0;pad_bottom=1                    39764    0.0
conv2d_81                               conv2d_s8_pc             N=6;IC=3;IH=65;IW=86;OC=32;KH=3;KW=3;SH=2;SW=2;PH=0;PW=0;DH=1;DW=1;groups=1       18417824    2.4
mul_65__sigmoid                         sigmoid_s8               n=258048                                                                             67967    0.0
mul_65                                  mul_s8                   n=258048                                                                            193572    0.0
conv2d_82                               depthwise_conv2d_s8      N=6;IC=1;IH=32;IW=42;OC=32;KH=3;KW=3;SH=1;SW=1;PH=1;PW=1;DH=1;DW=1;groups=32      20662744    2.7
mul_66__sigmoid                         sigmoid_s8               n=258048                                                                             64794    0.0
mul_66                                  mul_s8                   n=258048                                                                            193572    0.0
adaptive_avg_pool2d_17                  adaptive_avg_pool2d_s8   N=6;C=32;IH=32;IW=42;OH=1;OW=1                                                      218661    0.0
conv2d_83                               conv2d_s8_pc             N=6;IC=32;IH=1;IW=1;OC=8;KH=1;KW=1;SH=1;SW=1;PH=0;PW=0;DH=1;DW=1;groups=1            19863    0.0
mul_67__sigmoid                         sigmoid_s8               n=48                                                                                  4687    0.0
mul_67                                  mul_s8                   n=48                                                                                    84    0.0
conv2d_84                               conv2d_s8_pc             N=6;IC=8;IH=1;IW=1;OC=32;KH=1;KW=1;SH=1;SW=1;PH=0;PW=0;DH=1;DW=1;groups=1            16671    0.0
sigmoid_68                              sigmoid_s8               n=192                                                                                16402    0.0
mul_68                                  mul_c1_s8                N=6;C=32;HW=1344                                                                    163660    0.0
conv2d_85                               conv2d_s8_pc             N=6;IC=32;IH=32;IW=42;OC=16;KH=1;KW=1;SH=1;SW=1;PH=0;PW=0;DH=1;DW=1;groups=1      17514928    2.3
conv2d_86                               conv2d_s8_pc             N=6;IC=16;IH=32;IW=42;OC=96;KH=1;KW=1;SH=1;SW=1;PH=0;PW=0;DH=1;DW=1;groups=1      44459104    5.8
mul_69__sigmoid                         sigmoid_s8               n=774144                                                                            166122    0.0
mul_69                                  mul_s8                   n=774144                                                                            580644    0.1
pad_19                                  pad_s8                   N=6;C=96;IH=32;IW=42;pad_left=0;pad_right=1;pad_top=0;pad_bottom=1                  641793    0.1
conv2d_87                               depthwise_conv2d_s8      N=6;IC=1;IH=33;IW=43;OC=96;KH=3;KW=3;SH=2;SW=2;PH=0;PW=0;DH=1;DW=1;groups=96      49119255    6.4
mul_70__sigmoid                         sigmoid_s8               n=193536                                                                             70152    0.0
mul_70                                  mul_s8                   n=193536                                                                            145189    0.0
adaptive_avg_pool2d_18                  adaptive_avg_pool2d_s8   N=6;C=96;IH=16;IW=21;OH=1;OW=1                                                      240849    0.0
conv2d_88                               conv2d_s8_pc             N=6;IC=96;IH=1;IW=1;OC=4;KH=1;KW=1;SH=1;SW=1;PH=0;PW=0;DH=1;DW=1;groups=1            48371    0.0
mul_71__sigmoid                         sigmoid_s8               n=24                                                                                  2797    0.0
mul_71                                  mul_s8                   n=24                                                                                    60    0.0
conv2d_89                               conv2d_s8_pc             N=6;IC=4;IH=1;IW=1;OC=96;KH=1;KW=1;SH=1;SW=1;PH=0;PW=0;DH=1;DW=1;groups=1            35919    0.0
sigmoid_72                              sigmoid_s8               n=576                                                                                18382    0.0
mul_72                                  mul_c1_s8                N=6;C=96;HW=336                                                                     133708    0.0
conv2d_90                               conv2d_s8_pc             N=6;IC=96;IH=16;IW=21;OC=24;KH=1;KW=1;SH=1;SW=1;PH=0;PW=0;DH=1;DW=1;groups=1      12299944    1.6
conv2d_91                               conv2d_s8_pc             N=6;IC=24;IH=16;IW=21;OC=144;KH=1;KW=1;SH=1;SW=1;PH=0;PW=0;DH=1;DW=1;groups=1     17679862    2.3
mul_73__sigmoid                         sigmoid_s8               n=290304                                                                             88949    0.0
mul_73                                  mul_s8                   n=290304                                                                            217765    0.0
conv2d_92                               depthwise_conv2d_s8      N=6;IC=1;IH=16;IW=21;OC=144;KH=3;KW=3;SH=1;SW=1;PH=1;PW=1;DH=1;DW=1;groups=144    26772185    3.5
mul_74__sigmoid                         sigmoid_s8               n=290304                                                                             83583    0.0
mul_74                                  mul_s8                   n=290304                                                                            217765    0.0
adaptive_avg_pool2d_19                  adaptive_avg_pool2d_s8   N=6;C=144;IH=16;IW=21;OH=1;OW=1                                                     361227    0.0
conv2d_93                               conv2d_s8_pc             N=6;IC=144;IH=1;IW=1;OC=6;KH=1;KW=1;SH=1;SW=1;PH=0;PW=0;DH=1;DW=1;groups=1           73994    0.0
mul_75__sigmoid                         sigmoid_s8               n=36                                                                                  4153    0.0
mul_75                                  mul_s8                   n=36                                                                                    84    0.0
conv2d_94                               conv2d_s8_pc             N=6;IC=6;IH=1;IW=1;OC=144;KH=1;KW=1;SH=1;SW=1;PH=0;PW=0;DH=1;DW=1;groups=1           57927    0.0
sigmoid_76                              sigmoid_s8               n=864                                                                                24362    0.0
mul_76                                  mul_c1_s8                N=6;C=144;HW=336                                                                    200524    0.0
conv2d_95                               conv2d_s8_pc             N=6;IC=144;IH=16;IW=21;OC=24;KH=1;KW=1;SH=1;SW=1;PH=0;PW=0;DH=1;DW=1;groups=1     17258152    2.2
add_9                                   add_s8                   n=48384                                                                              39349    0.0
conv2d_96                               conv2d_s8_pc             N=6;IC=24;IH=16;IW=21;OC=144;KH=1;KW=1;SH=1;SW=1;PH=0;PW=0;DH=1;DW=1;groups=1     17679868    2.3
mul_77__sigmoid                         sigmoid_s8               n=290304                                                                             88489    0.0
mul_77                                  mul_s8                   n=290304                                                                            217765    0.0
pad_21                                  pad_s8                   N=6;C=144;IH=16;IW=21;pad_left=1;pad_right=2;pad_top=1;pad_bottom=2                 631713    0.1
conv2d_97                               depthwise_conv2d_s8      N=6;IC=1;IH=19;IW=24;OC=144;KH=5;KW=5;SH=2;SW=2;PH=0;PW=0;DH=1;DW=1;groups=144    39322647    5.1
mul_78__sigmoid                         sigmoid_s8               n=69120                                                                              45166    0.0
mul_78                                  mul_s8                   n=69120                                                                              51877    0.0
adaptive_avg_pool2d_20                  adaptive_avg_pool2d_s8   N=6;C=144;IH=8;IW=10;OH=1;OW=1                                                      230253    0.0
conv2d_98                               conv2d_s8_pc             N=6;IC=144;IH=1;IW=1;OC=6;KH=1;KW=1;SH=1;SW=1;PH=0;PW=0;DH=1;DW=1;groups=1           74006    0.0
mul_79__sigmoid                         sigmoid_s8               n=36                                                                                  4105    0.0
mul_79                                  mul_s8                   n=36                                                                                    84    0.0
conv2d_99                               conv2d_s8_pc             N=6;IC=6;IH=1;IW=1;OC=144;KH=1;KW=1;SH=1;SW=1;PH=0;PW=0;DH=1;DW=1;groups=1           57927    0.0
sigmoid_80                              sigmoid_s8               n=864                                                                                23190    0.0
mul_80                                  mul_c1_s8                N=6;C=144;HW=80                                                                      62284    0.0
conv2d_100                              conv2d_s8_pc             N=6;IC=144;IH=8;IW=10;OC=40;KH=1;KW=1;SH=1;SW=1;PH=0;PW=0;DH=1;DW=1;groups=1       4973784    0.6
conv2d_101                              conv2d_s8_pc             N=6;IC=40;IH=8;IW=10;OC=240;KH=1;KW=1;SH=1;SW=1;PH=0;PW=0;DH=1;DW=1;groups=1       7826224    1.0
mul_81__sigmoid                         sigmoid_s8               n=115200                                                                             48277    0.0
mul_81                                  mul_s8                   n=115200                                                                             86437    0.0
conv2d_102                              depthwise_conv2d_s8      N=6;IC=1;IH=8;IW=10;OC=240;KH=5;KW=5;SH=1;SW=1;PH=2;PW=2;DH=1;DW=1;groups=240     28562681    3.7
mul_82__sigmoid                         sigmoid_s8               n=115200                                                                             47918    0.0
mul_82                                  mul_s8                   n=115200                                                                             86437    0.0
adaptive_avg_pool2d_21                  adaptive_avg_pool2d_s8   N=6;C=240;IH=8;IW=10;OH=1;OW=1                                                      383229    0.0
conv2d_103                              conv2d_s8_pc             N=6;IC=240;IH=1;IW=1;OC=10;KH=1;KW=1;SH=1;SW=1;PH=0;PW=0;DH=1;DW=1;groups=1         129845    0.0
mul_83__sigmoid                         sigmoid_s8               n=60                                                                                  7375    0.0
mul_83                                  mul_s8                   n=60                                                                                    84    0.0
conv2d_104                              conv2d_s8_pc             N=6;IC=10;IH=1;IW=1;OC=240;KH=1;KW=1;SH=1;SW=1;PH=0;PW=0;DH=1;DW=1;groups=1         110871    0.0
sigmoid_84                              sigmoid_s8               n=1440                                                                               20179    0.0
mul_84                                  mul_c1_s8                N=6;C=240;HW=80                                                                     103756    0.0
conv2d_105                              conv2d_s8_pc             N=6;IC=240;IH=8;IW=10;OC=40;KH=1;KW=1;SH=1;SW=1;PH=0;PW=0;DH=1;DW=1;groups=1       7677144    1.0
add_10                                  add_s8                   n=19200                                                                              15637    0.0
conv2d_106                              conv2d_s8_pc             N=6;IC=40;IH=8;IW=10;OC=240;KH=1;KW=1;SH=1;SW=1;PH=0;PW=0;DH=1;DW=1;groups=1       7826224    1.0
mul_85__sigmoid                         sigmoid_s8               n=115200                                                                             47960    0.0
mul_85                                  mul_s8                   n=115200                                                                             86437    0.0
pad_23                                  pad_s8                   N=6;C=240;IH=8;IW=10;pad_left=0;pad_right=1;pad_top=0;pad_bottom=1                  429249    0.1
conv2d_107                              depthwise_conv2d_s8      N=6;IC=1;IH=9;IW=11;OC=240;KH=3;KW=3;SH=2;SW=2;PH=0;PW=0;DH=1;DW=1;groups=240      7417683    1.0
mul_86__sigmoid                         sigmoid_s8               n=28800                                                                              36938    0.0
mul_86                                  mul_s8                   n=28800                                                                              21637    0.0
adaptive_avg_pool2d_22                  adaptive_avg_pool2d_s8   N=6;C=240;IH=4;IW=5;OH=1;OW=1                                                       274107    0.0
conv2d_108                              conv2d_s8_pc             N=6;IC=240;IH=1;IW=1;OC=10;KH=1;KW=1;SH=1;SW=1;PH=0;PW=0;DH=1;DW=1;groups=1         129881    0.0
mul_87__sigmoid                         sigmoid_s8               n=60                                                                                  7399    0.0
mul_87                                  mul_s8                   n=60                                                                                    84    0.0
conv2d_109                              conv2d_s8_pc             N=6;IC=10;IH=1;IW=1;OC=240;KH=1;KW=1;SH=1;SW=1;PH=0;PW=0;DH=1;DW=1;groups=1         110871    0.0
sigmoid_88                              sigmoid_s8               n=1440                                                                               20082    0.0
mul_88                                  mul_c1_s8                N=6;C=240;HW=20                                                                      46156    0.0
conv2d_110                              conv2d_s8_pc             N=6;IC=240;IH=4;IW=5;OC=80;KH=1;KW=1;SH=1;SW=1;PH=0;PW=0;DH=1;DW=1;groups=1        2958464    0.4
conv2d_111                              conv2d_s8_pc             N=6;IC=80;IH=4;IW=5;OC=480;KH=1;KW=1;SH=1;SW=1;PH=0;PW=0;DH=1;DW=1;groups=1        5651464    0.7
mul_89__sigmoid                         sigmoid_s8               n=57600                                                                              25876    0.0
mul_89                                  mul_s8                   n=57600                                                                              43237    0.0
conv2d_112                              depthwise_conv2d_s8      N=6;IC=1;IH=4;IW=5;OC=480;KH=3;KW=3;SH=1;SW=1;PH=1;PW=1;DH=1;DW=1;groups=480       8810201    1.1
mul_90__sigmoid                         sigmoid_s8               n=57600                                                                              35655    0.0
mul_90                                  mul_s8                   n=57600                                                                              43237    0.0
adaptive_avg_pool2d_23                  adaptive_avg_pool2d_s8   N=6;C=480;IH=4;IW=5;OH=1;OW=1                                                       546849    0.1
conv2d_113                              conv2d_s8_pc             N=6;IC=480;IH=1;IW=1;OC=20;KH=1;KW=1;SH=1;SW=1;PH=0;PW=0;DH=1;DW=1;groups=1         354835    0.0
mul_91__sigmoid                         sigmoid_s8               n=120                                                                                12661    0.0
mul_91                                  mul_s8                   n=120                                                                                  132    0.0
conv2d_114                              conv2d_s8_pc             N=6;IC=20;IH=1;IW=1;OC=480;KH=1;KW=1;SH=1;SW=1;PH=0;PW=0;DH=1;DW=1;groups=1         295311    0.0
sigmoid_92                              sigmoid_s8               n=2880                                                                                9878    0.0
mul_92                                  mul_c1_s8                N=6;C=480;HW=20                                                                      92236    0.0
conv2d_115                              conv2d_s8_pc             N=6;IC=480;IH=4;IW=5;OC=80;KH=1;KW=1;SH=1;SW=1;PH=0;PW=0;DH=1;DW=1;groups=1        5473664    0.7
add_11                                  add_s8                   n=9600                                                                                7837    0.0
conv2d_116                              conv2d_s8_pc             N=6;IC=80;IH=4;IW=5;OC=480;KH=1;KW=1;SH=1;SW=1;PH=0;PW=0;DH=1;DW=1;groups=1        5651464    0.7
mul_93__sigmoid                         sigmoid_s8               n=57600                                                                              26483    0.0
mul_93                                  mul_s8                   n=57600                                                                              43237    0.0
conv2d_117                              depthwise_conv2d_s8      N=6;IC=1;IH=4;IW=5;OC=480;KH=3;KW=3;SH=1;SW=1;PH=1;PW=1;DH=1;DW=1;groups=480       8810201    1.1
mul_94__sigmoid                         sigmoid_s8               n=57600                                                                              30323    0.0
mul_94                                  mul_s8                   n=57600                                                                              43237    0.0
adaptive_avg_pool2d_24                  adaptive_avg_pool2d_s8   N=6;C=480;IH=4;IW=5;OH=1;OW=1                                                       546579    0.1
conv2d_118                              conv2d_s8_pc             N=6;IC=480;IH=1;IW=1;OC=20;KH=1;KW=1;SH=1;SW=1;PH=0;PW=0;DH=1;DW=1;groups=1         354835    0.0
mul_95__sigmoid                         sigmoid_s8               n=120                                                                                14239    0.0
mul_95                                  mul_s8                   n=120                                                                                  132    0.0
conv2d_119                              conv2d_s8_pc             N=6;IC=20;IH=1;IW=1;OC=480;KH=1;KW=1;SH=1;SW=1;PH=0;PW=0;DH=1;DW=1;groups=1         295311    0.0
sigmoid_96                              sigmoid_s8               n=2880                                                                               18674    0.0
mul_96                                  mul_c1_s8                N=6;C=480;HW=20                                                                      92236    0.0
conv2d_120                              conv2d_s8_pc             N=6;IC=480;IH=4;IW=5;OC=80;KH=1;KW=1;SH=1;SW=1;PH=0;PW=0;DH=1;DW=1;groups=1        5473664    0.7
add_12                                  add_s8                   n=9600                                                                                7837    0.0
conv2d_121                              conv2d_s8_pc             N=6;IC=80;IH=4;IW=5;OC=480;KH=1;KW=1;SH=1;SW=1;PH=0;PW=0;DH=1;DW=1;groups=1        5651464    0.7
mul_97__sigmoid                         sigmoid_s8               n=57600                                                                              26472    0.0
mul_97                                  mul_s8                   n=57600                                                                              43237    0.0
conv2d_122                              depthwise_conv2d_s8      N=6;IC=1;IH=4;IW=5;OC=480;KH=5;KW=5;SH=1;SW=1;PH=2;PW=2;DH=1;DW=1;groups=480      21827801    2.8
mul_98__sigmoid                         sigmoid_s8               n=57600                                                                              29425    0.0
mul_98                                  mul_s8                   n=57600                                                                              43237    0.0
adaptive_avg_pool2d_25                  adaptive_avg_pool2d_s8   N=6;C=480;IH=4;IW=5;OH=1;OW=1                                                       546327    0.1
conv2d_123                              conv2d_s8_pc             N=6;IC=480;IH=1;IW=1;OC=20;KH=1;KW=1;SH=1;SW=1;PH=0;PW=0;DH=1;DW=1;groups=1         354835    0.0
mul_99__sigmoid                         sigmoid_s8               n=120                                                                                11036    0.0
mul_99                                  mul_s8                   n=120                                                                                  132    0.0
conv2d_124                              conv2d_s8_pc             N=6;IC=20;IH=1;IW=1;OC=480;KH=1;KW=1;SH=1;SW=1;PH=0;PW=0;DH=1;DW=1;groups=1         295311    0.0
sigmoid_100                             sigmoid_s8               n=2880                                                                                5928    0.0
mul_100                                 mul_c1_s8                N=6;C=480;HW=20                                                                      92236    0.0
conv2d_125                              conv2d_s8_pc             N=6;IC=480;IH=4;IW=5;OC=112;KH=1;KW=1;SH=1;SW=1;PH=0;PW=0;DH=1;DW=1;groups=1       6693648    0.9
conv2d_126                              conv2d_s8_pc             N=6;IC=112;IH=4;IW=5;OC=672;KH=1;KW=1;SH=1;SW=1;PH=0;PW=0;DH=1;DW=1;groups=1       9372520    1.2
mul_101__sigmoid                        sigmoid_s8               n=80640                                                                              30433    0.0
mul_101                                 mul_s8                   n=80640                                                                              60517    0.0
conv2d_127                              depthwise_conv2d_s8      N=6;IC=1;IH=4;IW=5;OC=672;KH=5;KW=5;SH=1;SW=1;PH=2;PW=2;DH=1;DW=1;groups=672      30558809    4.0
mul_102__sigmoid                        sigmoid_s8               n=80640                                                                              29910    0.0
mul_102                                 mul_s8                   n=80640                                                                              60517    0.0
adaptive_avg_pool2d_26                  adaptive_avg_pool2d_s8   N=6;C=672;IH=4;IW=5;OH=1;OW=1                                                       762861    0.1
conv2d_128                              conv2d_s8_pc             N=6;IC=672;IH=1;IW=1;OC=28;KH=1;KW=1;SH=1;SW=1;PH=0;PW=0;DH=1;DW=1;groups=1         538715    0.1
mul_103__sigmoid                        sigmoid_s8               n=168                                                                                 1577    0.0
mul_103                                 mul_s8                   n=168                                                                                  180    0.0
conv2d_129                              conv2d_s8_pc             N=6;IC=28;IH=1;IW=1;OC=672;KH=1;KW=1;SH=1;SW=1;PH=0;PW=0;DH=1;DW=1;groups=1         496431    0.1
sigmoid_104                             sigmoid_s8               n=4032                                                                                2733    0.0
mul_104                                 mul_c1_s8                N=6;C=672;HW=20                                                                     129100    0.0
conv2d_130                              conv2d_s8_pc             N=6;IC=672;IH=4;IW=5;OC=112;KH=1;KW=1;SH=1;SW=1;PH=0;PW=0;DH=1;DW=1;groups=1       9123600    1.2
add_13                                  add_s8                   n=13440                                                                              10957    0.0
conv2d_131                              conv2d_s8_pc             N=6;IC=112;IH=4;IW=5;OC=672;KH=1;KW=1;SH=1;SW=1;PH=0;PW=0;DH=1;DW=1;groups=1       9372520    1.2
mul_105__sigmoid                        sigmoid_s8               n=80640                                                                              28072    0.0
mul_105                                 mul_s8                   n=80640                                                                              60517    0.0
conv2d_132                              depthwise_conv2d_s8      N=6;IC=1;IH=4;IW=5;OC=672;KH=5;KW=5;SH=1;SW=1;PH=2;PW=2;DH=1;DW=1;groups=672      30558809    4.0
mul_106__sigmoid                        sigmoid_s8               n=80640                                                                              28999    0.0
mul_106                                 mul_s8                   n=80640                                                                              60517    0.0
adaptive_avg_pool2d_27                  adaptive_avg_pool2d_s8   N=6;C=672;IH=4;IW=5;OH=1;OW=1                                                       762891    0.1
conv2d_133                              conv2d_s8_pc             N=6;IC=672;IH=1;IW=1;OC=28;KH=1;KW=1;SH=1;SW=1;PH=0;PW=0;DH=1;DW=1;groups=1         538715    0.1
mul_107__sigmoid                        sigmoid_s8               n=168                                                                                 2457    0.0
mul_107                                 mul_s8                   n=168                                                                                  180    0.0
conv2d_134                              conv2d_s8_pc             N=6;IC=28;IH=1;IW=1;OC=672;KH=1;KW=1;SH=1;SW=1;PH=0;PW=0;DH=1;DW=1;groups=1         496431    0.1
sigmoid_108                             sigmoid_s8               n=4032                                                                                5028    0.0
mul_108                                 mul_c1_s8                N=6;C=672;HW=20                                                                     129100    0.0
conv2d_135                              conv2d_s8_pc             N=6;IC=672;IH=4;IW=5;OC=112;KH=1;KW=1;SH=1;SW=1;PH=0;PW=0;DH=1;DW=1;groups=1       9123600    1.2
add_14                                  add_s8                   n=13440                                                                              10957    0.0
conv2d_136                              conv2d_s8_pc             N=6;IC=112;IH=4;IW=5;OC=672;KH=1;KW=1;SH=1;SW=1;PH=0;PW=0;DH=1;DW=1;groups=1       9372520    1.2
mul_109__sigmoid                        sigmoid_s8               n=80640                                                                              26750    0.0
mul_109                                 mul_s8                   n=80640                                                                              60517    0.0
pad_29                                  pad_s8                   N=6;C=672;IH=4;IW=5;pad_left=1;pad_right=2;pad_top=1;pad_bottom=2                   915393    0.1
conv2d_137                              depthwise_conv2d_s8      N=6;IC=1;IH=7;IW=8;OC=672;KH=5;KW=5;SH=2;SW=2;PH=0;PW=0;DH=1;DW=1;groups=672       9379292    1.2
mul_110__sigmoid                        sigmoid_s8               n=16128                                                                              33966    0.0
mul_110                                 mul_s8                   n=16128                                                                              12133    0.0
adaptive_avg_pool2d_28                  adaptive_avg_pool2d_s8   N=6;C=672;IH=2;IW=2;OH=1;OW=1                                                       611967    0.1
conv2d_138                              conv2d_s8_pc             N=6;IC=672;IH=1;IW=1;OC=28;KH=1;KW=1;SH=1;SW=1;PH=0;PW=0;DH=1;DW=1;groups=1         538715    0.1
mul_111__sigmoid                        sigmoid_s8               n=168                                                                                13071    0.0
mul_111                                 mul_s8                   n=168                                                                                  180    0.0
conv2d_139                              conv2d_s8_pc             N=6;IC=28;IH=1;IW=1;OC=672;KH=1;KW=1;SH=1;SW=1;PH=0;PW=0;DH=1;DW=1;groups=1         496431    0.1
sigmoid_112                             sigmoid_s8               n=4032                                                                               11120    0.0
mul_112                                 mul_c1_s8                N=6;C=672;HW=4                                                                      129100    0.0
conv2d_140                              conv2d_s8_pc             N=6;IC=672;IH=2;IW=2;OC=192;KH=1;KW=1;SH=1;SW=1;PH=0;PW=0;DH=1;DW=1;groups=1       3891700    0.5
conv2d_141                              conv2d_s8_pc             N=6;IC=192;IH=2;IW=2;OC=1152;KH=1;KW=1;SH=1;SW=1;PH=0;PW=0;DH=1;DW=1;groups=1      6569860    0.9
mul_113__sigmoid                        sigmoid_s8               n=27648                                                                              21889    0.0
mul_113                                 mul_s8                   n=27648                                                                              20773    0.0
conv2d_142                              depthwise_conv2d_s8      N=6;IC=1;IH=2;IW=2;OC=1152;KH=5;KW=5;SH=1;SW=1;PH=2;PW=2;DH=1;DW=1;groups=1152     6304026    0.8
mul_114__sigmoid                        sigmoid_s8               n=27648                                                                              24778    0.0
mul_114                                 mul_s8                   n=27648                                                                              20773    0.0
adaptive_avg_pool2d_29                  adaptive_avg_pool2d_s8   N=6;C=1152;IH=2;IW=2;OH=1;OW=1                                                     1049397    0.1
conv2d_143                              conv2d_s8_pc             N=6;IC=1152;IH=1;IW=1;OC=48;KH=1;KW=1;SH=1;SW=1;PH=0;PW=0;DH=1;DW=1;groups=1       1245087    0.2
mul_115__sigmoid                        sigmoid_s8               n=288                                                                                10392    0.0
mul_115                                 mul_s8                   n=288                                                                                  252    0.0
conv2d_144                              conv2d_s8_pc             N=6;IC=48;IH=1;IW=1;OC=1152;KH=1;KW=1;SH=1;SW=1;PH=0;PW=0;DH=1;DW=1;groups=1       1207551    0.2
sigmoid_116                             sigmoid_s8               n=6912                                                                                5473    0.0
mul_116                                 mul_c1_s8                N=6;C=1152;HW=4                                                                     221260    0.0
conv2d_145                              conv2d_s8_pc             N=6;IC=1152;IH=2;IW=2;OC=192;KH=1;KW=1;SH=1;SW=1;PH=0;PW=0;DH=1;DW=1;groups=1      6518260    0.8
add_15                                  add_s8                   n=4608                                                                                3781    0.0
conv2d_146                              conv2d_s8_pc             N=6;IC=192;IH=2;IW=2;OC=1152;KH=1;KW=1;SH=1;SW=1;PH=0;PW=0;DH=1;DW=1;groups=1      6569860    0.9
mul_117__sigmoid                        sigmoid_s8               n=27648                                                                              24961    0.0
mul_117                                 mul_s8                   n=27648                                                                              20773    0.0
conv2d_147                              depthwise_conv2d_s8      N=6;IC=1;IH=2;IW=2;OC=1152;KH=5;KW=5;SH=1;SW=1;PH=2;PW=2;DH=1;DW=1;groups=1152     6304026    0.8
mul_118__sigmoid                        sigmoid_s8               n=27648                                                                              28015    0.0
mul_118                                 mul_s8                   n=27648                                                                              20773    0.0
adaptive_avg_pool2d_30                  adaptive_avg_pool2d_s8   N=6;C=1152;IH=2;IW=2;OH=1;OW=1                                                     1049607    0.1
conv2d_148                              conv2d_s8_pc             N=6;IC=1152;IH=1;IW=1;OC=48;KH=1;KW=1;SH=1;SW=1;PH=0;PW=0;DH=1;DW=1;groups=1       1245087    0.2
mul_119__sigmoid                        sigmoid_s8               n=288                                                                                19779    0.0
mul_119                                 mul_s8                   n=288                                                                                  252    0.0
conv2d_149                              conv2d_s8_pc             N=6;IC=48;IH=1;IW=1;OC=1152;KH=1;KW=1;SH=1;SW=1;PH=0;PW=0;DH=1;DW=1;groups=1       1207551    0.2
sigmoid_120                             sigmoid_s8               n=6912                                                                                5201    0.0
mul_120                                 mul_c1_s8                N=6;C=1152;HW=4                                                                     221260    0.0
conv2d_150                              conv2d_s8_pc             N=6;IC=1152;IH=2;IW=2;OC=192;KH=1;KW=1;SH=1;SW=1;PH=0;PW=0;DH=1;DW=1;groups=1      6518260    0.8
add_16                                  add_s8                   n=4608                                                                                3781    0.0
conv2d_151                              conv2d_s8_pc             N=6;IC=192;IH=2;IW=2;OC=1152;KH=1;KW=1;SH=1;SW=1;PH=0;PW=0;DH=1;DW=1;groups=1      6569860    0.9
mul_121__sigmoid                        sigmoid_s8               n=27648                                                                              25355    0.0
mul_121                                 mul_s8                   n=27648                                                                              20773    0.0
conv2d_152                              depthwise_conv2d_s8      N=6;IC=1;IH=2;IW=2;OC=1152;KH=5;KW=5;SH=1;SW=1;PH=2;PW=2;DH=1;DW=1;groups=1152     6304026    0.8
mul_122__sigmoid                        sigmoid_s8               n=27648                                                                              20916    0.0
mul_122                                 mul_s8                   n=27648                                                                              20773    0.0
adaptive_avg_pool2d_31                  adaptive_avg_pool2d_s8   N=6;C=1152;IH=2;IW=2;OH=1;OW=1                                                     1047045    0.1
conv2d_153                              conv2d_s8_pc             N=6;IC=1152;IH=1;IW=1;OC=48;KH=1;KW=1;SH=1;SW=1;PH=0;PW=0;DH=1;DW=1;groups=1       1245087    0.2
mul_123__sigmoid                        sigmoid_s8               n=288                                                                                11997    0.0
mul_123                                 mul_s8                   n=288                                                                                  252    0.0
conv2d_154                              conv2d_s8_pc             N=6;IC=48;IH=1;IW=1;OC=1152;KH=1;KW=1;SH=1;SW=1;PH=0;PW=0;DH=1;DW=1;groups=1       1207551    0.2
sigmoid_124                             sigmoid_s8               n=6912                                                                               10812    0.0
mul_124                                 mul_c1_s8                N=6;C=1152;HW=4                                                                     221260    0.0
conv2d_155                              conv2d_s8_pc             N=6;IC=1152;IH=2;IW=2;OC=192;KH=1;KW=1;SH=1;SW=1;PH=0;PW=0;DH=1;DW=1;groups=1      6518260    0.8
add_17                                  add_s8                   n=4608                                                                                3781    0.0
conv2d_156                              conv2d_s8_pc             N=6;IC=192;IH=2;IW=2;OC=1152;KH=1;KW=1;SH=1;SW=1;PH=0;PW=0;DH=1;DW=1;groups=1      6569860    0.9
mul_125__sigmoid                        sigmoid_s8               n=27648                                                                              21497    0.0
mul_125                                 mul_s8                   n=27648                                                                              20773    0.0
conv2d_157                              depthwise_conv2d_s8      N=6;IC=1;IH=2;IW=2;OC=1152;KH=3;KW=3;SH=1;SW=1;PH=1;PW=1;DH=1;DW=1;groups=1152     5198104    0.7
mul_126__sigmoid                        sigmoid_s8               n=27648                                                                              25743    0.0
mul_126                                 mul_s8                   n=27648                                                                              20773    0.0
adaptive_avg_pool2d_32                  adaptive_avg_pool2d_s8   N=6;C=1152;IH=2;IW=2;OH=1;OW=1                                                     1047093    0.1
conv2d_158                              conv2d_s8_pc             N=6;IC=1152;IH=1;IW=1;OC=48;KH=1;KW=1;SH=1;SW=1;PH=0;PW=0;DH=1;DW=1;groups=1       1245087    0.2
mul_127__sigmoid                        sigmoid_s8               n=288                                                                                12040    0.0
mul_127                                 mul_s8                   n=288                                                                                  252    0.0
conv2d_159                              conv2d_s8_pc             N=6;IC=48;IH=1;IW=1;OC=1152;KH=1;KW=1;SH=1;SW=1;PH=0;PW=0;DH=1;DW=1;groups=1       1207551    0.2
sigmoid_128                             sigmoid_s8               n=6912                                                                               17710    0.0
mul_128                                 mul_c1_s8                N=6;C=1152;HW=4                                                                     221260    0.0
conv2d_160                              conv2d_s8_pc             N=6;IC=1152;IH=2;IW=2;OC=320;KH=1;KW=1;SH=1;SW=1;PH=0;PW=0;DH=1;DW=1;groups=1     10051796    1.3
conv2d_161                              conv2d_s8_pc             N=6;IC=320;IH=2;IW=2;OC=1280;KH=1;KW=1;SH=1;SW=1;PH=0;PW=0;DH=1;DW=1;groups=1     11180644    1.5
mul_129__sigmoid                        sigmoid_s8               n=30720                                                                              12462    0.0
mul_129                                 mul_s8                   n=30720                                                                              23077    0.0
adaptive_avg_pool2d_33                  adaptive_avg_pool2d_s8   N=6;C=1280;IH=2;IW=2;OH=1;OW=1                                                     1165233    0.2
linear_1                                linear_s8_pc             M=6;K=1280;N=512                                                                   2838680    0.4
linear__cast_i8                         cast_f16_to_i8           n=512                                                                                 9958    0.0
cat_1                                   cat2_c1_s8               N=1;H=1;W=512;C_total=7;C_inputs=6|1                                                  2727    0.0
add_18                                  add_s8                   n=3584                                                                                2949    0.0
layer_norm                              layer_norm_s8            M=7;K=512                                                                           269307    0.0
linear_2                                linear_s8_pc             M=7;K=512;N=1536                                                                   4257951    0.6
scaled_dot_product_attention_qk         matmul_s8                M=7;K=128;N=7                                                                        17913    0.0
scaled_dot_product_attention_softmax    softmax_s8               M=7;K=7                                                                               4722    0.0
scaled_dot_product_attention_av         matmul_s8                M=7;K=7;N=128                                                                       116303    0.0
linear_3                                linear_s8_pc             M=7;K=512;N=512                                                                    1419423    0.2
add_19                                  add_s8                   n=3584                                                                                2949    0.0
layer_norm_1                            layer_norm_s8            M=7;K=512                                                                           263808    0.0
linear_4                                linear_s8_pc             M=7;K=512;N=2048                                                                   5677216    0.7
gelu                                    gelu_s8                  n=14336                                                                             165002    0.0
linear_5                                linear_s8_pc             M=7;K=2048;N=512                                                                   5204128    0.7
add_20                                  add_s8                   n=3584                                                                                2949    0.0
layer_norm_2                            layer_norm_s8            M=7;K=512                                                                           268520    0.0
linear_6                                linear_s8_pc             M=7;K=512;N=1536                                                                   4257951    0.6
scaled_dot_product_attention_1_qk       matmul_s8                M=7;K=128;N=7                                                                        17817    0.0
scaled_dot_product_attention_1_softmax  softmax_s8               M=7;K=7                                                                               4154    0.0
scaled_dot_product_attention_1_av       matmul_s8                M=7;K=7;N=128                                                                       116480    0.0
linear_7                                linear_s8_pc             M=7;K=512;N=512                                                                    1419423    0.2
add_21                                  add_s8                   n=3584                                                                                2949    0.0
layer_norm_3                            layer_norm_s8            M=7;K=512                                                                           263736    0.0
linear_8                                linear_s8_pc             M=7;K=512;N=2048                                                                   5677216    0.7
gelu_1                                  gelu_s8                  n=14336                                                                             164099    0.0
linear_9                                linear_s8_pc             M=7;K=2048;N=512                                                                   5204128    0.7
add_22                                  add_s8                   n=3584                                                                                2949    0.0
layer_norm_4                            layer_norm_s8            M=7;K=512                                                                           267815    0.0
linear_10                               linear_s8_pc             M=7;K=512;N=1536                                                                   4257951    0.6
scaled_dot_product_attention_2_qk       matmul_s8                M=7;K=128;N=7                                                                        17786    0.0
scaled_dot_product_attention_2_softmax  softmax_s8               M=7;K=7                                                                               4113    0.0
scaled_dot_product_attention_2_av       matmul_s8                M=7;K=7;N=128                                                                       116469    0.0
linear_11                               linear_s8_pc             M=7;K=512;N=512                                                                    1419423    0.2
add_23                                  add_s8                   n=3584                                                                                2949    0.0
layer_norm_5                            layer_norm_s8            M=7;K=512                                                                           258753    0.0
linear_12                               linear_s8_pc             M=7;K=512;N=2048                                                                   5677216    0.7
gelu_2                                  gelu_s8                  n=14336                                                                             170403    0.0
linear_13                               linear_s8_pc             M=7;K=2048;N=512                                                                   5204128    0.7
add_24                                  add_s8                   n=3584                                                                                2949    0.0
layer_norm_6                            layer_norm_s8            M=7;K=512                                                                           268225    0.0
linear_14                               linear_s8_pc             M=7;K=512;N=1536                                                                   4257951    0.6
scaled_dot_product_attention_3_qk       matmul_s8                M=7;K=128;N=7                                                                        17844    0.0
scaled_dot_product_attention_3_softmax  softmax_s8               M=7;K=7                                                                               4427    0.0
scaled_dot_product_attention_3_av       matmul_s8                M=7;K=7;N=128                                                                       116540    0.0
linear_15                               linear_s8_pc             M=7;K=512;N=512                                                                    1419424    0.2
add_25                                  add_s8                   n=3584                                                                                2949    0.0
layer_norm_7                            layer_norm_s8            M=7;K=512                                                                           259430    0.0
linear_16                               linear_s8_pc             M=7;K=512;N=2048                                                                   5677216    0.7
gelu_3                                  gelu_s8                  n=14336                                                                             173636    0.0
linear_17                               linear_s8_pc             M=7;K=2048;N=512                                                                   5204128    0.7
add_26                                  add_s8                   n=3584                                                                                2949    0.0
linear_18                               linear_s8_pc             M=1;K=3584;N=512                                                                   1284178    0.2
linear_18__cast_f16                     cast_i8_to_f16           n=512                                                                                  222    0.0
relu                                    relu_f16                 n=512                                                                                  100    0.0
linear_19                               linear_f16               M=1;K=512;N=256                                                                      32128    0.0
relu_1                                  relu_f16                 n=256                                                                                   56    0.0
linear_20                               linear_f16               M=1;K=256;N=128                                                                       8672    0.0
relu_2                                  relu_f16                 n=128                                                                                   34    0.0
linear_21                               linear_f16               M=1;K=128;N=64                                                                        2512    0.0
relu_3                                  relu_f16                 n=64                                                                                    23    0.0
linear_22                               linear_f16               M=1;K=64;N=32                                                                          824    0.0
relu_4                                  relu_f16                 n=32                                                                                    23    0.0
relu_4__cast_i8                         cast_f16_to_i8           n=32                                                                                   627    0.0
linear_23                               linear_s8_pc             M=1;K=32;N=1                                                                           147    0.0
linear_24                               linear_s8_pc             M=1;K=32;N=20                                                                         1401    0.0
vint_action_post                        vint_action_post         n_wp=5;n_dim=4                                                                         172    0.0
-----------------------------------------------------------------------------------------------------------------------------------------------------------------
TOTAL                                                                                                                                           770443505
wall_clock_cycles=7704700 (mtime)
iree_profile -> /scratch/dima/rose-infra/RoSE/experiments/kcov/prof/vint_rvv_kcov2/rvv/spike/vint_kcovref/vint_kcovref.fp32/vint_kcovref_spike_rvv_vint_kcovref.fp32/topo_0/results.csv
### rc=1 2026-09-02T07:32:25Z
############ DONE vint_rvv_kcov2 rc=1 ############
