[22:58:21] job 795 on lane f2-05 hosts=['192.168.0.169']
[22:58:21] clearing stale uartlogs on run hosts
Warning: Permanently added '192.168.0.169' (ED25519) to the list of known hosts.
[22:58:22] === phase INFRASETUP ===
[22:58:22] $ bash -c set -o pipefail; export PATH=/home/ubuntu/miniconda3/bin:/home/ubuntu/miniconda3/condabin:$PATH; unset CONDA_PREFIX CONDA_DEFAULT_ENV CONDA_PROMPT_MODIFIER CONDA_PYTHON_EXE CONDA_SHLVL CONDA_EXE _CE_M _CE_CONDA; source /home/ubuntu/chipyard-rose/env.sh; cd /home/ubuntu/chipyard-rose/sims/firesim; source /home/ubuntu/chipyard-rose/sims/firesim/sourceme-manager.sh --skip-ssh-setup; cd /home/ubuntu/chipyard-rose/sims/firesim/deploy; firesim -c /var/lib/fq/jobs/795/config_runtime.yaml -a /var/lib/fq/jobs/795/config_hwdb.yaml infrasetup
./env.sh: line 4: /scratch/dima/rose-infra/RoSE/soc/sim/chipyard/sims/firesim/../../env.sh: No such file or directory
FireSim Manager. Docs: https://docs.fires.im
Running: infrasetup

Please rename your 'deploy_triplet_override' key in your hwdb entry to 'deploy_quintuplet_override'. Support for 'deploy_triplet_override' will be removed in the future.
firesim_rocket_30MHz_singlecore_no_nic is overriding a deploy quintuplet in your config_hwdb.yaml file. Make sure you understand why!
Please rename your 'deploy_triplet_override' key in your hwdb entry to 'deploy_quintuplet_override'. Support for 'deploy_triplet_override' will be removed in the future.
firesim-rocket-singlecore-fp32gemmini-with-airsim-fast-no-nic-l2-llc4mb-ddr3 is overriding a deploy quintuplet in your config_hwdb.yaml file. Make sure you understand why!
Please rename your 'deploy_triplet_override' key in your hwdb entry to 'deploy_quintuplet_override'. Support for 'deploy_triplet_override' will be removed in the future.
firesim-dual-large-boom-fp32gemmini-singlecore-with-airsim-no-nic-l2-llc4mb-ddr3 is overriding a deploy quintuplet in your config_hwdb.yaml file. Make sure you understand why!
get_local_driver_dir f2-firesim-FireSim-DDR3FRFCFSLLC4MB_WithDefaultFireSimBridges_WithFireSimConfigTweaks_chipyard.RocketConfig-F30MHz_BaseVitisConfig
get_local_driver_dir f2-firesim-FireSim-DDR3FRFCFSLLC4MB_WithDefaultFireSimBridges_WithFireSimConfigTweaks_chipyard.AirSimIOTLFPGemminiLargeBoomConfig-F30MHz_BaseVitisConfig
get_local_driver_dir f2-firesim-FireSim-DDR3FRFCFSLLC4MB_WithDefaultFireSimBridges_WithFireSimConfigTweaks_chipyard.AirSimIOTLFPGemminiLargeDualBoomConfig-F30MHz_BaseVitisConfig
get_local_driver_dir f2-firesim-FireSim-DDR3FRFCFSLLC4MB_WithDefaultFireSimBridges_WithFireSimConfigTweaks_chipyard.AirSimIOTLFPGemminiRocketConfig-F30MHz_BaseVitisConfig
get_local_driver_dir f2-firesim-FireSim-DDR3FRFCFSLLC4MB_WithDefaultFireSimBridges_WithFireSimConfigTweaks_chipyard.AirSimIOTLFPGemminiRocketConfig-F45MHz_BaseVitisConfig
get_local_driver_dir f1-firesim-FireSim-RoseTLRocketMMIOOnlyConfig-BaseF1Config
get_local_driver_dir f1-firesim-FireSim-RoseTLRocketStereoAccRoccMMIOOnlyConfig-BaseF1Config
get_local_driver_dir f1-firesim-FireSim-RoseTLRocketStereoAccMMIOOnlyConfig-BaseF1Config
get_local_driver_dir f1-firesim-FireSim-RoseTLRocketDualDMAMMIOOnlyConfig-BaseF1Config
get_local_driver_dir f1-firesim-FireSim-RoseTLBOOMDualDMAMMIOOnlyConfig-BaseF1Config
get_local_driver_dir xilinx_alveo_u250-firesim-FireSim-RoseTLBOOMDualDMAMMIOOnlyConfig-BaseXilinxAlveoU250Config
get_local_driver_dir xilinx_alveo_u250-firesim-FireSim-RoseTLRocketStereoAccMMIOOnlyConfig-BaseXilinxAlveoU250Config
get_local_driver_dir f1-firesim-FireSim-RoseTLRocketEdgeDetAccMMIOOnlyConfig-BaseF1Config
get_local_driver_dir f1-firesim-FireSim-RoseTLRocketStereoAccNICConfig-BaseF1Config
get_local_driver_dir f1-firesim-FireSim-RocketNICConfig-BaseF1Config
get_local_driver_dir xilinx_alveo_u250-firesim-FireSim-RoseTLRocketMMIOOnlyConfig-BaseXilinxAlveoU250Config
get_local_driver_dir xilinx_alveo_u250-firesim-FireSim-RoseTLRocketSaturnMMIOOnlyConfig-BaseXilinxAlveoU250Config
get_local_driver_dir xilinx_alveo_u250-firesim-FireSim-RoseTLRocketSaturnMMIOOnlyConfig-BaseXilinxAlveoU250Config
get_local_driver_dir xilinx_alveo_u250-firesim-FireSim-RoseTLDualRocketSaturnGemminiMMIOOnlyConfig-BaseXilinxAlveoU250Config
get_local_driver_dir xilinx_alveo_u250-firesim-FireSim-RoseTLDualRocketSaturnGemminiQ31MMIOOnlyConfig-BaseXilinxAlveoU250Config
get_local_driver_dir xilinx_alveo_u250-firesim-FireSim-RoseTLDualRocketSaturnGemminiQ31WsMMIOOnlyConfig-BaseXilinxAlveoU250Config
get_local_driver_dir xilinx_alveo_u250-firesim-FireSim-RoseTLRocketSaturnTacitMMIOOnlyConfig-BaseXilinxAlveoU250Config
get_local_driver_dir xilinx_alveo_u250-firesim-FireSim-RoseTLRocketSaturnDMAMMIOOnlyConfig-BaseXilinxAlveoU250Config
get_local_driver_dir xilinx_alveo_u250-firesim-FireSim-RoseTLRocketSaturnDMAMMIOOnlyConfig-BaseXilinxAlveoU250Config
get_local_driver_dir xilinx_alveo_u250-firesim-FireSim-RoseTLBOOMMMIOOnlyConfig-BaseXilinxAlveoU250Config
get_local_driver_dir xilinx_alveo_u250-firesim-FireSim-RoseTLBOOMGemminiMMIOOnlyConfig-BaseXilinxAlveoU250Config
get_local_driver_dir xilinx_alveo_u250-firesim-FireSim-FireSimRocketConfig-BaseXilinxAlveoU250Config
get_local_driver_dir f2-firesim-FireSim-RoseTLDualSmallTacitMMIOOnlyConfig-BaseF2Config
get_local_driver_dir f2-firesim-FireSim-SatGemDualSmallTacitMMIOOnlyConfig-BaseF2Config
get_local_driver_dir f2-firesim-FireSim-RoseTLDualLargeTacitMMIOOnlyConfig-BaseF2Config
get_local_driver_dir f2-firesim-FireSim-SatGemDualLargeTacitMMIOOnlyConfig-BaseF2Config
get_local_driver_dir f2-firesim-FireSim-RoseTLQuadSmallTacitMMIOOnlyConfig-BaseF2Config
get_local_driver_dir f2-firesim-FireSim-SatGemQuadSmallTacitMMIOOnlyConfig-BaseF2Config
get_local_driver_dir f2-firesim-FireSim-RoseTLQuadLargeTacitMMIOOnlyConfig-BaseF2Config
get_local_driver_dir f2-firesim-FireSim-SatGemQuadLargeTacitMMIOOnlyConfig-BaseF2Config
get_local_driver_dir f2-firesim-FireSim-RoseTLDualSmallTacitMMIOOnlyConfig-BaseF2Config
get_local_driver_dir f2-firesim-FireSim-SatGemDualSmallTacitMMIOOnlyConfig-BaseF2Config
get_local_driver_dir f2-firesim-FireSim-RoseTLDualLargeTacitMMIOOnlyConfig-BaseF2Config
get_local_driver_dir f2-firesim-FireSim-SatGemDualLargeTacitMMIOOnlyConfig-BaseF2Config
get_local_driver_dir f2-firesim-FireSim-RoseTLQuadSmallTacitMMIOOnlyConfig-BaseF2Config
get_local_driver_dir f2-firesim-FireSim-SatGemQuadSmallTacitMMIOOnlyConfig-BaseF2Config
get_local_driver_dir f2-firesim-FireSim-RoseTLQuadLargeTacitMMIOOnlyConfig-BaseF2Config
get_local_driver_dir f2-firesim-FireSim-SatGemQuadLargeTacitMMIOOnlyConfig-BaseF2Config
get_local_driver_dir f2-firesim-FireSim-SatGemQuadHeteroTacitMMIOOnlyConfig-BaseF2Config
get_local_driver_dir f2-firesim-FireSim-RoseTLQuadHeteroTacitMMIOOnlyConfig-BaseF2Config
get_local_driver_dir f2-firesim-FireSim-SatGemQuadHeteroTacitMMIOOnlyConfig-BaseF2PCIMConfig
get_local_driver_dir f2-firesim-FireSim-SatGemDualSmallTacitMMIOOnlyConfig-BaseF2PCIMConfig
run_farm_hosts_dict defaultdict(<class 'list'>, {'192.168.0.169': [(<runtools.run_farm.Inst object at 0x7d4e1d23c160>, None)]})
set_server_hardware_config 0 None
[192.168.0.169] Checking if host instance is up...
Building FPGA software driver for f2-firesim-FireSim-SatGemQuadHeteroTacitMMIOOnlyConfig-BaseF2Config
[localhost] run: make PLATFORM=f2 TARGET_PROJECT=firesim TARGET_PROJECT_MAKEFRAG=/home/ubuntu/chipyard-rose/sims/firesim/deploy/../../../generators/firechip/chip/src/main/makefrag/firesim DESIGN=FireSim TARGET_CONFIG=SatGemQuadHeteroTacitMMIOOnlyConfig PLATFORM_CONFIG=BaseF2Config f2
[localhost] out: /home/ubuntu/.bash_profile: line 4: [: $?: integer expression expected
[localhost] out: ./env.sh: line 4: /scratch/dima/rose-infra/RoSE/soc/sim/chipyard/sims/firesim/../../env.sh: No such file or directory
[localhost] out: ln: /home/ubuntu/chipyard-rose/sims/firesim/sim/midas/src/main/scala/target-symlinks/bridgeinterfaces/./src: cannot overwrite directory
[localhost] out: ln: /home/ubuntu/chipyard-rose/sims/firesim/sim/midas/src/main/scala/target-symlinks/goldengateimplementations/./src: cannot overwrite directory
[localhost] out: mkdir -p /home/ubuntu/chipyard-rose/sims/firesim/sim/midas/src/main/scala/target-symlinks
[localhost] out: # make the symlink dir
[localhost] out: # symlink things
[localhost] out: # remove any folders that don't match
[localhost] out: find /home/ubuntu/chipyard-rose/sims/firesim/sim/midas/src/main/scala/target-symlinks/* -type d | grep -v -e "/home/ubuntu/chipyard-rose/sims/firesim/sim/midas/src/main/scala/target-symlinks/bridgeinterfaces" -e "/home/ubuntu/chipyard-rose/sims/firesim/sim/midas/src/main/scala/target-symlinks/goldengateimplementations" | xargs rm -rf
[localhost] out: source /home/ubuntu/chipyard-rose/env.sh && \
[localhost] out: 	make -C /home/ubuntu/chipyard-rose/sims/firesim-staging \
[localhost] out: 		SBT_PROJECT=firechip \
[localhost] out: 		MODEL=FireSim \
[localhost] out: 		MODEL_PACKAGE=firechip.chip \
[localhost] out: 		VLOG_MODEL=FireSim \
[localhost] out: 		CONFIG=SatGemQuadHeteroTacitMMIOOnlyConfig \
[localhost] out: 		CONFIG_PACKAGE=firechip.chip \
[localhost] out: 		GENERATOR_PACKAGE=chipyard \
[localhost] out: 		EXTRA_CHISEL_OPTIONS=--emit-legacy-sfc \
[localhost] out: 		TB=unused \
[localhost] out: 		TOP=unused
[localhost] out: make[1]: Entering directory '/home/ubuntu/chipyard-rose/sims/firesim-staging'
[localhost] out: make[1]: Nothing to be done for 'default'.
[localhost] out: make[1]: Leaving directory '/home/ubuntu/chipyard-rose/sims/firesim-staging'
[localhost] out: # firechip.chip.FireSim.SatGemQuadHeteroTacitMMIOOnlyConfig must be same as Chipyard
[localhost] out: ln -sf /home/ubuntu/chipyard-rose/sims/firesim-staging/generated-src/firechip.chip.FireSim.SatGemQuadHeteroTacitMMIOOnlyConfig/firechip.chip.FireSim.SatGemQuadHeteroTacitMMIOOnlyConfig.sfc.fir /home/ubuntu/chipyard-rose/sims/firesim/sim/generated-src/f2/f2-firesim-FireSim-SatGemQuadHeteroTacitMMIOOnlyConfig-BaseF2Config/firechip.chip.FireSim.SatGemQuadHeteroTacitMMIOOnlyConfig.fir
[localhost] out: ln -sf /home/ubuntu/chipyard-rose/sims/firesim-staging/generated-src/firechip.chip.FireSim.SatGemQuadHeteroTacitMMIOOnlyConfig/firechip.chip.FireSim.SatGemQuadHeteroTacitMMIOOnlyConfig.anno.json /home/ubuntu/chipyard-rose/sims/firesim/sim/generated-src/f2/f2-firesim-FireSim-SatGemQuadHeteroTacitMMIOOnlyConfig-BaseF2Config/firechip.chip.FireSim.SatGemQuadHeteroTacitMMIOOnlyConfig.anno.json
[localhost] out: # .d needed to run metasim CI tests
[localhost] out: ln -sf /home/ubuntu/chipyard-rose/sims/firesim-staging/generated-src/firechip.chip.FireSim.SatGemQuadHeteroTacitMMIOOnlyConfig/firechip.chip.FireSim.SatGemQuadHeteroTacitMMIOOnlyConfig.d /home/ubuntu/chipyard-rose/sims/firesim/sim/generated-src/f2/f2-firesim-FireSim-SatGemQuadHeteroTacitMMIOOnlyConfig-BaseF2Config/firechip.chip.FireSim.SatGemQuadHeteroTacitMMIOOnlyConfig.d
[localhost] out: 
get_local_driver_dir f2-firesim-FireSim-SatGemQuadHeteroTacitMMIOOnlyConfig-BaseF2Config
[localhost] local: pwd
[localhost] run: rsync -pthrvz -L ../sim/output/f2/f2-firesim-FireSim-SatGemQuadHeteroTacitMMIOOnlyConfig-BaseF2Config/FireSim-f2 /tmp/tmpm5708s1l/
[localhost] out: /home/ubuntu/.bash_profile: line 4: [: $?: integer expression expected
[localhost] out: sending incremental file list
[localhost] out: FireSim-f2
[localhost] out: 
[localhost] out: sent 4.69M bytes  received 35 bytes  9.38M bytes/sec
[localhost] out: total size is 13.19M  speedup is 2.81
[localhost] out: 
[localhost] local: pwd
[localhost] run: rsync -pthrvz -L /home/ubuntu/chipyard-rose/.conda-env/riscv-tools/lib/libriscv.so /tmp/tmpm5708s1l/libriscv.so
[localhost] out: /home/ubuntu/.bash_profile: line 4: [: $?: integer expression expected
[localhost] out: sending incremental file list
[localhost] out: libriscv.so
[localhost] out: 
[localhost] out: sent 31.69M bytes  received 35 bytes  21.13M bytes/sec
[localhost] out: total size is 178.66M  speedup is 5.64
[localhost] out: 
[localhost] local: pwd
[localhost] run: rsync -pthrvz -L /home/ubuntu/chipyard-fsim/.conda-env/lib/libdwarf.so.1.0.0 /tmp/tmpm5708s1l/libdwarf.so.1
[localhost] out: /home/ubuntu/.bash_profile: line 4: [: $?: integer expression expected
[localhost] out: sending incremental file list
[localhost] out: libdwarf.so.1.0.0
[localhost] out: 
[localhost] out: sent 199.64K bytes  received 35 bytes  399.34K bytes/sec
[localhost] out: total size is 486.20K  speedup is 2.43
[localhost] out: 
[localhost] local: pwd
[localhost] run: rsync -pthrvz -L /home/ubuntu/chipyard-fsim/.conda-env/lib/libelf-0.187.so /tmp/tmpm5708s1l/libelf.so.1
[localhost] out: /home/ubuntu/.bash_profile: line 4: [: $?: integer expression expected
[localhost] out: sending incremental file list
[localhost] out: libelf-0.187.so
[localhost] out: 
[localhost] out: sent 50.99K bytes  received 35 bytes  102.06K bytes/sec
[localhost] out: total size is 117.87K  speedup is 2.31
[localhost] out: 
[localhost] local: pwd
[localhost] run: rsync -pthrvz -L /home/ubuntu/chipyard-fsim/.conda-env/lib/libz.so.1.2.13 /tmp/tmpm5708s1l/libz.so.1
[localhost] out: /home/ubuntu/.bash_profile: line 4: [: $?: integer expression expected
[localhost] out: sending incremental file list
[localhost] out: libz.so.1.2.13
[localhost] out: 
[localhost] out: sent 59.72K bytes  received 35 bytes  119.50K bytes/sec
[localhost] out: total size is 112.80K  speedup is 1.89
[localhost] out: 
[localhost] local: pwd
[localhost] run: rsync -pthrvz -L /home/ubuntu/chipyard-fsim/.conda-env/lib/libstdc++.so.6.0.35 /tmp/tmpm5708s1l/libstdc++.so.6
[localhost] out: /home/ubuntu/.bash_profile: line 4: [: $?: integer expression expected
[localhost] out: sending incremental file list
[localhost] out: libstdc++.so.6.0.35
[localhost] out: 
[localhost] out: sent 8.22M bytes  received 35 bytes  16.43M bytes/sec
[localhost] out: total size is 23.91M  speedup is 2.91
[localhost] out: 
[localhost] local: pwd
[localhost] run: rsync -pthrvz -L /home/ubuntu/chipyard-fsim/.conda-env/lib/libgmp.so.10.5.0 /tmp/tmpm5708s1l/libgmp.so.10
[localhost] out: /home/ubuntu/.bash_profile: line 4: [: $?: integer expression expected
[localhost] out: sending incremental file list
[localhost] out: libgmp.so.10.5.0
[localhost] out: 
[localhost] out: sent 348.26K bytes  received 35 bytes  696.58K bytes/sec
[localhost] out: total size is 749.06K  speedup is 2.15
[localhost] out: 
[localhost] local: pwd
[localhost] run: rsync -pthrvz -L /home/ubuntu/chipyard-fsim/.conda-env/lib/libgcc_s.so.1 /tmp/tmpm5708s1l/libgcc_s.so.1
[localhost] out: /home/ubuntu/.bash_profile: line 4: [: $?: integer expression expected
[localhost] out: sending incremental file list
[localhost] out: libgcc_s.so.1
[localhost] out: 
[localhost] out: sent 363.76K bytes  received 35 bytes  727.59K bytes/sec
[localhost] out: total size is 921.30K  speedup is 2.53
[localhost] out: 
[localhost] local: pwd
[localhost] run: find . -mindepth 1 -maxdepth 1 -printf "%P
" | xargs tar -czvf /home/ubuntu/chipyard-rose/sims/firesim/deploy/../sim/output/f2/f2-firesim-FireSim-SatGemQuadHeteroTacitMMIOOnlyConfig-BaseF2Config/driver-bundle.tar.gz
[localhost] out: /home/ubuntu/.bash_profile: line 4: [: $?: integer expression expected
[localhost] out: libgcc_s.so.1
[localhost] out: libz.so.1
[localhost] out: libelf.so.1
[localhost] out: FireSim-f2
[localhost] out: libriscv.so
[localhost] out: libdwarf.so.1
[localhost] out: libstdc++.so.6
[localhost] out: libgmp.so.10
[localhost] out: 
[192.168.0.169] Copying FPGA simulation infrastructure for slot: 0.
[192.168.0.169] Installing AWS FPGA SDK on remote nodes. Upstream hash: 5e4c3c2
Warning: run() received nonzero return code 128 while executing 'git clone https://github.com/firesim/aws-fpga-firesim-f2.git aws-fpga'!
Warning: run() received nonzero return code 1 while executing 'cd aws-fpga && git checkout 5e4c3c2'!
[192.168.0.169] Unloading XRT-related Kernel Modules.
Warning: run() received nonzero return code 5 while executing 'sudo systemctl stop mpd'!
Warning: run() received nonzero return code 1 while executing 'sudo yum remove -y xrt xrt-aws'!
[192.168.0.169] Clearing FPGA Slot 0.
[192.168.0.169] Checking for Cleared FPGA Slot 0.
[192.168.0.169] Flashing FPGA Slot: 0 with agfi: agfi-0662319f4b07483a7.
[192.168.0.169] Checking for Flashed FPGA Slot: 0 with agfi: agfi-0662319f4b07483a7.
[192.168.0.169] Starting Vivado hw_server.
[192.168.0.169] Starting Vivado virtual JTAG.
The full log of this run is:
/home/ubuntu/chipyard-rose/sims/firesim/deploy/logs/2026-09-03--22-58-24-infrasetup-X7A9J2BRDOHXY1TQ.log
[22:59:24] === phase RUN ===
[22:59:24] $ bash -c set -o pipefail; export PATH=/home/ubuntu/miniconda3/bin:/home/ubuntu/miniconda3/condabin:$PATH; unset CONDA_PREFIX CONDA_DEFAULT_ENV CONDA_PROMPT_MODIFIER CONDA_PYTHON_EXE CONDA_SHLVL CONDA_EXE _CE_M _CE_CONDA; source /home/ubuntu/chipyard-rose/env.sh; cd /home/ubuntu/chipyard-rose/sims/firesim; source /home/ubuntu/chipyard-rose/sims/firesim/sourceme-manager.sh --skip-ssh-setup; cd /home/ubuntu/chipyard-rose/sims/firesim/deploy; firesim -c /var/lib/fq/jobs/795/config_runtime.yaml -a /var/lib/fq/jobs/795/config_hwdb.yaml runworkload
./env.sh: line 4: /scratch/dima/rose-infra/RoSE/soc/sim/chipyard/sims/firesim/../../env.sh: No such file or directory
FireSim Manager. Docs: https://docs.fires.im
Running: runworkload

Please rename your 'deploy_triplet_override' key in your hwdb entry to 'deploy_quintuplet_override'. Support for 'deploy_triplet_override' will be removed in the future.
firesim_rocket_30MHz_singlecore_no_nic is overriding a deploy quintuplet in your config_hwdb.yaml file. Make sure you understand why!
Please rename your 'deploy_triplet_override' key in your hwdb entry to 'deploy_quintuplet_override'. Support for 'deploy_triplet_override' will be removed in the future.
firesim-rocket-singlecore-fp32gemmini-with-airsim-fast-no-nic-l2-llc4mb-ddr3 is overriding a deploy quintuplet in your config_hwdb.yaml file. Make sure you understand why!
Please rename your 'deploy_triplet_override' key in your hwdb entry to 'deploy_quintuplet_override'. Support for 'deploy_triplet_override' will be removed in the future.
firesim-dual-large-boom-fp32gemmini-singlecore-with-airsim-no-nic-l2-llc4mb-ddr3 is overriding a deploy quintuplet in your config_hwdb.yaml file. Make sure you understand why!
get_local_driver_dir f2-firesim-FireSim-DDR3FRFCFSLLC4MB_WithDefaultFireSimBridges_WithFireSimConfigTweaks_chipyard.RocketConfig-F30MHz_BaseVitisConfig
get_local_driver_dir f2-firesim-FireSim-DDR3FRFCFSLLC4MB_WithDefaultFireSimBridges_WithFireSimConfigTweaks_chipyard.AirSimIOTLFPGemminiLargeBoomConfig-F30MHz_BaseVitisConfig
get_local_driver_dir f2-firesim-FireSim-DDR3FRFCFSLLC4MB_WithDefaultFireSimBridges_WithFireSimConfigTweaks_chipyard.AirSimIOTLFPGemminiLargeDualBoomConfig-F30MHz_BaseVitisConfig
get_local_driver_dir f2-firesim-FireSim-DDR3FRFCFSLLC4MB_WithDefaultFireSimBridges_WithFireSimConfigTweaks_chipyard.AirSimIOTLFPGemminiRocketConfig-F30MHz_BaseVitisConfig
get_local_driver_dir f2-firesim-FireSim-DDR3FRFCFSLLC4MB_WithDefaultFireSimBridges_WithFireSimConfigTweaks_chipyard.AirSimIOTLFPGemminiRocketConfig-F45MHz_BaseVitisConfig
get_local_driver_dir f1-firesim-FireSim-RoseTLRocketMMIOOnlyConfig-BaseF1Config
get_local_driver_dir f1-firesim-FireSim-RoseTLRocketStereoAccRoccMMIOOnlyConfig-BaseF1Config
get_local_driver_dir f1-firesim-FireSim-RoseTLRocketStereoAccMMIOOnlyConfig-BaseF1Config
get_local_driver_dir f1-firesim-FireSim-RoseTLRocketDualDMAMMIOOnlyConfig-BaseF1Config
get_local_driver_dir f1-firesim-FireSim-RoseTLBOOMDualDMAMMIOOnlyConfig-BaseF1Config
get_local_driver_dir xilinx_alveo_u250-firesim-FireSim-RoseTLBOOMDualDMAMMIOOnlyConfig-BaseXilinxAlveoU250Config
get_local_driver_dir xilinx_alveo_u250-firesim-FireSim-RoseTLRocketStereoAccMMIOOnlyConfig-BaseXilinxAlveoU250Config
get_local_driver_dir f1-firesim-FireSim-RoseTLRocketEdgeDetAccMMIOOnlyConfig-BaseF1Config
get_local_driver_dir f1-firesim-FireSim-RoseTLRocketStereoAccNICConfig-BaseF1Config
get_local_driver_dir f1-firesim-FireSim-RocketNICConfig-BaseF1Config
get_local_driver_dir xilinx_alveo_u250-firesim-FireSim-RoseTLRocketMMIOOnlyConfig-BaseXilinxAlveoU250Config
get_local_driver_dir xilinx_alveo_u250-firesim-FireSim-RoseTLRocketSaturnMMIOOnlyConfig-BaseXilinxAlveoU250Config
get_local_driver_dir xilinx_alveo_u250-firesim-FireSim-RoseTLRocketSaturnMMIOOnlyConfig-BaseXilinxAlveoU250Config
get_local_driver_dir xilinx_alveo_u250-firesim-FireSim-RoseTLDualRocketSaturnGemminiMMIOOnlyConfig-BaseXilinxAlveoU250Config
get_local_driver_dir xilinx_alveo_u250-firesim-FireSim-RoseTLDualRocketSaturnGemminiQ31MMIOOnlyConfig-BaseXilinxAlveoU250Config
get_local_driver_dir xilinx_alveo_u250-firesim-FireSim-RoseTLDualRocketSaturnGemminiQ31WsMMIOOnlyConfig-BaseXilinxAlveoU250Config
get_local_driver_dir xilinx_alveo_u250-firesim-FireSim-RoseTLRocketSaturnTacitMMIOOnlyConfig-BaseXilinxAlveoU250Config
get_local_driver_dir xilinx_alveo_u250-firesim-FireSim-RoseTLRocketSaturnDMAMMIOOnlyConfig-BaseXilinxAlveoU250Config
get_local_driver_dir xilinx_alveo_u250-firesim-FireSim-RoseTLRocketSaturnDMAMMIOOnlyConfig-BaseXilinxAlveoU250Config
get_local_driver_dir xilinx_alveo_u250-firesim-FireSim-RoseTLBOOMMMIOOnlyConfig-BaseXilinxAlveoU250Config
get_local_driver_dir xilinx_alveo_u250-firesim-FireSim-RoseTLBOOMGemminiMMIOOnlyConfig-BaseXilinxAlveoU250Config
get_local_driver_dir xilinx_alveo_u250-firesim-FireSim-FireSimRocketConfig-BaseXilinxAlveoU250Config
get_local_driver_dir f2-firesim-FireSim-RoseTLDualSmallTacitMMIOOnlyConfig-BaseF2Config
get_local_driver_dir f2-firesim-FireSim-SatGemDualSmallTacitMMIOOnlyConfig-BaseF2Config
get_local_driver_dir f2-firesim-FireSim-RoseTLDualLargeTacitMMIOOnlyConfig-BaseF2Config
get_local_driver_dir f2-firesim-FireSim-SatGemDualLargeTacitMMIOOnlyConfig-BaseF2Config
get_local_driver_dir f2-firesim-FireSim-RoseTLQuadSmallTacitMMIOOnlyConfig-BaseF2Config
get_local_driver_dir f2-firesim-FireSim-SatGemQuadSmallTacitMMIOOnlyConfig-BaseF2Config
get_local_driver_dir f2-firesim-FireSim-RoseTLQuadLargeTacitMMIOOnlyConfig-BaseF2Config
get_local_driver_dir f2-firesim-FireSim-SatGemQuadLargeTacitMMIOOnlyConfig-BaseF2Config
get_local_driver_dir f2-firesim-FireSim-RoseTLDualSmallTacitMMIOOnlyConfig-BaseF2Config
get_local_driver_dir f2-firesim-FireSim-SatGemDualSmallTacitMMIOOnlyConfig-BaseF2Config
get_local_driver_dir f2-firesim-FireSim-RoseTLDualLargeTacitMMIOOnlyConfig-BaseF2Config
get_local_driver_dir f2-firesim-FireSim-SatGemDualLargeTacitMMIOOnlyConfig-BaseF2Config
get_local_driver_dir f2-firesim-FireSim-RoseTLQuadSmallTacitMMIOOnlyConfig-BaseF2Config
get_local_driver_dir f2-firesim-FireSim-SatGemQuadSmallTacitMMIOOnlyConfig-BaseF2Config
get_local_driver_dir f2-firesim-FireSim-RoseTLQuadLargeTacitMMIOOnlyConfig-BaseF2Config
get_local_driver_dir f2-firesim-FireSim-SatGemQuadLargeTacitMMIOOnlyConfig-BaseF2Config
get_local_driver_dir f2-firesim-FireSim-SatGemQuadHeteroTacitMMIOOnlyConfig-BaseF2Config
get_local_driver_dir f2-firesim-FireSim-RoseTLQuadHeteroTacitMMIOOnlyConfig-BaseF2Config
get_local_driver_dir f2-firesim-FireSim-SatGemQuadHeteroTacitMMIOOnlyConfig-BaseF2PCIMConfig
get_local_driver_dir f2-firesim-FireSim-SatGemDualSmallTacitMMIOOnlyConfig-BaseF2PCIMConfig
run_farm_hosts_dict defaultdict(<class 'list'>, {'192.168.0.169': [(<runtools.run_farm.Inst object at 0x74cd41eec160>, None)]})
set_server_hardware_config 0 None
Creating the directory: /home/ubuntu/chipyard-rose/sims/firesim/deploy/results-workload/2026-09-03--22-59-26-fq-job-795-fq795x24c8edf7/
[192.168.0.169] Checking if host instance is up...
start_simulations_instance 1
[192.168.0.169] Starting FPGA simulation for slot: 0.
start_sim_slot slotno: 0 server_id 0 remote_sim_dir /home/ubuntu/sim_slot_0/ /home/ubuntu
[2J
FireSim Simulation Status @ 2026-09-03 22:59:33.923307
--------------------------------------------------------------------------------
This workload's output is located in:
/home/ubuntu/chipyard-rose/sims/firesim/deploy/results-workload/2026-09-03--22-59-26-fq-job-795-fq795x24c8edf7/
This run's log is located in:
/home/ubuntu/chipyard-rose/sims/firesim/deploy/logs/2026-09-03--22-59-26-runworkload-IW2ZYTITYWT6GYB9.log
This status will update every 10s.
--------------------------------------------------------------------------------
Instances
--------------------------------------------------------------------------------
Hostname/IP: 192.168.0.169 | Terminated: [33mFalse[0m
--------------------------------------------------------------------------------
Simulated Switches
--------------------------------------------------------------------------------
--------------------------------------------------------------------------------
Simulated Pipes
--------------------------------------------------------------------------------
--------------------------------------------------------------------------------
Simulated Nodes/Jobs
--------------------------------------------------------------------------------
Hostname/IP: 192.168.0.169 | Job: fq-job-7950 | Sim running: [33mTrue [0m
--------------------------------------------------------------------------------
Summary
--------------------------------------------------------------------------------
1/1 instances are still running.
1/1 simulations are still running.
--------------------------------------------------------------------------------
[2J
FireSim Simulation Status @ 2026-09-03 22:59:44.251705
--------------------------------------------------------------------------------
This workload's output is located in:
/home/ubuntu/chipyard-rose/sims/firesim/deploy/results-workload/2026-09-03--22-59-26-fq-job-795-fq795x24c8edf7/
This run's log is located in:
/home/ubuntu/chipyard-rose/sims/firesim/deploy/logs/2026-09-03--22-59-26-runworkload-IW2ZYTITYWT6GYB9.log
This status will update every 10s.
--------------------------------------------------------------------------------
Instances
--------------------------------------------------------------------------------
Hostname/IP: 192.168.0.169 | Terminated: [33mFalse[0m
--------------------------------------------------------------------------------
Simulated Switches
--------------------------------------------------------------------------------
--------------------------------------------------------------------------------
Simulated Pipes
--------------------------------------------------------------------------------
--------------------------------------------------------------------------------
Simulated Nodes/Jobs
--------------------------------------------------------------------------------
Hostname/IP: 192.168.0.169 | Job: fq-job-7950 | Sim running: [33mTrue [0m
--------------------------------------------------------------------------------
Summary
--------------------------------------------------------------------------------
1/1 instances are still running.
1/1 simulations are still running.
--------------------------------------------------------------------------------
[2J
FireSim Simulation Status @ 2026-09-03 22:59:54.589969
--------------------------------------------------------------------------------
This workload's output is located in:
/home/ubuntu/chipyard-rose/sims/firesim/deploy/results-workload/2026-09-03--22-59-26-fq-job-795-fq795x24c8edf7/
This run's log is located in:
/home/ubuntu/chipyard-rose/sims/firesim/deploy/logs/2026-09-03--22-59-26-runworkload-IW2ZYTITYWT6GYB9.log
This status will update every 10s.
--------------------------------------------------------------------------------
Instances
--------------------------------------------------------------------------------
Hostname/IP: 192.168.0.169 | Terminated: [33mFalse[0m
--------------------------------------------------------------------------------
Simulated Switches
--------------------------------------------------------------------------------
--------------------------------------------------------------------------------
Simulated Pipes
--------------------------------------------------------------------------------
--------------------------------------------------------------------------------
Simulated Nodes/Jobs
--------------------------------------------------------------------------------
Hostname/IP: 192.168.0.169 | Job: fq-job-7950 | Sim running: [33mTrue [0m
--------------------------------------------------------------------------------
Summary
--------------------------------------------------------------------------------
1/1 instances are still running.
1/1 simulations are still running.
--------------------------------------------------------------------------------
[2J
FireSim Simulation Status @ 2026-09-03 23:00:04.928274
--------------------------------------------------------------------------------
This workload's output is located in:
/home/ubuntu/chipyard-rose/sims/firesim/deploy/results-workload/2026-09-03--22-59-26-fq-job-795-fq795x24c8edf7/
This run's log is located in:
/home/ubuntu/chipyard-rose/sims/firesim/deploy/logs/2026-09-03--22-59-26-runworkload-IW2ZYTITYWT6GYB9.log
This status will update every 10s.
--------------------------------------------------------------------------------
Instances
--------------------------------------------------------------------------------
Hostname/IP: 192.168.0.169 | Terminated: [33mFalse[0m
--------------------------------------------------------------------------------
Simulated Switches
--------------------------------------------------------------------------------
--------------------------------------------------------------------------------
Simulated Pipes
--------------------------------------------------------------------------------
--------------------------------------------------------------------------------
Simulated Nodes/Jobs
--------------------------------------------------------------------------------
Hostname/IP: 192.168.0.169 | Job: fq-job-7950 | Sim running: [33mTrue [0m
--------------------------------------------------------------------------------
Summary
--------------------------------------------------------------------------------
1/1 instances are still running.
1/1 simulations are still running.
--------------------------------------------------------------------------------
[2J
FireSim Simulation Status @ 2026-09-03 23:00:15.256958
--------------------------------------------------------------------------------
This workload's output is located in:
/home/ubuntu/chipyard-rose/sims/firesim/deploy/results-workload/2026-09-03--22-59-26-fq-job-795-fq795x24c8edf7/
This run's log is located in:
/home/ubuntu/chipyard-rose/sims/firesim/deploy/logs/2026-09-03--22-59-26-runworkload-IW2ZYTITYWT6GYB9.log
This status will update every 10s.
--------------------------------------------------------------------------------
Instances
--------------------------------------------------------------------------------
Hostname/IP: 192.168.0.169 | Terminated: [33mFalse[0m
--------------------------------------------------------------------------------
Simulated Switches
--------------------------------------------------------------------------------
--------------------------------------------------------------------------------
Simulated Pipes
--------------------------------------------------------------------------------
--------------------------------------------------------------------------------
Simulated Nodes/Jobs
--------------------------------------------------------------------------------
Hostname/IP: 192.168.0.169 | Job: fq-job-7950 | Sim running: [33mTrue [0m
--------------------------------------------------------------------------------
Summary
--------------------------------------------------------------------------------
1/1 instances are still running.
1/1 simulations are still running.
--------------------------------------------------------------------------------
[2J
FireSim Simulation Status @ 2026-09-03 23:00:25.816899
--------------------------------------------------------------------------------
This workload's output is located in:
/home/ubuntu/chipyard-rose/sims/firesim/deploy/results-workload/2026-09-03--22-59-26-fq-job-795-fq795x24c8edf7/
This run's log is located in:
/home/ubuntu/chipyard-rose/sims/firesim/deploy/logs/2026-09-03--22-59-26-runworkload-IW2ZYTITYWT6GYB9.log
This status will update every 10s.
--------------------------------------------------------------------------------
Instances
--------------------------------------------------------------------------------
Hostname/IP: 192.168.0.169 | Terminated: [33mFalse[0m
--------------------------------------------------------------------------------
Simulated Switches
--------------------------------------------------------------------------------
--------------------------------------------------------------------------------
Simulated Pipes
--------------------------------------------------------------------------------
--------------------------------------------------------------------------------
Simulated Nodes/Jobs
--------------------------------------------------------------------------------
Hostname/IP: 192.168.0.169 | Job: fq-job-7950 | Sim running: [33mTrue [0m
--------------------------------------------------------------------------------
Summary
--------------------------------------------------------------------------------
1/1 instances are still running.
1/1 simulations are still running.
--------------------------------------------------------------------------------
[2J
FireSim Simulation Status @ 2026-09-03 23:00:36.134930
--------------------------------------------------------------------------------
This workload's output is located in:
/home/ubuntu/chipyard-rose/sims/firesim/deploy/results-workload/2026-09-03--22-59-26-fq-job-795-fq795x24c8edf7/
This run's log is located in:
/home/ubuntu/chipyard-rose/sims/firesim/deploy/logs/2026-09-03--22-59-26-runworkload-IW2ZYTITYWT6GYB9.log
This status will update every 10s.
--------------------------------------------------------------------------------
Instances
--------------------------------------------------------------------------------
Hostname/IP: 192.168.0.169 | Terminated: [33mFalse[0m
--------------------------------------------------------------------------------
Simulated Switches
--------------------------------------------------------------------------------
--------------------------------------------------------------------------------
Simulated Pipes
--------------------------------------------------------------------------------
--------------------------------------------------------------------------------
Simulated Nodes/Jobs
--------------------------------------------------------------------------------
Hostname/IP: 192.168.0.169 | Job: fq-job-7950 | Sim running: [33mTrue [0m
--------------------------------------------------------------------------------
Summary
--------------------------------------------------------------------------------
1/1 instances are still running.
1/1 simulations are still running.
--------------------------------------------------------------------------------
[2J
FireSim Simulation Status @ 2026-09-03 23:00:46.463131
--------------------------------------------------------------------------------
This workload's output is located in:
/home/ubuntu/chipyard-rose/sims/firesim/deploy/results-workload/2026-09-03--22-59-26-fq-job-795-fq795x24c8edf7/
This run's log is located in:
/home/ubuntu/chipyard-rose/sims/firesim/deploy/logs/2026-09-03--22-59-26-runworkload-IW2ZYTITYWT6GYB9.log
This status will update every 10s.
--------------------------------------------------------------------------------
Instances
--------------------------------------------------------------------------------
Hostname/IP: 192.168.0.169 | Terminated: [33mFalse[0m
--------------------------------------------------------------------------------
Simulated Switches
--------------------------------------------------------------------------------
--------------------------------------------------------------------------------
Simulated Pipes
--------------------------------------------------------------------------------
--------------------------------------------------------------------------------
Simulated Nodes/Jobs
--------------------------------------------------------------------------------
Hostname/IP: 192.168.0.169 | Job: fq-job-7950 | Sim running: [33mTrue [0m
--------------------------------------------------------------------------------
Summary
--------------------------------------------------------------------------------
1/1 instances are still running.
1/1 simulations are still running.
--------------------------------------------------------------------------------
[2J
FireSim Simulation Status @ 2026-09-03 23:00:56.791681
--------------------------------------------------------------------------------
This workload's output is located in:
/home/ubuntu/chipyard-rose/sims/firesim/deploy/results-workload/2026-09-03--22-59-26-fq-job-795-fq795x24c8edf7/
This run's log is located in:
/home/ubuntu/chipyard-rose/sims/firesim/deploy/logs/2026-09-03--22-59-26-runworkload-IW2ZYTITYWT6GYB9.log
This status will update every 10s.
--------------------------------------------------------------------------------
Instances
--------------------------------------------------------------------------------
Hostname/IP: 192.168.0.169 | Terminated: [33mFalse[0m
--------------------------------------------------------------------------------
Simulated Switches
--------------------------------------------------------------------------------
--------------------------------------------------------------------------------
Simulated Pipes
--------------------------------------------------------------------------------
--------------------------------------------------------------------------------
Simulated Nodes/Jobs
--------------------------------------------------------------------------------
Hostname/IP: 192.168.0.169 | Job: fq-job-7950 | Sim running: [33mTrue [0m
--------------------------------------------------------------------------------
Summary
--------------------------------------------------------------------------------
1/1 instances are still running.
1/1 simulations are still running.
--------------------------------------------------------------------------------
[2J
FireSim Simulation Status @ 2026-09-03 23:01:07.109965
--------------------------------------------------------------------------------
This workload's output is located in:
/home/ubuntu/chipyard-rose/sims/firesim/deploy/results-workload/2026-09-03--22-59-26-fq-job-795-fq795x24c8edf7/
This run's log is located in:
/home/ubuntu/chipyard-rose/sims/firesim/deploy/logs/2026-09-03--22-59-26-runworkload-IW2ZYTITYWT6GYB9.log
This status will update every 10s.
--------------------------------------------------------------------------------
Instances
--------------------------------------------------------------------------------
Hostname/IP: 192.168.0.169 | Terminated: [33mFalse[0m
--------------------------------------------------------------------------------
Simulated Switches
--------------------------------------------------------------------------------
--------------------------------------------------------------------------------
Simulated Pipes
--------------------------------------------------------------------------------
--------------------------------------------------------------------------------
Simulated Nodes/Jobs
--------------------------------------------------------------------------------
Hostname/IP: 192.168.0.169 | Job: fq-job-7950 | Sim running: [33mTrue [0m
--------------------------------------------------------------------------------
Summary
--------------------------------------------------------------------------------
1/1 instances are still running.
1/1 simulations are still running.
--------------------------------------------------------------------------------
[2J
FireSim Simulation Status @ 2026-09-03 23:01:17.438174
--------------------------------------------------------------------------------
This workload's output is located in:
/home/ubuntu/chipyard-rose/sims/firesim/deploy/results-workload/2026-09-03--22-59-26-fq-job-795-fq795x24c8edf7/
This run's log is located in:
/home/ubuntu/chipyard-rose/sims/firesim/deploy/logs/2026-09-03--22-59-26-runworkload-IW2ZYTITYWT6GYB9.log
This status will update every 10s.
--------------------------------------------------------------------------------
Instances
--------------------------------------------------------------------------------
Hostname/IP: 192.168.0.169 | Terminated: [33mFalse[0m
--------------------------------------------------------------------------------
Simulated Switches
--------------------------------------------------------------------------------
--------------------------------------------------------------------------------
Simulated Pipes
--------------------------------------------------------------------------------
--------------------------------------------------------------------------------
Simulated Nodes/Jobs
--------------------------------------------------------------------------------
Hostname/IP: 192.168.0.169 | Job: fq-job-7950 | Sim running: [33mTrue [0m
--------------------------------------------------------------------------------
Summary
--------------------------------------------------------------------------------
1/1 instances are still running.
1/1 simulations are still running.
--------------------------------------------------------------------------------
[2J
FireSim Simulation Status @ 2026-09-03 23:01:27.756270
--------------------------------------------------------------------------------
This workload's output is located in:
/home/ubuntu/chipyard-rose/sims/firesim/deploy/results-workload/2026-09-03--22-59-26-fq-job-795-fq795x24c8edf7/
This run's log is located in:
/home/ubuntu/chipyard-rose/sims/firesim/deploy/logs/2026-09-03--22-59-26-runworkload-IW2ZYTITYWT6GYB9.log
This status will update every 10s.
--------------------------------------------------------------------------------
Instances
--------------------------------------------------------------------------------
Hostname/IP: 192.168.0.169 | Terminated: [33mFalse[0m
--------------------------------------------------------------------------------
Simulated Switches
--------------------------------------------------------------------------------
--------------------------------------------------------------------------------
Simulated Pipes
--------------------------------------------------------------------------------
--------------------------------------------------------------------------------
Simulated Nodes/Jobs
--------------------------------------------------------------------------------
Hostname/IP: 192.168.0.169 | Job: fq-job-7950 | Sim running: [33mTrue [0m
--------------------------------------------------------------------------------
Summary
--------------------------------------------------------------------------------
1/1 instances are still running.
1/1 simulations are still running.
--------------------------------------------------------------------------------
[2J
FireSim Simulation Status @ 2026-09-03 23:01:38.084970
--------------------------------------------------------------------------------
This workload's output is located in:
/home/ubuntu/chipyard-rose/sims/firesim/deploy/results-workload/2026-09-03--22-59-26-fq-job-795-fq795x24c8edf7/
This run's log is located in:
/home/ubuntu/chipyard-rose/sims/firesim/deploy/logs/2026-09-03--22-59-26-runworkload-IW2ZYTITYWT6GYB9.log
This status will update every 10s.
--------------------------------------------------------------------------------
Instances
--------------------------------------------------------------------------------
Hostname/IP: 192.168.0.169 | Terminated: [33mFalse[0m
--------------------------------------------------------------------------------
Simulated Switches
--------------------------------------------------------------------------------
--------------------------------------------------------------------------------
Simulated Pipes
--------------------------------------------------------------------------------
--------------------------------------------------------------------------------
Simulated Nodes/Jobs
--------------------------------------------------------------------------------
Hostname/IP: 192.168.0.169 | Job: fq-job-7950 | Sim running: [33mTrue [0m
--------------------------------------------------------------------------------
Summary
--------------------------------------------------------------------------------
1/1 instances are still running.
1/1 simulations are still running.
--------------------------------------------------------------------------------
[2J
FireSim Simulation Status @ 2026-09-03 23:01:48.402919
--------------------------------------------------------------------------------
This workload's output is located in:
/home/ubuntu/chipyard-rose/sims/firesim/deploy/results-workload/2026-09-03--22-59-26-fq-job-795-fq795x24c8edf7/
This run's log is located in:
/home/ubuntu/chipyard-rose/sims/firesim/deploy/logs/2026-09-03--22-59-26-runworkload-IW2ZYTITYWT6GYB9.log
This status will update every 10s.
--------------------------------------------------------------------------------
Instances
--------------------------------------------------------------------------------
Hostname/IP: 192.168.0.169 | Terminated: [33mFalse[0m
--------------------------------------------------------------------------------
Simulated Switches
--------------------------------------------------------------------------------
--------------------------------------------------------------------------------
Simulated Pipes
--------------------------------------------------------------------------------
--------------------------------------------------------------------------------
Simulated Nodes/Jobs
--------------------------------------------------------------------------------
Hostname/IP: 192.168.0.169 | Job: fq-job-7950 | Sim running: [33mTrue [0m
--------------------------------------------------------------------------------
Summary
--------------------------------------------------------------------------------
1/1 instances are still running.
1/1 simulations are still running.
--------------------------------------------------------------------------------
[2J
FireSim Simulation Status @ 2026-09-03 23:01:58.721429
--------------------------------------------------------------------------------
This workload's output is located in:
/home/ubuntu/chipyard-rose/sims/firesim/deploy/results-workload/2026-09-03--22-59-26-fq-job-795-fq795x24c8edf7/
This run's log is located in:
/home/ubuntu/chipyard-rose/sims/firesim/deploy/logs/2026-09-03--22-59-26-runworkload-IW2ZYTITYWT6GYB9.log
This status will update every 10s.
--------------------------------------------------------------------------------
Instances
--------------------------------------------------------------------------------
Hostname/IP: 192.168.0.169 | Terminated: [33mFalse[0m
--------------------------------------------------------------------------------
Simulated Switches
--------------------------------------------------------------------------------
--------------------------------------------------------------------------------
Simulated Pipes
--------------------------------------------------------------------------------
--------------------------------------------------------------------------------
Simulated Nodes/Jobs
--------------------------------------------------------------------------------
Hostname/IP: 192.168.0.169 | Job: fq-job-7950 | Sim running: [33mTrue [0m
--------------------------------------------------------------------------------
Summary
--------------------------------------------------------------------------------
1/1 instances are still running.
1/1 simulations are still running.
--------------------------------------------------------------------------------
[2J
FireSim Simulation Status @ 2026-09-03 23:02:09.039362
--------------------------------------------------------------------------------
This workload's output is located in:
/home/ubuntu/chipyard-rose/sims/firesim/deploy/results-workload/2026-09-03--22-59-26-fq-job-795-fq795x24c8edf7/
This run's log is located in:
/home/ubuntu/chipyard-rose/sims/firesim/deploy/logs/2026-09-03--22-59-26-runworkload-IW2ZYTITYWT6GYB9.log
This status will update every 10s.
--------------------------------------------------------------------------------
Instances
--------------------------------------------------------------------------------
Hostname/IP: 192.168.0.169 | Terminated: [33mFalse[0m
--------------------------------------------------------------------------------
Simulated Switches
--------------------------------------------------------------------------------
--------------------------------------------------------------------------------
Simulated Pipes
--------------------------------------------------------------------------------
--------------------------------------------------------------------------------
Simulated Nodes/Jobs
--------------------------------------------------------------------------------
Hostname/IP: 192.168.0.169 | Job: fq-job-7950 | Sim running: [33mTrue [0m
--------------------------------------------------------------------------------
Summary
--------------------------------------------------------------------------------
1/1 instances are still running.
1/1 simulations are still running.
--------------------------------------------------------------------------------
[2J
FireSim Simulation Status @ 2026-09-03 23:02:19.357473
--------------------------------------------------------------------------------
This workload's output is located in:
/home/ubuntu/chipyard-rose/sims/firesim/deploy/results-workload/2026-09-03--22-59-26-fq-job-795-fq795x24c8edf7/
This run's log is located in:
/home/ubuntu/chipyard-rose/sims/firesim/deploy/logs/2026-09-03--22-59-26-runworkload-IW2ZYTITYWT6GYB9.log
This status will update every 10s.
--------------------------------------------------------------------------------
Instances
--------------------------------------------------------------------------------
Hostname/IP: 192.168.0.169 | Terminated: [33mFalse[0m
--------------------------------------------------------------------------------
Simulated Switches
--------------------------------------------------------------------------------
--------------------------------------------------------------------------------
Simulated Pipes
--------------------------------------------------------------------------------
--------------------------------------------------------------------------------
Simulated Nodes/Jobs
--------------------------------------------------------------------------------
Hostname/IP: 192.168.0.169 | Job: fq-job-7950 | Sim running: [33mTrue [0m
--------------------------------------------------------------------------------
Summary
--------------------------------------------------------------------------------
1/1 instances are still running.
1/1 simulations are still running.
--------------------------------------------------------------------------------
[2J
FireSim Simulation Status @ 2026-09-03 23:02:29.685554
--------------------------------------------------------------------------------
This workload's output is located in:
/home/ubuntu/chipyard-rose/sims/firesim/deploy/results-workload/2026-09-03--22-59-26-fq-job-795-fq795x24c8edf7/
This run's log is located in:
/home/ubuntu/chipyard-rose/sims/firesim/deploy/logs/2026-09-03--22-59-26-runworkload-IW2ZYTITYWT6GYB9.log
This status will update every 10s.
--------------------------------------------------------------------------------
Instances
--------------------------------------------------------------------------------
Hostname/IP: 192.168.0.169 | Terminated: [33mFalse[0m
--------------------------------------------------------------------------------
Simulated Switches
--------------------------------------------------------------------------------
--------------------------------------------------------------------------------
Simulated Pipes
--------------------------------------------------------------------------------
--------------------------------------------------------------------------------
Simulated Nodes/Jobs
--------------------------------------------------------------------------------
Hostname/IP: 192.168.0.169 | Job: fq-job-7950 | Sim running: [33mTrue [0m
--------------------------------------------------------------------------------
Summary
--------------------------------------------------------------------------------
1/1 instances are still running.
1/1 simulations are still running.
--------------------------------------------------------------------------------
[2J
FireSim Simulation Status @ 2026-09-03 23:02:40.013025
--------------------------------------------------------------------------------
This workload's output is located in:
/home/ubuntu/chipyard-rose/sims/firesim/deploy/results-workload/2026-09-03--22-59-26-fq-job-795-fq795x24c8edf7/
This run's log is located in:
/home/ubuntu/chipyard-rose/sims/firesim/deploy/logs/2026-09-03--22-59-26-runworkload-IW2ZYTITYWT6GYB9.log
This status will update every 10s.
--------------------------------------------------------------------------------
Instances
--------------------------------------------------------------------------------
Hostname/IP: 192.168.0.169 | Terminated: [33mFalse[0m
--------------------------------------------------------------------------------
Simulated Switches
--------------------------------------------------------------------------------
--------------------------------------------------------------------------------
Simulated Pipes
--------------------------------------------------------------------------------
--------------------------------------------------------------------------------
Simulated Nodes/Jobs
--------------------------------------------------------------------------------
Hostname/IP: 192.168.0.169 | Job: fq-job-7950 | Sim running: [33mTrue [0m
--------------------------------------------------------------------------------
Summary
--------------------------------------------------------------------------------
1/1 instances are still running.
1/1 simulations are still running.
--------------------------------------------------------------------------------
[2J
FireSim Simulation Status @ 2026-09-03 23:02:50.330944
--------------------------------------------------------------------------------
This workload's output is located in:
/home/ubuntu/chipyard-rose/sims/firesim/deploy/results-workload/2026-09-03--22-59-26-fq-job-795-fq795x24c8edf7/
This run's log is located in:
/home/ubuntu/chipyard-rose/sims/firesim/deploy/logs/2026-09-03--22-59-26-runworkload-IW2ZYTITYWT6GYB9.log
This status will update every 10s.
--------------------------------------------------------------------------------
Instances
--------------------------------------------------------------------------------
Hostname/IP: 192.168.0.169 | Terminated: [33mFalse[0m
--------------------------------------------------------------------------------
Simulated Switches
--------------------------------------------------------------------------------
--------------------------------------------------------------------------------
Simulated Pipes
--------------------------------------------------------------------------------
--------------------------------------------------------------------------------
Simulated Nodes/Jobs
--------------------------------------------------------------------------------
Hostname/IP: 192.168.0.169 | Job: fq-job-7950 | Sim running: [33mTrue [0m
--------------------------------------------------------------------------------
Summary
--------------------------------------------------------------------------------
1/1 instances are still running.
1/1 simulations are still running.
--------------------------------------------------------------------------------
[2J
FireSim Simulation Status @ 2026-09-03 23:03:00.658658
--------------------------------------------------------------------------------
This workload's output is located in:
/home/ubuntu/chipyard-rose/sims/firesim/deploy/results-workload/2026-09-03--22-59-26-fq-job-795-fq795x24c8edf7/
This run's log is located in:
/home/ubuntu/chipyard-rose/sims/firesim/deploy/logs/2026-09-03--22-59-26-runworkload-IW2ZYTITYWT6GYB9.log
This status will update every 10s.
--------------------------------------------------------------------------------
Instances
--------------------------------------------------------------------------------
Hostname/IP: 192.168.0.169 | Terminated: [33mFalse[0m
--------------------------------------------------------------------------------
Simulated Switches
--------------------------------------------------------------------------------
--------------------------------------------------------------------------------
Simulated Pipes
--------------------------------------------------------------------------------
--------------------------------------------------------------------------------
Simulated Nodes/Jobs
--------------------------------------------------------------------------------
Hostname/IP: 192.168.0.169 | Job: fq-job-7950 | Sim running: [33mTrue [0m
--------------------------------------------------------------------------------
Summary
--------------------------------------------------------------------------------
1/1 instances are still running.
1/1 simulations are still running.
--------------------------------------------------------------------------------
[2J
FireSim Simulation Status @ 2026-09-03 23:03:10.977949
--------------------------------------------------------------------------------
This workload's output is located in:
/home/ubuntu/chipyard-rose/sims/firesim/deploy/results-workload/2026-09-03--22-59-26-fq-job-795-fq795x24c8edf7/
This run's log is located in:
/home/ubuntu/chipyard-rose/sims/firesim/deploy/logs/2026-09-03--22-59-26-runworkload-IW2ZYTITYWT6GYB9.log
This status will update every 10s.
--------------------------------------------------------------------------------
Instances
--------------------------------------------------------------------------------
Hostname/IP: 192.168.0.169 | Terminated: [33mFalse[0m
--------------------------------------------------------------------------------
Simulated Switches
--------------------------------------------------------------------------------
--------------------------------------------------------------------------------
Simulated Pipes
--------------------------------------------------------------------------------
--------------------------------------------------------------------------------
Simulated Nodes/Jobs
--------------------------------------------------------------------------------
Hostname/IP: 192.168.0.169 | Job: fq-job-7950 | Sim running: [33mTrue [0m
--------------------------------------------------------------------------------
Summary
--------------------------------------------------------------------------------
1/1 instances are still running.
1/1 simulations are still running.
--------------------------------------------------------------------------------
[2J
FireSim Simulation Status @ 2026-09-03 23:03:21.296317
--------------------------------------------------------------------------------
This workload's output is located in:
/home/ubuntu/chipyard-rose/sims/firesim/deploy/results-workload/2026-09-03--22-59-26-fq-job-795-fq795x24c8edf7/
This run's log is located in:
/home/ubuntu/chipyard-rose/sims/firesim/deploy/logs/2026-09-03--22-59-26-runworkload-IW2ZYTITYWT6GYB9.log
This status will update every 10s.
--------------------------------------------------------------------------------
Instances
--------------------------------------------------------------------------------
Hostname/IP: 192.168.0.169 | Terminated: [33mFalse[0m
--------------------------------------------------------------------------------
Simulated Switches
--------------------------------------------------------------------------------
--------------------------------------------------------------------------------
Simulated Pipes
--------------------------------------------------------------------------------
--------------------------------------------------------------------------------
Simulated Nodes/Jobs
--------------------------------------------------------------------------------
Hostname/IP: 192.168.0.169 | Job: fq-job-7950 | Sim running: [33mTrue [0m
--------------------------------------------------------------------------------
Summary
--------------------------------------------------------------------------------
1/1 instances are still running.
1/1 simulations are still running.
--------------------------------------------------------------------------------
[2J
FireSim Simulation Status @ 2026-09-03 23:03:31.614483
--------------------------------------------------------------------------------
This workload's output is located in:
/home/ubuntu/chipyard-rose/sims/firesim/deploy/results-workload/2026-09-03--22-59-26-fq-job-795-fq795x24c8edf7/
This run's log is located in:
/home/ubuntu/chipyard-rose/sims/firesim/deploy/logs/2026-09-03--22-59-26-runworkload-IW2ZYTITYWT6GYB9.log
This status will update every 10s.
--------------------------------------------------------------------------------
Instances
--------------------------------------------------------------------------------
Hostname/IP: 192.168.0.169 | Terminated: [33mFalse[0m
--------------------------------------------------------------------------------
Simulated Switches
--------------------------------------------------------------------------------
--------------------------------------------------------------------------------
Simulated Pipes
--------------------------------------------------------------------------------
--------------------------------------------------------------------------------
Simulated Nodes/Jobs
--------------------------------------------------------------------------------
Hostname/IP: 192.168.0.169 | Job: fq-job-7950 | Sim running: [33mTrue [0m
--------------------------------------------------------------------------------
Summary
--------------------------------------------------------------------------------
1/1 instances are still running.
1/1 simulations are still running.
--------------------------------------------------------------------------------
[2J
FireSim Simulation Status @ 2026-09-03 23:03:41.932531
--------------------------------------------------------------------------------
This workload's output is located in:
/home/ubuntu/chipyard-rose/sims/firesim/deploy/results-workload/2026-09-03--22-59-26-fq-job-795-fq795x24c8edf7/
This run's log is located in:
/home/ubuntu/chipyard-rose/sims/firesim/deploy/logs/2026-09-03--22-59-26-runworkload-IW2ZYTITYWT6GYB9.log
This status will update every 10s.
--------------------------------------------------------------------------------
Instances
--------------------------------------------------------------------------------
Hostname/IP: 192.168.0.169 | Terminated: [33mFalse[0m
--------------------------------------------------------------------------------
Simulated Switches
--------------------------------------------------------------------------------
--------------------------------------------------------------------------------
Simulated Pipes
--------------------------------------------------------------------------------
--------------------------------------------------------------------------------
Simulated Nodes/Jobs
--------------------------------------------------------------------------------
Hostname/IP: 192.168.0.169 | Job: fq-job-7950 | Sim running: [33mTrue [0m
--------------------------------------------------------------------------------
Summary
--------------------------------------------------------------------------------
1/1 instances are still running.
1/1 simulations are still running.
--------------------------------------------------------------------------------
[2J
FireSim Simulation Status @ 2026-09-03 23:03:52.250479
--------------------------------------------------------------------------------
This workload's output is located in:
/home/ubuntu/chipyard-rose/sims/firesim/deploy/results-workload/2026-09-03--22-59-26-fq-job-795-fq795x24c8edf7/
This run's log is located in:
/home/ubuntu/chipyard-rose/sims/firesim/deploy/logs/2026-09-03--22-59-26-runworkload-IW2ZYTITYWT6GYB9.log
This status will update every 10s.
--------------------------------------------------------------------------------
Instances
--------------------------------------------------------------------------------
Hostname/IP: 192.168.0.169 | Terminated: [33mFalse[0m
--------------------------------------------------------------------------------
Simulated Switches
--------------------------------------------------------------------------------
--------------------------------------------------------------------------------
Simulated Pipes
--------------------------------------------------------------------------------
--------------------------------------------------------------------------------
Simulated Nodes/Jobs
--------------------------------------------------------------------------------
Hostname/IP: 192.168.0.169 | Job: fq-job-7950 | Sim running: [33mTrue [0m
--------------------------------------------------------------------------------
Summary
--------------------------------------------------------------------------------
1/1 instances are still running.
1/1 simulations are still running.
--------------------------------------------------------------------------------
[2J
FireSim Simulation Status @ 2026-09-03 23:04:02.578720
--------------------------------------------------------------------------------
This workload's output is located in:
/home/ubuntu/chipyard-rose/sims/firesim/deploy/results-workload/2026-09-03--22-59-26-fq-job-795-fq795x24c8edf7/
This run's log is located in:
/home/ubuntu/chipyard-rose/sims/firesim/deploy/logs/2026-09-03--22-59-26-runworkload-IW2ZYTITYWT6GYB9.log
This status will update every 10s.
--------------------------------------------------------------------------------
Instances
--------------------------------------------------------------------------------
Hostname/IP: 192.168.0.169 | Terminated: [33mFalse[0m
--------------------------------------------------------------------------------
Simulated Switches
--------------------------------------------------------------------------------
--------------------------------------------------------------------------------
Simulated Pipes
--------------------------------------------------------------------------------
--------------------------------------------------------------------------------
Simulated Nodes/Jobs
--------------------------------------------------------------------------------
Hostname/IP: 192.168.0.169 | Job: fq-job-7950 | Sim running: [33mTrue [0m
--------------------------------------------------------------------------------
Summary
--------------------------------------------------------------------------------
1/1 instances are still running.
1/1 simulations are still running.
--------------------------------------------------------------------------------
[2J
FireSim Simulation Status @ 2026-09-03 23:04:12.887957
--------------------------------------------------------------------------------
This workload's output is located in:
/home/ubuntu/chipyard-rose/sims/firesim/deploy/results-workload/2026-09-03--22-59-26-fq-job-795-fq795x24c8edf7/
This run's log is located in:
/home/ubuntu/chipyard-rose/sims/firesim/deploy/logs/2026-09-03--22-59-26-runworkload-IW2ZYTITYWT6GYB9.log
This status will update every 10s.
--------------------------------------------------------------------------------
Instances
--------------------------------------------------------------------------------
Hostname/IP: 192.168.0.169 | Terminated: [33mFalse[0m
--------------------------------------------------------------------------------
Simulated Switches
--------------------------------------------------------------------------------
--------------------------------------------------------------------------------
Simulated Pipes
--------------------------------------------------------------------------------
--------------------------------------------------------------------------------
Simulated Nodes/Jobs
--------------------------------------------------------------------------------
Hostname/IP: 192.168.0.169 | Job: fq-job-7950 | Sim running: [33mTrue [0m
--------------------------------------------------------------------------------
Summary
--------------------------------------------------------------------------------
1/1 instances are still running.
1/1 simulations are still running.
--------------------------------------------------------------------------------
[2J
FireSim Simulation Status @ 2026-09-03 23:04:23.216903
--------------------------------------------------------------------------------
This workload's output is located in:
/home/ubuntu/chipyard-rose/sims/firesim/deploy/results-workload/2026-09-03--22-59-26-fq-job-795-fq795x24c8edf7/
This run's log is located in:
/home/ubuntu/chipyard-rose/sims/firesim/deploy/logs/2026-09-03--22-59-26-runworkload-IW2ZYTITYWT6GYB9.log
This status will update every 10s.
--------------------------------------------------------------------------------
Instances
--------------------------------------------------------------------------------
Hostname/IP: 192.168.0.169 | Terminated: [33mFalse[0m
--------------------------------------------------------------------------------
Simulated Switches
--------------------------------------------------------------------------------
--------------------------------------------------------------------------------
Simulated Pipes
--------------------------------------------------------------------------------
--------------------------------------------------------------------------------
Simulated Nodes/Jobs
--------------------------------------------------------------------------------
Hostname/IP: 192.168.0.169 | Job: fq-job-7950 | Sim running: [33mTrue [0m
--------------------------------------------------------------------------------
Summary
--------------------------------------------------------------------------------
1/1 instances are still running.
1/1 simulations are still running.
--------------------------------------------------------------------------------
[2J
FireSim Simulation Status @ 2026-09-03 23:04:33.535575
--------------------------------------------------------------------------------
This workload's output is located in:
/home/ubuntu/chipyard-rose/sims/firesim/deploy/results-workload/2026-09-03--22-59-26-fq-job-795-fq795x24c8edf7/
This run's log is located in:
/home/ubuntu/chipyard-rose/sims/firesim/deploy/logs/2026-09-03--22-59-26-runworkload-IW2ZYTITYWT6GYB9.log
This status will update every 10s.
--------------------------------------------------------------------------------
Instances
--------------------------------------------------------------------------------
Hostname/IP: 192.168.0.169 | Terminated: [33mFalse[0m
--------------------------------------------------------------------------------
Simulated Switches
--------------------------------------------------------------------------------
--------------------------------------------------------------------------------
Simulated Pipes
--------------------------------------------------------------------------------
--------------------------------------------------------------------------------
Simulated Nodes/Jobs
--------------------------------------------------------------------------------
Hostname/IP: 192.168.0.169 | Job: fq-job-7950 | Sim running: [33mTrue [0m
--------------------------------------------------------------------------------
Summary
--------------------------------------------------------------------------------
1/1 instances are still running.
1/1 simulations are still running.
--------------------------------------------------------------------------------
[2J
FireSim Simulation Status @ 2026-09-03 23:04:43.874625
--------------------------------------------------------------------------------
This workload's output is located in:
/home/ubuntu/chipyard-rose/sims/firesim/deploy/results-workload/2026-09-03--22-59-26-fq-job-795-fq795x24c8edf7/
This run's log is located in:
/home/ubuntu/chipyard-rose/sims/firesim/deploy/logs/2026-09-03--22-59-26-runworkload-IW2ZYTITYWT6GYB9.log
This status will update every 10s.
--------------------------------------------------------------------------------
Instances
--------------------------------------------------------------------------------
Hostname/IP: 192.168.0.169 | Terminated: [33mFalse[0m
--------------------------------------------------------------------------------
Simulated Switches
--------------------------------------------------------------------------------
--------------------------------------------------------------------------------
Simulated Pipes
--------------------------------------------------------------------------------
--------------------------------------------------------------------------------
Simulated Nodes/Jobs
--------------------------------------------------------------------------------
Hostname/IP: 192.168.0.169 | Job: fq-job-7950 | Sim running: [33mTrue [0m
--------------------------------------------------------------------------------
Summary
--------------------------------------------------------------------------------
1/1 instances are still running.
1/1 simulations are still running.
--------------------------------------------------------------------------------
[2J
FireSim Simulation Status @ 2026-09-03 23:04:54.213355
--------------------------------------------------------------------------------
This workload's output is located in:
/home/ubuntu/chipyard-rose/sims/firesim/deploy/results-workload/2026-09-03--22-59-26-fq-job-795-fq795x24c8edf7/
This run's log is located in:
/home/ubuntu/chipyard-rose/sims/firesim/deploy/logs/2026-09-03--22-59-26-runworkload-IW2ZYTITYWT6GYB9.log
This status will update every 10s.
--------------------------------------------------------------------------------
Instances
--------------------------------------------------------------------------------
Hostname/IP: 192.168.0.169 | Terminated: [33mFalse[0m
--------------------------------------------------------------------------------
Simulated Switches
--------------------------------------------------------------------------------
--------------------------------------------------------------------------------
Simulated Pipes
--------------------------------------------------------------------------------
--------------------------------------------------------------------------------
Simulated Nodes/Jobs
--------------------------------------------------------------------------------
Hostname/IP: 192.168.0.169 | Job: fq-job-7950 | Sim running: [33mTrue [0m
--------------------------------------------------------------------------------
Summary
--------------------------------------------------------------------------------
1/1 instances are still running.
1/1 simulations are still running.
--------------------------------------------------------------------------------
[2J
FireSim Simulation Status @ 2026-09-03 23:05:04.553378
--------------------------------------------------------------------------------
This workload's output is located in:
/home/ubuntu/chipyard-rose/sims/firesim/deploy/results-workload/2026-09-03--22-59-26-fq-job-795-fq795x24c8edf7/
This run's log is located in:
/home/ubuntu/chipyard-rose/sims/firesim/deploy/logs/2026-09-03--22-59-26-runworkload-IW2ZYTITYWT6GYB9.log
This status will update every 10s.
--------------------------------------------------------------------------------
Instances
--------------------------------------------------------------------------------
Hostname/IP: 192.168.0.169 | Terminated: [33mFalse[0m
--------------------------------------------------------------------------------
Simulated Switches
--------------------------------------------------------------------------------
--------------------------------------------------------------------------------
Simulated Pipes
--------------------------------------------------------------------------------
--------------------------------------------------------------------------------
Simulated Nodes/Jobs
--------------------------------------------------------------------------------
Hostname/IP: 192.168.0.169 | Job: fq-job-7950 | Sim running: [33mTrue [0m
--------------------------------------------------------------------------------
Summary
--------------------------------------------------------------------------------
1/1 instances are still running.
1/1 simulations are still running.
--------------------------------------------------------------------------------
[2J
FireSim Simulation Status @ 2026-09-03 23:05:14.892373
--------------------------------------------------------------------------------
This workload's output is located in:
/home/ubuntu/chipyard-rose/sims/firesim/deploy/results-workload/2026-09-03--22-59-26-fq-job-795-fq795x24c8edf7/
This run's log is located in:
/home/ubuntu/chipyard-rose/sims/firesim/deploy/logs/2026-09-03--22-59-26-runworkload-IW2ZYTITYWT6GYB9.log
This status will update every 10s.
--------------------------------------------------------------------------------
Instances
--------------------------------------------------------------------------------
Hostname/IP: 192.168.0.169 | Terminated: [33mFalse[0m
--------------------------------------------------------------------------------
Simulated Switches
--------------------------------------------------------------------------------
--------------------------------------------------------------------------------
Simulated Pipes
--------------------------------------------------------------------------------
--------------------------------------------------------------------------------
Simulated Nodes/Jobs
--------------------------------------------------------------------------------
Hostname/IP: 192.168.0.169 | Job: fq-job-7950 | Sim running: [33mTrue [0m
--------------------------------------------------------------------------------
Summary
--------------------------------------------------------------------------------
1/1 instances are still running.
1/1 simulations are still running.
--------------------------------------------------------------------------------
[2J
FireSim Simulation Status @ 2026-09-03 23:05:25.221740
--------------------------------------------------------------------------------
This workload's output is located in:
/home/ubuntu/chipyard-rose/sims/firesim/deploy/results-workload/2026-09-03--22-59-26-fq-job-795-fq795x24c8edf7/
This run's log is located in:
/home/ubuntu/chipyard-rose/sims/firesim/deploy/logs/2026-09-03--22-59-26-runworkload-IW2ZYTITYWT6GYB9.log
This status will update every 10s.
--------------------------------------------------------------------------------
Instances
--------------------------------------------------------------------------------
Hostname/IP: 192.168.0.169 | Terminated: [33mFalse[0m
--------------------------------------------------------------------------------
Simulated Switches
--------------------------------------------------------------------------------
--------------------------------------------------------------------------------
Simulated Pipes
--------------------------------------------------------------------------------
--------------------------------------------------------------------------------
Simulated Nodes/Jobs
--------------------------------------------------------------------------------
Hostname/IP: 192.168.0.169 | Job: fq-job-7950 | Sim running: [33mTrue [0m
--------------------------------------------------------------------------------
Summary
--------------------------------------------------------------------------------
1/1 instances are still running.
1/1 simulations are still running.
--------------------------------------------------------------------------------
[2J
FireSim Simulation Status @ 2026-09-03 23:05:35.540122
--------------------------------------------------------------------------------
This workload's output is located in:
/home/ubuntu/chipyard-rose/sims/firesim/deploy/results-workload/2026-09-03--22-59-26-fq-job-795-fq795x24c8edf7/
This run's log is located in:
/home/ubuntu/chipyard-rose/sims/firesim/deploy/logs/2026-09-03--22-59-26-runworkload-IW2ZYTITYWT6GYB9.log
This status will update every 10s.
--------------------------------------------------------------------------------
Instances
--------------------------------------------------------------------------------
Hostname/IP: 192.168.0.169 | Terminated: [33mFalse[0m
--------------------------------------------------------------------------------
Simulated Switches
--------------------------------------------------------------------------------
--------------------------------------------------------------------------------
Simulated Pipes
--------------------------------------------------------------------------------
--------------------------------------------------------------------------------
Simulated Nodes/Jobs
--------------------------------------------------------------------------------
Hostname/IP: 192.168.0.169 | Job: fq-job-7950 | Sim running: [33mTrue [0m
--------------------------------------------------------------------------------
Summary
--------------------------------------------------------------------------------
1/1 instances are still running.
1/1 simulations are still running.
--------------------------------------------------------------------------------
[2J
FireSim Simulation Status @ 2026-09-03 23:05:45.858648
--------------------------------------------------------------------------------
This workload's output is located in:
/home/ubuntu/chipyard-rose/sims/firesim/deploy/results-workload/2026-09-03--22-59-26-fq-job-795-fq795x24c8edf7/
This run's log is located in:
/home/ubuntu/chipyard-rose/sims/firesim/deploy/logs/2026-09-03--22-59-26-runworkload-IW2ZYTITYWT6GYB9.log
This status will update every 10s.
--------------------------------------------------------------------------------
Instances
--------------------------------------------------------------------------------
Hostname/IP: 192.168.0.169 | Terminated: [33mFalse[0m
--------------------------------------------------------------------------------
Simulated Switches
--------------------------------------------------------------------------------
--------------------------------------------------------------------------------
Simulated Pipes
--------------------------------------------------------------------------------
--------------------------------------------------------------------------------
Simulated Nodes/Jobs
--------------------------------------------------------------------------------
Hostname/IP: 192.168.0.169 | Job: fq-job-7950 | Sim running: [33mTrue [0m
--------------------------------------------------------------------------------
Summary
--------------------------------------------------------------------------------
1/1 instances are still running.
1/1 simulations are still running.
--------------------------------------------------------------------------------
[2J
FireSim Simulation Status @ 2026-09-03 23:05:56.198689
--------------------------------------------------------------------------------
This workload's output is located in:
/home/ubuntu/chipyard-rose/sims/firesim/deploy/results-workload/2026-09-03--22-59-26-fq-job-795-fq795x24c8edf7/
This run's log is located in:
/home/ubuntu/chipyard-rose/sims/firesim/deploy/logs/2026-09-03--22-59-26-runworkload-IW2ZYTITYWT6GYB9.log
This status will update every 10s.
--------------------------------------------------------------------------------
Instances
--------------------------------------------------------------------------------
Hostname/IP: 192.168.0.169 | Terminated: [33mFalse[0m
--------------------------------------------------------------------------------
Simulated Switches
--------------------------------------------------------------------------------
--------------------------------------------------------------------------------
Simulated Pipes
--------------------------------------------------------------------------------
--------------------------------------------------------------------------------
Simulated Nodes/Jobs
--------------------------------------------------------------------------------
Hostname/IP: 192.168.0.169 | Job: fq-job-7950 | Sim running: [33mTrue [0m
--------------------------------------------------------------------------------
Summary
--------------------------------------------------------------------------------
1/1 instances are still running.
1/1 simulations are still running.
--------------------------------------------------------------------------------
[2J
FireSim Simulation Status @ 2026-09-03 23:06:06.516881
--------------------------------------------------------------------------------
This workload's output is located in:
/home/ubuntu/chipyard-rose/sims/firesim/deploy/results-workload/2026-09-03--22-59-26-fq-job-795-fq795x24c8edf7/
This run's log is located in:
/home/ubuntu/chipyard-rose/sims/firesim/deploy/logs/2026-09-03--22-59-26-runworkload-IW2ZYTITYWT6GYB9.log
This status will update every 10s.
--------------------------------------------------------------------------------
Instances
--------------------------------------------------------------------------------
Hostname/IP: 192.168.0.169 | Terminated: [33mFalse[0m
--------------------------------------------------------------------------------
Simulated Switches
--------------------------------------------------------------------------------
--------------------------------------------------------------------------------
Simulated Pipes
--------------------------------------------------------------------------------
--------------------------------------------------------------------------------
Simulated Nodes/Jobs
--------------------------------------------------------------------------------
Hostname/IP: 192.168.0.169 | Job: fq-job-7950 | Sim running: [33mTrue [0m
--------------------------------------------------------------------------------
Summary
--------------------------------------------------------------------------------
1/1 instances are still running.
1/1 simulations are still running.
--------------------------------------------------------------------------------
[2J
FireSim Simulation Status @ 2026-09-03 23:06:16.836111
--------------------------------------------------------------------------------
This workload's output is located in:
/home/ubuntu/chipyard-rose/sims/firesim/deploy/results-workload/2026-09-03--22-59-26-fq-job-795-fq795x24c8edf7/
This run's log is located in:
/home/ubuntu/chipyard-rose/sims/firesim/deploy/logs/2026-09-03--22-59-26-runworkload-IW2ZYTITYWT6GYB9.log
This status will update every 10s.
--------------------------------------------------------------------------------
Instances
--------------------------------------------------------------------------------
Hostname/IP: 192.168.0.169 | Terminated: [33mFalse[0m
--------------------------------------------------------------------------------
Simulated Switches
--------------------------------------------------------------------------------
--------------------------------------------------------------------------------
Simulated Pipes
--------------------------------------------------------------------------------
--------------------------------------------------------------------------------
Simulated Nodes/Jobs
--------------------------------------------------------------------------------
Hostname/IP: 192.168.0.169 | Job: fq-job-7950 | Sim running: [33mTrue [0m
--------------------------------------------------------------------------------
Summary
--------------------------------------------------------------------------------
1/1 instances are still running.
1/1 simulations are still running.
--------------------------------------------------------------------------------
[2J
FireSim Simulation Status @ 2026-09-03 23:06:27.164554
--------------------------------------------------------------------------------
This workload's output is located in:
/home/ubuntu/chipyard-rose/sims/firesim/deploy/results-workload/2026-09-03--22-59-26-fq-job-795-fq795x24c8edf7/
This run's log is located in:
/home/ubuntu/chipyard-rose/sims/firesim/deploy/logs/2026-09-03--22-59-26-runworkload-IW2ZYTITYWT6GYB9.log
This status will update every 10s.
--------------------------------------------------------------------------------
Instances
--------------------------------------------------------------------------------
Hostname/IP: 192.168.0.169 | Terminated: [33mFalse[0m
--------------------------------------------------------------------------------
Simulated Switches
--------------------------------------------------------------------------------
--------------------------------------------------------------------------------
Simulated Pipes
--------------------------------------------------------------------------------
--------------------------------------------------------------------------------
Simulated Nodes/Jobs
--------------------------------------------------------------------------------
Hostname/IP: 192.168.0.169 | Job: fq-job-7950 | Sim running: [33mTrue [0m
--------------------------------------------------------------------------------
Summary
--------------------------------------------------------------------------------
1/1 instances are still running.
1/1 simulations are still running.
--------------------------------------------------------------------------------
[2J
FireSim Simulation Status @ 2026-09-03 23:06:37.493328
--------------------------------------------------------------------------------
This workload's output is located in:
/home/ubuntu/chipyard-rose/sims/firesim/deploy/results-workload/2026-09-03--22-59-26-fq-job-795-fq795x24c8edf7/
This run's log is located in:
/home/ubuntu/chipyard-rose/sims/firesim/deploy/logs/2026-09-03--22-59-26-runworkload-IW2ZYTITYWT6GYB9.log
This status will update every 10s.
--------------------------------------------------------------------------------
Instances
--------------------------------------------------------------------------------
Hostname/IP: 192.168.0.169 | Terminated: [33mFalse[0m
--------------------------------------------------------------------------------
Simulated Switches
--------------------------------------------------------------------------------
--------------------------------------------------------------------------------
Simulated Pipes
--------------------------------------------------------------------------------
--------------------------------------------------------------------------------
Simulated Nodes/Jobs
--------------------------------------------------------------------------------
Hostname/IP: 192.168.0.169 | Job: fq-job-7950 | Sim running: [33mTrue [0m
--------------------------------------------------------------------------------
Summary
--------------------------------------------------------------------------------
1/1 instances are still running.
1/1 simulations are still running.
--------------------------------------------------------------------------------
[2J
FireSim Simulation Status @ 2026-09-03 23:06:47.811329
--------------------------------------------------------------------------------
This workload's output is located in:
/home/ubuntu/chipyard-rose/sims/firesim/deploy/results-workload/2026-09-03--22-59-26-fq-job-795-fq795x24c8edf7/
This run's log is located in:
/home/ubuntu/chipyard-rose/sims/firesim/deploy/logs/2026-09-03--22-59-26-runworkload-IW2ZYTITYWT6GYB9.log
This status will update every 10s.
--------------------------------------------------------------------------------
Instances
--------------------------------------------------------------------------------
Hostname/IP: 192.168.0.169 | Terminated: [33mFalse[0m
--------------------------------------------------------------------------------
Simulated Switches
--------------------------------------------------------------------------------
--------------------------------------------------------------------------------
Simulated Pipes
--------------------------------------------------------------------------------
--------------------------------------------------------------------------------
Simulated Nodes/Jobs
--------------------------------------------------------------------------------
Hostname/IP: 192.168.0.169 | Job: fq-job-7950 | Sim running: [33mTrue [0m
--------------------------------------------------------------------------------
Summary
--------------------------------------------------------------------------------
1/1 instances are still running.
1/1 simulations are still running.
--------------------------------------------------------------------------------
[2J
FireSim Simulation Status @ 2026-09-03 23:06:58.119891
--------------------------------------------------------------------------------
This workload's output is located in:
/home/ubuntu/chipyard-rose/sims/firesim/deploy/results-workload/2026-09-03--22-59-26-fq-job-795-fq795x24c8edf7/
This run's log is located in:
/home/ubuntu/chipyard-rose/sims/firesim/deploy/logs/2026-09-03--22-59-26-runworkload-IW2ZYTITYWT6GYB9.log
This status will update every 10s.
--------------------------------------------------------------------------------
Instances
--------------------------------------------------------------------------------
Hostname/IP: 192.168.0.169 | Terminated: [33mFalse[0m
--------------------------------------------------------------------------------
Simulated Switches
--------------------------------------------------------------------------------
--------------------------------------------------------------------------------
Simulated Pipes
--------------------------------------------------------------------------------
--------------------------------------------------------------------------------
Simulated Nodes/Jobs
--------------------------------------------------------------------------------
Hostname/IP: 192.168.0.169 | Job: fq-job-7950 | Sim running: [33mTrue [0m
--------------------------------------------------------------------------------
Summary
--------------------------------------------------------------------------------
1/1 instances are still running.
1/1 simulations are still running.
--------------------------------------------------------------------------------
[2J
FireSim Simulation Status @ 2026-09-03 23:07:08.437902
--------------------------------------------------------------------------------
This workload's output is located in:
/home/ubuntu/chipyard-rose/sims/firesim/deploy/results-workload/2026-09-03--22-59-26-fq-job-795-fq795x24c8edf7/
This run's log is located in:
/home/ubuntu/chipyard-rose/sims/firesim/deploy/logs/2026-09-03--22-59-26-runworkload-IW2ZYTITYWT6GYB9.log
This status will update every 10s.
--------------------------------------------------------------------------------
Instances
--------------------------------------------------------------------------------
Hostname/IP: 192.168.0.169 | Terminated: [33mFalse[0m
--------------------------------------------------------------------------------
Simulated Switches
--------------------------------------------------------------------------------
--------------------------------------------------------------------------------
Simulated Pipes
--------------------------------------------------------------------------------
--------------------------------------------------------------------------------
Simulated Nodes/Jobs
--------------------------------------------------------------------------------
Hostname/IP: 192.168.0.169 | Job: fq-job-7950 | Sim running: [33mTrue [0m
--------------------------------------------------------------------------------
Summary
--------------------------------------------------------------------------------
1/1 instances are still running.
1/1 simulations are still running.
--------------------------------------------------------------------------------
[2J
FireSim Simulation Status @ 2026-09-03 23:07:18.755799
--------------------------------------------------------------------------------
This workload's output is located in:
/home/ubuntu/chipyard-rose/sims/firesim/deploy/results-workload/2026-09-03--22-59-26-fq-job-795-fq795x24c8edf7/
This run's log is located in:
/home/ubuntu/chipyard-rose/sims/firesim/deploy/logs/2026-09-03--22-59-26-runworkload-IW2ZYTITYWT6GYB9.log
This status will update every 10s.
--------------------------------------------------------------------------------
Instances
--------------------------------------------------------------------------------
Hostname/IP: 192.168.0.169 | Terminated: [33mFalse[0m
--------------------------------------------------------------------------------
Simulated Switches
--------------------------------------------------------------------------------
--------------------------------------------------------------------------------
Simulated Pipes
--------------------------------------------------------------------------------
--------------------------------------------------------------------------------
Simulated Nodes/Jobs
--------------------------------------------------------------------------------
Hostname/IP: 192.168.0.169 | Job: fq-job-7950 | Sim running: [33mTrue [0m
--------------------------------------------------------------------------------
Summary
--------------------------------------------------------------------------------
1/1 instances are still running.
1/1 simulations are still running.
--------------------------------------------------------------------------------
[2J
FireSim Simulation Status @ 2026-09-03 23:07:29.083828
--------------------------------------------------------------------------------
This workload's output is located in:
/home/ubuntu/chipyard-rose/sims/firesim/deploy/results-workload/2026-09-03--22-59-26-fq-job-795-fq795x24c8edf7/
This run's log is located in:
/home/ubuntu/chipyard-rose/sims/firesim/deploy/logs/2026-09-03--22-59-26-runworkload-IW2ZYTITYWT6GYB9.log
This status will update every 10s.
--------------------------------------------------------------------------------
Instances
--------------------------------------------------------------------------------
Hostname/IP: 192.168.0.169 | Terminated: [33mFalse[0m
--------------------------------------------------------------------------------
Simulated Switches
--------------------------------------------------------------------------------
--------------------------------------------------------------------------------
Simulated Pipes
--------------------------------------------------------------------------------
--------------------------------------------------------------------------------
Simulated Nodes/Jobs
--------------------------------------------------------------------------------
Hostname/IP: 192.168.0.169 | Job: fq-job-7950 | Sim running: [33mTrue [0m
--------------------------------------------------------------------------------
Summary
--------------------------------------------------------------------------------
1/1 instances are still running.
1/1 simulations are still running.
--------------------------------------------------------------------------------
[2J
FireSim Simulation Status @ 2026-09-03 23:07:39.411967
--------------------------------------------------------------------------------
This workload's output is located in:
/home/ubuntu/chipyard-rose/sims/firesim/deploy/results-workload/2026-09-03--22-59-26-fq-job-795-fq795x24c8edf7/
This run's log is located in:
/home/ubuntu/chipyard-rose/sims/firesim/deploy/logs/2026-09-03--22-59-26-runworkload-IW2ZYTITYWT6GYB9.log
This status will update every 10s.
--------------------------------------------------------------------------------
Instances
--------------------------------------------------------------------------------
Hostname/IP: 192.168.0.169 | Terminated: [33mFalse[0m
--------------------------------------------------------------------------------
Simulated Switches
--------------------------------------------------------------------------------
--------------------------------------------------------------------------------
Simulated Pipes
--------------------------------------------------------------------------------
--------------------------------------------------------------------------------
Simulated Nodes/Jobs
--------------------------------------------------------------------------------
Hostname/IP: 192.168.0.169 | Job: fq-job-7950 | Sim running: [33mTrue [0m
--------------------------------------------------------------------------------
Summary
--------------------------------------------------------------------------------
1/1 instances are still running.
1/1 simulations are still running.
--------------------------------------------------------------------------------
[2J
FireSim Simulation Status @ 2026-09-03 23:07:49.729943
--------------------------------------------------------------------------------
This workload's output is located in:
/home/ubuntu/chipyard-rose/sims/firesim/deploy/results-workload/2026-09-03--22-59-26-fq-job-795-fq795x24c8edf7/
This run's log is located in:
/home/ubuntu/chipyard-rose/sims/firesim/deploy/logs/2026-09-03--22-59-26-runworkload-IW2ZYTITYWT6GYB9.log
This status will update every 10s.
--------------------------------------------------------------------------------
Instances
--------------------------------------------------------------------------------
Hostname/IP: 192.168.0.169 | Terminated: [33mFalse[0m
--------------------------------------------------------------------------------
Simulated Switches
--------------------------------------------------------------------------------
--------------------------------------------------------------------------------
Simulated Pipes
--------------------------------------------------------------------------------
--------------------------------------------------------------------------------
Simulated Nodes/Jobs
--------------------------------------------------------------------------------
Hostname/IP: 192.168.0.169 | Job: fq-job-7950 | Sim running: [33mTrue [0m
--------------------------------------------------------------------------------
Summary
--------------------------------------------------------------------------------
1/1 instances are still running.
1/1 simulations are still running.
--------------------------------------------------------------------------------
[2J
FireSim Simulation Status @ 2026-09-03 23:08:00.058769
--------------------------------------------------------------------------------
This workload's output is located in:
/home/ubuntu/chipyard-rose/sims/firesim/deploy/results-workload/2026-09-03--22-59-26-fq-job-795-fq795x24c8edf7/
This run's log is located in:
/home/ubuntu/chipyard-rose/sims/firesim/deploy/logs/2026-09-03--22-59-26-runworkload-IW2ZYTITYWT6GYB9.log
This status will update every 10s.
--------------------------------------------------------------------------------
Instances
--------------------------------------------------------------------------------
Hostname/IP: 192.168.0.169 | Terminated: [33mFalse[0m
--------------------------------------------------------------------------------
Simulated Switches
--------------------------------------------------------------------------------
--------------------------------------------------------------------------------
Simulated Pipes
--------------------------------------------------------------------------------
--------------------------------------------------------------------------------
Simulated Nodes/Jobs
--------------------------------------------------------------------------------
Hostname/IP: 192.168.0.169 | Job: fq-job-7950 | Sim running: [33mTrue [0m
--------------------------------------------------------------------------------
Summary
--------------------------------------------------------------------------------
1/1 instances are still running.
1/1 simulations are still running.
--------------------------------------------------------------------------------
[2J
FireSim Simulation Status @ 2026-09-03 23:08:10.376593
--------------------------------------------------------------------------------
This workload's output is located in:
/home/ubuntu/chipyard-rose/sims/firesim/deploy/results-workload/2026-09-03--22-59-26-fq-job-795-fq795x24c8edf7/
This run's log is located in:
/home/ubuntu/chipyard-rose/sims/firesim/deploy/logs/2026-09-03--22-59-26-runworkload-IW2ZYTITYWT6GYB9.log
This status will update every 10s.
--------------------------------------------------------------------------------
Instances
--------------------------------------------------------------------------------
Hostname/IP: 192.168.0.169 | Terminated: [33mFalse[0m
--------------------------------------------------------------------------------
Simulated Switches
--------------------------------------------------------------------------------
--------------------------------------------------------------------------------
Simulated Pipes
--------------------------------------------------------------------------------
--------------------------------------------------------------------------------
Simulated Nodes/Jobs
--------------------------------------------------------------------------------
Hostname/IP: 192.168.0.169 | Job: fq-job-7950 | Sim running: [33mTrue [0m
--------------------------------------------------------------------------------
Summary
--------------------------------------------------------------------------------
1/1 instances are still running.
1/1 simulations are still running.
--------------------------------------------------------------------------------
[2J
FireSim Simulation Status @ 2026-09-03 23:08:20.694457
--------------------------------------------------------------------------------
This workload's output is located in:
/home/ubuntu/chipyard-rose/sims/firesim/deploy/results-workload/2026-09-03--22-59-26-fq-job-795-fq795x24c8edf7/
This run's log is located in:
/home/ubuntu/chipyard-rose/sims/firesim/deploy/logs/2026-09-03--22-59-26-runworkload-IW2ZYTITYWT6GYB9.log
This status will update every 10s.
--------------------------------------------------------------------------------
Instances
--------------------------------------------------------------------------------
Hostname/IP: 192.168.0.169 | Terminated: [33mFalse[0m
--------------------------------------------------------------------------------
Simulated Switches
--------------------------------------------------------------------------------
--------------------------------------------------------------------------------
Simulated Pipes
--------------------------------------------------------------------------------
--------------------------------------------------------------------------------
Simulated Nodes/Jobs
--------------------------------------------------------------------------------
Hostname/IP: 192.168.0.169 | Job: fq-job-7950 | Sim running: [33mTrue [0m
--------------------------------------------------------------------------------
Summary
--------------------------------------------------------------------------------
1/1 instances are still running.
1/1 simulations are still running.
--------------------------------------------------------------------------------
[2J
FireSim Simulation Status @ 2026-09-03 23:08:31.022668
--------------------------------------------------------------------------------
This workload's output is located in:
/home/ubuntu/chipyard-rose/sims/firesim/deploy/results-workload/2026-09-03--22-59-26-fq-job-795-fq795x24c8edf7/
This run's log is located in:
/home/ubuntu/chipyard-rose/sims/firesim/deploy/logs/2026-09-03--22-59-26-runworkload-IW2ZYTITYWT6GYB9.log
This status will update every 10s.
--------------------------------------------------------------------------------
Instances
--------------------------------------------------------------------------------
Hostname/IP: 192.168.0.169 | Terminated: [33mFalse[0m
--------------------------------------------------------------------------------
Simulated Switches
--------------------------------------------------------------------------------
--------------------------------------------------------------------------------
Simulated Pipes
--------------------------------------------------------------------------------
--------------------------------------------------------------------------------
Simulated Nodes/Jobs
--------------------------------------------------------------------------------
Hostname/IP: 192.168.0.169 | Job: fq-job-7950 | Sim running: [33mTrue [0m
--------------------------------------------------------------------------------
Summary
--------------------------------------------------------------------------------
1/1 instances are still running.
1/1 simulations are still running.
--------------------------------------------------------------------------------
[2J
FireSim Simulation Status @ 2026-09-03 23:08:41.340858
--------------------------------------------------------------------------------
This workload's output is located in:
/home/ubuntu/chipyard-rose/sims/firesim/deploy/results-workload/2026-09-03--22-59-26-fq-job-795-fq795x24c8edf7/
This run's log is located in:
/home/ubuntu/chipyard-rose/sims/firesim/deploy/logs/2026-09-03--22-59-26-runworkload-IW2ZYTITYWT6GYB9.log
This status will update every 10s.
--------------------------------------------------------------------------------
Instances
--------------------------------------------------------------------------------
Hostname/IP: 192.168.0.169 | Terminated: [33mFalse[0m
--------------------------------------------------------------------------------
Simulated Switches
--------------------------------------------------------------------------------
--------------------------------------------------------------------------------
Simulated Pipes
--------------------------------------------------------------------------------
--------------------------------------------------------------------------------
Simulated Nodes/Jobs
--------------------------------------------------------------------------------
Hostname/IP: 192.168.0.169 | Job: fq-job-7950 | Sim running: [33mTrue [0m
--------------------------------------------------------------------------------
Summary
--------------------------------------------------------------------------------
1/1 instances are still running.
1/1 simulations are still running.
--------------------------------------------------------------------------------
[2J
FireSim Simulation Status @ 2026-09-03 23:08:51.677114
--------------------------------------------------------------------------------
This workload's output is located in:
/home/ubuntu/chipyard-rose/sims/firesim/deploy/results-workload/2026-09-03--22-59-26-fq-job-795-fq795x24c8edf7/
This run's log is located in:
/home/ubuntu/chipyard-rose/sims/firesim/deploy/logs/2026-09-03--22-59-26-runworkload-IW2ZYTITYWT6GYB9.log
This status will update every 10s.
--------------------------------------------------------------------------------
Instances
--------------------------------------------------------------------------------
Hostname/IP: 192.168.0.169 | Terminated: [33mFalse[0m
--------------------------------------------------------------------------------
Simulated Switches
--------------------------------------------------------------------------------
--------------------------------------------------------------------------------
Simulated Pipes
--------------------------------------------------------------------------------
--------------------------------------------------------------------------------
Simulated Nodes/Jobs
--------------------------------------------------------------------------------
Hostname/IP: 192.168.0.169 | Job: fq-job-7950 | Sim running: [33mTrue [0m
--------------------------------------------------------------------------------
Summary
--------------------------------------------------------------------------------
1/1 instances are still running.
1/1 simulations are still running.
--------------------------------------------------------------------------------
[2J
FireSim Simulation Status @ 2026-09-03 23:09:01.998662
--------------------------------------------------------------------------------
This workload's output is located in:
/home/ubuntu/chipyard-rose/sims/firesim/deploy/results-workload/2026-09-03--22-59-26-fq-job-795-fq795x24c8edf7/
This run's log is located in:
/home/ubuntu/chipyard-rose/sims/firesim/deploy/logs/2026-09-03--22-59-26-runworkload-IW2ZYTITYWT6GYB9.log
This status will update every 10s.
--------------------------------------------------------------------------------
Instances
--------------------------------------------------------------------------------
Hostname/IP: 192.168.0.169 | Terminated: [33mFalse[0m
--------------------------------------------------------------------------------
Simulated Switches
--------------------------------------------------------------------------------
--------------------------------------------------------------------------------
Simulated Pipes
--------------------------------------------------------------------------------
--------------------------------------------------------------------------------
Simulated Nodes/Jobs
--------------------------------------------------------------------------------
Hostname/IP: 192.168.0.169 | Job: fq-job-7950 | Sim running: [33mTrue [0m
--------------------------------------------------------------------------------
Summary
--------------------------------------------------------------------------------
1/1 instances are still running.
1/1 simulations are still running.
--------------------------------------------------------------------------------
[2J
FireSim Simulation Status @ 2026-09-03 23:09:12.317197
--------------------------------------------------------------------------------
This workload's output is located in:
/home/ubuntu/chipyard-rose/sims/firesim/deploy/results-workload/2026-09-03--22-59-26-fq-job-795-fq795x24c8edf7/
This run's log is located in:
/home/ubuntu/chipyard-rose/sims/firesim/deploy/logs/2026-09-03--22-59-26-runworkload-IW2ZYTITYWT6GYB9.log
This status will update every 10s.
--------------------------------------------------------------------------------
Instances
--------------------------------------------------------------------------------
Hostname/IP: 192.168.0.169 | Terminated: [33mFalse[0m
--------------------------------------------------------------------------------
Simulated Switches
--------------------------------------------------------------------------------
--------------------------------------------------------------------------------
Simulated Pipes
--------------------------------------------------------------------------------
--------------------------------------------------------------------------------
Simulated Nodes/Jobs
--------------------------------------------------------------------------------
Hostname/IP: 192.168.0.169 | Job: fq-job-7950 | Sim running: [33mTrue [0m
--------------------------------------------------------------------------------
Summary
--------------------------------------------------------------------------------
1/1 instances are still running.
1/1 simulations are still running.
--------------------------------------------------------------------------------
[2J
FireSim Simulation Status @ 2026-09-03 23:09:22.634866
--------------------------------------------------------------------------------
This workload's output is located in:
/home/ubuntu/chipyard-rose/sims/firesim/deploy/results-workload/2026-09-03--22-59-26-fq-job-795-fq795x24c8edf7/
This run's log is located in:
/home/ubuntu/chipyard-rose/sims/firesim/deploy/logs/2026-09-03--22-59-26-runworkload-IW2ZYTITYWT6GYB9.log
This status will update every 10s.
--------------------------------------------------------------------------------
Instances
--------------------------------------------------------------------------------
Hostname/IP: 192.168.0.169 | Terminated: [33mFalse[0m
--------------------------------------------------------------------------------
Simulated Switches
--------------------------------------------------------------------------------
--------------------------------------------------------------------------------
Simulated Pipes
--------------------------------------------------------------------------------
--------------------------------------------------------------------------------
Simulated Nodes/Jobs
--------------------------------------------------------------------------------
Hostname/IP: 192.168.0.169 | Job: fq-job-7950 | Sim running: [33mTrue [0m
--------------------------------------------------------------------------------
Summary
--------------------------------------------------------------------------------
1/1 instances are still running.
1/1 simulations are still running.
--------------------------------------------------------------------------------
[2J
FireSim Simulation Status @ 2026-09-03 23:09:32.957097
--------------------------------------------------------------------------------
This workload's output is located in:
/home/ubuntu/chipyard-rose/sims/firesim/deploy/results-workload/2026-09-03--22-59-26-fq-job-795-fq795x24c8edf7/
This run's log is located in:
/home/ubuntu/chipyard-rose/sims/firesim/deploy/logs/2026-09-03--22-59-26-runworkload-IW2ZYTITYWT6GYB9.log
This status will update every 10s.
--------------------------------------------------------------------------------
Instances
--------------------------------------------------------------------------------
Hostname/IP: 192.168.0.169 | Terminated: [33mFalse[0m
--------------------------------------------------------------------------------
Simulated Switches
--------------------------------------------------------------------------------
--------------------------------------------------------------------------------
Simulated Pipes
--------------------------------------------------------------------------------
--------------------------------------------------------------------------------
Simulated Nodes/Jobs
--------------------------------------------------------------------------------
Hostname/IP: 192.168.0.169 | Job: fq-job-7950 | Sim running: [33mTrue [0m
--------------------------------------------------------------------------------
Summary
--------------------------------------------------------------------------------
1/1 instances are still running.
1/1 simulations are still running.
--------------------------------------------------------------------------------
[2J
FireSim Simulation Status @ 2026-09-03 23:09:43.517547
--------------------------------------------------------------------------------
This workload's output is located in:
/home/ubuntu/chipyard-rose/sims/firesim/deploy/results-workload/2026-09-03--22-59-26-fq-job-795-fq795x24c8edf7/
This run's log is located in:
/home/ubuntu/chipyard-rose/sims/firesim/deploy/logs/2026-09-03--22-59-26-runworkload-IW2ZYTITYWT6GYB9.log
This status will update every 10s.
--------------------------------------------------------------------------------
Instances
--------------------------------------------------------------------------------
Hostname/IP: 192.168.0.169 | Terminated: [33mFalse[0m
--------------------------------------------------------------------------------
Simulated Switches
--------------------------------------------------------------------------------
--------------------------------------------------------------------------------
Simulated Pipes
--------------------------------------------------------------------------------
--------------------------------------------------------------------------------
Simulated Nodes/Jobs
--------------------------------------------------------------------------------
Hostname/IP: 192.168.0.169 | Job: fq-job-7950 | Sim running: [33mTrue [0m
--------------------------------------------------------------------------------
Summary
--------------------------------------------------------------------------------
1/1 instances are still running.
1/1 simulations are still running.
--------------------------------------------------------------------------------
[2J
FireSim Simulation Status @ 2026-09-03 23:09:53.890175
--------------------------------------------------------------------------------
This workload's output is located in:
/home/ubuntu/chipyard-rose/sims/firesim/deploy/results-workload/2026-09-03--22-59-26-fq-job-795-fq795x24c8edf7/
This run's log is located in:
/home/ubuntu/chipyard-rose/sims/firesim/deploy/logs/2026-09-03--22-59-26-runworkload-IW2ZYTITYWT6GYB9.log
This status will update every 10s.
--------------------------------------------------------------------------------
Instances
--------------------------------------------------------------------------------
Hostname/IP: 192.168.0.169 | Terminated: [33mFalse[0m
--------------------------------------------------------------------------------
Simulated Switches
--------------------------------------------------------------------------------
--------------------------------------------------------------------------------
Simulated Pipes
--------------------------------------------------------------------------------
--------------------------------------------------------------------------------
Simulated Nodes/Jobs
--------------------------------------------------------------------------------
Hostname/IP: 192.168.0.169 | Job: fq-job-7950 | Sim running: [33mTrue [0m
--------------------------------------------------------------------------------
Summary
--------------------------------------------------------------------------------
1/1 instances are still running.
1/1 simulations are still running.
--------------------------------------------------------------------------------
[2J
FireSim Simulation Status @ 2026-09-03 23:10:04.213362
--------------------------------------------------------------------------------
This workload's output is located in:
/home/ubuntu/chipyard-rose/sims/firesim/deploy/results-workload/2026-09-03--22-59-26-fq-job-795-fq795x24c8edf7/
This run's log is located in:
/home/ubuntu/chipyard-rose/sims/firesim/deploy/logs/2026-09-03--22-59-26-runworkload-IW2ZYTITYWT6GYB9.log
This status will update every 10s.
--------------------------------------------------------------------------------
Instances
--------------------------------------------------------------------------------
Hostname/IP: 192.168.0.169 | Terminated: [33mFalse[0m
--------------------------------------------------------------------------------
Simulated Switches
--------------------------------------------------------------------------------
--------------------------------------------------------------------------------
Simulated Pipes
--------------------------------------------------------------------------------
--------------------------------------------------------------------------------
Simulated Nodes/Jobs
--------------------------------------------------------------------------------
Hostname/IP: 192.168.0.169 | Job: fq-job-7950 | Sim running: [33mTrue [0m
--------------------------------------------------------------------------------
Summary
--------------------------------------------------------------------------------
1/1 instances are still running.
1/1 simulations are still running.
--------------------------------------------------------------------------------
[2J
FireSim Simulation Status @ 2026-09-03 23:10:14.552656
--------------------------------------------------------------------------------
This workload's output is located in:
/home/ubuntu/chipyard-rose/sims/firesim/deploy/results-workload/2026-09-03--22-59-26-fq-job-795-fq795x24c8edf7/
This run's log is located in:
/home/ubuntu/chipyard-rose/sims/firesim/deploy/logs/2026-09-03--22-59-26-runworkload-IW2ZYTITYWT6GYB9.log
This status will update every 10s.
--------------------------------------------------------------------------------
Instances
--------------------------------------------------------------------------------
Hostname/IP: 192.168.0.169 | Terminated: [33mFalse[0m
--------------------------------------------------------------------------------
Simulated Switches
--------------------------------------------------------------------------------
--------------------------------------------------------------------------------
Simulated Pipes
--------------------------------------------------------------------------------
--------------------------------------------------------------------------------
Simulated Nodes/Jobs
--------------------------------------------------------------------------------
Hostname/IP: 192.168.0.169 | Job: fq-job-7950 | Sim running: [33mTrue [0m
--------------------------------------------------------------------------------
Summary
--------------------------------------------------------------------------------
1/1 instances are still running.
1/1 simulations are still running.
--------------------------------------------------------------------------------
[2J
FireSim Simulation Status @ 2026-09-03 23:10:24.870732
--------------------------------------------------------------------------------
This workload's output is located in:
/home/ubuntu/chipyard-rose/sims/firesim/deploy/results-workload/2026-09-03--22-59-26-fq-job-795-fq795x24c8edf7/
This run's log is located in:
/home/ubuntu/chipyard-rose/sims/firesim/deploy/logs/2026-09-03--22-59-26-runworkload-IW2ZYTITYWT6GYB9.log
This status will update every 10s.
--------------------------------------------------------------------------------
Instances
--------------------------------------------------------------------------------
Hostname/IP: 192.168.0.169 | Terminated: [33mFalse[0m
--------------------------------------------------------------------------------
Simulated Switches
--------------------------------------------------------------------------------
--------------------------------------------------------------------------------
Simulated Pipes
--------------------------------------------------------------------------------
--------------------------------------------------------------------------------
Simulated Nodes/Jobs
--------------------------------------------------------------------------------
Hostname/IP: 192.168.0.169 | Job: fq-job-7950 | Sim running: [33mTrue [0m
--------------------------------------------------------------------------------
Summary
--------------------------------------------------------------------------------
1/1 instances are still running.
1/1 simulations are still running.
--------------------------------------------------------------------------------
[2J
FireSim Simulation Status @ 2026-09-03 23:10:35.188976
--------------------------------------------------------------------------------
This workload's output is located in:
/home/ubuntu/chipyard-rose/sims/firesim/deploy/results-workload/2026-09-03--22-59-26-fq-job-795-fq795x24c8edf7/
This run's log is located in:
/home/ubuntu/chipyard-rose/sims/firesim/deploy/logs/2026-09-03--22-59-26-runworkload-IW2ZYTITYWT6GYB9.log
This status will update every 10s.
--------------------------------------------------------------------------------
Instances
--------------------------------------------------------------------------------
Hostname/IP: 192.168.0.169 | Terminated: [33mFalse[0m
--------------------------------------------------------------------------------
Simulated Switches
--------------------------------------------------------------------------------
--------------------------------------------------------------------------------
Simulated Pipes
--------------------------------------------------------------------------------
--------------------------------------------------------------------------------
Simulated Nodes/Jobs
--------------------------------------------------------------------------------
Hostname/IP: 192.168.0.169 | Job: fq-job-7950 | Sim running: [33mTrue [0m
--------------------------------------------------------------------------------
Summary
--------------------------------------------------------------------------------
1/1 instances are still running.
1/1 simulations are still running.
--------------------------------------------------------------------------------
[2J
FireSim Simulation Status @ 2026-09-03 23:10:45.739311
--------------------------------------------------------------------------------
This workload's output is located in:
/home/ubuntu/chipyard-rose/sims/firesim/deploy/results-workload/2026-09-03--22-59-26-fq-job-795-fq795x24c8edf7/
This run's log is located in:
/home/ubuntu/chipyard-rose/sims/firesim/deploy/logs/2026-09-03--22-59-26-runworkload-IW2ZYTITYWT6GYB9.log
This status will update every 10s.
--------------------------------------------------------------------------------
Instances
--------------------------------------------------------------------------------
Hostname/IP: 192.168.0.169 | Terminated: [33mFalse[0m
--------------------------------------------------------------------------------
Simulated Switches
--------------------------------------------------------------------------------
--------------------------------------------------------------------------------
Simulated Pipes
--------------------------------------------------------------------------------
--------------------------------------------------------------------------------
Simulated Nodes/Jobs
--------------------------------------------------------------------------------
Hostname/IP: 192.168.0.169 | Job: fq-job-7950 | Sim running: [33mTrue [0m
--------------------------------------------------------------------------------
Summary
--------------------------------------------------------------------------------
1/1 instances are still running.
1/1 simulations are still running.
--------------------------------------------------------------------------------
[2J
FireSim Simulation Status @ 2026-09-03 23:10:56.050783
--------------------------------------------------------------------------------
This workload's output is located in:
/home/ubuntu/chipyard-rose/sims/firesim/deploy/results-workload/2026-09-03--22-59-26-fq-job-795-fq795x24c8edf7/
This run's log is located in:
/home/ubuntu/chipyard-rose/sims/firesim/deploy/logs/2026-09-03--22-59-26-runworkload-IW2ZYTITYWT6GYB9.log
This status will update every 10s.
--------------------------------------------------------------------------------
Instances
--------------------------------------------------------------------------------
Hostname/IP: 192.168.0.169 | Terminated: [33mFalse[0m
--------------------------------------------------------------------------------
Simulated Switches
--------------------------------------------------------------------------------
--------------------------------------------------------------------------------
Simulated Pipes
--------------------------------------------------------------------------------
--------------------------------------------------------------------------------
Simulated Nodes/Jobs
--------------------------------------------------------------------------------
Hostname/IP: 192.168.0.169 | Job: fq-job-7950 | Sim running: [33mTrue [0m
--------------------------------------------------------------------------------
Summary
--------------------------------------------------------------------------------
1/1 instances are still running.
1/1 simulations are still running.
--------------------------------------------------------------------------------
[2J
FireSim Simulation Status @ 2026-09-03 23:11:06.361906
--------------------------------------------------------------------------------
This workload's output is located in:
/home/ubuntu/chipyard-rose/sims/firesim/deploy/results-workload/2026-09-03--22-59-26-fq-job-795-fq795x24c8edf7/
This run's log is located in:
/home/ubuntu/chipyard-rose/sims/firesim/deploy/logs/2026-09-03--22-59-26-runworkload-IW2ZYTITYWT6GYB9.log
This status will update every 10s.
--------------------------------------------------------------------------------
Instances
--------------------------------------------------------------------------------
Hostname/IP: 192.168.0.169 | Terminated: [33mFalse[0m
--------------------------------------------------------------------------------
Simulated Switches
--------------------------------------------------------------------------------
--------------------------------------------------------------------------------
Simulated Pipes
--------------------------------------------------------------------------------
--------------------------------------------------------------------------------
Simulated Nodes/Jobs
--------------------------------------------------------------------------------
Hostname/IP: 192.168.0.169 | Job: fq-job-7950 | Sim running: [33mTrue [0m
--------------------------------------------------------------------------------
Summary
--------------------------------------------------------------------------------
1/1 instances are still running.
1/1 simulations are still running.
--------------------------------------------------------------------------------
[2J
FireSim Simulation Status @ 2026-09-03 23:11:16.681441
--------------------------------------------------------------------------------
This workload's output is located in:
/home/ubuntu/chipyard-rose/sims/firesim/deploy/results-workload/2026-09-03--22-59-26-fq-job-795-fq795x24c8edf7/
This run's log is located in:
/home/ubuntu/chipyard-rose/sims/firesim/deploy/logs/2026-09-03--22-59-26-runworkload-IW2ZYTITYWT6GYB9.log
This status will update every 10s.
--------------------------------------------------------------------------------
Instances
--------------------------------------------------------------------------------
Hostname/IP: 192.168.0.169 | Terminated: [33mFalse[0m
--------------------------------------------------------------------------------
Simulated Switches
--------------------------------------------------------------------------------
--------------------------------------------------------------------------------
Simulated Pipes
--------------------------------------------------------------------------------
--------------------------------------------------------------------------------
Simulated Nodes/Jobs
--------------------------------------------------------------------------------
Hostname/IP: 192.168.0.169 | Job: fq-job-7950 | Sim running: [33mTrue [0m
--------------------------------------------------------------------------------
Summary
--------------------------------------------------------------------------------
1/1 instances are still running.
1/1 simulations are still running.
--------------------------------------------------------------------------------
[192.168.0.169] Slot 0, Job fq-job-7950 completed!
[2J
FireSim Simulation Status @ 2026-09-03 23:11:27.312245
--------------------------------------------------------------------------------
This workload's output is located in:
/home/ubuntu/chipyard-rose/sims/firesim/deploy/results-workload/2026-09-03--22-59-26-fq-job-795-fq795x24c8edf7/
This run's log is located in:
/home/ubuntu/chipyard-rose/sims/firesim/deploy/logs/2026-09-03--22-59-26-runworkload-IW2ZYTITYWT6GYB9.log
This status will update every 10s.
--------------------------------------------------------------------------------
Instances
--------------------------------------------------------------------------------
Hostname/IP: 192.168.0.169 | Terminated: [33mFalse[0m
--------------------------------------------------------------------------------
Simulated Switches
--------------------------------------------------------------------------------
--------------------------------------------------------------------------------
Simulated Pipes
--------------------------------------------------------------------------------
--------------------------------------------------------------------------------
Simulated Nodes/Jobs
--------------------------------------------------------------------------------
Hostname/IP: 192.168.0.169 | Job: fq-job-7950 | Sim running: [32mFalse[0m
--------------------------------------------------------------------------------
Summary
--------------------------------------------------------------------------------
1/1 instances are still running.
0/1 simulations are still running.
--------------------------------------------------------------------------------
FireSim Simulation Exited Successfully. See results in:
/home/ubuntu/chipyard-rose/sims/firesim/deploy/results-workload/2026-09-03--22-59-26-fq-job-795-fq795x24c8edf7/
The full log of this run is:
/home/ubuntu/chipyard-rose/sims/firesim/deploy/logs/2026-09-03--22-59-26-runworkload-IW2ZYTITYWT6GYB9.log
[23:11:28] === phase KILL ===
[23:11:28] $ bash -c set -o pipefail; export PATH=/home/ubuntu/miniconda3/bin:/home/ubuntu/miniconda3/condabin:$PATH; unset CONDA_PREFIX CONDA_DEFAULT_ENV CONDA_PROMPT_MODIFIER CONDA_PYTHON_EXE CONDA_SHLVL CONDA_EXE _CE_M _CE_CONDA; source /home/ubuntu/chipyard-rose/env.sh; cd /home/ubuntu/chipyard-rose/sims/firesim; source /home/ubuntu/chipyard-rose/sims/firesim/sourceme-manager.sh --skip-ssh-setup; cd /home/ubuntu/chipyard-rose/sims/firesim/deploy; firesim -c /var/lib/fq/jobs/795/config_runtime.yaml -a /var/lib/fq/jobs/795/config_hwdb.yaml kill
./env.sh: line 4: /scratch/dima/rose-infra/RoSE/soc/sim/chipyard/sims/firesim/../../env.sh: No such file or directory
FireSim Manager. Docs: https://docs.fires.im
Running: kill

Please rename your 'deploy_triplet_override' key in your hwdb entry to 'deploy_quintuplet_override'. Support for 'deploy_triplet_override' will be removed in the future.
firesim_rocket_30MHz_singlecore_no_nic is overriding a deploy quintuplet in your config_hwdb.yaml file. Make sure you understand why!
Please rename your 'deploy_triplet_override' key in your hwdb entry to 'deploy_quintuplet_override'. Support for 'deploy_triplet_override' will be removed in the future.
firesim-rocket-singlecore-fp32gemmini-with-airsim-fast-no-nic-l2-llc4mb-ddr3 is overriding a deploy quintuplet in your config_hwdb.yaml file. Make sure you understand why!
Please rename your 'deploy_triplet_override' key in your hwdb entry to 'deploy_quintuplet_override'. Support for 'deploy_triplet_override' will be removed in the future.
firesim-dual-large-boom-fp32gemmini-singlecore-with-airsim-no-nic-l2-llc4mb-ddr3 is overriding a deploy quintuplet in your config_hwdb.yaml file. Make sure you understand why!
get_local_driver_dir f2-firesim-FireSim-DDR3FRFCFSLLC4MB_WithDefaultFireSimBridges_WithFireSimConfigTweaks_chipyard.RocketConfig-F30MHz_BaseVitisConfig
get_local_driver_dir f2-firesim-FireSim-DDR3FRFCFSLLC4MB_WithDefaultFireSimBridges_WithFireSimConfigTweaks_chipyard.AirSimIOTLFPGemminiLargeBoomConfig-F30MHz_BaseVitisConfig
get_local_driver_dir f2-firesim-FireSim-DDR3FRFCFSLLC4MB_WithDefaultFireSimBridges_WithFireSimConfigTweaks_chipyard.AirSimIOTLFPGemminiLargeDualBoomConfig-F30MHz_BaseVitisConfig
get_local_driver_dir f2-firesim-FireSim-DDR3FRFCFSLLC4MB_WithDefaultFireSimBridges_WithFireSimConfigTweaks_chipyard.AirSimIOTLFPGemminiRocketConfig-F30MHz_BaseVitisConfig
get_local_driver_dir f2-firesim-FireSim-DDR3FRFCFSLLC4MB_WithDefaultFireSimBridges_WithFireSimConfigTweaks_chipyard.AirSimIOTLFPGemminiRocketConfig-F45MHz_BaseVitisConfig
get_local_driver_dir f1-firesim-FireSim-RoseTLRocketMMIOOnlyConfig-BaseF1Config
get_local_driver_dir f1-firesim-FireSim-RoseTLRocketStereoAccRoccMMIOOnlyConfig-BaseF1Config
get_local_driver_dir f1-firesim-FireSim-RoseTLRocketStereoAccMMIOOnlyConfig-BaseF1Config
get_local_driver_dir f1-firesim-FireSim-RoseTLRocketDualDMAMMIOOnlyConfig-BaseF1Config
get_local_driver_dir f1-firesim-FireSim-RoseTLBOOMDualDMAMMIOOnlyConfig-BaseF1Config
get_local_driver_dir xilinx_alveo_u250-firesim-FireSim-RoseTLBOOMDualDMAMMIOOnlyConfig-BaseXilinxAlveoU250Config
get_local_driver_dir xilinx_alveo_u250-firesim-FireSim-RoseTLRocketStereoAccMMIOOnlyConfig-BaseXilinxAlveoU250Config
get_local_driver_dir f1-firesim-FireSim-RoseTLRocketEdgeDetAccMMIOOnlyConfig-BaseF1Config
get_local_driver_dir f1-firesim-FireSim-RoseTLRocketStereoAccNICConfig-BaseF1Config
get_local_driver_dir f1-firesim-FireSim-RocketNICConfig-BaseF1Config
get_local_driver_dir xilinx_alveo_u250-firesim-FireSim-RoseTLRocketMMIOOnlyConfig-BaseXilinxAlveoU250Config
get_local_driver_dir xilinx_alveo_u250-firesim-FireSim-RoseTLRocketSaturnMMIOOnlyConfig-BaseXilinxAlveoU250Config
get_local_driver_dir xilinx_alveo_u250-firesim-FireSim-RoseTLRocketSaturnMMIOOnlyConfig-BaseXilinxAlveoU250Config
get_local_driver_dir xilinx_alveo_u250-firesim-FireSim-RoseTLDualRocketSaturnGemminiMMIOOnlyConfig-BaseXilinxAlveoU250Config
get_local_driver_dir xilinx_alveo_u250-firesim-FireSim-RoseTLDualRocketSaturnGemminiQ31MMIOOnlyConfig-BaseXilinxAlveoU250Config
get_local_driver_dir xilinx_alveo_u250-firesim-FireSim-RoseTLDualRocketSaturnGemminiQ31WsMMIOOnlyConfig-BaseXilinxAlveoU250Config
get_local_driver_dir xilinx_alveo_u250-firesim-FireSim-RoseTLRocketSaturnTacitMMIOOnlyConfig-BaseXilinxAlveoU250Config
get_local_driver_dir xilinx_alveo_u250-firesim-FireSim-RoseTLRocketSaturnDMAMMIOOnlyConfig-BaseXilinxAlveoU250Config
get_local_driver_dir xilinx_alveo_u250-firesim-FireSim-RoseTLRocketSaturnDMAMMIOOnlyConfig-BaseXilinxAlveoU250Config
get_local_driver_dir xilinx_alveo_u250-firesim-FireSim-RoseTLBOOMMMIOOnlyConfig-BaseXilinxAlveoU250Config
get_local_driver_dir xilinx_alveo_u250-firesim-FireSim-RoseTLBOOMGemminiMMIOOnlyConfig-BaseXilinxAlveoU250Config
get_local_driver_dir xilinx_alveo_u250-firesim-FireSim-FireSimRocketConfig-BaseXilinxAlveoU250Config
get_local_driver_dir f2-firesim-FireSim-RoseTLDualSmallTacitMMIOOnlyConfig-BaseF2Config
get_local_driver_dir f2-firesim-FireSim-SatGemDualSmallTacitMMIOOnlyConfig-BaseF2Config
get_local_driver_dir f2-firesim-FireSim-RoseTLDualLargeTacitMMIOOnlyConfig-BaseF2Config
get_local_driver_dir f2-firesim-FireSim-SatGemDualLargeTacitMMIOOnlyConfig-BaseF2Config
get_local_driver_dir f2-firesim-FireSim-RoseTLQuadSmallTacitMMIOOnlyConfig-BaseF2Config
get_local_driver_dir f2-firesim-FireSim-SatGemQuadSmallTacitMMIOOnlyConfig-BaseF2Config
get_local_driver_dir f2-firesim-FireSim-RoseTLQuadLargeTacitMMIOOnlyConfig-BaseF2Config
get_local_driver_dir f2-firesim-FireSim-SatGemQuadLargeTacitMMIOOnlyConfig-BaseF2Config
get_local_driver_dir f2-firesim-FireSim-RoseTLDualSmallTacitMMIOOnlyConfig-BaseF2Config
get_local_driver_dir f2-firesim-FireSim-SatGemDualSmallTacitMMIOOnlyConfig-BaseF2Config
get_local_driver_dir f2-firesim-FireSim-RoseTLDualLargeTacitMMIOOnlyConfig-BaseF2Config
get_local_driver_dir f2-firesim-FireSim-SatGemDualLargeTacitMMIOOnlyConfig-BaseF2Config
get_local_driver_dir f2-firesim-FireSim-RoseTLQuadSmallTacitMMIOOnlyConfig-BaseF2Config
get_local_driver_dir f2-firesim-FireSim-SatGemQuadSmallTacitMMIOOnlyConfig-BaseF2Config
get_local_driver_dir f2-firesim-FireSim-RoseTLQuadLargeTacitMMIOOnlyConfig-BaseF2Config
get_local_driver_dir f2-firesim-FireSim-SatGemQuadLargeTacitMMIOOnlyConfig-BaseF2Config
get_local_driver_dir f2-firesim-FireSim-SatGemQuadHeteroTacitMMIOOnlyConfig-BaseF2Config
get_local_driver_dir f2-firesim-FireSim-RoseTLQuadHeteroTacitMMIOOnlyConfig-BaseF2Config
get_local_driver_dir f2-firesim-FireSim-SatGemQuadHeteroTacitMMIOOnlyConfig-BaseF2PCIMConfig
get_local_driver_dir f2-firesim-FireSim-SatGemDualSmallTacitMMIOOnlyConfig-BaseF2PCIMConfig
run_farm_hosts_dict defaultdict(<class 'list'>, {'192.168.0.169': [(<runtools.run_farm.Inst object at 0x731ca0200160>, None)]})
set_server_hardware_config 0 None
[192.168.0.169] Killing FPGA simulation for slot: 0.
Warning: run() received nonzero return code 1 while executing 'sudo pkill -SIGKILL FireSim-f2'!
Confirming exit...
screenoutput There are screens on:
	1042019.virtual_jtag	(09/03/26 22:59:22)	(Detached)
	1041857.hw_server	(09/03/26 22:59:21)	(Detached)
2 Sockets in /run/screen/S-ubuntu.
The full log of this run is:
/home/ubuntu/chipyard-rose/sims/firesim/deploy/logs/2026-09-03--23-11-31-kill-8JMJI015EJEZO2X8.log
[23:11:38] === phase COLLECT -> /home/ubuntu/urosres_cfgB ===
[23:11:38] $ bash -c mkdir -p /home/ubuntu/urosres_cfgB; shopt -s nullglob; for r in /home/ubuntu/chipyard-rose/sims/firesim/deploy/results-workload/*-fq-job-795-fq795x24c8edf7; do cp -a "$r" /home/ubuntu/urosres_cfgB/ || true; done
