  octo checkpoint: /scratch/dima/rose-infra/RoSE/experiments/octo_port/octo_small_torch.pt
  octo calibration: /scratch2/dima/misc_sw/octo_work/bridge_episodes.pkl
[1/5] extract_graph (quant=int8) -> /scratch/dima/rose-infra/RoSE/soc/sw/xpu-rt/zephyr-chipyard-sw/modelblaster/examples/octo_small/int8/generated
MODELBLASTER_STAGE_BEGIN:extract
  (skipped — IR present at /scratch/dima/rose-infra/RoSE/soc/sw/xpu-rt/zephyr-chipyard-sw/modelblaster/examples/octo_small/int8/generated; set FORCE_EXTRACT=1 to re-run)
MODELBLASTER_STAGE_END:extract:0.002
[2/5] generate_skeleton (backend=scalar) -> /scratch/dima/rose-infra/RoSE/soc/sw/xpu-rt/zephyr-chipyard-sw/modelblaster/examples/octo_small/int8/generated/scalar
MODELBLASTER_STAGE_BEGIN:generate_skeleton
wrote /scratch/dima/rose-infra/RoSE/soc/sw/xpu-rt/zephyr-chipyard-sw/modelblaster/examples/octo_small/int8/generated/scalar/weights.h
wrote /scratch/dima/rose-infra/RoSE/soc/sw/xpu-rt/zephyr-chipyard-sw/modelblaster/examples/octo_small/int8/generated/scalar/weights.c
wrote /scratch/dima/rose-infra/RoSE/soc/sw/xpu-rt/zephyr-chipyard-sw/modelblaster/examples/octo_small/int8/generated/scalar/model.h
wrote /scratch/dima/rose-infra/RoSE/soc/sw/xpu-rt/zephyr-chipyard-sw/modelblaster/examples/octo_small/int8/generated/scalar/model.c
wrote /scratch/dima/rose-infra/RoSE/soc/sw/xpu-rt/zephyr-chipyard-sw/modelblaster/examples/octo_small/int8/generated/scalar/buffers.c
wrote /scratch/dima/rose-infra/RoSE/soc/sw/xpu-rt/zephyr-chipyard-sw/modelblaster/examples/octo_small/int8/generated/scalar/test_io.h
MODELBLASTER_STAGE_END:generate_skeleton:5.521
[3/5] generate_kernels (backend=reference target=scalar quant=int8 optimize=0) -> /scratch/dima/rose-infra/RoSE/soc/sw/xpu-rt/zephyr-chipyard-sw/modelblaster/examples/octo_small/int8/generated/scalar
MODELBLASTER_STAGE_BEGIN:generate_kernels
backend=reference  target=scalar  ops=['add_c1_s8', 'add_s8', 'add_tile_s8', 'cat2_c1_s8', 'cat4_c1_s8', 'conv2d_s8_pc', 'gelu_s8', 'layer_norm_s8', 'linear_s8_pc', 'matmul_b_s8', 'mul_c1_s8', 'mul_s8', 'permute4_s8', 'relu_s8', 'sigmoid_s8', 'slice_c_s8', 'softmax_s8']
wrote /scratch/dima/rose-infra/RoSE/soc/sw/xpu-rt/zephyr-chipyard-sw/modelblaster/examples/octo_small/int8/generated/scalar/kernels.h
wrote /scratch/dima/rose-infra/RoSE/soc/sw/xpu-rt/zephyr-chipyard-sw/modelblaster/examples/octo_small/int8/generated/scalar/kernels.c  (source=reference target=scalar)
wrote /scratch/dima/rose-infra/RoSE/soc/sw/xpu-rt/zephyr-chipyard-sw/modelblaster/examples/octo_small/int8/generated/scalar/kernel_picks.json
MODELBLASTER_STAGE_END:generate_kernels:0.188
[4/5] west build (board=spike_riscv64) -> /scratch/dima/rose-infra/RoSE/soc/sw/xpu-rt/zephyr-chipyard-sw/modelblaster/examples/octo_small/int8/build/scalar
MODELBLASTER_STAGE_BEGIN:build
-- west build: making build dir /scratch/dima/rose-infra/RoSE/soc/sw/xpu-rt/zephyr-chipyard-sw/modelblaster/examples/octo_small/int8/build/scalar pristine
-- west build: generating a build system
Loading Zephyr default modules (Zephyr base).
-- Application: /scratch/dima/rose-infra/RoSE/soc/sw/xpu-rt/zephyr-chipyard-sw/modelblaster/harness
-- CMake version: 3.28.3
-- Found Python3: /scratch/dima/rose-infra/RoSE/soc/sw/xpu-rt/zephyr-chipyard-sw/tools/miniforge3/envs/zephyr/bin/python3.12 (found suitable version "3.12.13", minimum required is "3.10") found components: Interpreter 
-- Cache files will be written to: /home/dima/.cache/zephyr
-- Zephyr version: 4.2.99 (/scratch/dima/rose-infra/RoSE/soc/sw/xpu-rt/zephyr-chipyard-sw/zephyr_ws/zephyr)
-- Found west (found suitable version "1.5.0", minimum required is "0.14.0")
-- Board: spike_riscv64, qualifiers: rocketchip_virt_riscv64
-- Found host-tools: zephyr 1.0.0 (/scratch/dima/rose-infra/RoSE/soc/sw/xpu-rt/zephyr-chipyard-sw/tools-manual/zephyr-sdk-1.0.0-beta1)
-- Found toolchain: zephyr 1.0.0 (/scratch/dima/rose-infra/RoSE/soc/sw/xpu-rt/zephyr-chipyard-sw/tools-manual/zephyr-sdk-1.0.0-beta1)
-- Found Dtc: /scratch/dima/rose-infra/RoSE/soc/sw/xpu-rt/zephyr-chipyard-sw/tools-manual/zephyr-sdk-1.0.0-beta1/hosttools/sysroots/x86_64-pokysdk-linux/usr/bin/dtc (found suitable version "1.7.0", minimum required is "1.4.6") 
-- Found BOARD.dts: /scratch/dima/rose-infra/RoSE/soc/sw/xpu-rt/zephyr-chipyard-sw/zephyr_ws/zephyr/boards/spike/riscv64/spike_riscv64.dts
node '/uart' compatible 'ucb,htif' has unknown vendor prefix 'ucb'
-- Generated zephyr.dts: /scratch/dima/rose-infra/RoSE/soc/sw/xpu-rt/zephyr-chipyard-sw/modelblaster/examples/octo_small/int8/build/scalar/zephyr/zephyr.dts
-- Generated pickled edt: /scratch/dima/rose-infra/RoSE/soc/sw/xpu-rt/zephyr-chipyard-sw/modelblaster/examples/octo_small/int8/build/scalar/zephyr/edt.pickle
-- Generated devicetree_generated.h: /scratch/dima/rose-infra/RoSE/soc/sw/xpu-rt/zephyr-chipyard-sw/modelblaster/examples/octo_small/int8/build/scalar/zephyr/include/generated/zephyr/devicetree_generated.h

warning: PRIVILEGED_STACK_SIZE (defined at soc/cdns/sample_controller32/Kconfig.defconfig:8,
soc/andestech/ae350/Kconfig.defconfig.ae350:15, arch/x86/Kconfig:495, arch/xtensa/Kconfig:250,
arch/arm64/core/Kconfig:132, arch/Kconfig:340) was assigned the value '2048' but got the value ''.
Check these unsatisfied dependencies: (SOC_XTENSA_SAMPLE_CONTROLLER32 || ((SOC_ANDES_AE350 ||
SOC_ANDES_AE350_CLIC) && SOC_SERIES_ANDES_AE350 && SOC_FAMILY_ANDES_V5) || X86 || (XTENSA_MMU &&
CPU_HAS_MMU && XTENSA) || ARM64 || USERSPACE) (=n). See
http://docs.zephyrproject.org/latest/kconfig.html#CONFIG_PRIVILEGED_STACK_SIZE and/or look up
PRIVILEGED_STACK_SIZE in the menuconfig/guiconfig interface. The Application Development Primer,
Setting Configuration Values, and Kconfig - Tips and Best Practices sections of the manual might be
helpful too.

Parsing /scratch/dima/rose-infra/RoSE/soc/sw/xpu-rt/zephyr-chipyard-sw/modelblaster/harness/Kconfig
Loaded configuration '/scratch/dima/rose-infra/RoSE/soc/sw/xpu-rt/zephyr-chipyard-sw/zephyr_ws/zephyr/boards/spike/riscv64/spike_riscv64_defconfig'
Merged configuration '/scratch/dima/rose-infra/RoSE/soc/sw/xpu-rt/zephyr-chipyard-sw/modelblaster/harness/prj.conf'
Merged configuration '/scratch/dima/rose-infra/RoSE/soc/sw/xpu-rt/zephyr-chipyard-sw/modelblaster/harness/backends/scalar.conf'
Merged configuration '/scratch/dima/rose-infra/RoSE/soc/sw/xpu-rt/zephyr-chipyard-sw/modelblaster/harness/backends/spike_single_core.conf'
Configuration saved to '/scratch/dima/rose-infra/RoSE/soc/sw/xpu-rt/zephyr-chipyard-sw/modelblaster/examples/octo_small/int8/build/scalar/zephyr/.config'
Kconfig header saved to '/scratch/dima/rose-infra/RoSE/soc/sw/xpu-rt/zephyr-chipyard-sw/modelblaster/examples/octo_small/int8/build/scalar/zephyr/include/generated/zephyr/autoconf.h'
-- Found GnuLd: /scratch/dima/rose-infra/RoSE/soc/sw/xpu-rt/zephyr-chipyard-sw/tools-manual/zephyr-sdk-1.0.0-beta1/gnu/riscv64-zephyr-elf/riscv64-zephyr-elf/bin/ld.bfd (found version "2.43.1") 
-- The C compiler identification is GNU 14.3.0
-- The CXX compiler identification is GNU 14.3.0
-- The ASM compiler identification is GNU
-- Found assembler: /scratch/dima/rose-infra/RoSE/soc/sw/xpu-rt/zephyr-chipyard-sw/tools-manual/zephyr-sdk-1.0.0-beta1/gnu/riscv64-zephyr-elf/bin/riscv64-zephyr-elf-gcc
-- Using ccache: /usr/bin/ccache
-- Found gen_kobject_list: /scratch/dima/rose-infra/RoSE/soc/sw/xpu-rt/zephyr-chipyard-sw/zephyr_ws/zephyr/scripts/build/gen_kobject_list.py
-- modelblaster harness MODEL_DIR=/scratch/dima/rose-infra/RoSE/soc/sw/xpu-rt/zephyr-chipyard-sw/modelblaster/examples/octo_small/int8/generated/scalar  backend=scalar
-- Configuring done (4.0s)
-- Generating done (0.0s)
-- Build files have been written to: /scratch/dima/rose-infra/RoSE/soc/sw/xpu-rt/zephyr-chipyard-sw/modelblaster/examples/octo_small/int8/build/scalar
-- west build: building application
[1/127] Preparing syscall dependency handling

[2/127] Generating misc/generated/syscalls_subdirs.trigger
[3/127] Generating misc/generated/syscalls.json, misc/generated/struct_tags.json
[4/127] Generating include/generated/device-api-sections.ld, include/generated/device-api-sections.cmake
[5/127] Generating include/generated/zephyr/syscall_dispatch.c, include/generated/zephyr/syscall_exports_llext.c, syscall_weakdefs_llext.c, include/generated/zephyr/syscall_list.h
[6/127] Generating include/generated/zephyr/kobj-types-enum.h, include/generated/zephyr/otype-to-str.h, include/generated/zephyr/otype-to-size.h
[7/127] Generating include/generated/zephyr/driver-validation.h
[8/127] Building C object zephyr/CMakeFiles/offsets.dir/arch/riscv/core/offsets/offsets.c.obj
[9/127] Generating include/generated/zephyr/offsets.h
[10/127] Generating include/generated/zephyr/version.h
-- Zephyr version: 4.2.99 (/scratch/dima/rose-infra/RoSE/soc/sw/xpu-rt/zephyr-chipyard-sw/zephyr_ws/zephyr), build: ceb2b9c3fcc2
[11/127] Building ASM object CMakeFiles/app.dir/scratch/dima/rose-infra/RoSE/soc/sw/xpu-rt/zephyr-chipyard-sw/modelblaster/examples/octo_small/int8/generated/scalar/test_io.S.obj
[12/127] Building ASM object zephyr/CMakeFiles/zephyr.dir/soc/common/riscv-privileged/vector.S.obj
[13/127] Building C object zephyr/CMakeFiles/zephyr.dir/lib/utils/last_section_id.c.obj
[14/127] Building C object CMakeFiles/app.dir/scratch/dima/rose-infra/RoSE/soc/sw/xpu-rt/zephyr-chipyard-sw/modelblaster/examples/octo_small/int8/generated/scalar/buffers.c.obj
[15/127] Building ASM object zephyr/arch/arch/riscv/core/CMakeFiles/arch__riscv__core.dir/fpu.S.obj
[16/127] Building ASM object zephyr/CMakeFiles/zephyr.dir/soc/common/riscv-privileged/soc_irq.S.obj
[17/127] Building C object zephyr/CMakeFiles/zephyr.dir/misc/generated/configs.c.obj
[18/127] Building ASM object zephyr/arch/arch/riscv/core/CMakeFiles/arch__riscv__core.dir/reset.S.obj
[19/127] Generating linker_zephyr_pre0.cmd
[20/127] Building ASM object zephyr/arch/arch/riscv/core/CMakeFiles/arch__riscv__core.dir/isr.S.obj
[21/127] Building C object zephyr/arch/arch/riscv/core/CMakeFiles/arch__riscv__core.dir/prep_c.c.obj
[22/127] Building C object zephyr/CMakeFiles/zephyr.dir/soc/rocketchip/virt_riscv/common/tacit/tacit.c.obj
In file included from /scratch/dima/rose-infra/RoSE/soc/sw/xpu-rt/zephyr-chipyard-sw/zephyr_ws/zephyr/soc/rocketchip/virt_riscv/common/tacit/tacit.c:6:
/scratch/dima/rose-infra/RoSE/soc/sw/xpu-rt/zephyr-chipyard-sw/zephyr_ws/zephyr/soc/rocketchip/virt_riscv/common/tacit/tacit.h: In function 'l_trace_encoder_get':
/scratch/dima/rose-infra/RoSE/soc/sw/xpu-rt/zephyr-chipyard-sw/zephyr_ws/zephyr/soc/rocketchip/virt_riscv/common/tacit/tacit.h:50:10: warning: cast to pointer from integer of different size [-Wint-to-pointer-cast]
   50 |   return (LTraceEncoderType *)(L_TRACE_ENCODER_BASE_ADDRESS + hart_id * 0x1000);
      |          ^
/scratch/dima/rose-infra/RoSE/soc/sw/xpu-rt/zephyr-chipyard-sw/zephyr_ws/zephyr/soc/rocketchip/virt_riscv/common/tacit/tacit.h: In function 'l_trace_sink_dma_get':
/scratch/dima/rose-infra/RoSE/soc/sw/xpu-rt/zephyr-chipyard-sw/zephyr_ws/zephyr/soc/rocketchip/virt_riscv/common/tacit/tacit.h:54:10: warning: cast to pointer from integer of different size [-Wint-to-pointer-cast]
   54 |   return (LTraceSinkDmaType *)(L_TRACE_SINK_DMA_BASE_ADDRESS + hart_id * 0x1000);
      |          ^
[23/127] Building C object zephyr/arch/common/CMakeFiles/arch__common.dir/init.c.obj
[24/127] Building C object zephyr/CMakeFiles/zephyr_pre0.dir/misc/empty_file.c.obj
[25/127] Building C object zephyr/CMakeFiles/zephyr.dir/lib/libc/validate_libc.c.obj
[26/127] Building C object zephyr/arch/common/CMakeFiles/arch__common.dir/sw_isr_common.c.obj
[27/127] Building C object zephyr/CMakeFiles/zephyr.dir/lib/utils/hex.c.obj
[28/127] Building C object zephyr/CMakeFiles/zephyr.dir/lib/utils/bitmask.c.obj
[29/127] Building ASM object zephyr/arch/arch/riscv/core/CMakeFiles/arch__riscv__core.dir/switch.S.obj
[30/127] Building C object zephyr/CMakeFiles/zephyr.dir/lib/os/assert.c.obj
[31/127] Building C object zephyr/CMakeFiles/zephyr.dir/lib/os/reboot.c.obj
[32/127] Building C object zephyr/CMakeFiles/zephyr.dir/soc/common/riscv-privileged/soc_common_irq.c.obj
[33/127] Building C object zephyr/arch/common/CMakeFiles/isr_tables.dir/isr_tables.c.obj
[34/127] Building C object zephyr/arch/common/CMakeFiles/arch__common.dir/multilevel_irq.c.obj
[35/127] Building C object zephyr/arch/arch/riscv/core/CMakeFiles/arch__riscv__core.dir/cpu_idle.c.obj
[36/127] Building C object zephyr/CMakeFiles/zephyr.dir/lib/os/sem.c.obj
[37/127] Building C object zephyr/arch/arch/riscv/core/CMakeFiles/arch__riscv__core.dir/reboot.c.obj
[38/127] Building C object zephyr/CMakeFiles/zephyr.dir/lib/os/thread_entry.c.obj
[39/127] Building C object zephyr/CMakeFiles/zephyr.dir/lib/utils/dec.c.obj
[40/127] Building C object zephyr/CMakeFiles/zephyr.dir/subsys/tracing/tracing_none.c.obj
[41/127] Building C object CMakeFiles/app.dir/src/main.c.obj
[42/127] Building C object zephyr/CMakeFiles/zephyr.dir/soc/rocketchip/virt_riscv/common/soc.c.obj
[43/127] Building C object zephyr/lib/libc/picolibc/CMakeFiles/lib__libc__picolibc.dir/assert.c.obj
[44/127] Building C object zephyr/CMakeFiles/zephyr.dir/lib/os/printk.c.obj
[45/127] Building C object zephyr/CMakeFiles/zephyr.dir/lib/utils/timeutil.c.obj
[46/127] Building C object zephyr/CMakeFiles/zephyr.dir/lib/utils/ring_buffer.c.obj
[47/127] Building C object zephyr/arch/arch/riscv/core/CMakeFiles/arch__riscv__core.dir/irq_manage.c.obj
[48/127] Building C object zephyr/arch/arch/riscv/core/CMakeFiles/arch__riscv__core.dir/thread.c.obj
[49/127] Building C object zephyr/arch/arch/riscv/core/CMakeFiles/arch__riscv__core.dir/tls.c.obj
[50/127] Linking C static library zephyr/arch/common/libisr_tables.a
[51/127] Building C object zephyr/arch/arch/riscv/core/CMakeFiles/arch__riscv__core.dir/fatal.c.obj
[52/127] Building C object zephyr/lib/libc/picolibc/CMakeFiles/lib__libc__picolibc.dir/cbprintf.c.obj
[53/127] Building C object zephyr/lib/libc/picolibc/CMakeFiles/lib__libc__picolibc.dir/errno_wrap.c.obj
[54/127] Building C object zephyr/lib/libc/common/CMakeFiles/lib__libc__common.dir/source/time/time.c.obj
[55/127] Building C object zephyr/arch/arch/riscv/core/CMakeFiles/arch__riscv__core.dir/fpu.c.obj
[56/127] Building C object zephyr/lib/libc/picolibc/CMakeFiles/lib__libc__picolibc.dir/chk_fail.c.obj
[57/127] Building C object zephyr/arch/arch/riscv/core/CMakeFiles/arch__riscv__core.dir/stacktrace.c.obj
[58/127] Building C object zephyr/lib/libc/picolibc/CMakeFiles/lib__libc__picolibc.dir/exit.c.obj
[59/127] Building C object zephyr/lib/libc/picolibc/CMakeFiles/lib__libc__picolibc.dir/locks.c.obj
[60/127] Building C object zephyr/kernel/CMakeFiles/kernel.dir/version.c.obj
[61/127] Building C object zephyr/CMakeFiles/zephyr.dir/lib/os/clock.c.obj
[62/127] Building C object zephyr/lib/libc/picolibc/CMakeFiles/lib__libc__picolibc.dir/stdio.c.obj
[63/127] Linking C static library zephyr/arch/common/libarch__common.a
[64/127] Building C object zephyr/lib/posix/c_lib_ext/CMakeFiles/lib__posix__c_lib_ext.dir/fnmatch.c.obj
[65/127] Building C object zephyr/lib/libc/common/CMakeFiles/lib__libc__common.dir/source/stdlib/abort.c.obj
[66/127] Building C object zephyr/drivers/timer/CMakeFiles/drivers__timer.dir/sys_clock_init.c.obj
[67/127] Building C object zephyr/lib/posix/c_lib_ext/CMakeFiles/lib__posix__c_lib_ext.dir/getentropy.c.obj
In file included from /scratch/dima/rose-infra/RoSE/soc/sw/xpu-rt/zephyr-chipyard-sw/zephyr_ws/zephyr/include/zephyr/posix/sys/sysconf.h:11,
                 from /scratch/dima/rose-infra/RoSE/soc/sw/xpu-rt/zephyr-chipyard-sw/zephyr_ws/zephyr/include/zephyr/posix/unistd.h:18,
                 from /scratch/dima/rose-infra/RoSE/soc/sw/xpu-rt/zephyr-chipyard-sw/zephyr_ws/zephyr/lib/posix/c_lib_ext/getentropy.c:11:
/scratch/dima/rose-infra/RoSE/soc/sw/xpu-rt/zephyr-chipyard-sw/zephyr_ws/zephyr/include/zephyr/posix/posix_limits.h:23:9: warning: "_POSIX_AIO_LISTIO_MAX" redefined
   23 | #define _POSIX_AIO_LISTIO_MAX               (2)
      |         ^~~~~~~~~~~~~~~~~~~~~
In file included from /scratch/dima/rose-infra/RoSE/soc/sw/xpu-rt/zephyr-chipyard-sw/tools-manual/zephyr-sdk-1.0.0-beta1/gnu/riscv64-zephyr-elf/riscv64-zephyr-elf/sys-include/limits.h:6,
                 from /scratch/dima/rose-infra/RoSE/soc/sw/xpu-rt/zephyr-chipyard-sw/tools-manual/zephyr-sdk-1.0.0-beta1/gnu/riscv64-zephyr-elf/lib/gcc/riscv64-zephyr-elf/14.3.0/include/limits.h:210,
                 from /scratch/dima/rose-infra/RoSE/soc/sw/xpu-rt/zephyr-chipyard-sw/tools-manual/zephyr-sdk-1.0.0-beta1/gnu/riscv64-zephyr-elf/lib/gcc/riscv64-zephyr-elf/14.3.0/include/syslimits.h:7,
                 from /scratch/dima/rose-infra/RoSE/soc/sw/xpu-rt/zephyr-chipyard-sw/tools-manual/zephyr-sdk-1.0.0-beta1/gnu/riscv64-zephyr-elf/lib/gcc/riscv64-zephyr-elf/14.3.0/include/limits.h:34,
                 from /scratch/dima/rose-infra/RoSE/soc/sw/xpu-rt/zephyr-chipyard-sw/zephyr_ws/zephyr/include/zephyr/kernel_includes.h:22,
                 from /scratch/dima/rose-infra/RoSE/soc/sw/xpu-rt/zephyr-chipyard-sw/zephyr_ws/zephyr/include/zephyr/kernel.h:17,
                 from /scratch/dima/rose-infra/RoSE/soc/sw/xpu-rt/zephyr-chipyard-sw/zephyr_ws/zephyr/lib/posix/c_lib_ext/getentropy.c:10:
/scratch/dima/rose-infra/RoSE/soc/sw/xpu-rt/zephyr-chipyard-sw/tools-manual/zephyr-sdk-1.0.0-beta1/gnu/riscv64-zephyr-elf/riscv64-zephyr-elf/sys-include/sys/syslimits.h:63:9: note: this is the location of the previous definition
   63 | #define _POSIX_AIO_LISTIO_MAX   2
      |         ^~~~~~~~~~~~~~~~~~~~~
/scratch/dima/rose-infra/RoSE/soc/sw/xpu-rt/zephyr-chipyard-sw/zephyr_ws/zephyr/include/zephyr/posix/posix_limits.h:24:9: warning: "_POSIX_AIO_MAX" redefined
   24 | #define _POSIX_AIO_MAX                      (1)
      |         ^~~~~~~~~~~~~~
/scratch/dima/rose-infra/RoSE/soc/sw/xpu-rt/zephyr-chipyard-sw/tools-manual/zephyr-sdk-1.0.0-beta1/gnu/riscv64-zephyr-elf/riscv64-zephyr-elf/sys-include/sys/syslimits.h:64:9: note: this is the location of the previous definition
   64 | #define _POSIX_AIO_MAX          1
      |         ^~~~~~~~~~~~~~
/scratch/dima/rose-infra/RoSE/soc/sw/xpu-rt/zephyr-chipyard-sw/zephyr_ws/zephyr/include/zephyr/posix/posix_limits.h:25:9: warning: "_POSIX_ARG_MAX" redefined
   25 | #define _POSIX_ARG_MAX                      (4096)
      |         ^~~~~~~~~~~~~~
/scratch/dima/rose-infra/RoSE/soc/sw/xpu-rt/zephyr-chipyard-sw/tools-manual/zephyr-sdk-1.0.0-beta1/gnu/riscv64-zephyr-elf/riscv64-zephyr-elf/sys-include/sys/syslimits.h:65:9: note: this is the location of the previous definition
   65 | #define _POSIX_ARG_MAX          4096
      |         ^~~~~~~~~~~~~~
/scratch/dima/rose-infra/RoSE/soc/sw/xpu-rt/zephyr-chipyard-sw/zephyr_ws/zephyr/include/zephyr/posix/posix_limits.h:26:9: warning: "_POSIX_CHILD_MAX" redefined
   26 | #define _POSIX_CHILD_MAX                    (25)
      |         ^~~~~~~~~~~~~~~~
/scratch/dima/rose-infra/RoSE/soc/sw/xpu-rt/zephyr-chipyard-sw/tools-manual/zephyr-sdk-1.0.0-beta1/gnu/riscv64-zephyr-elf/riscv64-zephyr-elf/sys-include/sys/syslimits.h:66:9: note: this is the location of the previous definition
   66 | #define _POSIX_CHILD_MAX        6
      |         ^~~~~~~~~~~~~~~~
/scratch/dima/rose-infra/RoSE/soc/sw/xpu-rt/zephyr-chipyard-sw/zephyr_ws/zephyr/include/zephyr/posix/posix_limits.h:27:9: warning: "_POSIX_DELAYTIMER_MAX" redefined
   27 | #define _POSIX_DELAYTIMER_MAX               (32)
      |         ^~~~~~~~~~~~~~~~~~~~~
/scratch/dima/rose-infra/RoSE/soc/sw/xpu-rt/zephyr-chipyard-sw/tools-manual/zephyr-sdk-1.0.0-beta1/gnu/riscv64-zephyr-elf/riscv64-zephyr-elf/sys-include/sys/syslimits.h:67:9: note: this is the location of the previous definition
   67 | #define _POSIX_DELAYTIMER_MAX   32
      |         ^~~~~~~~~~~~~~~~~~~~~
/scratch/dima/rose-infra/RoSE/soc/sw/xpu-rt/zephyr-chipyard-sw/zephyr_ws/zephyr/include/zephyr/posix/posix_limits.h:28:9: warning: "_POSIX_HOST_NAME_MAX" redefined
   28 | #define _POSIX_HOST_NAME_MAX                (255)
      |         ^~~~~~~~~~~~~~~~~~~~
/scratch/dima/rose-infra/RoSE/soc/sw/xpu-rt/zephyr-chipyard-sw/tools-manual/zephyr-sdk-1.0.0-beta1/gnu/riscv64-zephyr-elf/riscv64-zephyr-elf/sys-include/sys/syslimits.h:68:9: note: this is the location of the previous definition
   68 | #define _POSIX_HOST_NAME_MAX    255
      |         ^~~~~~~~~~~~~~~~~~~~
/scratch/dima/rose-infra/RoSE/soc/sw/xpu-rt/zephyr-chipyard-sw/zephyr_ws/zephyr/include/zephyr/posix/posix_limits.h:29:9: warning: "_POSIX_LINK_MAX" redefined
   29 | #define _POSIX_LINK_MAX                     (8)
      |         ^~~~~~~~~~~~~~~
/scratch/dima/rose-infra/RoSE/soc/sw/xpu-rt/zephyr-chipyard-sw/tools-manual/zephyr-sdk-1.0.0-beta1/gnu/riscv64-zephyr-elf/riscv64-zephyr-elf/sys-include/sys/syslimits.h:69:9: note: this is the location of the previous definition
   69 | #define _POSIX_LINK_MAX         8
      |         ^~~~~~~~~~~~~~~
/scratch/dima/rose-infra/RoSE/soc/sw/xpu-rt/zephyr-chipyard-sw/zephyr_ws/zephyr/include/zephyr/posix/posix_limits.h:30:9: warning: "_POSIX_LOGIN_NAME_MAX" redefined
   30 | #define _POSIX_LOGIN_NAME_MAX               (9)
      |         ^~~~~~~~~~~~~~~~~~~~~
/scratch/dima/rose-infra/RoSE/soc/sw/xpu-rt/zephyr-chipyard-sw/tools-manual/zephyr-sdk-1.0.0-beta1/gnu/riscv64-zephyr-elf/riscv64-zephyr-elf/sys-include/sys/syslimits.h:70:9: note: this is the location of the previous definition
   70 | #define _POSIX_LOGIN_NAME_MAX   9
      |         ^~~~~~~~~~~~~~~~~~~~~
/scratch/dima/rose-infra/RoSE/soc/sw/xpu-rt/zephyr-chipyard-sw/zephyr_ws/zephyr/include/zephyr/posix/posix_limits.h:31:9: warning: "_POSIX_MAX_CANON" redefined
   31 | #define _POSIX_MAX_CANON                    (255)
      |         ^~~~~~~~~~~~~~~~
/scratch/dima/rose-infra/RoSE/soc/sw/xpu-rt/zephyr-chipyard-sw/tools-manual/zephyr-sdk-1.0.0-beta1/gnu/riscv64-zephyr-elf/riscv64-zephyr-elf/sys-include/sys/syslimits.h:71:9: note: this is the location of the previous definition
   71 | #define _POSIX_MAX_CANON        255
      |         ^~~~~~~~~~~~~~~~
/scratch/dima/rose-infra/RoSE/soc/sw/xpu-rt/zephyr-chipyard-sw/zephyr_ws/zephyr/include/zephyr/posix/posix_limits.h:32:9: warning: "_POSIX_MAX_INPUT" redefined
   32 | #define _POSIX_MAX_INPUT                    (255)
      |         ^~~~~~~~~~~~~~~~
/scratch/dima/rose-infra/RoSE/soc/sw/xpu-rt/zephyr-chipyard-sw/tools-manual/zephyr-sdk-1.0.0-beta1/gnu/riscv64-zephyr-elf/riscv64-zephyr-elf/sys-include/sys/syslimits.h:72:9: note: this is the location of the previous definition
   72 | #define _POSIX_MAX_INPUT        255
      |         ^~~~~~~~~~~~~~~~
/scratch/dima/rose-infra/RoSE/soc/sw/xpu-rt/zephyr-chipyard-sw/zephyr_ws/zephyr/include/zephyr/posix/posix_limits.h:33:9: warning: "_POSIX_MQ_OPEN_MAX" redefined
   33 | #define _POSIX_MQ_OPEN_MAX                  (8)
      |         ^~~~~~~~~~~~~~~~~~
/scratch/dima/rose-infra/RoSE/soc/sw/xpu-rt/zephyr-chipyard-sw/tools-manual/zephyr-sdk-1.0.0-beta1/gnu/riscv64-zephyr-elf/riscv64-zephyr-elf/sys-include/sys/syslimits.h:73:9: note: this is the location of the previous definition
   73 | #define _POSIX_MQ_OPEN_MAX      8
      |         ^~~~~~~~~~~~~~~~~~
/scratch/dima/rose-infra/RoSE/soc/sw/xpu-rt/zephyr-chipyard-sw/zephyr_ws/zephyr/include/zephyr/posix/posix_limits.h:34:9: warning: "_POSIX_MQ_PRIO_MAX" redefined
   34 | #define _POSIX_MQ_PRIO_MAX                  (32)
      |         ^~~~~~~~~~~~~~~~~~
/scratch/dima/rose-infra/RoSE/soc/sw/xpu-rt/zephyr-chipyard-sw/tools-manual/zephyr-sdk-1.0.0-beta1/gnu/riscv64-zephyr-elf/riscv64-zephyr-elf/sys-include/sys/syslimits.h:74:9: note: this is the location of the previous definition
   74 | #define _POSIX_MQ_PRIO_MAX      32
      |         ^~~~~~~~~~~~~~~~~~
/scratch/dima/rose-infra/RoSE/soc/sw/xpu-rt/zephyr-chipyard-sw/zephyr_ws/zephyr/include/zephyr/posix/posix_limits.h:35:9: warning: "_POSIX_NAME_MAX" redefined
   35 | #define _POSIX_NAME_MAX                     (14)
      |         ^~~~~~~~~~~~~~~
/scratch/dima/rose-infra/RoSE/soc/sw/xpu-rt/zephyr-chipyard-sw/tools-manual/zephyr-sdk-1.0.0-beta1/gnu/riscv64-zephyr-elf/riscv64-zephyr-elf/sys-include/sys/syslimits.h:75:9: note: this is the location of the previous definition
   75 | #define _POSIX_NAME_MAX         14
      |         ^~~~~~~~~~~~~~~
/scratch/dima/rose-infra/RoSE/soc/sw/xpu-rt/zephyr-chipyard-sw/zephyr_ws/zephyr/include/zephyr/posix/posix_limits.h:36:9: warning: "_POSIX_NGROUPS_MAX" redefined
   36 | #define _POSIX_NGROUPS_MAX                  (8)
      |         ^~~~~~~~~~~~~~~~~~
/scratch/dima/rose-infra/RoSE/soc/sw/xpu-rt/zephyr-chipyard-sw/tools-manual/zephyr-sdk-1.0.0-beta1/gnu/riscv64-zephyr-elf/riscv64-zephyr-elf/sys-include/sys/syslimits.h:76:9: note: this is the location of the previous definition
   76 | #define _POSIX_NGROUPS_MAX      0
      |         ^~~~~~~~~~~~~~~~~~
/scratch/dima/rose-infra/RoSE/soc/sw/xpu-rt/zephyr-chipyard-sw/zephyr_ws/zephyr/include/zephyr/posix/posix_limits.h:37:9: warning: "_POSIX_OPEN_MAX" redefined
   37 | #define _POSIX_OPEN_MAX                     (20)
      |         ^~~~~~~~~~~~~~~
/scratch/dima/rose-infra/RoSE/soc/sw/xpu-rt/zephyr-chipyard-sw/tools-manual/zephyr-sdk-1.0.0-beta1/gnu/riscv64-zephyr-elf/riscv64-zephyr-elf/sys-include/sys/syslimits.h:77:9: note: this is the location of the previous definition
   77 | #define _POSIX_OPEN_MAX         16
      |         ^~~~~~~~~~~~~~~
/scratch/dima/rose-infra/RoSE/soc/sw/xpu-rt/zephyr-chipyard-sw/zephyr_ws/zephyr/include/zephyr/posix/posix_limits.h:38:9: warning: "_POSIX_PATH_MAX" redefined
   38 | #define _POSIX_PATH_MAX                     (256)
      |         ^~~~~~~~~~~~~~~
/scratch/dima/rose-infra/RoSE/soc/sw/xpu-rt/zephyr-chipyard-sw/tools-manual/zephyr-sdk-1.0.0-beta1/gnu/riscv64-zephyr-elf/riscv64-zephyr-elf/sys-include/sys/syslimits.h:78:9: note: this is the location of the previous definition
   78 | #define _POSIX_PATH_MAX         255
      |         ^~~~~~~~~~~~~~~
/scratch/dima/rose-infra/RoSE/soc/sw/xpu-rt/zephyr-chipyard-sw/zephyr_ws/zephyr/include/zephyr/posix/posix_limits.h:39:9: warning: "_POSIX_PIPE_BUF" redefined
   39 | #define _POSIX_PIPE_BUF                     (512)
      |         ^~~~~~~~~~~~~~~
/scratch/dima/rose-infra/RoSE/soc/sw/xpu-rt/zephyr-chipyard-sw/tools-manual/zephyr-sdk-1.0.0-beta1/gnu/riscv64-zephyr-elf/riscv64-zephyr-elf/sys-include/sys/syslimits.h:79:9: note: this is the location of the previous definition
   79 | #define _POSIX_PIPE_BUF         512
      |         ^~~~~~~~~~~~~~~
/scratch/dima/rose-infra/RoSE/soc/sw/xpu-rt/zephyr-chipyard-sw/zephyr_ws/zephyr/include/zephyr/posix/posix_limits.h:40:9: warning: "_POSIX_RE_DUP_MAX" redefined
   40 | #define _POSIX_RE_DUP_MAX                   (255)
      |         ^~~~~~~~~~~~~~~~~
/scratch/dima/rose-infra/RoSE/soc/sw/xpu-rt/zephyr-chipyard-sw/tools-manual/zephyr-sdk-1.0.0-beta1/gnu/riscv64-zephyr-elf/riscv64-zephyr-elf/sys-include/sys/syslimits.h:80:9: note: this is the location of the previous definition
   80 | #define _POSIX_RE_DUP_MAX       255
      |         ^~~~~~~~~~~~~~~~~
/scratch/dima/rose-infra/RoSE/soc/sw/xpu-rt/zephyr-chipyard-sw/zephyr_ws/zephyr/include/zephyr/posix/posix_limits.h:41:9: warning: "_POSIX_RTSIG_MAX" redefined
   41 | #define _POSIX_RTSIG_MAX                    (8)
      |         ^~~~~~~~~~~~~~~~
/scratch/dima/rose-infra/RoSE/soc/sw/xpu-rt/zephyr-chipyard-sw/tools-manual/zephyr-sdk-1.0.0-beta1/gnu/riscv64-zephyr-elf/riscv64-zephyr-elf/sys-include/sys/syslimits.h:81:9: note: this is the location of the previous definition
   81 | #define _POSIX_RTSIG_MAX        8
      |         ^~~~~~~~~~~~~~~~
/scratch/dima/rose-infra/RoSE/soc/sw/xpu-rt/zephyr-chipyard-sw/zephyr_ws/zephyr/include/zephyr/posix/posix_limits.h:42:9: warning: "_POSIX_SEM_NSEMS_MAX" redefined
   42 | #define _POSIX_SEM_NSEMS_MAX                (256)
      |         ^~~~~~~~~~~~~~~~~~~~
/scratch/dima/rose-infra/RoSE/soc/sw/xpu-rt/zephyr-chipyard-sw/tools-manual/zephyr-sdk-1.0.0-beta1/gnu/riscv64-zephyr-elf/riscv64-zephyr-elf/sys-include/sys/syslimits.h:82:9: note: this is the location of the previous definition
   82 | #define _POSIX_SEM_NSEMS_MAX    256
      |         ^~~~~~~~~~~~~~~~~~~~
/scratch/dima/rose-infra/RoSE/soc/sw/xpu-rt/zephyr-chipyard-sw/zephyr_ws/zephyr/include/zephyr/posix/posix_limits.h:43:9: warning: "_POSIX_SEM_VALUE_MAX" redefined
   43 | #define _POSIX_SEM_VALUE_MAX                (32767)
      |         ^~~~~~~~~~~~~~~~~~~~
/scratch/dima/rose-infra/RoSE/soc/sw/xpu-rt/zephyr-chipyard-sw/tools-manual/zephyr-sdk-1.0.0-beta1/gnu/riscv64-zephyr-elf/riscv64-zephyr-elf/sys-include/sys/syslimits.h:83:9: note: this is the location of the previous definition
   83 | #define _POSIX_SEM_VALUE_MAX    32767
      |         ^~~~~~~~~~~~~~~~~~~~
/scratch/dima/rose-infra/RoSE/soc/sw/xpu-rt/zephyr-chipyard-sw/zephyr_ws/zephyr/include/zephyr/posix/posix_limits.h:44:9: warning: "_POSIX_SIGQUEUE_MAX" redefined
   44 | #define _POSIX_SIGQUEUE_MAX                 (32)
      |         ^~~~~~~~~~~~~~~~~~~
/scratch/dima/rose-infra/RoSE/soc/sw/xpu-rt/zephyr-chipyard-sw/tools-manual/zephyr-sdk-1.0.0-beta1/gnu/riscv64-zephyr-elf/riscv64-zephyr-elf/sys-include/sys/syslimits.h:84:9: note: this is the location of the previous definition
   84 | #define _POSIX_SIGQUEUE_MAX     32
      |         ^~~~~~~~~~~~~~~~~~~
/scratch/dima/rose-infra/RoSE/soc/sw/xpu-rt/zephyr-chipyard-sw/zephyr_ws/zephyr/include/zephyr/posix/posix_limits.h:45:9: warning: "_POSIX_SSIZE_MAX" redefined
   45 | #define _POSIX_SSIZE_MAX                    (32767)
      |         ^~~~~~~~~~~~~~~~
/scratch/dima/rose-infra/RoSE/soc/sw/xpu-rt/zephyr-chipyard-sw/tools-manual/zephyr-sdk-1.0.0-beta1/gnu/riscv64-zephyr-elf/riscv64-zephyr-elf/sys-include/sys/syslimits.h:85:9: note: this is the location of the previous definition
   85 | #define _POSIX_SSIZE_MAX        32767
      |         ^~~~~~~~~~~~~~~~
/scratch/dima/rose-infra/RoSE/soc/sw/xpu-rt/zephyr-chipyard-sw/zephyr_ws/zephyr/include/zephyr/posix/posix_limits.h:46:9: warning: "_POSIX_SS_REPL_MAX" redefined
   46 | #define _POSIX_SS_REPL_MAX                  (4)
      |         ^~~~~~~~~~~~~~~~~~
/scratch/dima/rose-infra/RoSE/soc/sw/xpu-rt/zephyr-chipyard-sw/tools-manual/zephyr-sdk-1.0.0-beta1/gnu/riscv64-zephyr-elf/riscv64-zephyr-elf/sys-include/sys/syslimits.h:86:9: note: this is the location of the previous definition
   86 | #define _POSIX_SS_REPL_MAX      4
      |         ^~~~~~~~~~~~~~~~~~
/scratch/dima/rose-infra/RoSE/soc/sw/xpu-rt/zephyr-chipyard-sw/zephyr_ws/zephyr/include/zephyr/posix/posix_limits.h:47:9: warning: "_POSIX_STREAM_MAX" redefined
   47 | #define _POSIX_STREAM_MAX                   (8)
      |         ^~~~~~~~~~~~~~~~~
/scratch/dima/rose-infra/RoSE/soc/sw/xpu-rt/zephyr-chipyard-sw/tools-manual/zephyr-sdk-1.0.0-beta1/gnu/riscv64-zephyr-elf/riscv64-zephyr-elf/sys-include/sys/syslimits.h:87:9: note: this is the location of the previous definition
   87 | #define _POSIX_STREAM_MAX       8
      |         ^~~~~~~~~~~~~~~~~
/scratch/dima/rose-infra/RoSE/soc/sw/xpu-rt/zephyr-chipyard-sw/zephyr_ws/zephyr/include/zephyr/posix/posix_limits.h:48:9: warning: "_POSIX_SYMLINK_MAX" redefined
   48 | #define _POSIX_SYMLINK_MAX                  (255)
      |         ^~~~~~~~~~~~~~~~~~
/scratch/dima/rose-infra/RoSE/soc/sw/xpu-rt/zephyr-chipyard-sw/tools-manual/zephyr-sdk-1.0.0-beta1/gnu/riscv64-zephyr-elf/riscv64-zephyr-elf/sys-include/sys/syslimits.h:88:9: note: this is the location of the previous definition
   88 | #define _POSIX_SYMLINK_MAX      255
      |         ^~~~~~~~~~~~~~~~~~
/scratch/dima/rose-infra/RoSE/soc/sw/xpu-rt/zephyr-chipyard-sw/zephyr_ws/zephyr/include/zephyr/posix/posix_limits.h:49:9: warning: "_POSIX_SYMLOOP_MAX" redefined
   49 | #define _POSIX_SYMLOOP_MAX                  (8)
      |         ^~~~~~~~~~~~~~~~~~
/scratch/dima/rose-infra/RoSE/soc/sw/xpu-rt/zephyr-chipyard-sw/tools-manual/zephyr-sdk-1.0.0-beta1/gnu/riscv64-zephyr-elf/riscv64-zephyr-elf/sys-include/sys/syslimits.h:89:9: note: this is the location of the previous definition
   89 | #define _POSIX_SYMLOOP_MAX      8
      |         ^~~~~~~~~~~~~~~~~~
/scratch/dima/rose-infra/RoSE/soc/sw/xpu-rt/zephyr-chipyard-sw/zephyr_ws/zephyr/include/zephyr/posix/posix_limits.h:50:9: warning: "_POSIX_THREAD_DESTRUCTOR_ITERATIONS" redefined
   50 | #define _POSIX_THREAD_DESTRUCTOR_ITERATIONS (4)
      |         ^~~~~~~~~~~~~~~~~~~~~~~~~~~~~~~~~~~
/scratch/dima/rose-infra/RoSE/soc/sw/xpu-rt/zephyr-chipyard-sw/tools-manual/zephyr-sdk-1.0.0-beta1/gnu/riscv64-zephyr-elf/riscv64-zephyr-elf/sys-include/sys/syslimits.h:90:9: note: this is the location of the previous definition
   90 | #define _POSIX_THREAD_DESTRUCTOR_ITERATIONS     4
      |         ^~~~~~~~~~~~~~~~~~~~~~~~~~~~~~~~~~~
/scratch/dima/rose-infra/RoSE/soc/sw/xpu-rt/zephyr-chipyard-sw/zephyr_ws/zephyr/include/zephyr/posix/posix_limits.h:51:9: warning: "_POSIX_THREAD_KEYS_MAX" redefined
   51 | #define _POSIX_THREAD_KEYS_MAX              (128)
      |         ^~~~~~~~~~~~~~~~~~~~~~
/scratch/dima/rose-infra/RoSE/soc/sw/xpu-rt/zephyr-chipyard-sw/tools-manual/zephyr-sdk-1.0.0-beta1/gnu/riscv64-zephyr-elf/riscv64-zephyr-elf/sys-include/sys/syslimits.h:91:9: note: this is the location of the previous definition
   91 | #define _POSIX_THREAD_KEYS_MAX  128
      |         ^~~~~~~~~~~~~~~~~~~~~~
/scratch/dima/rose-infra/RoSE/soc/sw/xpu-rt/zephyr-chipyard-sw/zephyr_ws/zephyr/include/zephyr/posix/posix_limits.h:52:9: warning: "_POSIX_THREAD_THREADS_MAX" redefined
   52 | #define _POSIX_THREAD_THREADS_MAX           (64)
      |         ^~~~~~~~~~~~~~~~~~~~~~~~~
/scratch/dima/rose-infra/RoSE/soc/sw/xpu-rt/zephyr-chipyard-sw/tools-manual/zephyr-sdk-1.0.0-beta1/gnu/riscv64-zephyr-elf/riscv64-zephyr-elf/sys-include/sys/syslimits.h:92:9: note: this is the location of the previous definition
   92 | #define _POSIX_THREAD_THREADS_MAX       64
      |         ^~~~~~~~~~~~~~~~~~~~~~~~~
/scratch/dima/rose-infra/RoSE/soc/sw/xpu-rt/zephyr-chipyard-sw/zephyr_ws/zephyr/include/zephyr/posix/posix_limits.h:53:9: warning: "_POSIX_TIMER_MAX" redefined
   53 | #define _POSIX_TIMER_MAX                    (32)
      |         ^~~~~~~~~~~~~~~~
/scratch/dima/rose-infra/RoSE/soc/sw/xpu-rt/zephyr-chipyard-sw/tools-manual/zephyr-sdk-1.0.0-beta1/gnu/riscv64-zephyr-elf/riscv64-zephyr-elf/sys-include/sys/syslimits.h:93:9: note: this is the location of the previous definition
   93 | #define _POSIX_TIMER_MAX        32
      |         ^~~~~~~~~~~~~~~~
/scratch/dima/rose-infra/RoSE/soc/sw/xpu-rt/zephyr-chipyard-sw/zephyr_ws/zephyr/include/zephyr/posix/posix_limits.h:54:9: warning: "_POSIX_TRACE_EVENT_NAME_MAX" redefined
   54 | #define _POSIX_TRACE_EVENT_NAME_MAX         (30)
      |         ^~~~~~~~~~~~~~~~~~~~~~~~~~~
/scratch/dima/rose-infra/RoSE/soc/sw/xpu-rt/zephyr-chipyard-sw/tools-manual/zephyr-sdk-1.0.0-beta1/gnu/riscv64-zephyr-elf/riscv64-zephyr-elf/sys-include/sys/syslimits.h:94:9: note: this is the location of the previous definition
   94 | #define _POSIX_TRACE_EVENT_NAME_MAX     30
      |         ^~~~~~~~~~~~~~~~~~~~~~~~~~~
/scratch/dima/rose-infra/RoSE/soc/sw/xpu-rt/zephyr-chipyard-sw/zephyr_ws/zephyr/include/zephyr/posix/posix_limits.h:55:9: warning: "_POSIX_TRACE_NAME_MAX" redefined
   55 | #define _POSIX_TRACE_NAME_MAX               (8)
      |         ^~~~~~~~~~~~~~~~~~~~~
/scratch/dima/rose-infra/RoSE/soc/sw/xpu-rt/zephyr-chipyard-sw/tools-manual/zephyr-sdk-1.0.0-beta1/gnu/riscv64-zephyr-elf/riscv64-zephyr-elf/sys-include/sys/syslimits.h:95:9: note: this is the location of the previous definition
   95 | #define _POSIX_TRACE_NAME_MAX   8
      |         ^~~~~~~~~~~~~~~~~~~~~
/scratch/dima/rose-infra/RoSE/soc/sw/xpu-rt/zephyr-chipyard-sw/zephyr_ws/zephyr/include/zephyr/posix/posix_limits.h:56:9: warning: "_POSIX_TRACE_SYS_MAX" redefined
   56 | #define _POSIX_TRACE_SYS_MAX                (8)
      |         ^~~~~~~~~~~~~~~~~~~~
/scratch/dima/rose-infra/RoSE/soc/sw/xpu-rt/zephyr-chipyard-sw/tools-manual/zephyr-sdk-1.0.0-beta1/gnu/riscv64-zephyr-elf/riscv64-zephyr-elf/sys-include/sys/syslimits.h:96:9: note: this is the location of the previous definition
   96 | #define _POSIX_TRACE_SYS_MAX    8
      |         ^~~~~~~~~~~~~~~~~~~~
/scratch/dima/rose-infra/RoSE/soc/sw/xpu-rt/zephyr-chipyard-sw/zephyr_ws/zephyr/include/zephyr/posix/posix_limits.h:57:9: warning: "_POSIX_TRACE_USER_EVENT_MAX" redefined
   57 | #define _POSIX_TRACE_USER_EVENT_MAX         (32)
      |         ^~~~~~~~~~~~~~~~~~~~~~~~~~~
/scratch/dima/rose-infra/RoSE/soc/sw/xpu-rt/zephyr-chipyard-sw/tools-manual/zephyr-sdk-1.0.0-beta1/gnu/riscv64-zephyr-elf/riscv64-zephyr-elf/sys-include/sys/syslimits.h:97:9: note: this is the location of the previous definition
   97 | #define _POSIX_TRACE_USER_EVENT_MAX     32
      |         ^~~~~~~~~~~~~~~~~~~~~~~~~~~
/scratch/dima/rose-infra/RoSE/soc/sw/xpu-rt/zephyr-chipyard-sw/zephyr_ws/zephyr/include/zephyr/posix/posix_limits.h:58:9: warning: "_POSIX_TTY_NAME_MAX" redefined
   58 | #define _POSIX_TTY_NAME_MAX                 (9)
      |         ^~~~~~~~~~~~~~~~~~~
/scratch/dima/rose-infra/RoSE/soc/sw/xpu-rt/zephyr-chipyard-sw/tools-manual/zephyr-sdk-1.0.0-beta1/gnu/riscv64-zephyr-elf/riscv64-zephyr-elf/sys-include/sys/syslimits.h:98:9: note: this is the location of the previous definition
   98 | #define _POSIX_TTY_NAME_MAX     9
      |         ^~~~~~~~~~~~~~~~~~~
/scratch/dima/rose-infra/RoSE/soc/sw/xpu-rt/zephyr-chipyard-sw/zephyr_ws/zephyr/include/zephyr/posix/posix_limits.h:59:9: warning: "_POSIX_TZNAME_MAX" redefined
   59 | #define _POSIX_TZNAME_MAX                   (6)
      |         ^~~~~~~~~~~~~~~~~
/scratch/dima/rose-infra/RoSE/soc/sw/xpu-rt/zephyr-chipyard-sw/tools-manual/zephyr-sdk-1.0.0-beta1/gnu/riscv64-zephyr-elf/riscv64-zephyr-elf/sys-include/sys/syslimits.h:99:9: note: this is the location of the previous definition
   99 | #define _POSIX_TZNAME_MAX       3
      |         ^~~~~~~~~~~~~~~~~
/scratch/dima/rose-infra/RoSE/soc/sw/xpu-rt/zephyr-chipyard-sw/zephyr_ws/zephyr/include/zephyr/posix/posix_limits.h:60:9: warning: "_POSIX2_BC_BASE_MAX" redefined
   60 | #define _POSIX2_BC_BASE_MAX                 (99)
      |         ^~~~~~~~~~~~~~~~~~~
/scratch/dima/rose-infra/RoSE/soc/sw/xpu-rt/zephyr-chipyard-sw/tools-manual/zephyr-sdk-1.0.0-beta1/gnu/riscv64-zephyr-elf/riscv64-zephyr-elf/sys-include/sys/syslimits.h:100:9: note: this is the location of the previous definition
  100 | #define _POSIX2_BC_BASE_MAX     99
      |         ^~~~~~~~~~~~~~~~~~~
/scratch/dima/rose-infra/RoSE/soc/sw/xpu-rt/zephyr-chipyard-sw/zephyr_ws/zephyr/include/zephyr/posix/posix_limits.h:61:9: warning: "_POSIX2_BC_DIM_MAX" redefined
   61 | #define _POSIX2_BC_DIM_MAX                  (2048)
      |         ^~~~~~~~~~~~~~~~~~
/scratch/dima/rose-infra/RoSE/soc/sw/xpu-rt/zephyr-chipyard-sw/tools-manual/zephyr-sdk-1.0.0-beta1/gnu/riscv64-zephyr-elf/riscv64-zephyr-elf/sys-include/sys/syslimits.h:101:9: note: this is the location of the previous definition
  101 | #define _POSIX2_BC_DIM_MAX      2048
      |         ^~~~~~~~~~~~~~~~~~
/scratch/dima/rose-infra/RoSE/soc/sw/xpu-rt/zephyr-chipyard-sw/zephyr_ws/zephyr/include/zephyr/posix/posix_limits.h:62:9: warning: "_POSIX2_BC_SCALE_MAX" redefined
   62 | #define _POSIX2_BC_SCALE_MAX                (99)
      |         ^~~~~~~~~~~~~~~~~~~~
/scratch/dima/rose-infra/RoSE/soc/sw/xpu-rt/zephyr-chipyard-sw/tools-manual/zephyr-sdk-1.0.0-beta1/gnu/riscv64-zephyr-elf/riscv64-zephyr-elf/sys-include/sys/syslimits.h:102:9: note: this is the location of the previous definition
  102 | #define _POSIX2_BC_SCALE_MAX    99
      |         ^~~~~~~~~~~~~~~~~~~~
/scratch/dima/rose-infra/RoSE/soc/sw/xpu-rt/zephyr-chipyard-sw/zephyr_ws/zephyr/include/zephyr/posix/posix_limits.h:63:9: warning: "_POSIX2_BC_STRING_MAX" redefined
   63 | #define _POSIX2_BC_STRING_MAX               (1000)
      |         ^~~~~~~~~~~~~~~~~~~~~
/scratch/dima/rose-infra/RoSE/soc/sw/xpu-rt/zephyr-chipyard-sw/tools-manual/zephyr-sdk-1.0.0-beta1/gnu/riscv64-zephyr-elf/riscv64-zephyr-elf/sys-include/sys/syslimits.h:103:9: note: this is the location of the previous definition
  103 | #define _POSIX2_BC_STRING_MAX   1000
      |         ^~~~~~~~~~~~~~~~~~~~~
/scratch/dima/rose-infra/RoSE/soc/sw/xpu-rt/zephyr-chipyard-sw/zephyr_ws/zephyr/include/zephyr/posix/posix_limits.h:64:9: warning: "_POSIX2_CHARCLASS_NAME_MAX" redefined
   64 | #define _POSIX2_CHARCLASS_NAME_MAX          (14)
      |         ^~~~~~~~~~~~~~~~~~~~~~~~~~
/scratch/dima/rose-infra/RoSE/soc/sw/xpu-rt/zephyr-chipyard-sw/tools-manual/zephyr-sdk-1.0.0-beta1/gnu/riscv64-zephyr-elf/riscv64-zephyr-elf/sys-include/sys/syslimits.h:104:9: note: this is the location of the previous definition
  104 | #define _POSIX2_CHARCLASS_NAME_MAX      14
      |         ^~~~~~~~~~~~~~~~~~~~~~~~~~
/scratch/dima/rose-infra/RoSE/soc/sw/xpu-rt/zephyr-chipyard-sw/zephyr_ws/zephyr/include/zephyr/posix/posix_limits.h:65:9: warning: "_POSIX2_COLL_WEIGHTS_MAX" redefined
   65 | #define _POSIX2_COLL_WEIGHTS_MAX            (2)
      |         ^~~~~~~~~~~~~~~~~~~~~~~~
/scratch/dima/rose-infra/RoSE/soc/sw/xpu-rt/zephyr-chipyard-sw/tools-manual/zephyr-sdk-1.0.0-beta1/gnu/riscv64-zephyr-elf/riscv64-zephyr-elf/sys-include/sys/syslimits.h:105:9: note: this is the location of the previous definition
  105 | #define _POSIX2_COLL_WEIGHTS_MAX        2
      |         ^~~~~~~~~~~~~~~~~~~~~~~~
/scratch/dima/rose-infra/RoSE/soc/sw/xpu-rt/zephyr-chipyard-sw/zephyr_ws/zephyr/include/zephyr/posix/posix_limits.h:66:9: warning: "_POSIX2_EXPR_NEST_MAX" redefined
   66 | #define _POSIX2_EXPR_NEST_MAX               (32)
      |         ^~~~~~~~~~~~~~~~~~~~~
/scratch/dima/rose-infra/RoSE/soc/sw/xpu-rt/zephyr-chipyard-sw/tools-manual/zephyr-sdk-1.0.0-beta1/gnu/riscv64-zephyr-elf/riscv64-zephyr-elf/sys-include/sys/syslimits.h:106:9: note: this is the location of the previous definition
  106 | #define _POSIX2_EXPR_NEST_MAX   32
      |         ^~~~~~~~~~~~~~~~~~~~~
/scratch/dima/rose-infra/RoSE/soc/sw/xpu-rt/zephyr-chipyard-sw/zephyr_ws/zephyr/include/zephyr/posix/posix_limits.h:67:9: warning: "_POSIX2_LINE_MAX" redefined
   67 | #define _POSIX2_LINE_MAX                    (2048)
      |         ^~~~~~~~~~~~~~~~
/scratch/dima/rose-infra/RoSE/soc/sw/xpu-rt/zephyr-chipyard-sw/tools-manual/zephyr-sdk-1.0.0-beta1/gnu/riscv64-zephyr-elf/riscv64-zephyr-elf/sys-include/sys/syslimits.h:107:9: note: this is the location of the previous definition
  107 | #define _POSIX2_LINE_MAX        2048
      |         ^~~~~~~~~~~~~~~~
/scratch/dima/rose-infra/RoSE/soc/sw/xpu-rt/zephyr-chipyard-sw/zephyr_ws/zephyr/include/zephyr/posix/posix_limits.h:83:9: warning: "ARG_MAX" redefined
   83 | #define ARG_MAX                       _POSIX_ARG_MAX
      |         ^~~~~~~
/scratch/dima/rose-infra/RoSE/soc/sw/xpu-rt/zephyr-chipyard-sw/tools-manual/zephyr-sdk-1.0.0-beta1/gnu/riscv64-zephyr-elf/riscv64-zephyr-elf/sys-include/sys/syslimits.h:41:9: note: this is the location of the previous definition
   41 | #define ARG_MAX                 65536   /* max bytes for an exec function */
      |         ^~~~~~~
/scratch/dima/rose-infra/RoSE/soc/sw/xpu-rt/zephyr-chipyard-sw/zephyr_ws/zephyr/include/zephyr/posix/posix_limits.h:84:9: warning: "ATEXIT_MAX" redefined
   84 | #define ATEXIT_MAX                    (32)
      |         ^~~~~~~~~~
/scratch/dima/rose-infra/RoSE/soc/sw/xpu-rt/zephyr-chipyard-sw/tools-manual/zephyr-sdk-1.0.0-beta1/gnu/riscv64-zephyr-elf/riscv64-zephyr-elf/sys-include/sys/syslimits.h:42:9: note: this is the location of the previous definition
   42 | #define ATEXIT_MAX                 32   /* max atexit functions */
      |         ^~~~~~~~~~
/scratch/dima/rose-infra/RoSE/soc/sw/xpu-rt/zephyr-chipyard-sw/zephyr_ws/zephyr/include/zephyr/posix/posix_limits.h:93:9: warning: "OPEN_MAX" redefined
   93 | #define OPEN_MAX                      CONFIG_POSIX_OPEN_MAX
      |         ^~~~~~~~
/scratch/dima/rose-infra/RoSE/soc/sw/xpu-rt/zephyr-chipyard-sw/tools-manual/zephyr-sdk-1.0.0-beta1/gnu/riscv64-zephyr-elf/riscv64-zephyr-elf/sys-include/sys/syslimits.h:45:9: note: this is the location of the previous definition
   45 | #define OPEN_MAX                   64   /* max open files per process */
      |         ^~~~~~~~
/scratch/dima/rose-infra/RoSE/soc/sw/xpu-rt/zephyr-chipyard-sw/zephyr_ws/zephyr/include/zephyr/posix/posix_limits.h:96:9: warning: "PATH_MAX" redefined
   96 | #define PATH_MAX                      _POSIX_PATH_MAX
      |         ^~~~~~~~
/scratch/dima/rose-infra/RoSE/soc/sw/xpu-rt/zephyr-chipyard-sw/tools-manual/zephyr-sdk-1.0.0-beta1/gnu/riscv64-zephyr-elf/riscv64-zephyr-elf/sys-include/sys/syslimits.h:53:9: note: this is the location of the previous definition
   53 | #define PATH_MAX                 1024   /* max bytes in pathname */
      |         ^~~~~~~~
/scratch/dima/rose-infra/RoSE/soc/sw/xpu-rt/zephyr-chipyard-sw/zephyr_ws/zephyr/include/zephyr/posix/posix_limits.h:114:9: warning: "TZNAME_MAX" redefined
  114 | #define TZNAME_MAX                    _POSIX_TZNAME_MAX
      |         ^~~~~~~~~~
/scratch/dima/rose-infra/RoSE/soc/sw/xpu-rt/zephyr-chipyard-sw/tools-manual/zephyr-sdk-1.0.0-beta1/gnu/riscv64-zephyr-elf/riscv64-zephyr-elf/sys-include/sys/syslimits.h:46:9: note: this is the location of the previous definition
   46 | #define TZNAME_MAX                 10   /* max time zone name length */
      |         ^~~~~~~~~~
[68/127] Building C object zephyr/lib/posix/c_lib_ext/CMakeFiles/lib__posix__c_lib_ext.dir/getopt/getopt_common.c.obj
[69/127] Building C object zephyr/kernel/CMakeFiles/kernel.dir/errno.c.obj
[70/127] Building C object zephyr/kernel/CMakeFiles/kernel.dir/main_weak.c.obj
[71/127] Linking C static library zephyr/arch/arch/riscv/core/libarch__riscv__core.a
[72/127] Linking C static library zephyr/lib/libc/picolibc/liblib__libc__picolibc.a
[73/127] Building C object zephyr/kernel/CMakeFiles/kernel.dir/banner.c.obj
[74/127] Building C object zephyr/kernel/CMakeFiles/kernel.dir/busy_wait.c.obj
[75/127] Building C object zephyr/drivers/timer/CMakeFiles/drivers__timer.dir/riscv_machine_timer.c.obj
[76/127] Building C object zephyr/lib/libc/common/CMakeFiles/lib__libc__common.dir/source/stdlib/malloc.c.obj
[77/127] Building C object zephyr/drivers/console/CMakeFiles/drivers__console.dir/uart_console.c.obj
[78/127] Building C object zephyr/drivers/serial/CMakeFiles/drivers__serial.dir/uart_htif.c.obj
[79/127] Building C object zephyr/CMakeFiles/zephyr.dir/lib/utils/rb.c.obj
[80/127] Building C object zephyr/lib/posix/c_lib_ext/CMakeFiles/lib__posix__c_lib_ext.dir/getopt/getopt.c.obj
In file included from /scratch/dima/rose-infra/RoSE/soc/sw/xpu-rt/zephyr-chipyard-sw/zephyr_ws/zephyr/include/zephyr/posix/sys/sysconf.h:11,
                 from /scratch/dima/rose-infra/RoSE/soc/sw/xpu-rt/zephyr-chipyard-sw/zephyr_ws/zephyr/include/zephyr/posix/unistd.h:18,
                 from /scratch/dima/rose-infra/RoSE/soc/sw/xpu-rt/zephyr-chipyard-sw/zephyr_ws/zephyr/lib/posix/c_lib_ext/getopt/getopt.c:36:
/scratch/dima/rose-infra/RoSE/soc/sw/xpu-rt/zephyr-chipyard-sw/zephyr_ws/zephyr/include/zephyr/posix/posix_limits.h:23:9: warning: "_POSIX_AIO_LISTIO_MAX" redefined
   23 | #define _POSIX_AIO_LISTIO_MAX               (2)
      |         ^~~~~~~~~~~~~~~~~~~~~
In file included from /scratch/dima/rose-infra/RoSE/soc/sw/xpu-rt/zephyr-chipyard-sw/tools-manual/zephyr-sdk-1.0.0-beta1/gnu/riscv64-zephyr-elf/riscv64-zephyr-elf/sys-include/limits.h:6,
                 from /scratch/dima/rose-infra/RoSE/soc/sw/xpu-rt/zephyr-chipyard-sw/tools-manual/zephyr-sdk-1.0.0-beta1/gnu/riscv64-zephyr-elf/lib/gcc/riscv64-zephyr-elf/14.3.0/include/limits.h:210,
                 from /scratch/dima/rose-infra/RoSE/soc/sw/xpu-rt/zephyr-chipyard-sw/tools-manual/zephyr-sdk-1.0.0-beta1/gnu/riscv64-zephyr-elf/lib/gcc/riscv64-zephyr-elf/14.3.0/include/syslimits.h:7,
                 from /scratch/dima/rose-infra/RoSE/soc/sw/xpu-rt/zephyr-chipyard-sw/tools-manual/zephyr-sdk-1.0.0-beta1/gnu/riscv64-zephyr-elf/lib/gcc/riscv64-zephyr-elf/14.3.0/include/limits.h:34,
                 from /scratch/dima/rose-infra/RoSE/soc/sw/xpu-rt/zephyr-chipyard-sw/zephyr_ws/zephyr/include/zephyr/kernel_includes.h:22,
                 from /scratch/dima/rose-infra/RoSE/soc/sw/xpu-rt/zephyr-chipyard-sw/zephyr_ws/zephyr/include/zephyr/kernel.h:17,
                 from /scratch/dima/rose-infra/RoSE/soc/sw/xpu-rt/zephyr-chipyard-sw/zephyr_ws/zephyr/include/zephyr/posix/posix_types.h:30,
                 from /scratch/dima/rose-infra/RoSE/soc/sw/xpu-rt/zephyr-chipyard-sw/zephyr_ws/zephyr/include/zephyr/posix/unistd.h:11:
/scratch/dima/rose-infra/RoSE/soc/sw/xpu-rt/zephyr-chipyard-sw/tools-manual/zephyr-sdk-1.0.0-beta1/gnu/riscv64-zephyr-elf/riscv64-zephyr-elf/sys-include/sys/syslimits.h:63:9: note: this is the location of the previous definition
   63 | #define _POSIX_AIO_LISTIO_MAX   2
      |         ^~~~~~~~~~~~~~~~~~~~~
/scratch/dima/rose-infra/RoSE/soc/sw/xpu-rt/zephyr-chipyard-sw/zephyr_ws/zephyr/include/zephyr/posix/posix_limits.h:24:9: warning: "_POSIX_AIO_MAX" redefined
   24 | #define _POSIX_AIO_MAX                      (1)
      |         ^~~~~~~~~~~~~~
/scratch/dima/rose-infra/RoSE/soc/sw/xpu-rt/zephyr-chipyard-sw/tools-manual/zephyr-sdk-1.0.0-beta1/gnu/riscv64-zephyr-elf/riscv64-zephyr-elf/sys-include/sys/syslimits.h:64:9: note: this is the location of the previous definition
   64 | #define _POSIX_AIO_MAX          1
      |         ^~~~~~~~~~~~~~
/scratch/dima/rose-infra/RoSE/soc/sw/xpu-rt/zephyr-chipyard-sw/zephyr_ws/zephyr/include/zephyr/posix/posix_limits.h:25:9: warning: "_POSIX_ARG_MAX" redefined
   25 | #define _POSIX_ARG_MAX                      (4096)
      |         ^~~~~~~~~~~~~~
/scratch/dima/rose-infra/RoSE/soc/sw/xpu-rt/zephyr-chipyard-sw/tools-manual/zephyr-sdk-1.0.0-beta1/gnu/riscv64-zephyr-elf/riscv64-zephyr-elf/sys-include/sys/syslimits.h:65:9: note: this is the location of the previous definition
   65 | #define _POSIX_ARG_MAX          4096
      |         ^~~~~~~~~~~~~~
/scratch/dima/rose-infra/RoSE/soc/sw/xpu-rt/zephyr-chipyard-sw/zephyr_ws/zephyr/include/zephyr/posix/posix_limits.h:26:9: warning: "_POSIX_CHILD_MAX" redefined
   26 | #define _POSIX_CHILD_MAX                    (25)
      |         ^~~~~~~~~~~~~~~~
/scratch/dima/rose-infra/RoSE/soc/sw/xpu-rt/zephyr-chipyard-sw/tools-manual/zephyr-sdk-1.0.0-beta1/gnu/riscv64-zephyr-elf/riscv64-zephyr-elf/sys-include/sys/syslimits.h:66:9: note: this is the location of the previous definition
   66 | #define _POSIX_CHILD_MAX        6
      |         ^~~~~~~~~~~~~~~~
/scratch/dima/rose-infra/RoSE/soc/sw/xpu-rt/zephyr-chipyard-sw/zephyr_ws/zephyr/include/zephyr/posix/posix_limits.h:27:9: warning: "_POSIX_DELAYTIMER_MAX" redefined
   27 | #define _POSIX_DELAYTIMER_MAX               (32)
      |         ^~~~~~~~~~~~~~~~~~~~~
/scratch/dima/rose-infra/RoSE/soc/sw/xpu-rt/zephyr-chipyard-sw/tools-manual/zephyr-sdk-1.0.0-beta1/gnu/riscv64-zephyr-elf/riscv64-zephyr-elf/sys-include/sys/syslimits.h:67:9: note: this is the location of the previous definition
   67 | #define _POSIX_DELAYTIMER_MAX   32
      |         ^~~~~~~~~~~~~~~~~~~~~
/scratch/dima/rose-infra/RoSE/soc/sw/xpu-rt/zephyr-chipyard-sw/zephyr_ws/zephyr/include/zephyr/posix/posix_limits.h:28:9: warning: "_POSIX_HOST_NAME_MAX" redefined
   28 | #define _POSIX_HOST_NAME_MAX                (255)
      |         ^~~~~~~~~~~~~~~~~~~~
/scratch/dima/rose-infra/RoSE/soc/sw/xpu-rt/zephyr-chipyard-sw/tools-manual/zephyr-sdk-1.0.0-beta1/gnu/riscv64-zephyr-elf/riscv64-zephyr-elf/sys-include/sys/syslimits.h:68:9: note: this is the location of the previous definition
   68 | #define _POSIX_HOST_NAME_MAX    255
      |         ^~~~~~~~~~~~~~~~~~~~
/scratch/dima/rose-infra/RoSE/soc/sw/xpu-rt/zephyr-chipyard-sw/zephyr_ws/zephyr/include/zephyr/posix/posix_limits.h:29:9: warning: "_POSIX_LINK_MAX" redefined
   29 | #define _POSIX_LINK_MAX                     (8)
      |         ^~~~~~~~~~~~~~~
/scratch/dima/rose-infra/RoSE/soc/sw/xpu-rt/zephyr-chipyard-sw/tools-manual/zephyr-sdk-1.0.0-beta1/gnu/riscv64-zephyr-elf/riscv64-zephyr-elf/sys-include/sys/syslimits.h:69:9: note: this is the location of the previous definition
   69 | #define _POSIX_LINK_MAX         8
      |         ^~~~~~~~~~~~~~~
/scratch/dima/rose-infra/RoSE/soc/sw/xpu-rt/zephyr-chipyard-sw/zephyr_ws/zephyr/include/zephyr/posix/posix_limits.h:30:9: warning: "_POSIX_LOGIN_NAME_MAX" redefined
   30 | #define _POSIX_LOGIN_NAME_MAX               (9)
      |         ^~~~~~~~~~~~~~~~~~~~~
/scratch/dima/rose-infra/RoSE/soc/sw/xpu-rt/zephyr-chipyard-sw/tools-manual/zephyr-sdk-1.0.0-beta1/gnu/riscv64-zephyr-elf/riscv64-zephyr-elf/sys-include/sys/syslimits.h:70:9: note: this is the location of the previous definition
   70 | #define _POSIX_LOGIN_NAME_MAX   9
      |         ^~~~~~~~~~~~~~~~~~~~~
/scratch/dima/rose-infra/RoSE/soc/sw/xpu-rt/zephyr-chipyard-sw/zephyr_ws/zephyr/include/zephyr/posix/posix_limits.h:31:9: warning: "_POSIX_MAX_CANON" redefined
   31 | #define _POSIX_MAX_CANON                    (255)
      |         ^~~~~~~~~~~~~~~~
/scratch/dima/rose-infra/RoSE/soc/sw/xpu-rt/zephyr-chipyard-sw/tools-manual/zephyr-sdk-1.0.0-beta1/gnu/riscv64-zephyr-elf/riscv64-zephyr-elf/sys-include/sys/syslimits.h:71:9: note: this is the location of the previous definition
   71 | #define _POSIX_MAX_CANON        255
      |         ^~~~~~~~~~~~~~~~
/scratch/dima/rose-infra/RoSE/soc/sw/xpu-rt/zephyr-chipyard-sw/zephyr_ws/zephyr/include/zephyr/posix/posix_limits.h:32:9: warning: "_POSIX_MAX_INPUT" redefined
   32 | #define _POSIX_MAX_INPUT                    (255)
      |         ^~~~~~~~~~~~~~~~
/scratch/dima/rose-infra/RoSE/soc/sw/xpu-rt/zephyr-chipyard-sw/tools-manual/zephyr-sdk-1.0.0-beta1/gnu/riscv64-zephyr-elf/riscv64-zephyr-elf/sys-include/sys/syslimits.h:72:9: note: this is the location of the previous definition
   72 | #define _POSIX_MAX_INPUT        255
      |         ^~~~~~~~~~~~~~~~
/scratch/dima/rose-infra/RoSE/soc/sw/xpu-rt/zephyr-chipyard-sw/zephyr_ws/zephyr/include/zephyr/posix/posix_limits.h:33:9: warning: "_POSIX_MQ_OPEN_MAX" redefined
   33 | #define _POSIX_MQ_OPEN_MAX                  (8)
      |         ^~~~~~~~~~~~~~~~~~
/scratch/dima/rose-infra/RoSE/soc/sw/xpu-rt/zephyr-chipyard-sw/tools-manual/zephyr-sdk-1.0.0-beta1/gnu/riscv64-zephyr-elf/riscv64-zephyr-elf/sys-include/sys/syslimits.h:73:9: note: this is the location of the previous definition
   73 | #define _POSIX_MQ_OPEN_MAX      8
      |         ^~~~~~~~~~~~~~~~~~
/scratch/dima/rose-infra/RoSE/soc/sw/xpu-rt/zephyr-chipyard-sw/zephyr_ws/zephyr/include/zephyr/posix/posix_limits.h:34:9: warning: "_POSIX_MQ_PRIO_MAX" redefined
   34 | #define _POSIX_MQ_PRIO_MAX                  (32)
      |         ^~~~~~~~~~~~~~~~~~
/scratch/dima/rose-infra/RoSE/soc/sw/xpu-rt/zephyr-chipyard-sw/tools-manual/zephyr-sdk-1.0.0-beta1/gnu/riscv64-zephyr-elf/riscv64-zephyr-elf/sys-include/sys/syslimits.h:74:9: note: this is the location of the previous definition
   74 | #define _POSIX_MQ_PRIO_MAX      32
      |         ^~~~~~~~~~~~~~~~~~
/scratch/dima/rose-infra/RoSE/soc/sw/xpu-rt/zephyr-chipyard-sw/zephyr_ws/zephyr/include/zephyr/posix/posix_limits.h:35:9: warning: "_POSIX_NAME_MAX" redefined
   35 | #define _POSIX_NAME_MAX                     (14)
      |         ^~~~~~~~~~~~~~~
/scratch/dima/rose-infra/RoSE/soc/sw/xpu-rt/zephyr-chipyard-sw/tools-manual/zephyr-sdk-1.0.0-beta1/gnu/riscv64-zephyr-elf/riscv64-zephyr-elf/sys-include/sys/syslimits.h:75:9: note: this is the location of the previous definition
   75 | #define _POSIX_NAME_MAX         14
      |         ^~~~~~~~~~~~~~~
/scratch/dima/rose-infra/RoSE/soc/sw/xpu-rt/zephyr-chipyard-sw/zephyr_ws/zephyr/include/zephyr/posix/posix_limits.h:36:9: warning: "_POSIX_NGROUPS_MAX" redefined
   36 | #define _POSIX_NGROUPS_MAX                  (8)
      |         ^~~~~~~~~~~~~~~~~~
/scratch/dima/rose-infra/RoSE/soc/sw/xpu-rt/zephyr-chipyard-sw/tools-manual/zephyr-sdk-1.0.0-beta1/gnu/riscv64-zephyr-elf/riscv64-zephyr-elf/sys-include/sys/syslimits.h:76:9: note: this is the location of the previous definition
   76 | #define _POSIX_NGROUPS_MAX      0
      |         ^~~~~~~~~~~~~~~~~~
/scratch/dima/rose-infra/RoSE/soc/sw/xpu-rt/zephyr-chipyard-sw/zephyr_ws/zephyr/include/zephyr/posix/posix_limits.h:37:9: warning: "_POSIX_OPEN_MAX" redefined
   37 | #define _POSIX_OPEN_MAX                     (20)
      |         ^~~~~~~~~~~~~~~
/scratch/dima/rose-infra/RoSE/soc/sw/xpu-rt/zephyr-chipyard-sw/tools-manual/zephyr-sdk-1.0.0-beta1/gnu/riscv64-zephyr-elf/riscv64-zephyr-elf/sys-include/sys/syslimits.h:77:9: note: this is the location of the previous definition
   77 | #define _POSIX_OPEN_MAX         16
      |         ^~~~~~~~~~~~~~~
/scratch/dima/rose-infra/RoSE/soc/sw/xpu-rt/zephyr-chipyard-sw/zephyr_ws/zephyr/include/zephyr/posix/posix_limits.h:38:9: warning: "_POSIX_PATH_MAX" redefined
   38 | #define _POSIX_PATH_MAX                     (256)
      |         ^~~~~~~~~~~~~~~
/scratch/dima/rose-infra/RoSE/soc/sw/xpu-rt/zephyr-chipyard-sw/tools-manual/zephyr-sdk-1.0.0-beta1/gnu/riscv64-zephyr-elf/riscv64-zephyr-elf/sys-include/sys/syslimits.h:78:9: note: this is the location of the previous definition
   78 | #define _POSIX_PATH_MAX         255
      |         ^~~~~~~~~~~~~~~
/scratch/dima/rose-infra/RoSE/soc/sw/xpu-rt/zephyr-chipyard-sw/zephyr_ws/zephyr/include/zephyr/posix/posix_limits.h:39:9: warning: "_POSIX_PIPE_BUF" redefined
   39 | #define _POSIX_PIPE_BUF                     (512)
      |         ^~~~~~~~~~~~~~~
/scratch/dima/rose-infra/RoSE/soc/sw/xpu-rt/zephyr-chipyard-sw/tools-manual/zephyr-sdk-1.0.0-beta1/gnu/riscv64-zephyr-elf/riscv64-zephyr-elf/sys-include/sys/syslimits.h:79:9: note: this is the location of the previous definition
   79 | #define _POSIX_PIPE_BUF         512
      |         ^~~~~~~~~~~~~~~
/scratch/dima/rose-infra/RoSE/soc/sw/xpu-rt/zephyr-chipyard-sw/zephyr_ws/zephyr/include/zephyr/posix/posix_limits.h:40:9: warning: "_POSIX_RE_DUP_MAX" redefined
   40 | #define _POSIX_RE_DUP_MAX                   (255)
      |         ^~~~~~~~~~~~~~~~~
/scratch/dima/rose-infra/RoSE/soc/sw/xpu-rt/zephyr-chipyard-sw/tools-manual/zephyr-sdk-1.0.0-beta1/gnu/riscv64-zephyr-elf/riscv64-zephyr-elf/sys-include/sys/syslimits.h:80:9: note: this is the location of the previous definition
   80 | #define _POSIX_RE_DUP_MAX       255
      |         ^~~~~~~~~~~~~~~~~
/scratch/dima/rose-infra/RoSE/soc/sw/xpu-rt/zephyr-chipyard-sw/zephyr_ws/zephyr/include/zephyr/posix/posix_limits.h:41:9: warning: "_POSIX_RTSIG_MAX" redefined
   41 | #define _POSIX_RTSIG_MAX                    (8)
      |         ^~~~~~~~~~~~~~~~
/scratch/dima/rose-infra/RoSE/soc/sw/xpu-rt/zephyr-chipyard-sw/tools-manual/zephyr-sdk-1.0.0-beta1/gnu/riscv64-zephyr-elf/riscv64-zephyr-elf/sys-include/sys/syslimits.h:81:9: note: this is the location of the previous definition
   81 | #define _POSIX_RTSIG_MAX        8
      |         ^~~~~~~~~~~~~~~~
/scratch/dima/rose-infra/RoSE/soc/sw/xpu-rt/zephyr-chipyard-sw/zephyr_ws/zephyr/include/zephyr/posix/posix_limits.h:42:9: warning: "_POSIX_SEM_NSEMS_MAX" redefined
   42 | #define _POSIX_SEM_NSEMS_MAX                (256)
      |         ^~~~~~~~~~~~~~~~~~~~
/scratch/dima/rose-infra/RoSE/soc/sw/xpu-rt/zephyr-chipyard-sw/tools-manual/zephyr-sdk-1.0.0-beta1/gnu/riscv64-zephyr-elf/riscv64-zephyr-elf/sys-include/sys/syslimits.h:82:9: note: this is the location of the previous definition
   82 | #define _POSIX_SEM_NSEMS_MAX    256
      |         ^~~~~~~~~~~~~~~~~~~~
/scratch/dima/rose-infra/RoSE/soc/sw/xpu-rt/zephyr-chipyard-sw/zephyr_ws/zephyr/include/zephyr/posix/posix_limits.h:43:9: warning: "_POSIX_SEM_VALUE_MAX" redefined
   43 | #define _POSIX_SEM_VALUE_MAX                (32767)
      |         ^~~~~~~~~~~~~~~~~~~~
/scratch/dima/rose-infra/RoSE/soc/sw/xpu-rt/zephyr-chipyard-sw/tools-manual/zephyr-sdk-1.0.0-beta1/gnu/riscv64-zephyr-elf/riscv64-zephyr-elf/sys-include/sys/syslimits.h:83:9: note: this is the location of the previous definition
   83 | #define _POSIX_SEM_VALUE_MAX    32767
      |         ^~~~~~~~~~~~~~~~~~~~
/scratch/dima/rose-infra/RoSE/soc/sw/xpu-rt/zephyr-chipyard-sw/zephyr_ws/zephyr/include/zephyr/posix/posix_limits.h:44:9: warning: "_POSIX_SIGQUEUE_MAX" redefined
   44 | #define _POSIX_SIGQUEUE_MAX                 (32)
      |         ^~~~~~~~~~~~~~~~~~~
/scratch/dima/rose-infra/RoSE/soc/sw/xpu-rt/zephyr-chipyard-sw/tools-manual/zephyr-sdk-1.0.0-beta1/gnu/riscv64-zephyr-elf/riscv64-zephyr-elf/sys-include/sys/syslimits.h:84:9: note: this is the location of the previous definition
   84 | #define _POSIX_SIGQUEUE_MAX     32
      |         ^~~~~~~~~~~~~~~~~~~
/scratch/dima/rose-infra/RoSE/soc/sw/xpu-rt/zephyr-chipyard-sw/zephyr_ws/zephyr/include/zephyr/posix/posix_limits.h:45:9: warning: "_POSIX_SSIZE_MAX" redefined
   45 | #define _POSIX_SSIZE_MAX                    (32767)
      |         ^~~~~~~~~~~~~~~~
/scratch/dima/rose-infra/RoSE/soc/sw/xpu-rt/zephyr-chipyard-sw/tools-manual/zephyr-sdk-1.0.0-beta1/gnu/riscv64-zephyr-elf/riscv64-zephyr-elf/sys-include/sys/syslimits.h:85:9: note: this is the location of the previous definition
   85 | #define _POSIX_SSIZE_MAX        32767
      |         ^~~~~~~~~~~~~~~~
/scratch/dima/rose-infra/RoSE/soc/sw/xpu-rt/zephyr-chipyard-sw/zephyr_ws/zephyr/include/zephyr/posix/posix_limits.h:46:9: warning: "_POSIX_SS_REPL_MAX" redefined
   46 | #define _POSIX_SS_REPL_MAX                  (4)
      |         ^~~~~~~~~~~~~~~~~~
/scratch/dima/rose-infra/RoSE/soc/sw/xpu-rt/zephyr-chipyard-sw/tools-manual/zephyr-sdk-1.0.0-beta1/gnu/riscv64-zephyr-elf/riscv64-zephyr-elf/sys-include/sys/syslimits.h:86:9: note: this is the location of the previous definition
   86 | #define _POSIX_SS_REPL_MAX      4
      |         ^~~~~~~~~~~~~~~~~~
/scratch/dima/rose-infra/RoSE/soc/sw/xpu-rt/zephyr-chipyard-sw/zephyr_ws/zephyr/include/zephyr/posix/posix_limits.h:47:9: warning: "_POSIX_STREAM_MAX" redefined
   47 | #define _POSIX_STREAM_MAX                   (8)
      |         ^~~~~~~~~~~~~~~~~
/scratch/dima/rose-infra/RoSE/soc/sw/xpu-rt/zephyr-chipyard-sw/tools-manual/zephyr-sdk-1.0.0-beta1/gnu/riscv64-zephyr-elf/riscv64-zephyr-elf/sys-include/sys/syslimits.h:87:9: note: this is the location of the previous definition
   87 | #define _POSIX_STREAM_MAX       8
      |         ^~~~~~~~~~~~~~~~~
/scratch/dima/rose-infra/RoSE/soc/sw/xpu-rt/zephyr-chipyard-sw/zephyr_ws/zephyr/include/zephyr/posix/posix_limits.h:48:9: warning: "_POSIX_SYMLINK_MAX" redefined
   48 | #define _POSIX_SYMLINK_MAX                  (255)
      |         ^~~~~~~~~~~~~~~~~~
/scratch/dima/rose-infra/RoSE/soc/sw/xpu-rt/zephyr-chipyard-sw/tools-manual/zephyr-sdk-1.0.0-beta1/gnu/riscv64-zephyr-elf/riscv64-zephyr-elf/sys-include/sys/syslimits.h:88:9: note: this is the location of the previous definition
   88 | #define _POSIX_SYMLINK_MAX      255
      |         ^~~~~~~~~~~~~~~~~~
/scratch/dima/rose-infra/RoSE/soc/sw/xpu-rt/zephyr-chipyard-sw/zephyr_ws/zephyr/include/zephyr/posix/posix_limits.h:49:9: warning: "_POSIX_SYMLOOP_MAX" redefined
   49 | #define _POSIX_SYMLOOP_MAX                  (8)
      |         ^~~~~~~~~~~~~~~~~~
/scratch/dima/rose-infra/RoSE/soc/sw/xpu-rt/zephyr-chipyard-sw/tools-manual/zephyr-sdk-1.0.0-beta1/gnu/riscv64-zephyr-elf/riscv64-zephyr-elf/sys-include/sys/syslimits.h:89:9: note: this is the location of the previous definition
   89 | #define _POSIX_SYMLOOP_MAX      8
      |         ^~~~~~~~~~~~~~~~~~
/scratch/dima/rose-infra/RoSE/soc/sw/xpu-rt/zephyr-chipyard-sw/zephyr_ws/zephyr/include/zephyr/posix/posix_limits.h:50:9: warning: "_POSIX_THREAD_DESTRUCTOR_ITERATIONS" redefined
   50 | #define _POSIX_THREAD_DESTRUCTOR_ITERATIONS (4)
      |         ^~~~~~~~~~~~~~~~~~~~~~~~~~~~~~~~~~~
/scratch/dima/rose-infra/RoSE/soc/sw/xpu-rt/zephyr-chipyard-sw/tools-manual/zephyr-sdk-1.0.0-beta1/gnu/riscv64-zephyr-elf/riscv64-zephyr-elf/sys-include/sys/syslimits.h:90:9: note: this is the location of the previous definition
   90 | #define _POSIX_THREAD_DESTRUCTOR_ITERATIONS     4
      |         ^~~~~~~~~~~~~~~~~~~~~~~~~~~~~~~~~~~
/scratch/dima/rose-infra/RoSE/soc/sw/xpu-rt/zephyr-chipyard-sw/zephyr_ws/zephyr/include/zephyr/posix/posix_limits.h:51:9: warning: "_POSIX_THREAD_KEYS_MAX" redefined
   51 | #define _POSIX_THREAD_KEYS_MAX              (128)
      |         ^~~~~~~~~~~~~~~~~~~~~~
/scratch/dima/rose-infra/RoSE/soc/sw/xpu-rt/zephyr-chipyard-sw/tools-manual/zephyr-sdk-1.0.0-beta1/gnu/riscv64-zephyr-elf/riscv64-zephyr-elf/sys-include/sys/syslimits.h:91:9: note: this is the location of the previous definition
   91 | #define _POSIX_THREAD_KEYS_MAX  128
      |         ^~~~~~~~~~~~~~~~~~~~~~
/scratch/dima/rose-infra/RoSE/soc/sw/xpu-rt/zephyr-chipyard-sw/zephyr_ws/zephyr/include/zephyr/posix/posix_limits.h:52:9: warning: "_POSIX_THREAD_THREADS_MAX" redefined
   52 | #define _POSIX_THREAD_THREADS_MAX           (64)
      |         ^~~~~~~~~~~~~~~~~~~~~~~~~
/scratch/dima/rose-infra/RoSE/soc/sw/xpu-rt/zephyr-chipyard-sw/tools-manual/zephyr-sdk-1.0.0-beta1/gnu/riscv64-zephyr-elf/riscv64-zephyr-elf/sys-include/sys/syslimits.h:92:9: note: this is the location of the previous definition
   92 | #define _POSIX_THREAD_THREADS_MAX       64
      |         ^~~~~~~~~~~~~~~~~~~~~~~~~
/scratch/dima/rose-infra/RoSE/soc/sw/xpu-rt/zephyr-chipyard-sw/zephyr_ws/zephyr/include/zephyr/posix/posix_limits.h:53:9: warning: "_POSIX_TIMER_MAX" redefined
   53 | #define _POSIX_TIMER_MAX                    (32)
      |         ^~~~~~~~~~~~~~~~
/scratch/dima/rose-infra/RoSE/soc/sw/xpu-rt/zephyr-chipyard-sw/tools-manual/zephyr-sdk-1.0.0-beta1/gnu/riscv64-zephyr-elf/riscv64-zephyr-elf/sys-include/sys/syslimits.h:93:9: note: this is the location of the previous definition
   93 | #define _POSIX_TIMER_MAX        32
      |         ^~~~~~~~~~~~~~~~
/scratch/dima/rose-infra/RoSE/soc/sw/xpu-rt/zephyr-chipyard-sw/zephyr_ws/zephyr/include/zephyr/posix/posix_limits.h:54:9: warning: "_POSIX_TRACE_EVENT_NAME_MAX" redefined
   54 | #define _POSIX_TRACE_EVENT_NAME_MAX         (30)
      |         ^~~~~~~~~~~~~~~~~~~~~~~~~~~
/scratch/dima/rose-infra/RoSE/soc/sw/xpu-rt/zephyr-chipyard-sw/tools-manual/zephyr-sdk-1.0.0-beta1/gnu/riscv64-zephyr-elf/riscv64-zephyr-elf/sys-include/sys/syslimits.h:94:9: note: this is the location of the previous definition
   94 | #define _POSIX_TRACE_EVENT_NAME_MAX     30
      |         ^~~~~~~~~~~~~~~~~~~~~~~~~~~
/scratch/dima/rose-infra/RoSE/soc/sw/xpu-rt/zephyr-chipyard-sw/zephyr_ws/zephyr/include/zephyr/posix/posix_limits.h:55:9: warning: "_POSIX_TRACE_NAME_MAX" redefined
   55 | #define _POSIX_TRACE_NAME_MAX               (8)
      |         ^~~~~~~~~~~~~~~~~~~~~
/scratch/dima/rose-infra/RoSE/soc/sw/xpu-rt/zephyr-chipyard-sw/tools-manual/zephyr-sdk-1.0.0-beta1/gnu/riscv64-zephyr-elf/riscv64-zephyr-elf/sys-include/sys/syslimits.h:95:9: note: this is the location of the previous definition
   95 | #define _POSIX_TRACE_NAME_MAX   8
      |         ^~~~~~~~~~~~~~~~~~~~~
/scratch/dima/rose-infra/RoSE/soc/sw/xpu-rt/zephyr-chipyard-sw/zephyr_ws/zephyr/include/zephyr/posix/posix_limits.h:56:9: warning: "_POSIX_TRACE_SYS_MAX" redefined
   56 | #define _POSIX_TRACE_SYS_MAX                (8)
      |         ^~~~~~~~~~~~~~~~~~~~
/scratch/dima/rose-infra/RoSE/soc/sw/xpu-rt/zephyr-chipyard-sw/tools-manual/zephyr-sdk-1.0.0-beta1/gnu/riscv64-zephyr-elf/riscv64-zephyr-elf/sys-include/sys/syslimits.h:96:9: note: this is the location of the previous definition
   96 | #define _POSIX_TRACE_SYS_MAX    8
      |         ^~~~~~~~~~~~~~~~~~~~
/scratch/dima/rose-infra/RoSE/soc/sw/xpu-rt/zephyr-chipyard-sw/zephyr_ws/zephyr/include/zephyr/posix/posix_limits.h:57:9: warning: "_POSIX_TRACE_USER_EVENT_MAX" redefined
   57 | #define _POSIX_TRACE_USER_EVENT_MAX         (32)
      |         ^~~~~~~~~~~~~~~~~~~~~~~~~~~
/scratch/dima/rose-infra/RoSE/soc/sw/xpu-rt/zephyr-chipyard-sw/tools-manual/zephyr-sdk-1.0.0-beta1/gnu/riscv64-zephyr-elf/riscv64-zephyr-elf/sys-include/sys/syslimits.h:97:9: note: this is the location of the previous definition
   97 | #define _POSIX_TRACE_USER_EVENT_MAX     32
      |         ^~~~~~~~~~~~~~~~~~~~~~~~~~~
/scratch/dima/rose-infra/RoSE/soc/sw/xpu-rt/zephyr-chipyard-sw/zephyr_ws/zephyr/include/zephyr/posix/posix_limits.h:58:9: warning: "_POSIX_TTY_NAME_MAX" redefined
   58 | #define _POSIX_TTY_NAME_MAX                 (9)
      |         ^~~~~~~~~~~~~~~~~~~
/scratch/dima/rose-infra/RoSE/soc/sw/xpu-rt/zephyr-chipyard-sw/tools-manual/zephyr-sdk-1.0.0-beta1/gnu/riscv64-zephyr-elf/riscv64-zephyr-elf/sys-include/sys/syslimits.h:98:9: note: this is the location of the previous definition
   98 | #define _POSIX_TTY_NAME_MAX     9
      |         ^~~~~~~~~~~~~~~~~~~
/scratch/dima/rose-infra/RoSE/soc/sw/xpu-rt/zephyr-chipyard-sw/zephyr_ws/zephyr/include/zephyr/posix/posix_limits.h:59:9: warning: "_POSIX_TZNAME_MAX" redefined
   59 | #define _POSIX_TZNAME_MAX                   (6)
      |         ^~~~~~~~~~~~~~~~~
/scratch/dima/rose-infra/RoSE/soc/sw/xpu-rt/zephyr-chipyard-sw/tools-manual/zephyr-sdk-1.0.0-beta1/gnu/riscv64-zephyr-elf/riscv64-zephyr-elf/sys-include/sys/syslimits.h:99:9: note: this is the location of the previous definition
   99 | #define _POSIX_TZNAME_MAX       3
      |         ^~~~~~~~~~~~~~~~~
/scratch/dima/rose-infra/RoSE/soc/sw/xpu-rt/zephyr-chipyard-sw/zephyr_ws/zephyr/include/zephyr/posix/posix_limits.h:60:9: warning: "_POSIX2_BC_BASE_MAX" redefined
   60 | #define _POSIX2_BC_BASE_MAX                 (99)
      |         ^~~~~~~~~~~~~~~~~~~
/scratch/dima/rose-infra/RoSE/soc/sw/xpu-rt/zephyr-chipyard-sw/tools-manual/zephyr-sdk-1.0.0-beta1/gnu/riscv64-zephyr-elf/riscv64-zephyr-elf/sys-include/sys/syslimits.h:100:9: note: this is the location of the previous definition
  100 | #define _POSIX2_BC_BASE_MAX     99
      |         ^~~~~~~~~~~~~~~~~~~
/scratch/dima/rose-infra/RoSE/soc/sw/xpu-rt/zephyr-chipyard-sw/zephyr_ws/zephyr/include/zephyr/posix/posix_limits.h:61:9: warning: "_POSIX2_BC_DIM_MAX" redefined
   61 | #define _POSIX2_BC_DIM_MAX                  (2048)
      |         ^~~~~~~~~~~~~~~~~~
/scratch/dima/rose-infra/RoSE/soc/sw/xpu-rt/zephyr-chipyard-sw/tools-manual/zephyr-sdk-1.0.0-beta1/gnu/riscv64-zephyr-elf/riscv64-zephyr-elf/sys-include/sys/syslimits.h:101:9: note: this is the location of the previous definition
  101 | #define _POSIX2_BC_DIM_MAX      2048
      |         ^~~~~~~~~~~~~~~~~~
/scratch/dima/rose-infra/RoSE/soc/sw/xpu-rt/zephyr-chipyard-sw/zephyr_ws/zephyr/include/zephyr/posix/posix_limits.h:62:9: warning: "_POSIX2_BC_SCALE_MAX" redefined
   62 | #define _POSIX2_BC_SCALE_MAX                (99)
      |         ^~~~~~~~~~~~~~~~~~~~
/scratch/dima/rose-infra/RoSE/soc/sw/xpu-rt/zephyr-chipyard-sw/tools-manual/zephyr-sdk-1.0.0-beta1/gnu/riscv64-zephyr-elf/riscv64-zephyr-elf/sys-include/sys/syslimits.h:102:9: note: this is the location of the previous definition
  102 | #define _POSIX2_BC_SCALE_MAX    99
      |         ^~~~~~~~~~~~~~~~~~~~
/scratch/dima/rose-infra/RoSE/soc/sw/xpu-rt/zephyr-chipyard-sw/zephyr_ws/zephyr/include/zephyr/posix/posix_limits.h:63:9: warning: "_POSIX2_BC_STRING_MAX" redefined
   63 | #define _POSIX2_BC_STRING_MAX               (1000)
      |         ^~~~~~~~~~~~~~~~~~~~~
/scratch/dima/rose-infra/RoSE/soc/sw/xpu-rt/zephyr-chipyard-sw/tools-manual/zephyr-sdk-1.0.0-beta1/gnu/riscv64-zephyr-elf/riscv64-zephyr-elf/sys-include/sys/syslimits.h:103:9: note: this is the location of the previous definition
  103 | #define _POSIX2_BC_STRING_MAX   1000
      |         ^~~~~~~~~~~~~~~~~~~~~
/scratch/dima/rose-infra/RoSE/soc/sw/xpu-rt/zephyr-chipyard-sw/zephyr_ws/zephyr/include/zephyr/posix/posix_limits.h:64:9: warning: "_POSIX2_CHARCLASS_NAME_MAX" redefined
   64 | #define _POSIX2_CHARCLASS_NAME_MAX          (14)
      |         ^~~~~~~~~~~~~~~~~~~~~~~~~~
/scratch/dima/rose-infra/RoSE/soc/sw/xpu-rt/zephyr-chipyard-sw/tools-manual/zephyr-sdk-1.0.0-beta1/gnu/riscv64-zephyr-elf/riscv64-zephyr-elf/sys-include/sys/syslimits.h:104:9: note: this is the location of the previous definition
  104 | #define _POSIX2_CHARCLASS_NAME_MAX      14
      |         ^~~~~~~~~~~~~~~~~~~~~~~~~~
/scratch/dima/rose-infra/RoSE/soc/sw/xpu-rt/zephyr-chipyard-sw/zephyr_ws/zephyr/include/zephyr/posix/posix_limits.h:65:9: warning: "_POSIX2_COLL_WEIGHTS_MAX" redefined
   65 | #define _POSIX2_COLL_WEIGHTS_MAX            (2)
      |         ^~~~~~~~~~~~~~~~~~~~~~~~
/scratch/dima/rose-infra/RoSE/soc/sw/xpu-rt/zephyr-chipyard-sw/tools-manual/zephyr-sdk-1.0.0-beta1/gnu/riscv64-zephyr-elf/riscv64-zephyr-elf/sys-include/sys/syslimits.h:105:9: note: this is the location of the previous definition
  105 | #define _POSIX2_COLL_WEIGHTS_MAX        2
      |         ^~~~~~~~~~~~~~~~~~~~~~~~
/scratch/dima/rose-infra/RoSE/soc/sw/xpu-rt/zephyr-chipyard-sw/zephyr_ws/zephyr/include/zephyr/posix/posix_limits.h:66:9: warning: "_POSIX2_EXPR_NEST_MAX" redefined
   66 | #define _POSIX2_EXPR_NEST_MAX               (32)
      |         ^~~~~~~~~~~~~~~~~~~~~
/scratch/dima/rose-infra/RoSE/soc/sw/xpu-rt/zephyr-chipyard-sw/tools-manual/zephyr-sdk-1.0.0-beta1/gnu/riscv64-zephyr-elf/riscv64-zephyr-elf/sys-include/sys/syslimits.h:106:9: note: this is the location of the previous definition
  106 | #define _POSIX2_EXPR_NEST_MAX   32
      |         ^~~~~~~~~~~~~~~~~~~~~
/scratch/dima/rose-infra/RoSE/soc/sw/xpu-rt/zephyr-chipyard-sw/zephyr_ws/zephyr/include/zephyr/posix/posix_limits.h:67:9: warning: "_POSIX2_LINE_MAX" redefined
   67 | #define _POSIX2_LINE_MAX                    (2048)
      |         ^~~~~~~~~~~~~~~~
/scratch/dima/rose-infra/RoSE/soc/sw/xpu-rt/zephyr-chipyard-sw/tools-manual/zephyr-sdk-1.0.0-beta1/gnu/riscv64-zephyr-elf/riscv64-zephyr-elf/sys-include/sys/syslimits.h:107:9: note: this is the location of the previous definition
  107 | #define _POSIX2_LINE_MAX        2048
      |         ^~~~~~~~~~~~~~~~
/scratch/dima/rose-infra/RoSE/soc/sw/xpu-rt/zephyr-chipyard-sw/zephyr_ws/zephyr/include/zephyr/posix/posix_limits.h:83:9: warning: "ARG_MAX" redefined
   83 | #define ARG_MAX                       _POSIX_ARG_MAX
      |         ^~~~~~~
/scratch/dima/rose-infra/RoSE/soc/sw/xpu-rt/zephyr-chipyard-sw/tools-manual/zephyr-sdk-1.0.0-beta1/gnu/riscv64-zephyr-elf/riscv64-zephyr-elf/sys-include/sys/syslimits.h:41:9: note: this is the location of the previous definition
   41 | #define ARG_MAX                 65536   /* max bytes for an exec function */
      |         ^~~~~~~
/scratch/dima/rose-infra/RoSE/soc/sw/xpu-rt/zephyr-chipyard-sw/zephyr_ws/zephyr/include/zephyr/posix/posix_limits.h:84:9: warning: "ATEXIT_MAX" redefined
   84 | #define ATEXIT_MAX                    (32)
      |         ^~~~~~~~~~
/scratch/dima/rose-infra/RoSE/soc/sw/xpu-rt/zephyr-chipyard-sw/tools-manual/zephyr-sdk-1.0.0-beta1/gnu/riscv64-zephyr-elf/riscv64-zephyr-elf/sys-include/sys/syslimits.h:42:9: note: this is the location of the previous definition
   42 | #define ATEXIT_MAX                 32   /* max atexit functions */
      |         ^~~~~~~~~~
/scratch/dima/rose-infra/RoSE/soc/sw/xpu-rt/zephyr-chipyard-sw/zephyr_ws/zephyr/include/zephyr/posix/posix_limits.h:93:9: warning: "OPEN_MAX" redefined
   93 | #define OPEN_MAX                      CONFIG_POSIX_OPEN_MAX
      |         ^~~~~~~~
/scratch/dima/rose-infra/RoSE/soc/sw/xpu-rt/zephyr-chipyard-sw/tools-manual/zephyr-sdk-1.0.0-beta1/gnu/riscv64-zephyr-elf/riscv64-zephyr-elf/sys-include/sys/syslimits.h:45:9: note: this is the location of the previous definition
   45 | #define OPEN_MAX                   64   /* max open files per process */
      |         ^~~~~~~~
/scratch/dima/rose-infra/RoSE/soc/sw/xpu-rt/zephyr-chipyard-sw/zephyr_ws/zephyr/include/zephyr/posix/posix_limits.h:96:9: warning: "PATH_MAX" redefined
   96 | #define PATH_MAX                      _POSIX_PATH_MAX
      |         ^~~~~~~~
/scratch/dima/rose-infra/RoSE/soc/sw/xpu-rt/zephyr-chipyard-sw/tools-manual/zephyr-sdk-1.0.0-beta1/gnu/riscv64-zephyr-elf/riscv64-zephyr-elf/sys-include/sys/syslimits.h:53:9: note: this is the location of the previous definition
   53 | #define PATH_MAX                 1024   /* max bytes in pathname */
      |         ^~~~~~~~
/scratch/dima/rose-infra/RoSE/soc/sw/xpu-rt/zephyr-chipyard-sw/zephyr_ws/zephyr/include/zephyr/posix/posix_limits.h:114:9: warning: "TZNAME_MAX" redefined
  114 | #define TZNAME_MAX                    _POSIX_TZNAME_MAX
      |         ^~~~~~~~~~
/scratch/dima/rose-infra/RoSE/soc/sw/xpu-rt/zephyr-chipyard-sw/tools-manual/zephyr-sdk-1.0.0-beta1/gnu/riscv64-zephyr-elf/riscv64-zephyr-elf/sys-include/sys/syslimits.h:46:9: note: this is the location of the previous definition
   46 | #define TZNAME_MAX                 10   /* max time zone name length */
      |         ^~~~~~~~~~
[81/127] Building C object zephyr/kernel/CMakeFiles/kernel.dir/device.c.obj
[82/127] Linking C static library zephyr/lib/libc/common/liblib__libc__common.a
[83/127] Linking C static library zephyr/drivers/timer/libdrivers__timer.a
[84/127] Building C object zephyr/CMakeFiles/zephyr.dir/lib/utils/bitarray.c.obj
[85/127] Linking C static library zephyr/drivers/serial/libdrivers__serial.a
[86/127] Linking C static library zephyr/drivers/console/libdrivers__console.a
[87/127] Building C object zephyr/kernel/CMakeFiles/kernel.dir/system_work_q.c.obj
[88/127] Building C object zephyr/kernel/CMakeFiles/kernel.dir/idle.c.obj
[89/127] Building C object zephyr/CMakeFiles/zephyr.dir/lib/os/cbprintf_packaged.c.obj
[90/127] Building C object zephyr/CMakeFiles/zephyr.dir/lib/heap/heap.c.obj
[91/127] Linking C static library zephyr/lib/posix/c_lib_ext/liblib__posix__c_lib_ext.a
[92/127] Building C object zephyr/kernel/CMakeFiles/kernel.dir/dynamic_disabled.c.obj
[93/127] Building C object zephyr/kernel/CMakeFiles/kernel.dir/init.c.obj
[94/127] Building C object zephyr/kernel/CMakeFiles/kernel.dir/float.c.obj
[95/127] Building C object zephyr/kernel/CMakeFiles/kernel.dir/mem_slab.c.obj
[96/127] Building C object zephyr/drivers/interrupt_controller/CMakeFiles/drivers__interrupt_controller.dir/intc_plic.c.obj
[97/127] Building C object zephyr/kernel/CMakeFiles/kernel.dir/fatal.c.obj
[98/127] Building C object zephyr/kernel/CMakeFiles/kernel.dir/stack.c.obj
[99/127] Building C object zephyr/kernel/CMakeFiles/kernel.dir/mailbox.c.obj
[100/127] Building C object CMakeFiles/app.dir/scratch/dima/rose-infra/RoSE/soc/sw/xpu-rt/zephyr-chipyard-sw/modelblaster/examples/octo_small/int8/generated/scalar/kernels.c.obj
/scratch/dima/rose-infra/RoSE/soc/sw/xpu-rt/zephyr-chipyard-sw/modelblaster/examples/octo_small/int8/generated/scalar/kernels.c: In function 'kernel_mul_c1_s8_octo_small':
/scratch/dima/rose-infra/RoSE/soc/sw/xpu-rt/zephyr-chipyard-sw/modelblaster/examples/octo_small/int8/generated/scalar/kernels.c:295:11: warning: unused variable 'k' [-Wunused-variable]
  295 |     float k = (scale_gate * scale_x) / scale_out;
      |           ^
[101/127] Building C object zephyr/kernel/CMakeFiles/kernel.dir/timeslicing.c.obj
[102/127] Building C object zephyr/kernel/CMakeFiles/kernel.dir/mempool.c.obj
[103/127] Building C object zephyr/kernel/CMakeFiles/kernel.dir/kheap.c.obj
[104/127] Building C object zephyr/kernel/CMakeFiles/kernel.dir/sem.c.obj
[105/127] Building C object zephyr/kernel/CMakeFiles/kernel.dir/condvar.c.obj
[106/127] Linking C static library zephyr/drivers/interrupt_controller/libdrivers__interrupt_controller.a
[107/127] Building C object zephyr/kernel/CMakeFiles/kernel.dir/msg_q.c.obj
[108/127] Building C object zephyr/kernel/CMakeFiles/kernel.dir/mutex.c.obj
[109/127] Building C object zephyr/kernel/CMakeFiles/kernel.dir/thread.c.obj
[110/127] Building C object zephyr/kernel/CMakeFiles/kernel.dir/pipe.c.obj
[111/127] Building C object zephyr/kernel/CMakeFiles/kernel.dir/timeout.c.obj
[112/127] Building C object zephyr/kernel/CMakeFiles/kernel.dir/timer.c.obj
[113/127] Building C object zephyr/kernel/CMakeFiles/kernel.dir/queue.c.obj
[114/127] Building C object zephyr/CMakeFiles/zephyr.dir/lib/os/cbprintf_complete.c.obj
[115/127] Linking C static library zephyr/libzephyr.a
[116/127] Building C object zephyr/kernel/CMakeFiles/kernel.dir/work.c.obj
[117/127] Building C object zephyr/kernel/CMakeFiles/kernel.dir/sched.c.obj
[118/127] Linking C static library zephyr/kernel/libkernel.a
[119/127] Building C object CMakeFiles/app.dir/scratch/dima/rose-infra/RoSE/soc/sw/xpu-rt/zephyr-chipyard-sw/modelblaster/examples/octo_small/int8/generated/scalar/model.c.obj
[120/127] Building C object CMakeFiles/app.dir/scratch/dima/rose-infra/RoSE/soc/sw/xpu-rt/zephyr-chipyard-sw/modelblaster/examples/octo_small/int8/generated/scalar/weights.c.obj
[121/127] Linking C static library app/libapp.a
[122/127] Linking C executable zephyr/zephyr_pre0.elf
[123/127] Generating linker.cmd
[124/127] Generating isr_tables.c, isr_tables_vt.ld, isr_tables_swi.ld
[125/127] Building C object zephyr/CMakeFiles/zephyr_final.dir/misc/empty_file.c.obj
[126/127] Building C object zephyr/CMakeFiles/zephyr_final.dir/isr_tables.c.obj
[127/127] Linking C executable zephyr/zephyr.elf
Memory region         Used Size  Region Size  %age Used
             RAM:   221126752 B       256 MB     82.38%
        IDT_LIST:           0 B         4 KB      0.00%
Generating files from /scratch/dima/rose-infra/RoSE/soc/sw/xpu-rt/zephyr-chipyard-sw/modelblaster/examples/octo_small/int8/build/scalar/zephyr/zephyr.elf for board: spike_riscv64
MODELBLASTER_STAGE_END:build:35.153
[5/5] spike + compare
MODELBLASTER_STAGE_BEGIN:run
spike: /scratch2/dima/misc_sw/spike
=== MODELBLASTER_RAW_SPIKE_BEGIN ===
*** Booting Zephyr OS build ceb2b9c3fcc2 ***
modelblaster harness: model=octo_small in=503928 out=56
=== MODELBLASTER_VERIFY === max_abs_err=8 max_rel_err=6.99999977e+12 n=56
=== MODELBLASTER_OUTPUT_BEGIN ===
-9
-12
7
-6
6
10
-31
-27
10
-3
7
-7
3
-9
20
-2
-15
-18
5
8
-20
-12
-7
14
8
-4
-5
-30
15
16
12
-8
-7
3
-15
0
-1
2
7
2
4
-14
-7
-11
5
16
7
-8
-26
5
-4
-9
-17
-4
4
7
=== MODELBLASTER_OUTPUT_END ===
=== MODELBLASTER_PROFILE_BEGIN ===
dispatch_id,name,op,shape,cycles
0,linear,linear_s8_pc,M=16;K=768;N=384,71000309
1,add,add_s8,n=6144,263352
2,cat,cat2_c1_s8,N=2;H=256;W=256;C_total=6;C_inputs=3|3,40894718
3,conv2d,conv2d_s8_pc,N=2;IC=6;IH=256;IW=256;OC=32;KH=3;KW=3;SH=2;SW=2;PH=1;PW=1;DH=1;DW=1;groups=1,1550271075
4,layer_norm,layer_norm_s8,M=64;K=16384,70711016
5,mul,mul_c1_s8,N=2;C=32;HW=16384,21455504
6,add_1,add_c1_s8,N=2;C=32;HW=16384,20363282
7,relu,relu_s8,n=1048576,12996550
8,conv2d_1,conv2d_s8_pc,N=2;IC=32;IH=128;IW=128;OC=96;KH=3;KW=3;SH=2;SW=2;PH=1;PW=1;DH=1;DW=1;groups=1,6047564005
9,layer_norm_1,layer_norm_s8,M=64;K=12288,52909776
10,mul_1,mul_c1_s8,N=2;C=96;HW=4096,16075824
11,add_2,add_c1_s8,N=2;C=96;HW=4096,15326936
12,relu_1,relu_s8,n=786432,9796710
13,conv2d_2,conv2d_s8_pc,N=2;IC=96;IH=64;IW=64;OC=192;KH=3;KW=3;SH=2;SW=2;PH=1;PW=1;DH=1;DW=1;groups=1,8970473661
14,layer_norm_2,layer_norm_s8,M=64;K=6144,26592895
15,mul_2,mul_c1_s8,N=2;C=192;HW=1024,8042038
16,add_3,add_c1_s8,N=2;C=192;HW=1024,7681904
17,relu_2,relu_s8,n=393216,4918204
18,conv2d_3,conv2d_s8_pc,N=2;IC=192;IH=32;IW=32;OC=384;KH=3;KW=3;SH=2;SW=2;PH=1;PW=1;DH=1;DW=1;groups=1,8822157495
19,layer_norm_3,layer_norm_s8,M=64;K=3072,13324749
20,mul_3,mul_c1_s8,N=2;C=384;HW=256,4039294
21,add_4,add_c1_s8,N=2;C=384;HW=256,3864620
22,relu_3,relu_s8,n=196608,2478226
23,conv2d_4,conv2d_s8_pc,N=2;IC=384;IH=16;IW=16;OC=512;KH=1;KW=1;SH=1;SW=1;PH=0;PW=0;DH=1;DW=1;groups=1,4540088508
24,permute,permute4_s8,d0=2;d1=512;d2=16;d3=16;p0=0;p1=2;p2=3;p3=1,2889091
25,linear_1,linear_s8_pc,M=512;K=512;N=384,1517033033
26,slice_1,slice_c_s8,N=1;IC=10;C_start=0;C_end=2;H=256;W=384,9805182
27,add_5,add_s8,n=196608,8403054
28,cat_1,cat2_c1_s8,N=2;H=128;W=128;C_total=6;C_inputs=3|3,10905511
29,conv2d_5,conv2d_s8_pc,N=2;IC=6;IH=128;IW=128;OC=32;KH=3;KW=3;SH=2;SW=2;PH=1;PW=1;DH=1;DW=1;groups=1,386118211
30,layer_norm_4,layer_norm_s8,M=64;K=4096,17754580
31,mul_4,mul_c1_s8,N=2;C=32;HW=4096,5374674
32,add_6,add_c1_s8,N=2;C=32;HW=4096,5100122
33,relu_4,relu_s8,n=262144,3263196
34,conv2d_6,conv2d_s8_pc,N=2;IC=32;IH=64;IW=64;OC=96;KH=3;KW=3;SH=2;SW=2;PH=1;PW=1;DH=1;DW=1;groups=1,1500125389
35,layer_norm_5,layer_norm_s8,M=64;K=3072,13267431
36,mul_5,mul_c1_s8,N=2;C=96;HW=1024,4023682
37,add_7,add_c1_s8,N=2;C=96;HW=1024,3843854
38,relu_5,relu_s8,n=196608,2462090
39,conv2d_7,conv2d_s8_pc,N=2;IC=96;IH=32;IW=32;OC=192;KH=3;KW=3;SH=2;SW=2;PH=1;PW=1;DH=1;DW=1;groups=1,2207459545
40,layer_norm_6,layer_norm_s8,M=64;K=1536,6648394
41,mul_6,mul_c1_s8,N=2;C=192;HW=256,2015726
42,add_8,add_c1_s8,N=2;C=192;HW=256,1926850
43,relu_6,relu_s8,n=98304,1233132
44,conv2d_8,conv2d_s8_pc,N=2;IC=192;IH=16;IW=16;OC=384;KH=3;KW=3;SH=2;SW=2;PH=1;PW=1;DH=1;DW=1;groups=1,2136115389
45,layer_norm_7,layer_norm_s8,M=64;K=768,3332570
46,mul_7,mul_c1_s8,N=2;C=384;HW=64,1016636
47,add_9,add_c1_s8,N=2;C=384;HW=64,972190
48,relu_7,relu_s8,n=49152,619274
49,conv2d_9,conv2d_s8_pc,N=2;IC=384;IH=8;IW=8;OC=512;KH=1;KW=1;SH=1;SW=1;PH=0;PW=0;DH=1;DW=1;groups=1,1135108278
50,permute_1,permute4_s8,d0=2;d1=512;d2=8;d3=8;p0=0;p1=2;p2=3;p3=1,722451
51,linear_2,linear_s8_pc,M=128;K=512;N=384,379258309
52,slice_2,slice_c_s8,N=1;IC=10;C_start=0;C_end=2;H=64;W=384,2452314
53,add_10,add_s8,n=49152,2100858
54,cat_2,cat2_c1_s8,N=1;H=16;W=384;C_total=2;C_inputs=1|1,722258
55,slice_3,slice_c_s8,N=1;IC=10;C_start=0;C_end=2;H=1;W=384,5478
56,slice_4,slice_c_s8,N=2;IC=256;C_start=0;C_end=1;H=1;W=384,38273
57,cat_3,cat4_c1_s8,N=2;H=1;W=384;C_total=337;C_inputs=256|64|16|1,14931623
58,cat_4,cat2_c1_s8,N=1;H=1;W=384;C_total=690;C_inputs=16|674,15539578
59,layer_norm_8,layer_norm_s8,M=690;K=384,20116055
60,linear_3,linear_s8_pc,M=690;K=384;N=384,1535715894
61,transpose,permute4_s8,d0=1;d1=690;d2=6;d3=64;p0=0;p1=2;p2=1;p3=3,2956156
62,linear_4,linear_s8_pc,M=690;K=384;N=384,1535715862
63,transpose_1,permute4_s8,d0=1;d1=690;d2=6;d3=64;p0=0;p1=2;p2=1;p3=3,2956156
64,linear_5,linear_s8_pc,M=690;K=384;N=384,1535715836
65,transpose_2,permute4_s8,d0=1;d1=690;d2=6;d3=64;p0=0;p1=2;p2=1;p3=3,2956156
66,matmul,matmul_b_s8,B=6;M=690;K=64;N=690,2736129547
67,add_11,add_tile_s8,OUTER=6;INNER=476100,67653658
68,softmax,softmax_s8,M=4140;K=690,647769942
69,matmul_1,matmul_b_s8,B=6;M=690;K=690;N=64,2210264179
70,transpose_4,permute4_s8,d0=1;d1=6;d2=690;d3=64;p0=0;p1=2;p2=1;p3=3,2960944
71,linear_6,linear_s8_pc,M=690;K=384;N=384,1535715825
72,add_12,add_s8,n=264960,11316221
73,layer_norm_9,layer_norm_s8,M=690;K=384,20111180
74,linear_7,linear_s8_pc,M=690;K=384;N=1536,6142840419
75,gelu,gelu_s8,n=1059840,151970976
76,linear_8,linear_s8_pc,M=690;K=1536;N=384,6114224617
77,add_13,add_s8,n=264960,11337984
78,layer_norm_10,layer_norm_s8,M=690;K=384,20115164
79,linear_9,linear_s8_pc,M=690;K=384;N=384,1535715839
80,transpose_5,permute4_s8,d0=1;d1=690;d2=6;d3=64;p0=0;p1=2;p2=1;p3=3,2956156
81,linear_10,linear_s8_pc,M=690;K=384;N=384,1535715836
82,transpose_6,permute4_s8,d0=1;d1=690;d2=6;d3=64;p0=0;p1=2;p2=1;p3=3,2956156
83,linear_11,linear_s8_pc,M=690;K=384;N=384,1535715922
84,transpose_7,permute4_s8,d0=1;d1=690;d2=6;d3=64;p0=0;p1=2;p2=1;p3=3,2956156
85,matmul_2,matmul_b_s8,B=6;M=690;K=64;N=690,2736205712
86,add_14,add_tile_s8,OUTER=6;INNER=476100,68156949
87,softmax_1,softmax_s8,M=4140;K=690,648932612
88,matmul_3,matmul_b_s8,B=6;M=690;K=690;N=64,2210286814
89,transpose_9,permute4_s8,d0=1;d1=6;d2=690;d3=64;p0=0;p1=2;p2=1;p3=3,2960944
90,linear_12,linear_s8_pc,M=690;K=384;N=384,1535715881
91,add_15,add_s8,n=264960,11322551
92,layer_norm_11,layer_norm_s8,M=690;K=384,20114996
93,linear_13,linear_s8_pc,M=690;K=384;N=1536,6142840368
94,gelu_1,gelu_s8,n=1059840,151091190
95,linear_14,linear_s8_pc,M=690;K=1536;N=384,6114224662
96,add_16,add_s8,n=264960,11338940
97,layer_norm_12,layer_norm_s8,M=690;K=384,20116615
98,linear_15,linear_s8_pc,M=690;K=384;N=384,1535715831
99,transpose_10,permute4_s8,d0=1;d1=690;d2=6;d3=64;p0=0;p1=2;p2=1;p3=3,2956156
100,linear_16,linear_s8_pc,M=690;K=384;N=384,1535715827
101,transpose_11,permute4_s8,d0=1;d1=690;d2=6;d3=64;p0=0;p1=2;p2=1;p3=3,2956156
102,linear_17,linear_s8_pc,M=690;K=384;N=384,1535715868
103,transpose_12,permute4_s8,d0=1;d1=690;d2=6;d3=64;p0=0;p1=2;p2=1;p3=3,2956156
104,matmul_4,matmul_b_s8,B=6;M=690;K=64;N=690,2736119867
105,add_17,add_tile_s8,OUTER=6;INNER=476100,68071138
106,softmax_2,softmax_s8,M=4140;K=690,650783863
107,matmul_5,matmul_b_s8,B=6;M=690;K=690;N=64,2210277683
108,transpose_14,permute4_s8,d0=1;d1=6;d2=690;d3=64;p0=0;p1=2;p2=1;p3=3,2960944
109,linear_18,linear_s8_pc,M=690;K=384;N=384,1535715821
110,add_18,add_s8,n=264960,11343406
111,layer_norm_13,layer_norm_s8,M=690;K=384,20113611
112,linear_19,linear_s8_pc,M=690;K=384;N=1536,6142840628
113,gelu_2,gelu_s8,n=1059840,151265985
114,linear_20,linear_s8_pc,M=690;K=1536;N=384,6114224635
115,add_19,add_s8,n=264960,11350202
116,layer_norm_14,layer_norm_s8,M=690;K=384,20111251
117,linear_21,linear_s8_pc,M=690;K=384;N=384,1535715865
118,transpose_15,permute4_s8,d0=1;d1=690;d2=6;d3=64;p0=0;p1=2;p2=1;p3=3,2956156
119,linear_22,linear_s8_pc,M=690;K=384;N=384,1535715852
120,transpose_16,permute4_s8,d0=1;d1=690;d2=6;d3=64;p0=0;p1=2;p2=1;p3=3,2956156
121,linear_23,linear_s8_pc,M=690;K=384;N=384,1535715843
122,transpose_17,permute4_s8,d0=1;d1=690;d2=6;d3=64;p0=0;p1=2;p2=1;p3=3,2956156
123,matmul_6,matmul_b_s8,B=6;M=690;K=64;N=690,2736265690
124,add_20,add_tile_s8,OUTER=6;INNER=476100,68080085
125,softmax_3,softmax_s8,M=4140;K=690,650407004
126,matmul_7,matmul_b_s8,B=6;M=690;K=690;N=64,2210297412
127,transpose_19,permute4_s8,d0=1;d1=6;d2=690;d3=64;p0=0;p1=2;p2=1;p3=3,2960944
128,linear_24,linear_s8_pc,M=690;K=384;N=384,1535715823
129,add_21,add_s8,n=264960,11347277
130,layer_norm_15,layer_norm_s8,M=690;K=384,20114523
131,linear_25,linear_s8_pc,M=690;K=384;N=1536,6142840410
132,gelu_3,gelu_s8,n=1059840,152717882
133,linear_26,linear_s8_pc,M=690;K=1536;N=384,6114224637
134,add_22,add_s8,n=264960,11319832
135,layer_norm_16,layer_norm_s8,M=690;K=384,20106668
136,linear_27,linear_s8_pc,M=690;K=384;N=384,1535715859
137,transpose_20,permute4_s8,d0=1;d1=690;d2=6;d3=64;p0=0;p1=2;p2=1;p3=3,2956156
138,linear_28,linear_s8_pc,M=690;K=384;N=384,1535715828
139,transpose_21,permute4_s8,d0=1;d1=690;d2=6;d3=64;p0=0;p1=2;p2=1;p3=3,2956156
140,linear_29,linear_s8_pc,M=690;K=384;N=384,1535715841
141,transpose_22,permute4_s8,d0=1;d1=690;d2=6;d3=64;p0=0;p1=2;p2=1;p3=3,2956156
142,matmul_8,matmul_b_s8,B=6;M=690;K=64;N=690,2736242266
143,add_23,add_tile_s8,OUTER=6;INNER=476100,68126852
144,softmax_4,softmax_s8,M=4140;K=690,646804594
145,matmul_9,matmul_b_s8,B=6;M=690;K=690;N=64,2210265854
146,transpose_24,permute4_s8,d0=1;d1=6;d2=690;d3=64;p0=0;p1=2;p2=1;p3=3,2960944
147,linear_30,linear_s8_pc,M=690;K=384;N=384,1535715821
148,add_24,add_s8,n=264960,11329598
149,layer_norm_17,layer_norm_s8,M=690;K=384,20104895
150,linear_31,linear_s8_pc,M=690;K=384;N=1536,6142840396
151,gelu_4,gelu_s8,n=1059840,169083664
152,linear_32,linear_s8_pc,M=690;K=1536;N=384,6114224660
153,add_25,add_s8,n=264960,11283160
154,layer_norm_18,layer_norm_s8,M=690;K=384,20105684
155,linear_33,linear_s8_pc,M=690;K=384;N=384,1535715883
156,transpose_25,permute4_s8,d0=1;d1=690;d2=6;d3=64;p0=0;p1=2;p2=1;p3=3,2956156
157,linear_34,linear_s8_pc,M=690;K=384;N=384,1535715828
158,transpose_26,permute4_s8,d0=1;d1=690;d2=6;d3=64;p0=0;p1=2;p2=1;p3=3,2956156
159,linear_35,linear_s8_pc,M=690;K=384;N=384,1535715858
160,transpose_27,permute4_s8,d0=1;d1=690;d2=6;d3=64;p0=0;p1=2;p2=1;p3=3,2956156
161,matmul_10,matmul_b_s8,B=6;M=690;K=64;N=690,2736370198
162,add_26,add_tile_s8,OUTER=6;INNER=476100,68307620
163,softmax_5,softmax_s8,M=4140;K=690,645778270
164,matmul_11,matmul_b_s8,B=6;M=690;K=690;N=64,2210271683
165,transpose_29,permute4_s8,d0=1;d1=6;d2=690;d3=64;p0=0;p1=2;p2=1;p3=3,2960944
166,linear_36,linear_s8_pc,M=690;K=384;N=384,1535715823
167,add_27,add_s8,n=264960,11303236
168,layer_norm_19,layer_norm_s8,M=690;K=384,20095122
169,linear_37,linear_s8_pc,M=690;K=384;N=1536,6142840553
170,gelu_5,gelu_s8,n=1059840,174055949
171,linear_38,linear_s8_pc,M=690;K=1536;N=384,6114224746
172,add_28,add_s8,n=264960,11292974
173,layer_norm_20,layer_norm_s8,M=690;K=384,20098005
174,linear_39,linear_s8_pc,M=690;K=384;N=384,1535715840
175,transpose_30,permute4_s8,d0=1;d1=690;d2=6;d3=64;p0=0;p1=2;p2=1;p3=3,2956156
176,linear_40,linear_s8_pc,M=690;K=384;N=384,1535715819
177,transpose_31,permute4_s8,d0=1;d1=690;d2=6;d3=64;p0=0;p1=2;p2=1;p3=3,2956156
178,linear_41,linear_s8_pc,M=690;K=384;N=384,1535715847
179,transpose_32,permute4_s8,d0=1;d1=690;d2=6;d3=64;p0=0;p1=2;p2=1;p3=3,2956156
180,matmul_12,matmul_b_s8,B=6;M=690;K=64;N=690,2736330353
181,add_29,add_tile_s8,OUTER=6;INNER=476100,68317841
182,softmax_6,softmax_s8,M=4140;K=690,646275285
183,matmul_13,matmul_b_s8,B=6;M=690;K=690;N=64,2210287910
184,transpose_34,permute4_s8,d0=1;d1=6;d2=690;d3=64;p0=0;p1=2;p2=1;p3=3,2960944
185,linear_42,linear_s8_pc,M=690;K=384;N=384,1535715821
186,add_30,add_s8,n=264960,11296263
187,layer_norm_21,layer_norm_s8,M=690;K=384,20101154
188,linear_43,linear_s8_pc,M=690;K=384;N=1536,6142840447
189,gelu_6,gelu_s8,n=1059840,168227575
190,linear_44,linear_s8_pc,M=690;K=1536;N=384,6114224638
191,add_31,add_s8,n=264960,11261050
192,layer_norm_22,layer_norm_s8,M=690;K=384,20097267
193,linear_45,linear_s8_pc,M=690;K=384;N=384,1535715844
194,transpose_35,permute4_s8,d0=1;d1=690;d2=6;d3=64;p0=0;p1=2;p2=1;p3=3,2956156
195,linear_46,linear_s8_pc,M=690;K=384;N=384,1535715823
196,transpose_36,permute4_s8,d0=1;d1=690;d2=6;d3=64;p0=0;p1=2;p2=1;p3=3,2956156
197,linear_47,linear_s8_pc,M=690;K=384;N=384,1535715835
198,transpose_37,permute4_s8,d0=1;d1=690;d2=6;d3=64;p0=0;p1=2;p2=1;p3=3,2956156
199,matmul_14,matmul_b_s8,B=6;M=690;K=64;N=690,2736410984
200,add_32,add_tile_s8,OUTER=6;INNER=476100,68352129
201,softmax_7,softmax_s8,M=4140;K=690,645706362
202,matmul_15,matmul_b_s8,B=6;M=690;K=690;N=64,2210276126
203,transpose_39,permute4_s8,d0=1;d1=6;d2=690;d3=64;p0=0;p1=2;p2=1;p3=3,2960944
204,linear_48,linear_s8_pc,M=690;K=384;N=384,1535715817
205,add_33,add_s8,n=264960,11271445
206,layer_norm_23,layer_norm_s8,M=690;K=384,20077720
207,linear_49,linear_s8_pc,M=690;K=384;N=1536,6142840374
208,gelu_7,gelu_s8,n=1059840,153507374
209,linear_50,linear_s8_pc,M=690;K=1536;N=384,6114224622
210,add_34,add_s8,n=264960,11277166
211,layer_norm_24,layer_norm_s8,M=690;K=384,20102940
212,linear_51,linear_s8_pc,M=690;K=384;N=384,1535715857
213,transpose_40,permute4_s8,d0=1;d1=690;d2=6;d3=64;p0=0;p1=2;p2=1;p3=3,2956156
214,linear_52,linear_s8_pc,M=690;K=384;N=384,1535715825
215,transpose_41,permute4_s8,d0=1;d1=690;d2=6;d3=64;p0=0;p1=2;p2=1;p3=3,2956156
216,linear_53,linear_s8_pc,M=690;K=384;N=384,1535715846
217,transpose_42,permute4_s8,d0=1;d1=690;d2=6;d3=64;p0=0;p1=2;p2=1;p3=3,2956156
218,matmul_16,matmul_b_s8,B=6;M=690;K=64;N=690,2736393893
219,add_35,add_tile_s8,OUTER=6;INNER=476100,68367322
220,softmax_8,softmax_s8,M=4140;K=690,646510812
221,matmul_17,matmul_b_s8,B=6;M=690;K=690;N=64,2210286838
222,transpose_44,permute4_s8,d0=1;d1=6;d2=690;d3=64;p0=0;p1=2;p2=1;p3=3,2960944
223,linear_54,linear_s8_pc,M=690;K=384;N=384,1535715817
224,add_36,add_s8,n=264960,11287240
225,layer_norm_25,layer_norm_s8,M=690;K=384,20073264
226,linear_55,linear_s8_pc,M=690;K=384;N=1536,6142840560
227,gelu_8,gelu_s8,n=1059840,141842331
228,linear_56,linear_s8_pc,M=690;K=1536;N=384,6114224633
229,add_37,add_s8,n=264960,11246361
230,layer_norm_26,layer_norm_s8,M=690;K=384,20097495
231,linear_57,linear_s8_pc,M=690;K=384;N=384,1535715829
232,transpose_45,permute4_s8,d0=1;d1=690;d2=6;d3=64;p0=0;p1=2;p2=1;p3=3,2956156
233,linear_58,linear_s8_pc,M=690;K=384;N=384,1535715821
234,transpose_46,permute4_s8,d0=1;d1=690;d2=6;d3=64;p0=0;p1=2;p2=1;p3=3,2956156
235,linear_59,linear_s8_pc,M=690;K=384;N=384,1535715835
236,transpose_47,permute4_s8,d0=1;d1=690;d2=6;d3=64;p0=0;p1=2;p2=1;p3=3,2956156
237,matmul_18,matmul_b_s8,B=6;M=690;K=64;N=690,2736264133
238,add_38,add_tile_s8,OUTER=6;INNER=476100,68270578
239,softmax_9,softmax_s8,M=4140;K=690,651141924
240,matmul_19,matmul_b_s8,B=6;M=690;K=690;N=64,2210302128
241,transpose_49,permute4_s8,d0=1;d1=6;d2=690;d3=64;p0=0;p1=2;p2=1;p3=3,2960944
242,linear_60,linear_s8_pc,M=690;K=384;N=384,1535716018
243,add_39,add_s8,n=264960,11230441
244,layer_norm_27,layer_norm_s8,M=690;K=384,20038397
245,linear_61,linear_s8_pc,M=690;K=384;N=1536,6142840415
246,gelu_9,gelu_s8,n=1059840,132847681
247,linear_62,linear_s8_pc,M=690;K=1536;N=384,6114224621
248,add_40,add_s8,n=264960,11174302
249,layer_norm_28,layer_norm_s8,M=690;K=384,20030003
250,linear_63,linear_s8_pc,M=690;K=384;N=384,1535715818
251,transpose_50,permute4_s8,d0=1;d1=690;d2=6;d3=64;p0=0;p1=2;p2=1;p3=3,2956156
252,linear_64,linear_s8_pc,M=690;K=384;N=384,1535715836
253,transpose_51,permute4_s8,d0=1;d1=690;d2=6;d3=64;p0=0;p1=2;p2=1;p3=3,2956156
254,linear_65,linear_s8_pc,M=690;K=384;N=384,1535715845
255,transpose_52,permute4_s8,d0=1;d1=690;d2=6;d3=64;p0=0;p1=2;p2=1;p3=3,2956156
256,matmul_20,matmul_b_s8,B=6;M=690;K=64;N=690,2736215899
257,add_41,add_tile_s8,OUTER=6;INNER=476100,68395336
258,softmax_10,softmax_s8,M=4140;K=690,645953156
259,matmul_21,matmul_b_s8,B=6;M=690;K=690;N=64,2210299350
260,transpose_54,permute4_s8,d0=1;d1=6;d2=690;d3=64;p0=0;p1=2;p2=1;p3=3,2960944
261,linear_66,linear_s8_pc,M=690;K=384;N=384,1535715824
262,add_42,add_s8,n=264960,11152532
263,layer_norm_29,layer_norm_s8,M=690;K=384,20022323
264,linear_67,linear_s8_pc,M=690;K=384;N=1536,6142840796
265,gelu_10,gelu_s8,n=1059840,128312147
266,linear_68,linear_s8_pc,M=690;K=1536;N=384,6114224625
267,add_43,add_s8,n=264960,11062927
268,layer_norm_30,layer_norm_s8,M=690;K=384,20018041
269,linear_69,linear_s8_pc,M=690;K=384;N=384,1535715844
270,transpose_55,permute4_s8,d0=1;d1=690;d2=6;d3=64;p0=0;p1=2;p2=1;p3=3,2956156
271,linear_70,linear_s8_pc,M=690;K=384;N=384,1535715846
272,transpose_56,permute4_s8,d0=1;d1=690;d2=6;d3=64;p0=0;p1=2;p2=1;p3=3,2956156
273,linear_71,linear_s8_pc,M=690;K=384;N=384,1535715858
274,transpose_57,permute4_s8,d0=1;d1=690;d2=6;d3=64;p0=0;p1=2;p2=1;p3=3,2956156
275,matmul_22,matmul_b_s8,B=6;M=690;K=64;N=690,2736142908
276,add_44,add_tile_s8,OUTER=6;INNER=476100,67989536
277,softmax_11,softmax_s8,M=4140;K=690,650882038
278,matmul_23,matmul_b_s8,B=6;M=690;K=690;N=64,2210299019
279,transpose_59,permute4_s8,d0=1;d1=6;d2=690;d3=64;p0=0;p1=2;p2=1;p3=3,2960944
280,linear_72,linear_s8_pc,M=690;K=384;N=384,1535716028
281,add_45,add_s8,n=264960,11121755
282,layer_norm_31,layer_norm_s8,M=690;K=384,19943473
283,linear_73,linear_s8_pc,M=690;K=384;N=1536,6142840352
284,gelu_11,gelu_s8,n=1059840,119865790
285,linear_74,linear_s8_pc,M=690;K=1536;N=384,6114224714
286,add_46,add_s8,n=264960,10897100
287,layer_norm_32,layer_norm_s8,M=690;K=384,19891206
288,slice_5,slice_c_s8,N=1;IC=690;C_start=16;C_end=690;H=1;W=384,12735465
289,select,slice_c_s8,N=2;IC=337;C_start=336;C_end=337;H=1;W=384,37103
290,linear_75,linear_s8_pc,M=2;K=32;N=256,264283
291,linear_76,linear_s8_pc,M=2;K=384;N=256,2966616
292,add_47,add_s8,n=512,21902
293,linear_77,linear_s8_pc,M=2;K=28;N=256,232537
294,add_48,add_s8,n=512,21975
295,layer_norm_33,layer_norm_s8,M=2;K=256,39002
296,linear_78,linear_s8_pc,M=2;K=256;N=1024,7938137
297,sigmoid,sigmoid_s8,n=2048,232417
298,mul_20,mul_s8,n=2048,89845
299,linear_79,linear_s8_pc,M=2;K=1024;N=256,7882841
300,add_49,add_s8,n=512,21945
301,layer_norm_34,layer_norm_s8,M=2;K=256,38956
302,linear_80,linear_s8_pc,M=2;K=256;N=1024,7938137
303,sigmoid_1,sigmoid_s8,n=2048,232192
304,mul_21,mul_s8,n=2048,89866
305,linear_81,linear_s8_pc,M=2;K=1024;N=256,7882841
306,add_50,add_s8,n=512,21984
307,layer_norm_35,layer_norm_s8,M=2;K=256,38923
308,linear_82,linear_s8_pc,M=2;K=256;N=1024,7938137
309,sigmoid_2,sigmoid_s8,n=2048,233383
310,mul_22,mul_s8,n=2048,89054
311,linear_83,linear_s8_pc,M=2;K=1024;N=256,7882841
312,add_51,add_s8,n=512,21904
313,sigmoid_3,sigmoid_s8,n=512,60927
314,mul_23,mul_s8,n=512,22324
315,linear_84,linear_s8_pc,M=2;K=256;N=28,217144
=== MODELBLASTER_PROFILE_END ===
=== MODELBLASTER_WALL_CYCLES === 3312625900
=== MODELBLASTER_RAW_SPIKE_END ===
max_abs_err=8 max_rel_err=7e+12 (atol=0 rtol=0, in-binary)
FAIL

profile -> /scratch/dima/rose-infra/RoSE/soc/sw/xpu-rt/zephyr-chipyard-sw/modelblaster/examples/octo_small/int8/generated/profile.csv
name           op             shape                                                                               cycles      %
------------------------------------------------------------------------------------------------------------------------------
linear         linear_s8_pc   M=16;K=768;N=384                                                                  71000309    0.0
add            add_s8         n=6144                                                                              263352    0.0
cat            cat2_c1_s8     N=2;H=256;W=256;C_total=6;C_inputs=3|3                                            40894718    0.0
conv2d         conv2d_s8_pc   N=2;IC=6;IH=256;IW=256;OC=32;KH=3;KW=3;SH=2;SW=2;PH=1;PW=1;DH=1;DW=1;groups=1   1550271075    0.5
layer_norm     layer_norm_s8  M=64;K=16384                                                                      70711016    0.0
mul            mul_c1_s8      N=2;C=32;HW=16384                                                                 21455504    0.0
add_1          add_c1_s8      N=2;C=32;HW=16384                                                                 20363282    0.0
relu           relu_s8        n=1048576                                                                         12996550    0.0
conv2d_1       conv2d_s8_pc   N=2;IC=32;IH=128;IW=128;OC=96;KH=3;KW=3;SH=2;SW=2;PH=1;PW=1;DH=1;DW=1;groups=1  6047564005    1.8
layer_norm_1   layer_norm_s8  M=64;K=12288                                                                      52909776    0.0
mul_1          mul_c1_s8      N=2;C=96;HW=4096                                                                  16075824    0.0
add_2          add_c1_s8      N=2;C=96;HW=4096                                                                  15326936    0.0
relu_1         relu_s8        n=786432                                                                           9796710    0.0
conv2d_2       conv2d_s8_pc   N=2;IC=96;IH=64;IW=64;OC=192;KH=3;KW=3;SH=2;SW=2;PH=1;PW=1;DH=1;DW=1;groups=1   8970473661    2.7
layer_norm_2   layer_norm_s8  M=64;K=6144                                                                       26592895    0.0
mul_2          mul_c1_s8      N=2;C=192;HW=1024                                                                  8042038    0.0
add_3          add_c1_s8      N=2;C=192;HW=1024                                                                  7681904    0.0
relu_2         relu_s8        n=393216                                                                           4918204    0.0
conv2d_3       conv2d_s8_pc   N=2;IC=192;IH=32;IW=32;OC=384;KH=3;KW=3;SH=2;SW=2;PH=1;PW=1;DH=1;DW=1;groups=1  8822157495    2.7
layer_norm_3   layer_norm_s8  M=64;K=3072                                                                       13324749    0.0
mul_3          mul_c1_s8      N=2;C=384;HW=256                                                                   4039294    0.0
add_4          add_c1_s8      N=2;C=384;HW=256                                                                   3864620    0.0
relu_3         relu_s8        n=196608                                                                           2478226    0.0
conv2d_4       conv2d_s8_pc   N=2;IC=384;IH=16;IW=16;OC=512;KH=1;KW=1;SH=1;SW=1;PH=0;PW=0;DH=1;DW=1;groups=1  4540088508    1.4
permute        permute4_s8    d0=2;d1=512;d2=16;d3=16;p0=0;p1=2;p2=3;p3=1                                        2889091    0.0
linear_1       linear_s8_pc   M=512;K=512;N=384                                                               1517033033    0.5
slice_1        slice_c_s8     N=1;IC=10;C_start=0;C_end=2;H=256;W=384                                            9805182    0.0
add_5          add_s8         n=196608                                                                           8403054    0.0
cat_1          cat2_c1_s8     N=2;H=128;W=128;C_total=6;C_inputs=3|3                                            10905511    0.0
conv2d_5       conv2d_s8_pc   N=2;IC=6;IH=128;IW=128;OC=32;KH=3;KW=3;SH=2;SW=2;PH=1;PW=1;DH=1;DW=1;groups=1    386118211    0.1
layer_norm_4   layer_norm_s8  M=64;K=4096                                                                       17754580    0.0
mul_4          mul_c1_s8      N=2;C=32;HW=4096                                                                   5374674    0.0
add_6          add_c1_s8      N=2;C=32;HW=4096                                                                   5100122    0.0
relu_4         relu_s8        n=262144                                                                           3263196    0.0
conv2d_6       conv2d_s8_pc   N=2;IC=32;IH=64;IW=64;OC=96;KH=3;KW=3;SH=2;SW=2;PH=1;PW=1;DH=1;DW=1;groups=1    1500125389    0.5
layer_norm_5   layer_norm_s8  M=64;K=3072                                                                       13267431    0.0
mul_5          mul_c1_s8      N=2;C=96;HW=1024                                                                   4023682    0.0
add_7          add_c1_s8      N=2;C=96;HW=1024                                                                   3843854    0.0
relu_5         relu_s8        n=196608                                                                           2462090    0.0
conv2d_7       conv2d_s8_pc   N=2;IC=96;IH=32;IW=32;OC=192;KH=3;KW=3;SH=2;SW=2;PH=1;PW=1;DH=1;DW=1;groups=1   2207459545    0.7
layer_norm_6   layer_norm_s8  M=64;K=1536                                                                        6648394    0.0
mul_6          mul_c1_s8      N=2;C=192;HW=256                                                                   2015726    0.0
add_8          add_c1_s8      N=2;C=192;HW=256                                                                   1926850    0.0
relu_6         relu_s8        n=98304                                                                            1233132    0.0
conv2d_8       conv2d_s8_pc   N=2;IC=192;IH=16;IW=16;OC=384;KH=3;KW=3;SH=2;SW=2;PH=1;PW=1;DH=1;DW=1;groups=1  2136115389    0.6
layer_norm_7   layer_norm_s8  M=64;K=768                                                                         3332570    0.0
mul_7          mul_c1_s8      N=2;C=384;HW=64                                                                    1016636    0.0
add_9          add_c1_s8      N=2;C=384;HW=64                                                                     972190    0.0
relu_7         relu_s8        n=49152                                                                             619274    0.0
conv2d_9       conv2d_s8_pc   N=2;IC=384;IH=8;IW=8;OC=512;KH=1;KW=1;SH=1;SW=1;PH=0;PW=0;DH=1;DW=1;groups=1    1135108278    0.3
permute_1      permute4_s8    d0=2;d1=512;d2=8;d3=8;p0=0;p1=2;p2=3;p3=1                                           722451    0.0
linear_2       linear_s8_pc   M=128;K=512;N=384                                                                379258309    0.1
slice_2        slice_c_s8     N=1;IC=10;C_start=0;C_end=2;H=64;W=384                                             2452314    0.0
add_10         add_s8         n=49152                                                                            2100858    0.0
cat_2          cat2_c1_s8     N=1;H=16;W=384;C_total=2;C_inputs=1|1                                               722258    0.0
slice_3        slice_c_s8     N=1;IC=10;C_start=0;C_end=2;H=1;W=384                                                 5478    0.0
slice_4        slice_c_s8     N=2;IC=256;C_start=0;C_end=1;H=1;W=384                                               38273    0.0
cat_3          cat4_c1_s8     N=2;H=1;W=384;C_total=337;C_inputs=256|64|16|1                                    14931623    0.0
cat_4          cat2_c1_s8     N=1;H=1;W=384;C_total=690;C_inputs=16|674                                         15539578    0.0
layer_norm_8   layer_norm_s8  M=690;K=384                                                                       20116055    0.0
linear_3       linear_s8_pc   M=690;K=384;N=384                                                               1535715894    0.5
transpose      permute4_s8    d0=1;d1=690;d2=6;d3=64;p0=0;p1=2;p2=1;p3=3                                         2956156    0.0
linear_4       linear_s8_pc   M=690;K=384;N=384                                                               1535715862    0.5
transpose_1    permute4_s8    d0=1;d1=690;d2=6;d3=64;p0=0;p1=2;p2=1;p3=3                                         2956156    0.0
linear_5       linear_s8_pc   M=690;K=384;N=384                                                               1535715836    0.5
transpose_2    permute4_s8    d0=1;d1=690;d2=6;d3=64;p0=0;p1=2;p2=1;p3=3                                         2956156    0.0
matmul         matmul_b_s8    B=6;M=690;K=64;N=690                                                            2736129547    0.8
add_11         add_tile_s8    OUTER=6;INNER=476100                                                              67653658    0.0
softmax        softmax_s8     M=4140;K=690                                                                     647769942    0.2
matmul_1       matmul_b_s8    B=6;M=690;K=690;N=64                                                            2210264179    0.7
transpose_4    permute4_s8    d0=1;d1=6;d2=690;d3=64;p0=0;p1=2;p2=1;p3=3                                         2960944    0.0
linear_6       linear_s8_pc   M=690;K=384;N=384                                                               1535715825    0.5
add_12         add_s8         n=264960                                                                          11316221    0.0
layer_norm_9   layer_norm_s8  M=690;K=384                                                                       20111180    0.0
linear_7       linear_s8_pc   M=690;K=384;N=1536                                                              6142840419    1.9
gelu           gelu_s8        n=1059840                                                                        151970976    0.0
linear_8       linear_s8_pc   M=690;K=1536;N=384                                                              6114224617    1.8
add_13         add_s8         n=264960                                                                          11337984    0.0
layer_norm_10  layer_norm_s8  M=690;K=384                                                                       20115164    0.0
linear_9       linear_s8_pc   M=690;K=384;N=384                                                               1535715839    0.5
transpose_5    permute4_s8    d0=1;d1=690;d2=6;d3=64;p0=0;p1=2;p2=1;p3=3                                         2956156    0.0
linear_10      linear_s8_pc   M=690;K=384;N=384                                                               1535715836    0.5
transpose_6    permute4_s8    d0=1;d1=690;d2=6;d3=64;p0=0;p1=2;p2=1;p3=3                                         2956156    0.0
linear_11      linear_s8_pc   M=690;K=384;N=384                                                               1535715922    0.5
transpose_7    permute4_s8    d0=1;d1=690;d2=6;d3=64;p0=0;p1=2;p2=1;p3=3                                         2956156    0.0
matmul_2       matmul_b_s8    B=6;M=690;K=64;N=690                                                            2736205712    0.8
add_14         add_tile_s8    OUTER=6;INNER=476100                                                              68156949    0.0
softmax_1      softmax_s8     M=4140;K=690                                                                     648932612    0.2
matmul_3       matmul_b_s8    B=6;M=690;K=690;N=64                                                            2210286814    0.7
transpose_9    permute4_s8    d0=1;d1=6;d2=690;d3=64;p0=0;p1=2;p2=1;p3=3                                         2960944    0.0
linear_12      linear_s8_pc   M=690;K=384;N=384                                                               1535715881    0.5
add_15         add_s8         n=264960                                                                          11322551    0.0
layer_norm_11  layer_norm_s8  M=690;K=384                                                                       20114996    0.0
linear_13      linear_s8_pc   M=690;K=384;N=1536                                                              6142840368    1.9
gelu_1         gelu_s8        n=1059840                                                                        151091190    0.0
linear_14      linear_s8_pc   M=690;K=1536;N=384                                                              6114224662    1.8
add_16         add_s8         n=264960                                                                          11338940    0.0
layer_norm_12  layer_norm_s8  M=690;K=384                                                                       20116615    0.0
linear_15      linear_s8_pc   M=690;K=384;N=384                                                               1535715831    0.5
transpose_10   permute4_s8    d0=1;d1=690;d2=6;d3=64;p0=0;p1=2;p2=1;p3=3                                         2956156    0.0
linear_16      linear_s8_pc   M=690;K=384;N=384                                                               1535715827    0.5
transpose_11   permute4_s8    d0=1;d1=690;d2=6;d3=64;p0=0;p1=2;p2=1;p3=3                                         2956156    0.0
linear_17      linear_s8_pc   M=690;K=384;N=384                                                               1535715868    0.5
transpose_12   permute4_s8    d0=1;d1=690;d2=6;d3=64;p0=0;p1=2;p2=1;p3=3                                         2956156    0.0
matmul_4       matmul_b_s8    B=6;M=690;K=64;N=690                                                            2736119867    0.8
add_17         add_tile_s8    OUTER=6;INNER=476100                                                              68071138    0.0
softmax_2      softmax_s8     M=4140;K=690                                                                     650783863    0.2
matmul_5       matmul_b_s8    B=6;M=690;K=690;N=64                                                            2210277683    0.7
transpose_14   permute4_s8    d0=1;d1=6;d2=690;d3=64;p0=0;p1=2;p2=1;p3=3                                         2960944    0.0
linear_18      linear_s8_pc   M=690;K=384;N=384                                                               1535715821    0.5
add_18         add_s8         n=264960                                                                          11343406    0.0
layer_norm_13  layer_norm_s8  M=690;K=384                                                                       20113611    0.0
linear_19      linear_s8_pc   M=690;K=384;N=1536                                                              6142840628    1.9
gelu_2         gelu_s8        n=1059840                                                                        151265985    0.0
linear_20      linear_s8_pc   M=690;K=1536;N=384                                                              6114224635    1.8
add_19         add_s8         n=264960                                                                          11350202    0.0
layer_norm_14  layer_norm_s8  M=690;K=384                                                                       20111251    0.0
linear_21      linear_s8_pc   M=690;K=384;N=384                                                               1535715865    0.5
transpose_15   permute4_s8    d0=1;d1=690;d2=6;d3=64;p0=0;p1=2;p2=1;p3=3                                         2956156    0.0
linear_22      linear_s8_pc   M=690;K=384;N=384                                                               1535715852    0.5
transpose_16   permute4_s8    d0=1;d1=690;d2=6;d3=64;p0=0;p1=2;p2=1;p3=3                                         2956156    0.0
linear_23      linear_s8_pc   M=690;K=384;N=384                                                               1535715843    0.5
transpose_17   permute4_s8    d0=1;d1=690;d2=6;d3=64;p0=0;p1=2;p2=1;p3=3                                         2956156    0.0
matmul_6       matmul_b_s8    B=6;M=690;K=64;N=690                                                            2736265690    0.8
add_20         add_tile_s8    OUTER=6;INNER=476100                                                              68080085    0.0
softmax_3      softmax_s8     M=4140;K=690                                                                     650407004    0.2
matmul_7       matmul_b_s8    B=6;M=690;K=690;N=64                                                            2210297412    0.7
transpose_19   permute4_s8    d0=1;d1=6;d2=690;d3=64;p0=0;p1=2;p2=1;p3=3                                         2960944    0.0
linear_24      linear_s8_pc   M=690;K=384;N=384                                                               1535715823    0.5
add_21         add_s8         n=264960                                                                          11347277    0.0
layer_norm_15  layer_norm_s8  M=690;K=384                                                                       20114523    0.0
linear_25      linear_s8_pc   M=690;K=384;N=1536                                                              6142840410    1.9
gelu_3         gelu_s8        n=1059840                                                                        152717882    0.0
linear_26      linear_s8_pc   M=690;K=1536;N=384                                                              6114224637    1.8
add_22         add_s8         n=264960                                                                          11319832    0.0
layer_norm_16  layer_norm_s8  M=690;K=384                                                                       20106668    0.0
linear_27      linear_s8_pc   M=690;K=384;N=384                                                               1535715859    0.5
transpose_20   permute4_s8    d0=1;d1=690;d2=6;d3=64;p0=0;p1=2;p2=1;p3=3                                         2956156    0.0
linear_28      linear_s8_pc   M=690;K=384;N=384                                                               1535715828    0.5
transpose_21   permute4_s8    d0=1;d1=690;d2=6;d3=64;p0=0;p1=2;p2=1;p3=3                                         2956156    0.0
linear_29      linear_s8_pc   M=690;K=384;N=384                                                               1535715841    0.5
transpose_22   permute4_s8    d0=1;d1=690;d2=6;d3=64;p0=0;p1=2;p2=1;p3=3                                         2956156    0.0
matmul_8       matmul_b_s8    B=6;M=690;K=64;N=690                                                            2736242266    0.8
add_23         add_tile_s8    OUTER=6;INNER=476100                                                              68126852    0.0
softmax_4      softmax_s8     M=4140;K=690                                                                     646804594    0.2
matmul_9       matmul_b_s8    B=6;M=690;K=690;N=64                                                            2210265854    0.7
transpose_24   permute4_s8    d0=1;d1=6;d2=690;d3=64;p0=0;p1=2;p2=1;p3=3                                         2960944    0.0
linear_30      linear_s8_pc   M=690;K=384;N=384                                                               1535715821    0.5
add_24         add_s8         n=264960                                                                          11329598    0.0
layer_norm_17  layer_norm_s8  M=690;K=384                                                                       20104895    0.0
linear_31      linear_s8_pc   M=690;K=384;N=1536                                                              6142840396    1.9
gelu_4         gelu_s8        n=1059840                                                                        169083664    0.1
linear_32      linear_s8_pc   M=690;K=1536;N=384                                                              6114224660    1.8
add_25         add_s8         n=264960                                                                          11283160    0.0
layer_norm_18  layer_norm_s8  M=690;K=384                                                                       20105684    0.0
linear_33      linear_s8_pc   M=690;K=384;N=384                                                               1535715883    0.5
transpose_25   permute4_s8    d0=1;d1=690;d2=6;d3=64;p0=0;p1=2;p2=1;p3=3                                         2956156    0.0
linear_34      linear_s8_pc   M=690;K=384;N=384                                                               1535715828    0.5
transpose_26   permute4_s8    d0=1;d1=690;d2=6;d3=64;p0=0;p1=2;p2=1;p3=3                                         2956156    0.0
linear_35      linear_s8_pc   M=690;K=384;N=384                                                               1535715858    0.5
transpose_27   permute4_s8    d0=1;d1=690;d2=6;d3=64;p0=0;p1=2;p2=1;p3=3                                         2956156    0.0
matmul_10      matmul_b_s8    B=6;M=690;K=64;N=690                                                            2736370198    0.8
add_26         add_tile_s8    OUTER=6;INNER=476100                                                              68307620    0.0
softmax_5      softmax_s8     M=4140;K=690                                                                     645778270    0.2
matmul_11      matmul_b_s8    B=6;M=690;K=690;N=64                                                            2210271683    0.7
transpose_29   permute4_s8    d0=1;d1=6;d2=690;d3=64;p0=0;p1=2;p2=1;p3=3                                         2960944    0.0
linear_36      linear_s8_pc   M=690;K=384;N=384                                                               1535715823    0.5
add_27         add_s8         n=264960                                                                          11303236    0.0
layer_norm_19  layer_norm_s8  M=690;K=384                                                                       20095122    0.0
linear_37      linear_s8_pc   M=690;K=384;N=1536                                                              6142840553    1.9
gelu_5         gelu_s8        n=1059840                                                                        174055949    0.1
linear_38      linear_s8_pc   M=690;K=1536;N=384                                                              6114224746    1.8
add_28         add_s8         n=264960                                                                          11292974    0.0
layer_norm_20  layer_norm_s8  M=690;K=384                                                                       20098005    0.0
linear_39      linear_s8_pc   M=690;K=384;N=384                                                               1535715840    0.5
transpose_30   permute4_s8    d0=1;d1=690;d2=6;d3=64;p0=0;p1=2;p2=1;p3=3                                         2956156    0.0
linear_40      linear_s8_pc   M=690;K=384;N=384                                                               1535715819    0.5
transpose_31   permute4_s8    d0=1;d1=690;d2=6;d3=64;p0=0;p1=2;p2=1;p3=3                                         2956156    0.0
linear_41      linear_s8_pc   M=690;K=384;N=384                                                               1535715847    0.5
transpose_32   permute4_s8    d0=1;d1=690;d2=6;d3=64;p0=0;p1=2;p2=1;p3=3                                         2956156    0.0
matmul_12      matmul_b_s8    B=6;M=690;K=64;N=690                                                            2736330353    0.8
add_29         add_tile_s8    OUTER=6;INNER=476100                                                              68317841    0.0
softmax_6      softmax_s8     M=4140;K=690                                                                     646275285    0.2
matmul_13      matmul_b_s8    B=6;M=690;K=690;N=64                                                            2210287910    0.7
transpose_34   permute4_s8    d0=1;d1=6;d2=690;d3=64;p0=0;p1=2;p2=1;p3=3                                         2960944    0.0
linear_42      linear_s8_pc   M=690;K=384;N=384                                                               1535715821    0.5
add_30         add_s8         n=264960                                                                          11296263    0.0
layer_norm_21  layer_norm_s8  M=690;K=384                                                                       20101154    0.0
linear_43      linear_s8_pc   M=690;K=384;N=1536                                                              6142840447    1.9
gelu_6         gelu_s8        n=1059840                                                                        168227575    0.1
linear_44      linear_s8_pc   M=690;K=1536;N=384                                                              6114224638    1.8
add_31         add_s8         n=264960                                                                          11261050    0.0
layer_norm_22  layer_norm_s8  M=690;K=384                                                                       20097267    0.0
linear_45      linear_s8_pc   M=690;K=384;N=384                                                               1535715844    0.5
transpose_35   permute4_s8    d0=1;d1=690;d2=6;d3=64;p0=0;p1=2;p2=1;p3=3                                         2956156    0.0
linear_46      linear_s8_pc   M=690;K=384;N=384                                                               1535715823    0.5
transpose_36   permute4_s8    d0=1;d1=690;d2=6;d3=64;p0=0;p1=2;p2=1;p3=3                                         2956156    0.0
linear_47      linear_s8_pc   M=690;K=384;N=384                                                               1535715835    0.5
transpose_37   permute4_s8    d0=1;d1=690;d2=6;d3=64;p0=0;p1=2;p2=1;p3=3                                         2956156    0.0
matmul_14      matmul_b_s8    B=6;M=690;K=64;N=690                                                            2736410984    0.8
add_32         add_tile_s8    OUTER=6;INNER=476100                                                              68352129    0.0
softmax_7      softmax_s8     M=4140;K=690                                                                     645706362    0.2
matmul_15      matmul_b_s8    B=6;M=690;K=690;N=64                                                            2210276126    0.7
transpose_39   permute4_s8    d0=1;d1=6;d2=690;d3=64;p0=0;p1=2;p2=1;p3=3                                         2960944    0.0
linear_48      linear_s8_pc   M=690;K=384;N=384                                                               1535715817    0.5
add_33         add_s8         n=264960                                                                          11271445    0.0
layer_norm_23  layer_norm_s8  M=690;K=384                                                                       20077720    0.0
linear_49      linear_s8_pc   M=690;K=384;N=1536                                                              6142840374    1.9
gelu_7         gelu_s8        n=1059840                                                                        153507374    0.0
linear_50      linear_s8_pc   M=690;K=1536;N=384                                                              6114224622    1.8
add_34         add_s8         n=264960                                                                          11277166    0.0
layer_norm_24  layer_norm_s8  M=690;K=384                                                                       20102940    0.0
linear_51      linear_s8_pc   M=690;K=384;N=384                                                               1535715857    0.5
transpose_40   permute4_s8    d0=1;d1=690;d2=6;d3=64;p0=0;p1=2;p2=1;p3=3                                         2956156    0.0
linear_52      linear_s8_pc   M=690;K=384;N=384                                                               1535715825    0.5
transpose_41   permute4_s8    d0=1;d1=690;d2=6;d3=64;p0=0;p1=2;p2=1;p3=3                                         2956156    0.0
linear_53      linear_s8_pc   M=690;K=384;N=384                                                               1535715846    0.5
transpose_42   permute4_s8    d0=1;d1=690;d2=6;d3=64;p0=0;p1=2;p2=1;p3=3                                         2956156    0.0
matmul_16      matmul_b_s8    B=6;M=690;K=64;N=690                                                            2736393893    0.8
add_35         add_tile_s8    OUTER=6;INNER=476100                                                              68367322    0.0
softmax_8      softmax_s8     M=4140;K=690                                                                     646510812    0.2
matmul_17      matmul_b_s8    B=6;M=690;K=690;N=64                                                            2210286838    0.7
transpose_44   permute4_s8    d0=1;d1=6;d2=690;d3=64;p0=0;p1=2;p2=1;p3=3                                         2960944    0.0
linear_54      linear_s8_pc   M=690;K=384;N=384                                                               1535715817    0.5
add_36         add_s8         n=264960                                                                          11287240    0.0
layer_norm_25  layer_norm_s8  M=690;K=384                                                                       20073264    0.0
linear_55      linear_s8_pc   M=690;K=384;N=1536                                                              6142840560    1.9
gelu_8         gelu_s8        n=1059840                                                                        141842331    0.0
linear_56      linear_s8_pc   M=690;K=1536;N=384                                                              6114224633    1.8
add_37         add_s8         n=264960                                                                          11246361    0.0
layer_norm_26  layer_norm_s8  M=690;K=384                                                                       20097495    0.0
linear_57      linear_s8_pc   M=690;K=384;N=384                                                               1535715829    0.5
transpose_45   permute4_s8    d0=1;d1=690;d2=6;d3=64;p0=0;p1=2;p2=1;p3=3                                         2956156    0.0
linear_58      linear_s8_pc   M=690;K=384;N=384                                                               1535715821    0.5
transpose_46   permute4_s8    d0=1;d1=690;d2=6;d3=64;p0=0;p1=2;p2=1;p3=3                                         2956156    0.0
linear_59      linear_s8_pc   M=690;K=384;N=384                                                               1535715835    0.5
transpose_47   permute4_s8    d0=1;d1=690;d2=6;d3=64;p0=0;p1=2;p2=1;p3=3                                         2956156    0.0
matmul_18      matmul_b_s8    B=6;M=690;K=64;N=690                                                            2736264133    0.8
add_38         add_tile_s8    OUTER=6;INNER=476100                                                              68270578    0.0
softmax_9      softmax_s8     M=4140;K=690                                                                     651141924    0.2
matmul_19      matmul_b_s8    B=6;M=690;K=690;N=64                                                            2210302128    0.7
transpose_49   permute4_s8    d0=1;d1=6;d2=690;d3=64;p0=0;p1=2;p2=1;p3=3                                         2960944    0.0
linear_60      linear_s8_pc   M=690;K=384;N=384                                                               1535716018    0.5
add_39         add_s8         n=264960                                                                          11230441    0.0
layer_norm_27  layer_norm_s8  M=690;K=384                                                                       20038397    0.0
linear_61      linear_s8_pc   M=690;K=384;N=1536                                                              6142840415    1.9
gelu_9         gelu_s8        n=1059840                                                                        132847681    0.0
linear_62      linear_s8_pc   M=690;K=1536;N=384                                                              6114224621    1.8
add_40         add_s8         n=264960                                                                          11174302    0.0
layer_norm_28  layer_norm_s8  M=690;K=384                                                                       20030003    0.0
linear_63      linear_s8_pc   M=690;K=384;N=384                                                               1535715818    0.5
transpose_50   permute4_s8    d0=1;d1=690;d2=6;d3=64;p0=0;p1=2;p2=1;p3=3                                         2956156    0.0
linear_64      linear_s8_pc   M=690;K=384;N=384                                                               1535715836    0.5
transpose_51   permute4_s8    d0=1;d1=690;d2=6;d3=64;p0=0;p1=2;p2=1;p3=3                                         2956156    0.0
linear_65      linear_s8_pc   M=690;K=384;N=384                                                               1535715845    0.5
transpose_52   permute4_s8    d0=1;d1=690;d2=6;d3=64;p0=0;p1=2;p2=1;p3=3                                         2956156    0.0
matmul_20      matmul_b_s8    B=6;M=690;K=64;N=690                                                            2736215899    0.8
add_41         add_tile_s8    OUTER=6;INNER=476100                                                              68395336    0.0
softmax_10     softmax_s8     M=4140;K=690                                                                     645953156    0.2
matmul_21      matmul_b_s8    B=6;M=690;K=690;N=64                                                            2210299350    0.7
transpose_54   permute4_s8    d0=1;d1=6;d2=690;d3=64;p0=0;p1=2;p2=1;p3=3                                         2960944    0.0
linear_66      linear_s8_pc   M=690;K=384;N=384                                                               1535715824    0.5
add_42         add_s8         n=264960                                                                          11152532    0.0
layer_norm_29  layer_norm_s8  M=690;K=384                                                                       20022323    0.0
linear_67      linear_s8_pc   M=690;K=384;N=1536                                                              6142840796    1.9
gelu_10        gelu_s8        n=1059840                                                                        128312147    0.0
linear_68      linear_s8_pc   M=690;K=1536;N=384                                                              6114224625    1.8
add_43         add_s8         n=264960                                                                          11062927    0.0
layer_norm_30  layer_norm_s8  M=690;K=384                                                                       20018041    0.0
linear_69      linear_s8_pc   M=690;K=384;N=384                                                               1535715844    0.5
transpose_55   permute4_s8    d0=1;d1=690;d2=6;d3=64;p0=0;p1=2;p2=1;p3=3                                         2956156    0.0
linear_70      linear_s8_pc   M=690;K=384;N=384                                                               1535715846    0.5
transpose_56   permute4_s8    d0=1;d1=690;d2=6;d3=64;p0=0;p1=2;p2=1;p3=3                                         2956156    0.0
linear_71      linear_s8_pc   M=690;K=384;N=384                                                               1535715858    0.5
transpose_57   permute4_s8    d0=1;d1=690;d2=6;d3=64;p0=0;p1=2;p2=1;p3=3                                         2956156    0.0
matmul_22      matmul_b_s8    B=6;M=690;K=64;N=690                                                            2736142908    0.8
add_44         add_tile_s8    OUTER=6;INNER=476100                                                              67989536    0.0
softmax_11     softmax_s8     M=4140;K=690                                                                     650882038    0.2
matmul_23      matmul_b_s8    B=6;M=690;K=690;N=64                                                            2210299019    0.7
transpose_59   permute4_s8    d0=1;d1=6;d2=690;d3=64;p0=0;p1=2;p2=1;p3=3                                         2960944    0.0
linear_72      linear_s8_pc   M=690;K=384;N=384                                                               1535716028    0.5
add_45         add_s8         n=264960                                                                          11121755    0.0
layer_norm_31  layer_norm_s8  M=690;K=384                                                                       19943473    0.0
linear_73      linear_s8_pc   M=690;K=384;N=1536                                                              6142840352    1.9
gelu_11        gelu_s8        n=1059840                                                                        119865790    0.0
linear_74      linear_s8_pc   M=690;K=1536;N=384                                                              6114224714    1.8
add_46         add_s8         n=264960                                                                          10897100    0.0
layer_norm_32  layer_norm_s8  M=690;K=384                                                                       19891206    0.0
slice_5        slice_c_s8     N=1;IC=690;C_start=16;C_end=690;H=1;W=384                                         12735465    0.0
select         slice_c_s8     N=2;IC=337;C_start=336;C_end=337;H=1;W=384                                           37103    0.0
linear_75      linear_s8_pc   M=2;K=32;N=256                                                                      264283    0.0
linear_76      linear_s8_pc   M=2;K=384;N=256                                                                    2966616    0.0
add_47         add_s8         n=512                                                                                21902    0.0
linear_77      linear_s8_pc   M=2;K=28;N=256                                                                      232537    0.0
add_48         add_s8         n=512                                                                                21975    0.0
layer_norm_33  layer_norm_s8  M=2;K=256                                                                            39002    0.0
linear_78      linear_s8_pc   M=2;K=256;N=1024                                                                   7938137    0.0
sigmoid        sigmoid_s8     n=2048                                                                              232417    0.0
mul_20         mul_s8         n=2048                                                                               89845    0.0
linear_79      linear_s8_pc   M=2;K=1024;N=256                                                                   7882841    0.0
add_49         add_s8         n=512                                                                                21945    0.0
layer_norm_34  layer_norm_s8  M=2;K=256                                                                            38956    0.0
linear_80      linear_s8_pc   M=2;K=256;N=1024                                                                   7938137    0.0
sigmoid_1      sigmoid_s8     n=2048                                                                              232192    0.0
mul_21         mul_s8         n=2048                                                                               89866    0.0
linear_81      linear_s8_pc   M=2;K=1024;N=256                                                                   7882841    0.0
add_50         add_s8         n=512                                                                                21984    0.0
layer_norm_35  layer_norm_s8  M=2;K=256                                                                            38923    0.0
linear_82      linear_s8_pc   M=2;K=256;N=1024                                                                   7938137    0.0
sigmoid_2      sigmoid_s8     n=2048                                                                              233383    0.0
mul_22         mul_s8         n=2048                                                                               89054    0.0
linear_83      linear_s8_pc   M=2;K=1024;N=256                                                                   7882841    0.0
add_51         add_s8         n=512                                                                                21904    0.0
sigmoid_3      sigmoid_s8     n=512                                                                                60927    0.0
mul_23         mul_s8         n=512                                                                                22324    0.0
linear_84      linear_s8_pc   M=2;K=256;N=28                                                                      217144    0.0
------------------------------------------------------------------------------------------------------------------------------
TOTAL                                                                                                       331262577700
wall_clock_cycles=3312625900 (mtime)
