  octo checkpoint: /scratch/dima/rose-infra/RoSE/experiments/octo_port/octo_small_torch.pt
[1/5] extract_graph (quant=int8) -> /scratch/dima/rose-infra/RoSE/soc/sw/xpu-rt/zephyr-chipyard-sw/modelblaster/examples/octo_small/int8/generated
MODELBLASTER_STAGE_BEGIN:extract
[extract_export] tracing octo_small via torch.export ...
/scratch/dima/rose-infra/RoSE/soc/sw/xpu-rt/zephyr-chipyard-sw/tools/miniforge3/envs/zephyr/lib/python3.12/site-packages/torch/cuda/__init__.py:188: UserWarning: CUDA initialization: The NVIDIA driver on your system is too old (found version 12060). Please update your GPU driver by downloading and installing a new version from the URL: http://www.nvidia.com/Download/index.aspx Alternatively, go to: https://pytorch.org to install a PyTorch version that has been compiled with your version of the CUDA driver. (Triggered internally at /__w/pytorch/pytorch/c10/cuda/CUDAFunctions.cpp:119.)
  return torch._C._cuda_getDeviceCount() > 0
[extract_export] traced: 708 aten nodes
[extract_export] op inventory → /scratch/dima/rose-infra/RoSE/soc/sw/xpu-rt/zephyr-chipyard-sw/modelblaster/examples/octo_small/int8/generated/op_inventory.txt
[extract_export] calibrating + capturing intermediates ...
[extract_export] emitting IR ...
[extract_export] wrote /scratch/dima/rose-infra/RoSE/soc/sw/xpu-rt/zephyr-chipyard-sw/modelblaster/examples/octo_small/int8/generated/graph.json (313 op records, 0 pending kernels)
[extract_export] wrote /scratch/dima/rose-infra/RoSE/soc/sw/xpu-rt/zephyr-chipyard-sw/modelblaster/examples/octo_small/int8/generated/passes_applied.json  (bn_fold_into_conv2d=0, pad_fold_into_conv2d=0)
[extract_export] wrote /scratch/dima/rose-infra/RoSE/soc/sw/xpu-rt/zephyr-chipyard-sw/modelblaster/examples/octo_small/int8/generated/weights.npz (453 weight tensors)
[extract_export] wrote /scratch/dima/rose-infra/RoSE/soc/sw/xpu-rt/zephyr-chipyard-sw/modelblaster/examples/octo_small/int8/generated/io.npz (input 503928 int8, output 56 bytes [linear_82=56i8])
MODELBLASTER_STAGE_END:extract:4.317
[2/5] generate_skeleton (backend=scalar) -> /scratch/dima/rose-infra/RoSE/soc/sw/xpu-rt/zephyr-chipyard-sw/modelblaster/examples/octo_small/int8/generated/scalar
MODELBLASTER_STAGE_BEGIN:generate_skeleton
wrote /scratch/dima/rose-infra/RoSE/soc/sw/xpu-rt/zephyr-chipyard-sw/modelblaster/examples/octo_small/int8/generated/scalar/weights.h
wrote /scratch/dima/rose-infra/RoSE/soc/sw/xpu-rt/zephyr-chipyard-sw/modelblaster/examples/octo_small/int8/generated/scalar/weights.c
wrote /scratch/dima/rose-infra/RoSE/soc/sw/xpu-rt/zephyr-chipyard-sw/modelblaster/examples/octo_small/int8/generated/scalar/model.h
wrote /scratch/dima/rose-infra/RoSE/soc/sw/xpu-rt/zephyr-chipyard-sw/modelblaster/examples/octo_small/int8/generated/scalar/model.c
wrote /scratch/dima/rose-infra/RoSE/soc/sw/xpu-rt/zephyr-chipyard-sw/modelblaster/examples/octo_small/int8/generated/scalar/buffers.c
wrote /scratch/dima/rose-infra/RoSE/soc/sw/xpu-rt/zephyr-chipyard-sw/modelblaster/examples/octo_small/int8/generated/scalar/test_io.h
MODELBLASTER_STAGE_END:generate_skeleton:5.066
[3/5] generate_kernels (backend=reference target=scalar quant=int8 optimize=0) -> /scratch/dima/rose-infra/RoSE/soc/sw/xpu-rt/zephyr-chipyard-sw/modelblaster/examples/octo_small/int8/generated/scalar
MODELBLASTER_STAGE_BEGIN:generate_kernels
backend=reference  target=scalar  ops=['add_c1_s8', 'add_s8', 'add_tile_s8', 'cat2_c1_s8', 'cat3_c1_s8', 'cat4_c1_s8', 'conv2d_s8_pc', 'gelu_s8', 'layer_norm_s8', 'linear_s8_pc', 'matmul_b_s8', 'mul_c1_s8', 'mul_s8', 'permute4_s8', 'relu_s8', 'sigmoid_s8', 'slice_c_s8', 'softmax_s8']
wrote /scratch/dima/rose-infra/RoSE/soc/sw/xpu-rt/zephyr-chipyard-sw/modelblaster/examples/octo_small/int8/generated/scalar/kernels.h
wrote /scratch/dima/rose-infra/RoSE/soc/sw/xpu-rt/zephyr-chipyard-sw/modelblaster/examples/octo_small/int8/generated/scalar/kernels.c  (source=reference target=scalar)
wrote /scratch/dima/rose-infra/RoSE/soc/sw/xpu-rt/zephyr-chipyard-sw/modelblaster/examples/octo_small/int8/generated/scalar/kernel_picks.json
MODELBLASTER_STAGE_END:generate_kernels:0.183
[4/5] west build (board=spike_riscv64) -> /scratch/dima/rose-infra/RoSE/soc/sw/xpu-rt/zephyr-chipyard-sw/modelblaster/examples/octo_small/int8/build/scalar
MODELBLASTER_STAGE_BEGIN:build
-- west build: making build dir /scratch/dima/rose-infra/RoSE/soc/sw/xpu-rt/zephyr-chipyard-sw/modelblaster/examples/octo_small/int8/build/scalar pristine
-- west build: generating a build system
Loading Zephyr default modules (Zephyr base).
-- Application: /scratch/dima/rose-infra/RoSE/soc/sw/xpu-rt/zephyr-chipyard-sw/modelblaster/harness
-- CMake version: 3.28.3
-- Found Python3: /scratch/dima/rose-infra/RoSE/soc/sw/xpu-rt/zephyr-chipyard-sw/tools/miniforge3/envs/zephyr/bin/python3.12 (found suitable version "3.12.13", minimum required is "3.10") found components: Interpreter 
-- Cache files will be written to: /home/dima/.cache/zephyr
-- Zephyr version: 4.2.99 (/scratch/dima/rose-infra/RoSE/soc/sw/xpu-rt/zephyr-chipyard-sw/zephyr_ws/zephyr)
-- Found west (found suitable version "1.5.0", minimum required is "0.14.0")
-- Board: spike_riscv64, qualifiers: rocketchip_virt_riscv64
-- Found host-tools: zephyr 1.0.0 (/scratch/dima/rose-infra/RoSE/soc/sw/xpu-rt/zephyr-chipyard-sw/tools-manual/zephyr-sdk-1.0.0-beta1)
-- Found toolchain: zephyr 1.0.0 (/scratch/dima/rose-infra/RoSE/soc/sw/xpu-rt/zephyr-chipyard-sw/tools-manual/zephyr-sdk-1.0.0-beta1)
-- Found Dtc: /scratch/dima/rose-infra/RoSE/soc/sw/xpu-rt/zephyr-chipyard-sw/tools-manual/zephyr-sdk-1.0.0-beta1/hosttools/sysroots/x86_64-pokysdk-linux/usr/bin/dtc (found suitable version "1.7.0", minimum required is "1.4.6") 
-- Found BOARD.dts: /scratch/dima/rose-infra/RoSE/soc/sw/xpu-rt/zephyr-chipyard-sw/zephyr_ws/zephyr/boards/spike/riscv64/spike_riscv64.dts
node '/uart' compatible 'ucb,htif' has unknown vendor prefix 'ucb'
-- Generated zephyr.dts: /scratch/dima/rose-infra/RoSE/soc/sw/xpu-rt/zephyr-chipyard-sw/modelblaster/examples/octo_small/int8/build/scalar/zephyr/zephyr.dts
-- Generated pickled edt: /scratch/dima/rose-infra/RoSE/soc/sw/xpu-rt/zephyr-chipyard-sw/modelblaster/examples/octo_small/int8/build/scalar/zephyr/edt.pickle
-- Generated devicetree_generated.h: /scratch/dima/rose-infra/RoSE/soc/sw/xpu-rt/zephyr-chipyard-sw/modelblaster/examples/octo_small/int8/build/scalar/zephyr/include/generated/zephyr/devicetree_generated.h

warning: PRIVILEGED_STACK_SIZE (defined at soc/cdns/sample_controller32/Kconfig.defconfig:8,
soc/andestech/ae350/Kconfig.defconfig.ae350:15, arch/x86/Kconfig:495, arch/xtensa/Kconfig:250,
arch/arm64/core/Kconfig:132, arch/Kconfig:340) was assigned the value '2048' but got the value ''.
Check these unsatisfied dependencies: (SOC_XTENSA_SAMPLE_CONTROLLER32 || ((SOC_ANDES_AE350 ||
SOC_ANDES_AE350_CLIC) && SOC_SERIES_ANDES_AE350 && SOC_FAMILY_ANDES_V5) || X86 || (XTENSA_MMU &&
CPU_HAS_MMU && XTENSA) || ARM64 || USERSPACE) (=n). See
http://docs.zephyrproject.org/latest/kconfig.html#CONFIG_PRIVILEGED_STACK_SIZE and/or look up
PRIVILEGED_STACK_SIZE in the menuconfig/guiconfig interface. The Application Development Primer,
Setting Configuration Values, and Kconfig - Tips and Best Practices sections of the manual might be
helpful too.

Parsing /scratch/dima/rose-infra/RoSE/soc/sw/xpu-rt/zephyr-chipyard-sw/modelblaster/harness/Kconfig
Loaded configuration '/scratch/dima/rose-infra/RoSE/soc/sw/xpu-rt/zephyr-chipyard-sw/zephyr_ws/zephyr/boards/spike/riscv64/spike_riscv64_defconfig'
Merged configuration '/scratch/dima/rose-infra/RoSE/soc/sw/xpu-rt/zephyr-chipyard-sw/modelblaster/harness/prj.conf'
Merged configuration '/scratch/dima/rose-infra/RoSE/soc/sw/xpu-rt/zephyr-chipyard-sw/modelblaster/harness/backends/scalar.conf'
Merged configuration '/scratch/dima/rose-infra/RoSE/soc/sw/xpu-rt/zephyr-chipyard-sw/modelblaster/harness/backends/spike_single_core.conf'
Configuration saved to '/scratch/dima/rose-infra/RoSE/soc/sw/xpu-rt/zephyr-chipyard-sw/modelblaster/examples/octo_small/int8/build/scalar/zephyr/.config'
Kconfig header saved to '/scratch/dima/rose-infra/RoSE/soc/sw/xpu-rt/zephyr-chipyard-sw/modelblaster/examples/octo_small/int8/build/scalar/zephyr/include/generated/zephyr/autoconf.h'
-- Found GnuLd: /scratch/dima/rose-infra/RoSE/soc/sw/xpu-rt/zephyr-chipyard-sw/tools-manual/zephyr-sdk-1.0.0-beta1/gnu/riscv64-zephyr-elf/riscv64-zephyr-elf/bin/ld.bfd (found version "2.43.1") 
-- The C compiler identification is GNU 14.3.0
-- The CXX compiler identification is GNU 14.3.0
-- The ASM compiler identification is GNU
-- Found assembler: /scratch/dima/rose-infra/RoSE/soc/sw/xpu-rt/zephyr-chipyard-sw/tools-manual/zephyr-sdk-1.0.0-beta1/gnu/riscv64-zephyr-elf/bin/riscv64-zephyr-elf-gcc
-- Using ccache: /usr/bin/ccache
-- Found gen_kobject_list: /scratch/dima/rose-infra/RoSE/soc/sw/xpu-rt/zephyr-chipyard-sw/zephyr_ws/zephyr/scripts/build/gen_kobject_list.py
-- modelblaster harness MODEL_DIR=/scratch/dima/rose-infra/RoSE/soc/sw/xpu-rt/zephyr-chipyard-sw/modelblaster/examples/octo_small/int8/generated/scalar  backend=scalar
-- Configuring done (3.9s)
-- Generating done (0.0s)
-- Build files have been written to: /scratch/dima/rose-infra/RoSE/soc/sw/xpu-rt/zephyr-chipyard-sw/modelblaster/examples/octo_small/int8/build/scalar
-- west build: building application
[1/127] Preparing syscall dependency handling

[2/127] Generating misc/generated/syscalls_subdirs.trigger
[3/127] Generating misc/generated/syscalls.json, misc/generated/struct_tags.json
[4/127] Generating include/generated/device-api-sections.ld, include/generated/device-api-sections.cmake
[5/127] Generating include/generated/zephyr/syscall_dispatch.c, include/generated/zephyr/syscall_exports_llext.c, syscall_weakdefs_llext.c, include/generated/zephyr/syscall_list.h
[6/127] Generating include/generated/zephyr/driver-validation.h
[7/127] Generating include/generated/zephyr/kobj-types-enum.h, include/generated/zephyr/otype-to-str.h, include/generated/zephyr/otype-to-size.h
[8/127] Building C object zephyr/CMakeFiles/offsets.dir/arch/riscv/core/offsets/offsets.c.obj
[9/127] Generating include/generated/zephyr/offsets.h
[10/127] Generating include/generated/zephyr/version.h
-- Zephyr version: 4.2.99 (/scratch/dima/rose-infra/RoSE/soc/sw/xpu-rt/zephyr-chipyard-sw/zephyr_ws/zephyr), build: ceb2b9c3fcc2
[11/127] Building ASM object CMakeFiles/app.dir/scratch/dima/rose-infra/RoSE/soc/sw/xpu-rt/zephyr-chipyard-sw/modelblaster/examples/octo_small/int8/generated/scalar/test_io.S.obj
[12/127] Building C object zephyr/CMakeFiles/zephyr.dir/lib/utils/last_section_id.c.obj
[13/127] Building ASM object zephyr/CMakeFiles/zephyr.dir/soc/common/riscv-privileged/vector.S.obj
[14/127] Building C object CMakeFiles/app.dir/scratch/dima/rose-infra/RoSE/soc/sw/xpu-rt/zephyr-chipyard-sw/modelblaster/examples/octo_small/int8/generated/scalar/buffers.c.obj
[15/127] Building C object zephyr/CMakeFiles/zephyr.dir/soc/rocketchip/virt_riscv/common/tacit/tacit.c.obj
In file included from /scratch/dima/rose-infra/RoSE/soc/sw/xpu-rt/zephyr-chipyard-sw/zephyr_ws/zephyr/soc/rocketchip/virt_riscv/common/tacit/tacit.c:6:
/scratch/dima/rose-infra/RoSE/soc/sw/xpu-rt/zephyr-chipyard-sw/zephyr_ws/zephyr/soc/rocketchip/virt_riscv/common/tacit/tacit.h: In function 'l_trace_encoder_get':
/scratch/dima/rose-infra/RoSE/soc/sw/xpu-rt/zephyr-chipyard-sw/zephyr_ws/zephyr/soc/rocketchip/virt_riscv/common/tacit/tacit.h:50:10: warning: cast to pointer from integer of different size [-Wint-to-pointer-cast]
   50 |   return (LTraceEncoderType *)(L_TRACE_ENCODER_BASE_ADDRESS + hart_id * 0x1000);
      |          ^
/scratch/dima/rose-infra/RoSE/soc/sw/xpu-rt/zephyr-chipyard-sw/zephyr_ws/zephyr/soc/rocketchip/virt_riscv/common/tacit/tacit.h: In function 'l_trace_sink_dma_get':
/scratch/dima/rose-infra/RoSE/soc/sw/xpu-rt/zephyr-chipyard-sw/zephyr_ws/zephyr/soc/rocketchip/virt_riscv/common/tacit/tacit.h:54:10: warning: cast to pointer from integer of different size [-Wint-to-pointer-cast]
   54 |   return (LTraceSinkDmaType *)(L_TRACE_SINK_DMA_BASE_ADDRESS + hart_id * 0x1000);
      |          ^
[16/127] Building ASM object zephyr/CMakeFiles/zephyr.dir/soc/common/riscv-privileged/soc_irq.S.obj
[17/127] Building C object zephyr/CMakeFiles/zephyr.dir/misc/generated/configs.c.obj
[18/127] Building ASM object zephyr/arch/arch/riscv/core/CMakeFiles/arch__riscv__core.dir/fpu.S.obj
[19/127] Building ASM object zephyr/arch/arch/riscv/core/CMakeFiles/arch__riscv__core.dir/reset.S.obj
[20/127] Building C object zephyr/CMakeFiles/zephyr.dir/lib/utils/bitmask.c.obj
[21/127] Building C object zephyr/CMakeFiles/zephyr.dir/lib/utils/dec.c.obj
[22/127] Generating linker_zephyr_pre0.cmd
[23/127] Building C object zephyr/CMakeFiles/zephyr.dir/lib/utils/hex.c.obj
[24/127] Building C object zephyr/arch/arch/riscv/core/CMakeFiles/arch__riscv__core.dir/prep_c.c.obj
[25/127] Building C object zephyr/CMakeFiles/zephyr.dir/lib/libc/validate_libc.c.obj
[26/127] Building C object zephyr/CMakeFiles/zephyr.dir/lib/os/thread_entry.c.obj
[27/127] Building C object zephyr/CMakeFiles/zephyr.dir/lib/os/assert.c.obj
[28/127] Building C object zephyr/CMakeFiles/zephyr.dir/lib/os/reboot.c.obj
[29/127] Building C object zephyr/CMakeFiles/zephyr.dir/soc/common/riscv-privileged/soc_common_irq.c.obj
[30/127] Building C object zephyr/CMakeFiles/zephyr.dir/soc/rocketchip/virt_riscv/common/soc.c.obj
[31/127] Building C object CMakeFiles/app.dir/src/main.c.obj
[32/127] Building C object zephyr/CMakeFiles/zephyr.dir/lib/utils/ring_buffer.c.obj
[33/127] Building C object zephyr/CMakeFiles/zephyr.dir/subsys/tracing/tracing_none.c.obj
[34/127] Building C object zephyr/arch/common/CMakeFiles/arch__common.dir/sw_isr_common.c.obj
[35/127] Building C object zephyr/arch/common/CMakeFiles/arch__common.dir/init.c.obj
[36/127] Building C object zephyr/arch/common/CMakeFiles/isr_tables.dir/isr_tables.c.obj
[37/127] Building C object zephyr/arch/arch/riscv/core/CMakeFiles/arch__riscv__core.dir/cpu_idle.c.obj
[38/127] Building C object zephyr/arch/arch/riscv/core/CMakeFiles/arch__riscv__core.dir/reboot.c.obj
[39/127] Building ASM object zephyr/arch/arch/riscv/core/CMakeFiles/arch__riscv__core.dir/switch.S.obj
[40/127] Building ASM object zephyr/arch/arch/riscv/core/CMakeFiles/arch__riscv__core.dir/isr.S.obj
[41/127] Building C object zephyr/CMakeFiles/zephyr_pre0.dir/misc/empty_file.c.obj
[42/127] Building C object zephyr/CMakeFiles/zephyr.dir/lib/os/printk.c.obj
[43/127] Building C object zephyr/CMakeFiles/zephyr.dir/lib/os/sem.c.obj
[44/127] Building C object zephyr/arch/arch/riscv/core/CMakeFiles/arch__riscv__core.dir/fatal.c.obj
[45/127] Building C object zephyr/arch/arch/riscv/core/CMakeFiles/arch__riscv__core.dir/irq_manage.c.obj
[46/127] Building C object zephyr/arch/arch/riscv/core/CMakeFiles/arch__riscv__core.dir/thread.c.obj
[47/127] Building C object zephyr/lib/libc/picolibc/CMakeFiles/lib__libc__picolibc.dir/exit.c.obj
[48/127] Building C object zephyr/lib/libc/picolibc/CMakeFiles/lib__libc__picolibc.dir/chk_fail.c.obj
[49/127] Building C object zephyr/CMakeFiles/zephyr.dir/lib/utils/timeutil.c.obj
[50/127] Building C object zephyr/arch/common/CMakeFiles/arch__common.dir/multilevel_irq.c.obj
[51/127] Building C object zephyr/arch/arch/riscv/core/CMakeFiles/arch__riscv__core.dir/stacktrace.c.obj
[52/127] Building C object zephyr/lib/libc/picolibc/CMakeFiles/lib__libc__picolibc.dir/assert.c.obj
[53/127] Linking C static library zephyr/arch/common/libisr_tables.a
[54/127] Building C object zephyr/lib/libc/common/CMakeFiles/lib__libc__common.dir/source/stdlib/abort.c.obj
[55/127] Building C object zephyr/CMakeFiles/zephyr.dir/lib/os/clock.c.obj
[56/127] Building C object zephyr/arch/arch/riscv/core/CMakeFiles/arch__riscv__core.dir/tls.c.obj
[57/127] Building C object zephyr/lib/posix/c_lib_ext/CMakeFiles/lib__posix__c_lib_ext.dir/fnmatch.c.obj
[58/127] Building C object zephyr/kernel/CMakeFiles/kernel.dir/version.c.obj
[59/127] Building C object zephyr/lib/libc/picolibc/CMakeFiles/lib__libc__picolibc.dir/cbprintf.c.obj
[60/127] Building C object zephyr/lib/libc/common/CMakeFiles/lib__libc__common.dir/source/time/time.c.obj
[61/127] Building C object zephyr/CMakeFiles/zephyr.dir/lib/heap/heap.c.obj
[62/127] Building C object zephyr/lib/posix/c_lib_ext/CMakeFiles/lib__posix__c_lib_ext.dir/getentropy.c.obj
In file included from /scratch/dima/rose-infra/RoSE/soc/sw/xpu-rt/zephyr-chipyard-sw/zephyr_ws/zephyr/include/zephyr/posix/sys/sysconf.h:11,
                 from /scratch/dima/rose-infra/RoSE/soc/sw/xpu-rt/zephyr-chipyard-sw/zephyr_ws/zephyr/include/zephyr/posix/unistd.h:18,
                 from /scratch/dima/rose-infra/RoSE/soc/sw/xpu-rt/zephyr-chipyard-sw/zephyr_ws/zephyr/lib/posix/c_lib_ext/getentropy.c:11:
/scratch/dima/rose-infra/RoSE/soc/sw/xpu-rt/zephyr-chipyard-sw/zephyr_ws/zephyr/include/zephyr/posix/posix_limits.h:23:9: warning: "_POSIX_AIO_LISTIO_MAX" redefined
   23 | #define _POSIX_AIO_LISTIO_MAX               (2)
      |         ^~~~~~~~~~~~~~~~~~~~~
In file included from /scratch/dima/rose-infra/RoSE/soc/sw/xpu-rt/zephyr-chipyard-sw/tools-manual/zephyr-sdk-1.0.0-beta1/gnu/riscv64-zephyr-elf/riscv64-zephyr-elf/sys-include/limits.h:6,
                 from /scratch/dima/rose-infra/RoSE/soc/sw/xpu-rt/zephyr-chipyard-sw/tools-manual/zephyr-sdk-1.0.0-beta1/gnu/riscv64-zephyr-elf/lib/gcc/riscv64-zephyr-elf/14.3.0/include/limits.h:210,
                 from /scratch/dima/rose-infra/RoSE/soc/sw/xpu-rt/zephyr-chipyard-sw/tools-manual/zephyr-sdk-1.0.0-beta1/gnu/riscv64-zephyr-elf/lib/gcc/riscv64-zephyr-elf/14.3.0/include/syslimits.h:7,
                 from /scratch/dima/rose-infra/RoSE/soc/sw/xpu-rt/zephyr-chipyard-sw/tools-manual/zephyr-sdk-1.0.0-beta1/gnu/riscv64-zephyr-elf/lib/gcc/riscv64-zephyr-elf/14.3.0/include/limits.h:34,
                 from /scratch/dima/rose-infra/RoSE/soc/sw/xpu-rt/zephyr-chipyard-sw/zephyr_ws/zephyr/include/zephyr/kernel_includes.h:22,
                 from /scratch/dima/rose-infra/RoSE/soc/sw/xpu-rt/zephyr-chipyard-sw/zephyr_ws/zephyr/include/zephyr/kernel.h:17,
                 from /scratch/dima/rose-infra/RoSE/soc/sw/xpu-rt/zephyr-chipyard-sw/zephyr_ws/zephyr/lib/posix/c_lib_ext/getentropy.c:10:
/scratch/dima/rose-infra/RoSE/soc/sw/xpu-rt/zephyr-chipyard-sw/tools-manual/zephyr-sdk-1.0.0-beta1/gnu/riscv64-zephyr-elf/riscv64-zephyr-elf/sys-include/sys/syslimits.h:63:9: note: this is the location of the previous definition
   63 | #define _POSIX_AIO_LISTIO_MAX   2
      |         ^~~~~~~~~~~~~~~~~~~~~
/scratch/dima/rose-infra/RoSE/soc/sw/xpu-rt/zephyr-chipyard-sw/zephyr_ws/zephyr/include/zephyr/posix/posix_limits.h:24:9: warning: "_POSIX_AIO_MAX" redefined
   24 | #define _POSIX_AIO_MAX                      (1)
      |         ^~~~~~~~~~~~~~
/scratch/dima/rose-infra/RoSE/soc/sw/xpu-rt/zephyr-chipyard-sw/tools-manual/zephyr-sdk-1.0.0-beta1/gnu/riscv64-zephyr-elf/riscv64-zephyr-elf/sys-include/sys/syslimits.h:64:9: note: this is the location of the previous definition
   64 | #define _POSIX_AIO_MAX          1
      |         ^~~~~~~~~~~~~~
/scratch/dima/rose-infra/RoSE/soc/sw/xpu-rt/zephyr-chipyard-sw/zephyr_ws/zephyr/include/zephyr/posix/posix_limits.h:25:9: warning: "_POSIX_ARG_MAX" redefined
   25 | #define _POSIX_ARG_MAX                      (4096)
      |         ^~~~~~~~~~~~~~
/scratch/dima/rose-infra/RoSE/soc/sw/xpu-rt/zephyr-chipyard-sw/tools-manual/zephyr-sdk-1.0.0-beta1/gnu/riscv64-zephyr-elf/riscv64-zephyr-elf/sys-include/sys/syslimits.h:65:9: note: this is the location of the previous definition
   65 | #define _POSIX_ARG_MAX          4096
      |         ^~~~~~~~~~~~~~
/scratch/dima/rose-infra/RoSE/soc/sw/xpu-rt/zephyr-chipyard-sw/zephyr_ws/zephyr/include/zephyr/posix/posix_limits.h:26:9: warning: "_POSIX_CHILD_MAX" redefined
   26 | #define _POSIX_CHILD_MAX                    (25)
      |         ^~~~~~~~~~~~~~~~
/scratch/dima/rose-infra/RoSE/soc/sw/xpu-rt/zephyr-chipyard-sw/tools-manual/zephyr-sdk-1.0.0-beta1/gnu/riscv64-zephyr-elf/riscv64-zephyr-elf/sys-include/sys/syslimits.h:66:9: note: this is the location of the previous definition
   66 | #define _POSIX_CHILD_MAX        6
      |         ^~~~~~~~~~~~~~~~
/scratch/dima/rose-infra/RoSE/soc/sw/xpu-rt/zephyr-chipyard-sw/zephyr_ws/zephyr/include/zephyr/posix/posix_limits.h:27:9: warning: "_POSIX_DELAYTIMER_MAX" redefined
   27 | #define _POSIX_DELAYTIMER_MAX               (32)
      |         ^~~~~~~~~~~~~~~~~~~~~
/scratch/dima/rose-infra/RoSE/soc/sw/xpu-rt/zephyr-chipyard-sw/tools-manual/zephyr-sdk-1.0.0-beta1/gnu/riscv64-zephyr-elf/riscv64-zephyr-elf/sys-include/sys/syslimits.h:67:9: note: this is the location of the previous definition
   67 | #define _POSIX_DELAYTIMER_MAX   32
      |         ^~~~~~~~~~~~~~~~~~~~~
/scratch/dima/rose-infra/RoSE/soc/sw/xpu-rt/zephyr-chipyard-sw/zephyr_ws/zephyr/include/zephyr/posix/posix_limits.h:28:9: warning: "_POSIX_HOST_NAME_MAX" redefined
   28 | #define _POSIX_HOST_NAME_MAX                (255)
      |         ^~~~~~~~~~~~~~~~~~~~
/scratch/dima/rose-infra/RoSE/soc/sw/xpu-rt/zephyr-chipyard-sw/tools-manual/zephyr-sdk-1.0.0-beta1/gnu/riscv64-zephyr-elf/riscv64-zephyr-elf/sys-include/sys/syslimits.h:68:9: note: this is the location of the previous definition
   68 | #define _POSIX_HOST_NAME_MAX    255
      |         ^~~~~~~~~~~~~~~~~~~~
/scratch/dima/rose-infra/RoSE/soc/sw/xpu-rt/zephyr-chipyard-sw/zephyr_ws/zephyr/include/zephyr/posix/posix_limits.h:29:9: warning: "_POSIX_LINK_MAX" redefined
   29 | #define _POSIX_LINK_MAX                     (8)
      |         ^~~~~~~~~~~~~~~
/scratch/dima/rose-infra/RoSE/soc/sw/xpu-rt/zephyr-chipyard-sw/tools-manual/zephyr-sdk-1.0.0-beta1/gnu/riscv64-zephyr-elf/riscv64-zephyr-elf/sys-include/sys/syslimits.h:69:9: note: this is the location of the previous definition
   69 | #define _POSIX_LINK_MAX         8
      |         ^~~~~~~~~~~~~~~
/scratch/dima/rose-infra/RoSE/soc/sw/xpu-rt/zephyr-chipyard-sw/zephyr_ws/zephyr/include/zephyr/posix/posix_limits.h:30:9: warning: "_POSIX_LOGIN_NAME_MAX" redefined
   30 | #define _POSIX_LOGIN_NAME_MAX               (9)
      |         ^~~~~~~~~~~~~~~~~~~~~
/scratch/dima/rose-infra/RoSE/soc/sw/xpu-rt/zephyr-chipyard-sw/tools-manual/zephyr-sdk-1.0.0-beta1/gnu/riscv64-zephyr-elf/riscv64-zephyr-elf/sys-include/sys/syslimits.h:70:9: note: this is the location of the previous definition
   70 | #define _POSIX_LOGIN_NAME_MAX   9
      |         ^~~~~~~~~~~~~~~~~~~~~
/scratch/dima/rose-infra/RoSE/soc/sw/xpu-rt/zephyr-chipyard-sw/zephyr_ws/zephyr/include/zephyr/posix/posix_limits.h:31:9: warning: "_POSIX_MAX_CANON" redefined
   31 | #define _POSIX_MAX_CANON                    (255)
      |         ^~~~~~~~~~~~~~~~
/scratch/dima/rose-infra/RoSE/soc/sw/xpu-rt/zephyr-chipyard-sw/tools-manual/zephyr-sdk-1.0.0-beta1/gnu/riscv64-zephyr-elf/riscv64-zephyr-elf/sys-include/sys/syslimits.h:71:9: note: this is the location of the previous definition
   71 | #define _POSIX_MAX_CANON        255
      |         ^~~~~~~~~~~~~~~~
/scratch/dima/rose-infra/RoSE/soc/sw/xpu-rt/zephyr-chipyard-sw/zephyr_ws/zephyr/include/zephyr/posix/posix_limits.h:32:9: warning: "_POSIX_MAX_INPUT" redefined
   32 | #define _POSIX_MAX_INPUT                    (255)
      |         ^~~~~~~~~~~~~~~~
/scratch/dima/rose-infra/RoSE/soc/sw/xpu-rt/zephyr-chipyard-sw/tools-manual/zephyr-sdk-1.0.0-beta1/gnu/riscv64-zephyr-elf/riscv64-zephyr-elf/sys-include/sys/syslimits.h:72:9: note: this is the location of the previous definition
   72 | #define _POSIX_MAX_INPUT        255
      |         ^~~~~~~~~~~~~~~~
/scratch/dima/rose-infra/RoSE/soc/sw/xpu-rt/zephyr-chipyard-sw/zephyr_ws/zephyr/include/zephyr/posix/posix_limits.h:33:9: warning: "_POSIX_MQ_OPEN_MAX" redefined
   33 | #define _POSIX_MQ_OPEN_MAX                  (8)
      |         ^~~~~~~~~~~~~~~~~~
/scratch/dima/rose-infra/RoSE/soc/sw/xpu-rt/zephyr-chipyard-sw/tools-manual/zephyr-sdk-1.0.0-beta1/gnu/riscv64-zephyr-elf/riscv64-zephyr-elf/sys-include/sys/syslimits.h:73:9: note: this is the location of the previous definition
   73 | #define _POSIX_MQ_OPEN_MAX      8
      |         ^~~~~~~~~~~~~~~~~~
/scratch/dima/rose-infra/RoSE/soc/sw/xpu-rt/zephyr-chipyard-sw/zephyr_ws/zephyr/include/zephyr/posix/posix_limits.h:34:9: warning: "_POSIX_MQ_PRIO_MAX" redefined
   34 | #define _POSIX_MQ_PRIO_MAX                  (32)
      |         ^~~~~~~~~~~~~~~~~~
/scratch/dima/rose-infra/RoSE/soc/sw/xpu-rt/zephyr-chipyard-sw/tools-manual/zephyr-sdk-1.0.0-beta1/gnu/riscv64-zephyr-elf/riscv64-zephyr-elf/sys-include/sys/syslimits.h:74:9: note: this is the location of the previous definition
   74 | #define _POSIX_MQ_PRIO_MAX      32
      |         ^~~~~~~~~~~~~~~~~~
/scratch/dima/rose-infra/RoSE/soc/sw/xpu-rt/zephyr-chipyard-sw/zephyr_ws/zephyr/include/zephyr/posix/posix_limits.h:35:9: warning: "_POSIX_NAME_MAX" redefined
   35 | #define _POSIX_NAME_MAX                     (14)
      |         ^~~~~~~~~~~~~~~
/scratch/dima/rose-infra/RoSE/soc/sw/xpu-rt/zephyr-chipyard-sw/tools-manual/zephyr-sdk-1.0.0-beta1/gnu/riscv64-zephyr-elf/riscv64-zephyr-elf/sys-include/sys/syslimits.h:75:9: note: this is the location of the previous definition
   75 | #define _POSIX_NAME_MAX         14
      |         ^~~~~~~~~~~~~~~
/scratch/dima/rose-infra/RoSE/soc/sw/xpu-rt/zephyr-chipyard-sw/zephyr_ws/zephyr/include/zephyr/posix/posix_limits.h:36:9: warning: "_POSIX_NGROUPS_MAX" redefined
   36 | #define _POSIX_NGROUPS_MAX                  (8)
      |         ^~~~~~~~~~~~~~~~~~
/scratch/dima/rose-infra/RoSE/soc/sw/xpu-rt/zephyr-chipyard-sw/tools-manual/zephyr-sdk-1.0.0-beta1/gnu/riscv64-zephyr-elf/riscv64-zephyr-elf/sys-include/sys/syslimits.h:76:9: note: this is the location of the previous definition
   76 | #define _POSIX_NGROUPS_MAX      0
      |         ^~~~~~~~~~~~~~~~~~
/scratch/dima/rose-infra/RoSE/soc/sw/xpu-rt/zephyr-chipyard-sw/zephyr_ws/zephyr/include/zephyr/posix/posix_limits.h:37:9: warning: "_POSIX_OPEN_MAX" redefined
   37 | #define _POSIX_OPEN_MAX                     (20)
      |         ^~~~~~~~~~~~~~~
/scratch/dima/rose-infra/RoSE/soc/sw/xpu-rt/zephyr-chipyard-sw/tools-manual/zephyr-sdk-1.0.0-beta1/gnu/riscv64-zephyr-elf/riscv64-zephyr-elf/sys-include/sys/syslimits.h:77:9: note: this is the location of the previous definition
   77 | #define _POSIX_OPEN_MAX         16
      |         ^~~~~~~~~~~~~~~
/scratch/dima/rose-infra/RoSE/soc/sw/xpu-rt/zephyr-chipyard-sw/zephyr_ws/zephyr/include/zephyr/posix/posix_limits.h:38:9: warning: "_POSIX_PATH_MAX" redefined
   38 | #define _POSIX_PATH_MAX                     (256)
      |         ^~~~~~~~~~~~~~~
/scratch/dima/rose-infra/RoSE/soc/sw/xpu-rt/zephyr-chipyard-sw/tools-manual/zephyr-sdk-1.0.0-beta1/gnu/riscv64-zephyr-elf/riscv64-zephyr-elf/sys-include/sys/syslimits.h:78:9: note: this is the location of the previous definition
   78 | #define _POSIX_PATH_MAX         255
      |         ^~~~~~~~~~~~~~~
/scratch/dima/rose-infra/RoSE/soc/sw/xpu-rt/zephyr-chipyard-sw/zephyr_ws/zephyr/include/zephyr/posix/posix_limits.h:39:9: warning: "_POSIX_PIPE_BUF" redefined
   39 | #define _POSIX_PIPE_BUF                     (512)
      |         ^~~~~~~~~~~~~~~
/scratch/dima/rose-infra/RoSE/soc/sw/xpu-rt/zephyr-chipyard-sw/tools-manual/zephyr-sdk-1.0.0-beta1/gnu/riscv64-zephyr-elf/riscv64-zephyr-elf/sys-include/sys/syslimits.h:79:9: note: this is the location of the previous definition
   79 | #define _POSIX_PIPE_BUF         512
      |         ^~~~~~~~~~~~~~~
/scratch/dima/rose-infra/RoSE/soc/sw/xpu-rt/zephyr-chipyard-sw/zephyr_ws/zephyr/include/zephyr/posix/posix_limits.h:40:9: warning: "_POSIX_RE_DUP_MAX" redefined
   40 | #define _POSIX_RE_DUP_MAX                   (255)
      |         ^~~~~~~~~~~~~~~~~
/scratch/dima/rose-infra/RoSE/soc/sw/xpu-rt/zephyr-chipyard-sw/tools-manual/zephyr-sdk-1.0.0-beta1/gnu/riscv64-zephyr-elf/riscv64-zephyr-elf/sys-include/sys/syslimits.h:80:9: note: this is the location of the previous definition
   80 | #define _POSIX_RE_DUP_MAX       255
      |         ^~~~~~~~~~~~~~~~~
/scratch/dima/rose-infra/RoSE/soc/sw/xpu-rt/zephyr-chipyard-sw/zephyr_ws/zephyr/include/zephyr/posix/posix_limits.h:41:9: warning: "_POSIX_RTSIG_MAX" redefined
   41 | #define _POSIX_RTSIG_MAX                    (8)
      |         ^~~~~~~~~~~~~~~~
/scratch/dima/rose-infra/RoSE/soc/sw/xpu-rt/zephyr-chipyard-sw/tools-manual/zephyr-sdk-1.0.0-beta1/gnu/riscv64-zephyr-elf/riscv64-zephyr-elf/sys-include/sys/syslimits.h:81:9: note: this is the location of the previous definition
   81 | #define _POSIX_RTSIG_MAX        8
      |         ^~~~~~~~~~~~~~~~
/scratch/dima/rose-infra/RoSE/soc/sw/xpu-rt/zephyr-chipyard-sw/zephyr_ws/zephyr/include/zephyr/posix/posix_limits.h:42:9: warning: "_POSIX_SEM_NSEMS_MAX" redefined
   42 | #define _POSIX_SEM_NSEMS_MAX                (256)
      |         ^~~~~~~~~~~~~~~~~~~~
/scratch/dima/rose-infra/RoSE/soc/sw/xpu-rt/zephyr-chipyard-sw/tools-manual/zephyr-sdk-1.0.0-beta1/gnu/riscv64-zephyr-elf/riscv64-zephyr-elf/sys-include/sys/syslimits.h:82:9: note: this is the location of the previous definition
   82 | #define _POSIX_SEM_NSEMS_MAX    256
      |         ^~~~~~~~~~~~~~~~~~~~
/scratch/dima/rose-infra/RoSE/soc/sw/xpu-rt/zephyr-chipyard-sw/zephyr_ws/zephyr/include/zephyr/posix/posix_limits.h:43:9: warning: "_POSIX_SEM_VALUE_MAX" redefined
   43 | #define _POSIX_SEM_VALUE_MAX                (32767)
      |         ^~~~~~~~~~~~~~~~~~~~
/scratch/dima/rose-infra/RoSE/soc/sw/xpu-rt/zephyr-chipyard-sw/tools-manual/zephyr-sdk-1.0.0-beta1/gnu/riscv64-zephyr-elf/riscv64-zephyr-elf/sys-include/sys/syslimits.h:83:9: note: this is the location of the previous definition
   83 | #define _POSIX_SEM_VALUE_MAX    32767
      |         ^~~~~~~~~~~~~~~~~~~~
/scratch/dima/rose-infra/RoSE/soc/sw/xpu-rt/zephyr-chipyard-sw/zephyr_ws/zephyr/include/zephyr/posix/posix_limits.h:44:9: warning: "_POSIX_SIGQUEUE_MAX" redefined
   44 | #define _POSIX_SIGQUEUE_MAX                 (32)
      |         ^~~~~~~~~~~~~~~~~~~
/scratch/dima/rose-infra/RoSE/soc/sw/xpu-rt/zephyr-chipyard-sw/tools-manual/zephyr-sdk-1.0.0-beta1/gnu/riscv64-zephyr-elf/riscv64-zephyr-elf/sys-include/sys/syslimits.h:84:9: note: this is the location of the previous definition
   84 | #define _POSIX_SIGQUEUE_MAX     32
      |         ^~~~~~~~~~~~~~~~~~~
/scratch/dima/rose-infra/RoSE/soc/sw/xpu-rt/zephyr-chipyard-sw/zephyr_ws/zephyr/include/zephyr/posix/posix_limits.h:45:9: warning: "_POSIX_SSIZE_MAX" redefined
   45 | #define _POSIX_SSIZE_MAX                    (32767)
      |         ^~~~~~~~~~~~~~~~
/scratch/dima/rose-infra/RoSE/soc/sw/xpu-rt/zephyr-chipyard-sw/tools-manual/zephyr-sdk-1.0.0-beta1/gnu/riscv64-zephyr-elf/riscv64-zephyr-elf/sys-include/sys/syslimits.h:85:9: note: this is the location of the previous definition
   85 | #define _POSIX_SSIZE_MAX        32767
      |         ^~~~~~~~~~~~~~~~
/scratch/dima/rose-infra/RoSE/soc/sw/xpu-rt/zephyr-chipyard-sw/zephyr_ws/zephyr/include/zephyr/posix/posix_limits.h:46:9: warning: "_POSIX_SS_REPL_MAX" redefined
   46 | #define _POSIX_SS_REPL_MAX                  (4)
      |         ^~~~~~~~~~~~~~~~~~
/scratch/dima/rose-infra/RoSE/soc/sw/xpu-rt/zephyr-chipyard-sw/tools-manual/zephyr-sdk-1.0.0-beta1/gnu/riscv64-zephyr-elf/riscv64-zephyr-elf/sys-include/sys/syslimits.h:86:9: note: this is the location of the previous definition
   86 | #define _POSIX_SS_REPL_MAX      4
      |         ^~~~~~~~~~~~~~~~~~
/scratch/dima/rose-infra/RoSE/soc/sw/xpu-rt/zephyr-chipyard-sw/zephyr_ws/zephyr/include/zephyr/posix/posix_limits.h:47:9: warning: "_POSIX_STREAM_MAX" redefined
   47 | #define _POSIX_STREAM_MAX                   (8)
      |         ^~~~~~~~~~~~~~~~~
/scratch/dima/rose-infra/RoSE/soc/sw/xpu-rt/zephyr-chipyard-sw/tools-manual/zephyr-sdk-1.0.0-beta1/gnu/riscv64-zephyr-elf/riscv64-zephyr-elf/sys-include/sys/syslimits.h:87:9: note: this is the location of the previous definition
   87 | #define _POSIX_STREAM_MAX       8
      |         ^~~~~~~~~~~~~~~~~
/scratch/dima/rose-infra/RoSE/soc/sw/xpu-rt/zephyr-chipyard-sw/zephyr_ws/zephyr/include/zephyr/posix/posix_limits.h:48:9: warning: "_POSIX_SYMLINK_MAX" redefined
   48 | #define _POSIX_SYMLINK_MAX                  (255)
      |         ^~~~~~~~~~~~~~~~~~
/scratch/dima/rose-infra/RoSE/soc/sw/xpu-rt/zephyr-chipyard-sw/tools-manual/zephyr-sdk-1.0.0-beta1/gnu/riscv64-zephyr-elf/riscv64-zephyr-elf/sys-include/sys/syslimits.h:88:9: note: this is the location of the previous definition
   88 | #define _POSIX_SYMLINK_MAX      255
      |         ^~~~~~~~~~~~~~~~~~
/scratch/dima/rose-infra/RoSE/soc/sw/xpu-rt/zephyr-chipyard-sw/zephyr_ws/zephyr/include/zephyr/posix/posix_limits.h:49:9: warning: "_POSIX_SYMLOOP_MAX" redefined
   49 | #define _POSIX_SYMLOOP_MAX                  (8)
      |         ^~~~~~~~~~~~~~~~~~
/scratch/dima/rose-infra/RoSE/soc/sw/xpu-rt/zephyr-chipyard-sw/tools-manual/zephyr-sdk-1.0.0-beta1/gnu/riscv64-zephyr-elf/riscv64-zephyr-elf/sys-include/sys/syslimits.h:89:9: note: this is the location of the previous definition
   89 | #define _POSIX_SYMLOOP_MAX      8
      |         ^~~~~~~~~~~~~~~~~~
/scratch/dima/rose-infra/RoSE/soc/sw/xpu-rt/zephyr-chipyard-sw/zephyr_ws/zephyr/include/zephyr/posix/posix_limits.h:50:9: warning: "_POSIX_THREAD_DESTRUCTOR_ITERATIONS" redefined
   50 | #define _POSIX_THREAD_DESTRUCTOR_ITERATIONS (4)
      |         ^~~~~~~~~~~~~~~~~~~~~~~~~~~~~~~~~~~
/scratch/dima/rose-infra/RoSE/soc/sw/xpu-rt/zephyr-chipyard-sw/tools-manual/zephyr-sdk-1.0.0-beta1/gnu/riscv64-zephyr-elf/riscv64-zephyr-elf/sys-include/sys/syslimits.h:90:9: note: this is the location of the previous definition
   90 | #define _POSIX_THREAD_DESTRUCTOR_ITERATIONS     4
      |         ^~~~~~~~~~~~~~~~~~~~~~~~~~~~~~~~~~~
/scratch/dima/rose-infra/RoSE/soc/sw/xpu-rt/zephyr-chipyard-sw/zephyr_ws/zephyr/include/zephyr/posix/posix_limits.h:51:9: warning: "_POSIX_THREAD_KEYS_MAX" redefined
   51 | #define _POSIX_THREAD_KEYS_MAX              (128)
      |         ^~~~~~~~~~~~~~~~~~~~~~
/scratch/dima/rose-infra/RoSE/soc/sw/xpu-rt/zephyr-chipyard-sw/tools-manual/zephyr-sdk-1.0.0-beta1/gnu/riscv64-zephyr-elf/riscv64-zephyr-elf/sys-include/sys/syslimits.h:91:9: note: this is the location of the previous definition
   91 | #define _POSIX_THREAD_KEYS_MAX  128
      |         ^~~~~~~~~~~~~~~~~~~~~~
/scratch/dima/rose-infra/RoSE/soc/sw/xpu-rt/zephyr-chipyard-sw/zephyr_ws/zephyr/include/zephyr/posix/posix_limits.h:52:9: warning: "_POSIX_THREAD_THREADS_MAX" redefined
   52 | #define _POSIX_THREAD_THREADS_MAX           (64)
      |         ^~~~~~~~~~~~~~~~~~~~~~~~~
/scratch/dima/rose-infra/RoSE/soc/sw/xpu-rt/zephyr-chipyard-sw/tools-manual/zephyr-sdk-1.0.0-beta1/gnu/riscv64-zephyr-elf/riscv64-zephyr-elf/sys-include/sys/syslimits.h:92:9: note: this is the location of the previous definition
   92 | #define _POSIX_THREAD_THREADS_MAX       64
      |         ^~~~~~~~~~~~~~~~~~~~~~~~~
/scratch/dima/rose-infra/RoSE/soc/sw/xpu-rt/zephyr-chipyard-sw/zephyr_ws/zephyr/include/zephyr/posix/posix_limits.h:53:9: warning: "_POSIX_TIMER_MAX" redefined
   53 | #define _POSIX_TIMER_MAX                    (32)
      |         ^~~~~~~~~~~~~~~~
/scratch/dima/rose-infra/RoSE/soc/sw/xpu-rt/zephyr-chipyard-sw/tools-manual/zephyr-sdk-1.0.0-beta1/gnu/riscv64-zephyr-elf/riscv64-zephyr-elf/sys-include/sys/syslimits.h:93:9: note: this is the location of the previous definition
   93 | #define _POSIX_TIMER_MAX        32
      |         ^~~~~~~~~~~~~~~~
/scratch/dima/rose-infra/RoSE/soc/sw/xpu-rt/zephyr-chipyard-sw/zephyr_ws/zephyr/include/zephyr/posix/posix_limits.h:54:9: warning: "_POSIX_TRACE_EVENT_NAME_MAX" redefined
   54 | #define _POSIX_TRACE_EVENT_NAME_MAX         (30)
      |         ^~~~~~~~~~~~~~~~~~~~~~~~~~~
/scratch/dima/rose-infra/RoSE/soc/sw/xpu-rt/zephyr-chipyard-sw/tools-manual/zephyr-sdk-1.0.0-beta1/gnu/riscv64-zephyr-elf/riscv64-zephyr-elf/sys-include/sys/syslimits.h:94:9: note: this is the location of the previous definition
   94 | #define _POSIX_TRACE_EVENT_NAME_MAX     30
      |         ^~~~~~~~~~~~~~~~~~~~~~~~~~~
/scratch/dima/rose-infra/RoSE/soc/sw/xpu-rt/zephyr-chipyard-sw/zephyr_ws/zephyr/include/zephyr/posix/posix_limits.h:55:9: warning: "_POSIX_TRACE_NAME_MAX" redefined
   55 | #define _POSIX_TRACE_NAME_MAX               (8)
      |         ^~~~~~~~~~~~~~~~~~~~~
/scratch/dima/rose-infra/RoSE/soc/sw/xpu-rt/zephyr-chipyard-sw/tools-manual/zephyr-sdk-1.0.0-beta1/gnu/riscv64-zephyr-elf/riscv64-zephyr-elf/sys-include/sys/syslimits.h:95:9: note: this is the location of the previous definition
   95 | #define _POSIX_TRACE_NAME_MAX   8
      |         ^~~~~~~~~~~~~~~~~~~~~
/scratch/dima/rose-infra/RoSE/soc/sw/xpu-rt/zephyr-chipyard-sw/zephyr_ws/zephyr/include/zephyr/posix/posix_limits.h:56:9: warning: "_POSIX_TRACE_SYS_MAX" redefined
   56 | #define _POSIX_TRACE_SYS_MAX                (8)
      |         ^~~~~~~~~~~~~~~~~~~~
/scratch/dima/rose-infra/RoSE/soc/sw/xpu-rt/zephyr-chipyard-sw/tools-manual/zephyr-sdk-1.0.0-beta1/gnu/riscv64-zephyr-elf/riscv64-zephyr-elf/sys-include/sys/syslimits.h:96:9: note: this is the location of the previous definition
   96 | #define _POSIX_TRACE_SYS_MAX    8
      |         ^~~~~~~~~~~~~~~~~~~~
/scratch/dima/rose-infra/RoSE/soc/sw/xpu-rt/zephyr-chipyard-sw/zephyr_ws/zephyr/include/zephyr/posix/posix_limits.h:57:9: warning: "_POSIX_TRACE_USER_EVENT_MAX" redefined
   57 | #define _POSIX_TRACE_USER_EVENT_MAX         (32)
      |         ^~~~~~~~~~~~~~~~~~~~~~~~~~~
/scratch/dima/rose-infra/RoSE/soc/sw/xpu-rt/zephyr-chipyard-sw/tools-manual/zephyr-sdk-1.0.0-beta1/gnu/riscv64-zephyr-elf/riscv64-zephyr-elf/sys-include/sys/syslimits.h:97:9: note: this is the location of the previous definition
   97 | #define _POSIX_TRACE_USER_EVENT_MAX     32
      |         ^~~~~~~~~~~~~~~~~~~~~~~~~~~
/scratch/dima/rose-infra/RoSE/soc/sw/xpu-rt/zephyr-chipyard-sw/zephyr_ws/zephyr/include/zephyr/posix/posix_limits.h:58:9: warning: "_POSIX_TTY_NAME_MAX" redefined
   58 | #define _POSIX_TTY_NAME_MAX                 (9)
      |         ^~~~~~~~~~~~~~~~~~~
/scratch/dima/rose-infra/RoSE/soc/sw/xpu-rt/zephyr-chipyard-sw/tools-manual/zephyr-sdk-1.0.0-beta1/gnu/riscv64-zephyr-elf/riscv64-zephyr-elf/sys-include/sys/syslimits.h:98:9: note: this is the location of the previous definition
   98 | #define _POSIX_TTY_NAME_MAX     9
      |         ^~~~~~~~~~~~~~~~~~~
/scratch/dima/rose-infra/RoSE/soc/sw/xpu-rt/zephyr-chipyard-sw/zephyr_ws/zephyr/include/zephyr/posix/posix_limits.h:59:9: warning: "_POSIX_TZNAME_MAX" redefined
   59 | #define _POSIX_TZNAME_MAX                   (6)
      |         ^~~~~~~~~~~~~~~~~
/scratch/dima/rose-infra/RoSE/soc/sw/xpu-rt/zephyr-chipyard-sw/tools-manual/zephyr-sdk-1.0.0-beta1/gnu/riscv64-zephyr-elf/riscv64-zephyr-elf/sys-include/sys/syslimits.h:99:9: note: this is the location of the previous definition
   99 | #define _POSIX_TZNAME_MAX       3
      |         ^~~~~~~~~~~~~~~~~
/scratch/dima/rose-infra/RoSE/soc/sw/xpu-rt/zephyr-chipyard-sw/zephyr_ws/zephyr/include/zephyr/posix/posix_limits.h:60:9: warning: "_POSIX2_BC_BASE_MAX" redefined
   60 | #define _POSIX2_BC_BASE_MAX                 (99)
      |         ^~~~~~~~~~~~~~~~~~~
/scratch/dima/rose-infra/RoSE/soc/sw/xpu-rt/zephyr-chipyard-sw/tools-manual/zephyr-sdk-1.0.0-beta1/gnu/riscv64-zephyr-elf/riscv64-zephyr-elf/sys-include/sys/syslimits.h:100:9: note: this is the location of the previous definition
  100 | #define _POSIX2_BC_BASE_MAX     99
      |         ^~~~~~~~~~~~~~~~~~~
/scratch/dima/rose-infra/RoSE/soc/sw/xpu-rt/zephyr-chipyard-sw/zephyr_ws/zephyr/include/zephyr/posix/posix_limits.h:61:9: warning: "_POSIX2_BC_DIM_MAX" redefined
   61 | #define _POSIX2_BC_DIM_MAX                  (2048)
      |         ^~~~~~~~~~~~~~~~~~
/scratch/dima/rose-infra/RoSE/soc/sw/xpu-rt/zephyr-chipyard-sw/tools-manual/zephyr-sdk-1.0.0-beta1/gnu/riscv64-zephyr-elf/riscv64-zephyr-elf/sys-include/sys/syslimits.h:101:9: note: this is the location of the previous definition
  101 | #define _POSIX2_BC_DIM_MAX      2048
      |         ^~~~~~~~~~~~~~~~~~
/scratch/dima/rose-infra/RoSE/soc/sw/xpu-rt/zephyr-chipyard-sw/zephyr_ws/zephyr/include/zephyr/posix/posix_limits.h:62:9: warning: "_POSIX2_BC_SCALE_MAX" redefined
   62 | #define _POSIX2_BC_SCALE_MAX                (99)
      |         ^~~~~~~~~~~~~~~~~~~~
/scratch/dima/rose-infra/RoSE/soc/sw/xpu-rt/zephyr-chipyard-sw/tools-manual/zephyr-sdk-1.0.0-beta1/gnu/riscv64-zephyr-elf/riscv64-zephyr-elf/sys-include/sys/syslimits.h:102:9: note: this is the location of the previous definition
  102 | #define _POSIX2_BC_SCALE_MAX    99
      |         ^~~~~~~~~~~~~~~~~~~~
/scratch/dima/rose-infra/RoSE/soc/sw/xpu-rt/zephyr-chipyard-sw/zephyr_ws/zephyr/include/zephyr/posix/posix_limits.h:63:9: warning: "_POSIX2_BC_STRING_MAX" redefined
   63 | #define _POSIX2_BC_STRING_MAX               (1000)
      |         ^~~~~~~~~~~~~~~~~~~~~
/scratch/dima/rose-infra/RoSE/soc/sw/xpu-rt/zephyr-chipyard-sw/tools-manual/zephyr-sdk-1.0.0-beta1/gnu/riscv64-zephyr-elf/riscv64-zephyr-elf/sys-include/sys/syslimits.h:103:9: note: this is the location of the previous definition
  103 | #define _POSIX2_BC_STRING_MAX   1000
      |         ^~~~~~~~~~~~~~~~~~~~~
/scratch/dima/rose-infra/RoSE/soc/sw/xpu-rt/zephyr-chipyard-sw/zephyr_ws/zephyr/include/zephyr/posix/posix_limits.h:64:9: warning: "_POSIX2_CHARCLASS_NAME_MAX" redefined
   64 | #define _POSIX2_CHARCLASS_NAME_MAX          (14)
      |         ^~~~~~~~~~~~~~~~~~~~~~~~~~
/scratch/dima/rose-infra/RoSE/soc/sw/xpu-rt/zephyr-chipyard-sw/tools-manual/zephyr-sdk-1.0.0-beta1/gnu/riscv64-zephyr-elf/riscv64-zephyr-elf/sys-include/sys/syslimits.h:104:9: note: this is the location of the previous definition
  104 | #define _POSIX2_CHARCLASS_NAME_MAX      14
      |         ^~~~~~~~~~~~~~~~~~~~~~~~~~
/scratch/dima/rose-infra/RoSE/soc/sw/xpu-rt/zephyr-chipyard-sw/zephyr_ws/zephyr/include/zephyr/posix/posix_limits.h:65:9: warning: "_POSIX2_COLL_WEIGHTS_MAX" redefined
   65 | #define _POSIX2_COLL_WEIGHTS_MAX            (2)
      |         ^~~~~~~~~~~~~~~~~~~~~~~~
/scratch/dima/rose-infra/RoSE/soc/sw/xpu-rt/zephyr-chipyard-sw/tools-manual/zephyr-sdk-1.0.0-beta1/gnu/riscv64-zephyr-elf/riscv64-zephyr-elf/sys-include/sys/syslimits.h:105:9: note: this is the location of the previous definition
  105 | #define _POSIX2_COLL_WEIGHTS_MAX        2
      |         ^~~~~~~~~~~~~~~~~~~~~~~~
/scratch/dima/rose-infra/RoSE/soc/sw/xpu-rt/zephyr-chipyard-sw/zephyr_ws/zephyr/include/zephyr/posix/posix_limits.h:66:9: warning: "_POSIX2_EXPR_NEST_MAX" redefined
   66 | #define _POSIX2_EXPR_NEST_MAX               (32)
      |         ^~~~~~~~~~~~~~~~~~~~~
/scratch/dima/rose-infra/RoSE/soc/sw/xpu-rt/zephyr-chipyard-sw/tools-manual/zephyr-sdk-1.0.0-beta1/gnu/riscv64-zephyr-elf/riscv64-zephyr-elf/sys-include/sys/syslimits.h:106:9: note: this is the location of the previous definition
  106 | #define _POSIX2_EXPR_NEST_MAX   32
      |         ^~~~~~~~~~~~~~~~~~~~~
/scratch/dima/rose-infra/RoSE/soc/sw/xpu-rt/zephyr-chipyard-sw/zephyr_ws/zephyr/include/zephyr/posix/posix_limits.h:67:9: warning: "_POSIX2_LINE_MAX" redefined
   67 | #define _POSIX2_LINE_MAX                    (2048)
      |         ^~~~~~~~~~~~~~~~
/scratch/dima/rose-infra/RoSE/soc/sw/xpu-rt/zephyr-chipyard-sw/tools-manual/zephyr-sdk-1.0.0-beta1/gnu/riscv64-zephyr-elf/riscv64-zephyr-elf/sys-include/sys/syslimits.h:107:9: note: this is the location of the previous definition
  107 | #define _POSIX2_LINE_MAX        2048
      |         ^~~~~~~~~~~~~~~~
/scratch/dima/rose-infra/RoSE/soc/sw/xpu-rt/zephyr-chipyard-sw/zephyr_ws/zephyr/include/zephyr/posix/posix_limits.h:83:9: warning: "ARG_MAX" redefined
   83 | #define ARG_MAX                       _POSIX_ARG_MAX
      |         ^~~~~~~
/scratch/dima/rose-infra/RoSE/soc/sw/xpu-rt/zephyr-chipyard-sw/tools-manual/zephyr-sdk-1.0.0-beta1/gnu/riscv64-zephyr-elf/riscv64-zephyr-elf/sys-include/sys/syslimits.h:41:9: note: this is the location of the previous definition
   41 | #define ARG_MAX                 65536   /* max bytes for an exec function */
      |         ^~~~~~~
/scratch/dima/rose-infra/RoSE/soc/sw/xpu-rt/zephyr-chipyard-sw/zephyr_ws/zephyr/include/zephyr/posix/posix_limits.h:84:9: warning: "ATEXIT_MAX" redefined
   84 | #define ATEXIT_MAX                    (32)
      |         ^~~~~~~~~~
/scratch/dima/rose-infra/RoSE/soc/sw/xpu-rt/zephyr-chipyard-sw/tools-manual/zephyr-sdk-1.0.0-beta1/gnu/riscv64-zephyr-elf/riscv64-zephyr-elf/sys-include/sys/syslimits.h:42:9: note: this is the location of the previous definition
   42 | #define ATEXIT_MAX                 32   /* max atexit functions */
      |         ^~~~~~~~~~
/scratch/dima/rose-infra/RoSE/soc/sw/xpu-rt/zephyr-chipyard-sw/zephyr_ws/zephyr/include/zephyr/posix/posix_limits.h:93:9: warning: "OPEN_MAX" redefined
   93 | #define OPEN_MAX                      CONFIG_POSIX_OPEN_MAX
      |         ^~~~~~~~
/scratch/dima/rose-infra/RoSE/soc/sw/xpu-rt/zephyr-chipyard-sw/tools-manual/zephyr-sdk-1.0.0-beta1/gnu/riscv64-zephyr-elf/riscv64-zephyr-elf/sys-include/sys/syslimits.h:45:9: note: this is the location of the previous definition
   45 | #define OPEN_MAX                   64   /* max open files per process */
      |         ^~~~~~~~
/scratch/dima/rose-infra/RoSE/soc/sw/xpu-rt/zephyr-chipyard-sw/zephyr_ws/zephyr/include/zephyr/posix/posix_limits.h:96:9: warning: "PATH_MAX" redefined
   96 | #define PATH_MAX                      _POSIX_PATH_MAX
      |         ^~~~~~~~
/scratch/dima/rose-infra/RoSE/soc/sw/xpu-rt/zephyr-chipyard-sw/tools-manual/zephyr-sdk-1.0.0-beta1/gnu/riscv64-zephyr-elf/riscv64-zephyr-elf/sys-include/sys/syslimits.h:53:9: note: this is the location of the previous definition
   53 | #define PATH_MAX                 1024   /* max bytes in pathname */
      |         ^~~~~~~~
/scratch/dima/rose-infra/RoSE/soc/sw/xpu-rt/zephyr-chipyard-sw/zephyr_ws/zephyr/include/zephyr/posix/posix_limits.h:114:9: warning: "TZNAME_MAX" redefined
  114 | #define TZNAME_MAX                    _POSIX_TZNAME_MAX
      |         ^~~~~~~~~~
/scratch/dima/rose-infra/RoSE/soc/sw/xpu-rt/zephyr-chipyard-sw/tools-manual/zephyr-sdk-1.0.0-beta1/gnu/riscv64-zephyr-elf/riscv64-zephyr-elf/sys-include/sys/syslimits.h:46:9: note: this is the location of the previous definition
   46 | #define TZNAME_MAX                 10   /* max time zone name length */
      |         ^~~~~~~~~~
[63/127] Building C object zephyr/drivers/console/CMakeFiles/drivers__console.dir/uart_console.c.obj
[64/127] Building C object zephyr/drivers/timer/CMakeFiles/drivers__timer.dir/sys_clock_init.c.obj
[65/127] Linking C static library zephyr/arch/common/libarch__common.a
[66/127] Building C object zephyr/lib/libc/picolibc/CMakeFiles/lib__libc__picolibc.dir/stdio.c.obj
[67/127] Building C object zephyr/kernel/CMakeFiles/kernel.dir/errno.c.obj
[68/127] Building C object zephyr/kernel/CMakeFiles/kernel.dir/banner.c.obj
[69/127] Building C object zephyr/lib/posix/c_lib_ext/CMakeFiles/lib__posix__c_lib_ext.dir/getopt/getopt.c.obj
In file included from /scratch/dima/rose-infra/RoSE/soc/sw/xpu-rt/zephyr-chipyard-sw/zephyr_ws/zephyr/include/zephyr/posix/sys/sysconf.h:11,
                 from /scratch/dima/rose-infra/RoSE/soc/sw/xpu-rt/zephyr-chipyard-sw/zephyr_ws/zephyr/include/zephyr/posix/unistd.h:18,
                 from /scratch/dima/rose-infra/RoSE/soc/sw/xpu-rt/zephyr-chipyard-sw/zephyr_ws/zephyr/lib/posix/c_lib_ext/getopt/getopt.c:36:
/scratch/dima/rose-infra/RoSE/soc/sw/xpu-rt/zephyr-chipyard-sw/zephyr_ws/zephyr/include/zephyr/posix/posix_limits.h:23:9: warning: "_POSIX_AIO_LISTIO_MAX" redefined
   23 | #define _POSIX_AIO_LISTIO_MAX               (2)
      |         ^~~~~~~~~~~~~~~~~~~~~
In file included from /scratch/dima/rose-infra/RoSE/soc/sw/xpu-rt/zephyr-chipyard-sw/tools-manual/zephyr-sdk-1.0.0-beta1/gnu/riscv64-zephyr-elf/riscv64-zephyr-elf/sys-include/limits.h:6,
                 from /scratch/dima/rose-infra/RoSE/soc/sw/xpu-rt/zephyr-chipyard-sw/tools-manual/zephyr-sdk-1.0.0-beta1/gnu/riscv64-zephyr-elf/lib/gcc/riscv64-zephyr-elf/14.3.0/include/limits.h:210,
                 from /scratch/dima/rose-infra/RoSE/soc/sw/xpu-rt/zephyr-chipyard-sw/tools-manual/zephyr-sdk-1.0.0-beta1/gnu/riscv64-zephyr-elf/lib/gcc/riscv64-zephyr-elf/14.3.0/include/syslimits.h:7,
                 from /scratch/dima/rose-infra/RoSE/soc/sw/xpu-rt/zephyr-chipyard-sw/tools-manual/zephyr-sdk-1.0.0-beta1/gnu/riscv64-zephyr-elf/lib/gcc/riscv64-zephyr-elf/14.3.0/include/limits.h:34,
                 from /scratch/dima/rose-infra/RoSE/soc/sw/xpu-rt/zephyr-chipyard-sw/zephyr_ws/zephyr/include/zephyr/kernel_includes.h:22,
                 from /scratch/dima/rose-infra/RoSE/soc/sw/xpu-rt/zephyr-chipyard-sw/zephyr_ws/zephyr/include/zephyr/kernel.h:17,
                 from /scratch/dima/rose-infra/RoSE/soc/sw/xpu-rt/zephyr-chipyard-sw/zephyr_ws/zephyr/include/zephyr/posix/posix_types.h:30,
                 from /scratch/dima/rose-infra/RoSE/soc/sw/xpu-rt/zephyr-chipyard-sw/zephyr_ws/zephyr/include/zephyr/posix/unistd.h:11:
/scratch/dima/rose-infra/RoSE/soc/sw/xpu-rt/zephyr-chipyard-sw/tools-manual/zephyr-sdk-1.0.0-beta1/gnu/riscv64-zephyr-elf/riscv64-zephyr-elf/sys-include/sys/syslimits.h:63:9: note: this is the location of the previous definition
   63 | #define _POSIX_AIO_LISTIO_MAX   2
      |         ^~~~~~~~~~~~~~~~~~~~~
/scratch/dima/rose-infra/RoSE/soc/sw/xpu-rt/zephyr-chipyard-sw/zephyr_ws/zephyr/include/zephyr/posix/posix_limits.h:24:9: warning: "_POSIX_AIO_MAX" redefined
   24 | #define _POSIX_AIO_MAX                      (1)
      |         ^~~~~~~~~~~~~~
/scratch/dima/rose-infra/RoSE/soc/sw/xpu-rt/zephyr-chipyard-sw/tools-manual/zephyr-sdk-1.0.0-beta1/gnu/riscv64-zephyr-elf/riscv64-zephyr-elf/sys-include/sys/syslimits.h:64:9: note: this is the location of the previous definition
   64 | #define _POSIX_AIO_MAX          1
      |         ^~~~~~~~~~~~~~
/scratch/dima/rose-infra/RoSE/soc/sw/xpu-rt/zephyr-chipyard-sw/zephyr_ws/zephyr/include/zephyr/posix/posix_limits.h:25:9: warning: "_POSIX_ARG_MAX" redefined
   25 | #define _POSIX_ARG_MAX                      (4096)
      |         ^~~~~~~~~~~~~~
/scratch/dima/rose-infra/RoSE/soc/sw/xpu-rt/zephyr-chipyard-sw/tools-manual/zephyr-sdk-1.0.0-beta1/gnu/riscv64-zephyr-elf/riscv64-zephyr-elf/sys-include/sys/syslimits.h:65:9: note: this is the location of the previous definition
   65 | #define _POSIX_ARG_MAX          4096
      |         ^~~~~~~~~~~~~~
/scratch/dima/rose-infra/RoSE/soc/sw/xpu-rt/zephyr-chipyard-sw/zephyr_ws/zephyr/include/zephyr/posix/posix_limits.h:26:9: warning: "_POSIX_CHILD_MAX" redefined
   26 | #define _POSIX_CHILD_MAX                    (25)
      |         ^~~~~~~~~~~~~~~~
/scratch/dima/rose-infra/RoSE/soc/sw/xpu-rt/zephyr-chipyard-sw/tools-manual/zephyr-sdk-1.0.0-beta1/gnu/riscv64-zephyr-elf/riscv64-zephyr-elf/sys-include/sys/syslimits.h:66:9: note: this is the location of the previous definition
   66 | #define _POSIX_CHILD_MAX        6
      |         ^~~~~~~~~~~~~~~~
/scratch/dima/rose-infra/RoSE/soc/sw/xpu-rt/zephyr-chipyard-sw/zephyr_ws/zephyr/include/zephyr/posix/posix_limits.h:27:9: warning: "_POSIX_DELAYTIMER_MAX" redefined
   27 | #define _POSIX_DELAYTIMER_MAX               (32)
      |         ^~~~~~~~~~~~~~~~~~~~~
/scratch/dima/rose-infra/RoSE/soc/sw/xpu-rt/zephyr-chipyard-sw/tools-manual/zephyr-sdk-1.0.0-beta1/gnu/riscv64-zephyr-elf/riscv64-zephyr-elf/sys-include/sys/syslimits.h:67:9: note: this is the location of the previous definition
   67 | #define _POSIX_DELAYTIMER_MAX   32
      |         ^~~~~~~~~~~~~~~~~~~~~
/scratch/dima/rose-infra/RoSE/soc/sw/xpu-rt/zephyr-chipyard-sw/zephyr_ws/zephyr/include/zephyr/posix/posix_limits.h:28:9: warning: "_POSIX_HOST_NAME_MAX" redefined
   28 | #define _POSIX_HOST_NAME_MAX                (255)
      |         ^~~~~~~~~~~~~~~~~~~~
/scratch/dima/rose-infra/RoSE/soc/sw/xpu-rt/zephyr-chipyard-sw/tools-manual/zephyr-sdk-1.0.0-beta1/gnu/riscv64-zephyr-elf/riscv64-zephyr-elf/sys-include/sys/syslimits.h:68:9: note: this is the location of the previous definition
   68 | #define _POSIX_HOST_NAME_MAX    255
      |         ^~~~~~~~~~~~~~~~~~~~
/scratch/dima/rose-infra/RoSE/soc/sw/xpu-rt/zephyr-chipyard-sw/zephyr_ws/zephyr/include/zephyr/posix/posix_limits.h:29:9: warning: "_POSIX_LINK_MAX" redefined
   29 | #define _POSIX_LINK_MAX                     (8)
      |         ^~~~~~~~~~~~~~~
/scratch/dima/rose-infra/RoSE/soc/sw/xpu-rt/zephyr-chipyard-sw/tools-manual/zephyr-sdk-1.0.0-beta1/gnu/riscv64-zephyr-elf/riscv64-zephyr-elf/sys-include/sys/syslimits.h:69:9: note: this is the location of the previous definition
   69 | #define _POSIX_LINK_MAX         8
      |         ^~~~~~~~~~~~~~~
/scratch/dima/rose-infra/RoSE/soc/sw/xpu-rt/zephyr-chipyard-sw/zephyr_ws/zephyr/include/zephyr/posix/posix_limits.h:30:9: warning: "_POSIX_LOGIN_NAME_MAX" redefined
   30 | #define _POSIX_LOGIN_NAME_MAX               (9)
      |         ^~~~~~~~~~~~~~~~~~~~~
/scratch/dima/rose-infra/RoSE/soc/sw/xpu-rt/zephyr-chipyard-sw/tools-manual/zephyr-sdk-1.0.0-beta1/gnu/riscv64-zephyr-elf/riscv64-zephyr-elf/sys-include/sys/syslimits.h:70:9: note: this is the location of the previous definition
   70 | #define _POSIX_LOGIN_NAME_MAX   9
      |         ^~~~~~~~~~~~~~~~~~~~~
/scratch/dima/rose-infra/RoSE/soc/sw/xpu-rt/zephyr-chipyard-sw/zephyr_ws/zephyr/include/zephyr/posix/posix_limits.h:31:9: warning: "_POSIX_MAX_CANON" redefined
   31 | #define _POSIX_MAX_CANON                    (255)
      |         ^~~~~~~~~~~~~~~~
/scratch/dima/rose-infra/RoSE/soc/sw/xpu-rt/zephyr-chipyard-sw/tools-manual/zephyr-sdk-1.0.0-beta1/gnu/riscv64-zephyr-elf/riscv64-zephyr-elf/sys-include/sys/syslimits.h:71:9: note: this is the location of the previous definition
   71 | #define _POSIX_MAX_CANON        255
      |         ^~~~~~~~~~~~~~~~
/scratch/dima/rose-infra/RoSE/soc/sw/xpu-rt/zephyr-chipyard-sw/zephyr_ws/zephyr/include/zephyr/posix/posix_limits.h:32:9: warning: "_POSIX_MAX_INPUT" redefined
   32 | #define _POSIX_MAX_INPUT                    (255)
      |         ^~~~~~~~~~~~~~~~
/scratch/dima/rose-infra/RoSE/soc/sw/xpu-rt/zephyr-chipyard-sw/tools-manual/zephyr-sdk-1.0.0-beta1/gnu/riscv64-zephyr-elf/riscv64-zephyr-elf/sys-include/sys/syslimits.h:72:9: note: this is the location of the previous definition
   72 | #define _POSIX_MAX_INPUT        255
      |         ^~~~~~~~~~~~~~~~
/scratch/dima/rose-infra/RoSE/soc/sw/xpu-rt/zephyr-chipyard-sw/zephyr_ws/zephyr/include/zephyr/posix/posix_limits.h:33:9: warning: "_POSIX_MQ_OPEN_MAX" redefined
   33 | #define _POSIX_MQ_OPEN_MAX                  (8)
      |         ^~~~~~~~~~~~~~~~~~
/scratch/dima/rose-infra/RoSE/soc/sw/xpu-rt/zephyr-chipyard-sw/tools-manual/zephyr-sdk-1.0.0-beta1/gnu/riscv64-zephyr-elf/riscv64-zephyr-elf/sys-include/sys/syslimits.h:73:9: note: this is the location of the previous definition
   73 | #define _POSIX_MQ_OPEN_MAX      8
      |         ^~~~~~~~~~~~~~~~~~
/scratch/dima/rose-infra/RoSE/soc/sw/xpu-rt/zephyr-chipyard-sw/zephyr_ws/zephyr/include/zephyr/posix/posix_limits.h:34:9: warning: "_POSIX_MQ_PRIO_MAX" redefined
   34 | #define _POSIX_MQ_PRIO_MAX                  (32)
      |         ^~~~~~~~~~~~~~~~~~
/scratch/dima/rose-infra/RoSE/soc/sw/xpu-rt/zephyr-chipyard-sw/tools-manual/zephyr-sdk-1.0.0-beta1/gnu/riscv64-zephyr-elf/riscv64-zephyr-elf/sys-include/sys/syslimits.h:74:9: note: this is the location of the previous definition
   74 | #define _POSIX_MQ_PRIO_MAX      32
      |         ^~~~~~~~~~~~~~~~~~
/scratch/dima/rose-infra/RoSE/soc/sw/xpu-rt/zephyr-chipyard-sw/zephyr_ws/zephyr/include/zephyr/posix/posix_limits.h:35:9: warning: "_POSIX_NAME_MAX" redefined
   35 | #define _POSIX_NAME_MAX                     (14)
      |         ^~~~~~~~~~~~~~~
/scratch/dima/rose-infra/RoSE/soc/sw/xpu-rt/zephyr-chipyard-sw/tools-manual/zephyr-sdk-1.0.0-beta1/gnu/riscv64-zephyr-elf/riscv64-zephyr-elf/sys-include/sys/syslimits.h:75:9: note: this is the location of the previous definition
   75 | #define _POSIX_NAME_MAX         14
      |         ^~~~~~~~~~~~~~~
/scratch/dima/rose-infra/RoSE/soc/sw/xpu-rt/zephyr-chipyard-sw/zephyr_ws/zephyr/include/zephyr/posix/posix_limits.h:36:9: warning: "_POSIX_NGROUPS_MAX" redefined
   36 | #define _POSIX_NGROUPS_MAX                  (8)
      |         ^~~~~~~~~~~~~~~~~~
/scratch/dima/rose-infra/RoSE/soc/sw/xpu-rt/zephyr-chipyard-sw/tools-manual/zephyr-sdk-1.0.0-beta1/gnu/riscv64-zephyr-elf/riscv64-zephyr-elf/sys-include/sys/syslimits.h:76:9: note: this is the location of the previous definition
   76 | #define _POSIX_NGROUPS_MAX      0
      |         ^~~~~~~~~~~~~~~~~~
/scratch/dima/rose-infra/RoSE/soc/sw/xpu-rt/zephyr-chipyard-sw/zephyr_ws/zephyr/include/zephyr/posix/posix_limits.h:37:9: warning: "_POSIX_OPEN_MAX" redefined
   37 | #define _POSIX_OPEN_MAX                     (20)
      |         ^~~~~~~~~~~~~~~
/scratch/dima/rose-infra/RoSE/soc/sw/xpu-rt/zephyr-chipyard-sw/tools-manual/zephyr-sdk-1.0.0-beta1/gnu/riscv64-zephyr-elf/riscv64-zephyr-elf/sys-include/sys/syslimits.h:77:9: note: this is the location of the previous definition
   77 | #define _POSIX_OPEN_MAX         16
      |         ^~~~~~~~~~~~~~~
/scratch/dima/rose-infra/RoSE/soc/sw/xpu-rt/zephyr-chipyard-sw/zephyr_ws/zephyr/include/zephyr/posix/posix_limits.h:38:9: warning: "_POSIX_PATH_MAX" redefined
   38 | #define _POSIX_PATH_MAX                     (256)
      |         ^~~~~~~~~~~~~~~
/scratch/dima/rose-infra/RoSE/soc/sw/xpu-rt/zephyr-chipyard-sw/tools-manual/zephyr-sdk-1.0.0-beta1/gnu/riscv64-zephyr-elf/riscv64-zephyr-elf/sys-include/sys/syslimits.h:78:9: note: this is the location of the previous definition
   78 | #define _POSIX_PATH_MAX         255
      |         ^~~~~~~~~~~~~~~
/scratch/dima/rose-infra/RoSE/soc/sw/xpu-rt/zephyr-chipyard-sw/zephyr_ws/zephyr/include/zephyr/posix/posix_limits.h:39:9: warning: "_POSIX_PIPE_BUF" redefined
   39 | #define _POSIX_PIPE_BUF                     (512)
      |         ^~~~~~~~~~~~~~~
/scratch/dima/rose-infra/RoSE/soc/sw/xpu-rt/zephyr-chipyard-sw/tools-manual/zephyr-sdk-1.0.0-beta1/gnu/riscv64-zephyr-elf/riscv64-zephyr-elf/sys-include/sys/syslimits.h:79:9: note: this is the location of the previous definition
   79 | #define _POSIX_PIPE_BUF         512
      |         ^~~~~~~~~~~~~~~
/scratch/dima/rose-infra/RoSE/soc/sw/xpu-rt/zephyr-chipyard-sw/zephyr_ws/zephyr/include/zephyr/posix/posix_limits.h:40:9: warning: "_POSIX_RE_DUP_MAX" redefined
   40 | #define _POSIX_RE_DUP_MAX                   (255)
      |         ^~~~~~~~~~~~~~~~~
/scratch/dima/rose-infra/RoSE/soc/sw/xpu-rt/zephyr-chipyard-sw/tools-manual/zephyr-sdk-1.0.0-beta1/gnu/riscv64-zephyr-elf/riscv64-zephyr-elf/sys-include/sys/syslimits.h:80:9: note: this is the location of the previous definition
   80 | #define _POSIX_RE_DUP_MAX       255
      |         ^~~~~~~~~~~~~~~~~
/scratch/dima/rose-infra/RoSE/soc/sw/xpu-rt/zephyr-chipyard-sw/zephyr_ws/zephyr/include/zephyr/posix/posix_limits.h:41:9: warning: "_POSIX_RTSIG_MAX" redefined
   41 | #define _POSIX_RTSIG_MAX                    (8)
      |         ^~~~~~~~~~~~~~~~
/scratch/dima/rose-infra/RoSE/soc/sw/xpu-rt/zephyr-chipyard-sw/tools-manual/zephyr-sdk-1.0.0-beta1/gnu/riscv64-zephyr-elf/riscv64-zephyr-elf/sys-include/sys/syslimits.h:81:9: note: this is the location of the previous definition
   81 | #define _POSIX_RTSIG_MAX        8
      |         ^~~~~~~~~~~~~~~~
/scratch/dima/rose-infra/RoSE/soc/sw/xpu-rt/zephyr-chipyard-sw/zephyr_ws/zephyr/include/zephyr/posix/posix_limits.h:42:9: warning: "_POSIX_SEM_NSEMS_MAX" redefined
   42 | #define _POSIX_SEM_NSEMS_MAX                (256)
      |         ^~~~~~~~~~~~~~~~~~~~
/scratch/dima/rose-infra/RoSE/soc/sw/xpu-rt/zephyr-chipyard-sw/tools-manual/zephyr-sdk-1.0.0-beta1/gnu/riscv64-zephyr-elf/riscv64-zephyr-elf/sys-include/sys/syslimits.h:82:9: note: this is the location of the previous definition
   82 | #define _POSIX_SEM_NSEMS_MAX    256
      |         ^~~~~~~~~~~~~~~~~~~~
/scratch/dima/rose-infra/RoSE/soc/sw/xpu-rt/zephyr-chipyard-sw/zephyr_ws/zephyr/include/zephyr/posix/posix_limits.h:43:9: warning: "_POSIX_SEM_VALUE_MAX" redefined
   43 | #define _POSIX_SEM_VALUE_MAX                (32767)
      |         ^~~~~~~~~~~~~~~~~~~~
/scratch/dima/rose-infra/RoSE/soc/sw/xpu-rt/zephyr-chipyard-sw/tools-manual/zephyr-sdk-1.0.0-beta1/gnu/riscv64-zephyr-elf/riscv64-zephyr-elf/sys-include/sys/syslimits.h:83:9: note: this is the location of the previous definition
   83 | #define _POSIX_SEM_VALUE_MAX    32767
      |         ^~~~~~~~~~~~~~~~~~~~
/scratch/dima/rose-infra/RoSE/soc/sw/xpu-rt/zephyr-chipyard-sw/zephyr_ws/zephyr/include/zephyr/posix/posix_limits.h:44:9: warning: "_POSIX_SIGQUEUE_MAX" redefined
   44 | #define _POSIX_SIGQUEUE_MAX                 (32)
      |         ^~~~~~~~~~~~~~~~~~~
/scratch/dima/rose-infra/RoSE/soc/sw/xpu-rt/zephyr-chipyard-sw/tools-manual/zephyr-sdk-1.0.0-beta1/gnu/riscv64-zephyr-elf/riscv64-zephyr-elf/sys-include/sys/syslimits.h:84:9: note: this is the location of the previous definition
   84 | #define _POSIX_SIGQUEUE_MAX     32
      |         ^~~~~~~~~~~~~~~~~~~
/scratch/dima/rose-infra/RoSE/soc/sw/xpu-rt/zephyr-chipyard-sw/zephyr_ws/zephyr/include/zephyr/posix/posix_limits.h:45:9: warning: "_POSIX_SSIZE_MAX" redefined
   45 | #define _POSIX_SSIZE_MAX                    (32767)
      |         ^~~~~~~~~~~~~~~~
/scratch/dima/rose-infra/RoSE/soc/sw/xpu-rt/zephyr-chipyard-sw/tools-manual/zephyr-sdk-1.0.0-beta1/gnu/riscv64-zephyr-elf/riscv64-zephyr-elf/sys-include/sys/syslimits.h:85:9: note: this is the location of the previous definition
   85 | #define _POSIX_SSIZE_MAX        32767
      |         ^~~~~~~~~~~~~~~~
/scratch/dima/rose-infra/RoSE/soc/sw/xpu-rt/zephyr-chipyard-sw/zephyr_ws/zephyr/include/zephyr/posix/posix_limits.h:46:9: warning: "_POSIX_SS_REPL_MAX" redefined
   46 | #define _POSIX_SS_REPL_MAX                  (4)
      |         ^~~~~~~~~~~~~~~~~~
/scratch/dima/rose-infra/RoSE/soc/sw/xpu-rt/zephyr-chipyard-sw/tools-manual/zephyr-sdk-1.0.0-beta1/gnu/riscv64-zephyr-elf/riscv64-zephyr-elf/sys-include/sys/syslimits.h:86:9: note: this is the location of the previous definition
   86 | #define _POSIX_SS_REPL_MAX      4
      |         ^~~~~~~~~~~~~~~~~~
/scratch/dima/rose-infra/RoSE/soc/sw/xpu-rt/zephyr-chipyard-sw/zephyr_ws/zephyr/include/zephyr/posix/posix_limits.h:47:9: warning: "_POSIX_STREAM_MAX" redefined
   47 | #define _POSIX_STREAM_MAX                   (8)
      |         ^~~~~~~~~~~~~~~~~
/scratch/dima/rose-infra/RoSE/soc/sw/xpu-rt/zephyr-chipyard-sw/tools-manual/zephyr-sdk-1.0.0-beta1/gnu/riscv64-zephyr-elf/riscv64-zephyr-elf/sys-include/sys/syslimits.h:87:9: note: this is the location of the previous definition
   87 | #define _POSIX_STREAM_MAX       8
      |         ^~~~~~~~~~~~~~~~~
/scratch/dima/rose-infra/RoSE/soc/sw/xpu-rt/zephyr-chipyard-sw/zephyr_ws/zephyr/include/zephyr/posix/posix_limits.h:48:9: warning: "_POSIX_SYMLINK_MAX" redefined
   48 | #define _POSIX_SYMLINK_MAX                  (255)
      |         ^~~~~~~~~~~~~~~~~~
/scratch/dima/rose-infra/RoSE/soc/sw/xpu-rt/zephyr-chipyard-sw/tools-manual/zephyr-sdk-1.0.0-beta1/gnu/riscv64-zephyr-elf/riscv64-zephyr-elf/sys-include/sys/syslimits.h:88:9: note: this is the location of the previous definition
   88 | #define _POSIX_SYMLINK_MAX      255
      |         ^~~~~~~~~~~~~~~~~~
/scratch/dima/rose-infra/RoSE/soc/sw/xpu-rt/zephyr-chipyard-sw/zephyr_ws/zephyr/include/zephyr/posix/posix_limits.h:49:9: warning: "_POSIX_SYMLOOP_MAX" redefined
   49 | #define _POSIX_SYMLOOP_MAX                  (8)
      |         ^~~~~~~~~~~~~~~~~~
/scratch/dima/rose-infra/RoSE/soc/sw/xpu-rt/zephyr-chipyard-sw/tools-manual/zephyr-sdk-1.0.0-beta1/gnu/riscv64-zephyr-elf/riscv64-zephyr-elf/sys-include/sys/syslimits.h:89:9: note: this is the location of the previous definition
   89 | #define _POSIX_SYMLOOP_MAX      8
      |         ^~~~~~~~~~~~~~~~~~
/scratch/dima/rose-infra/RoSE/soc/sw/xpu-rt/zephyr-chipyard-sw/zephyr_ws/zephyr/include/zephyr/posix/posix_limits.h:50:9: warning: "_POSIX_THREAD_DESTRUCTOR_ITERATIONS" redefined
   50 | #define _POSIX_THREAD_DESTRUCTOR_ITERATIONS (4)
      |         ^~~~~~~~~~~~~~~~~~~~~~~~~~~~~~~~~~~
/scratch/dima/rose-infra/RoSE/soc/sw/xpu-rt/zephyr-chipyard-sw/tools-manual/zephyr-sdk-1.0.0-beta1/gnu/riscv64-zephyr-elf/riscv64-zephyr-elf/sys-include/sys/syslimits.h:90:9: note: this is the location of the previous definition
   90 | #define _POSIX_THREAD_DESTRUCTOR_ITERATIONS     4
      |         ^~~~~~~~~~~~~~~~~~~~~~~~~~~~~~~~~~~
/scratch/dima/rose-infra/RoSE/soc/sw/xpu-rt/zephyr-chipyard-sw/zephyr_ws/zephyr/include/zephyr/posix/posix_limits.h:51:9: warning: "_POSIX_THREAD_KEYS_MAX" redefined
   51 | #define _POSIX_THREAD_KEYS_MAX              (128)
      |         ^~~~~~~~~~~~~~~~~~~~~~
/scratch/dima/rose-infra/RoSE/soc/sw/xpu-rt/zephyr-chipyard-sw/tools-manual/zephyr-sdk-1.0.0-beta1/gnu/riscv64-zephyr-elf/riscv64-zephyr-elf/sys-include/sys/syslimits.h:91:9: note: this is the location of the previous definition
   91 | #define _POSIX_THREAD_KEYS_MAX  128
      |         ^~~~~~~~~~~~~~~~~~~~~~
/scratch/dima/rose-infra/RoSE/soc/sw/xpu-rt/zephyr-chipyard-sw/zephyr_ws/zephyr/include/zephyr/posix/posix_limits.h:52:9: warning: "_POSIX_THREAD_THREADS_MAX" redefined
   52 | #define _POSIX_THREAD_THREADS_MAX           (64)
      |         ^~~~~~~~~~~~~~~~~~~~~~~~~
/scratch/dima/rose-infra/RoSE/soc/sw/xpu-rt/zephyr-chipyard-sw/tools-manual/zephyr-sdk-1.0.0-beta1/gnu/riscv64-zephyr-elf/riscv64-zephyr-elf/sys-include/sys/syslimits.h:92:9: note: this is the location of the previous definition
   92 | #define _POSIX_THREAD_THREADS_MAX       64
      |         ^~~~~~~~~~~~~~~~~~~~~~~~~
/scratch/dima/rose-infra/RoSE/soc/sw/xpu-rt/zephyr-chipyard-sw/zephyr_ws/zephyr/include/zephyr/posix/posix_limits.h:53:9: warning: "_POSIX_TIMER_MAX" redefined
   53 | #define _POSIX_TIMER_MAX                    (32)
      |         ^~~~~~~~~~~~~~~~
/scratch/dima/rose-infra/RoSE/soc/sw/xpu-rt/zephyr-chipyard-sw/tools-manual/zephyr-sdk-1.0.0-beta1/gnu/riscv64-zephyr-elf/riscv64-zephyr-elf/sys-include/sys/syslimits.h:93:9: note: this is the location of the previous definition
   93 | #define _POSIX_TIMER_MAX        32
      |         ^~~~~~~~~~~~~~~~
/scratch/dima/rose-infra/RoSE/soc/sw/xpu-rt/zephyr-chipyard-sw/zephyr_ws/zephyr/include/zephyr/posix/posix_limits.h:54:9: warning: "_POSIX_TRACE_EVENT_NAME_MAX" redefined
   54 | #define _POSIX_TRACE_EVENT_NAME_MAX         (30)
      |         ^~~~~~~~~~~~~~~~~~~~~~~~~~~
/scratch/dima/rose-infra/RoSE/soc/sw/xpu-rt/zephyr-chipyard-sw/tools-manual/zephyr-sdk-1.0.0-beta1/gnu/riscv64-zephyr-elf/riscv64-zephyr-elf/sys-include/sys/syslimits.h:94:9: note: this is the location of the previous definition
   94 | #define _POSIX_TRACE_EVENT_NAME_MAX     30
      |         ^~~~~~~~~~~~~~~~~~~~~~~~~~~
/scratch/dima/rose-infra/RoSE/soc/sw/xpu-rt/zephyr-chipyard-sw/zephyr_ws/zephyr/include/zephyr/posix/posix_limits.h:55:9: warning: "_POSIX_TRACE_NAME_MAX" redefined
   55 | #define _POSIX_TRACE_NAME_MAX               (8)
      |         ^~~~~~~~~~~~~~~~~~~~~
/scratch/dima/rose-infra/RoSE/soc/sw/xpu-rt/zephyr-chipyard-sw/tools-manual/zephyr-sdk-1.0.0-beta1/gnu/riscv64-zephyr-elf/riscv64-zephyr-elf/sys-include/sys/syslimits.h:95:9: note: this is the location of the previous definition
   95 | #define _POSIX_TRACE_NAME_MAX   8
      |         ^~~~~~~~~~~~~~~~~~~~~
/scratch/dima/rose-infra/RoSE/soc/sw/xpu-rt/zephyr-chipyard-sw/zephyr_ws/zephyr/include/zephyr/posix/posix_limits.h:56:9: warning: "_POSIX_TRACE_SYS_MAX" redefined
   56 | #define _POSIX_TRACE_SYS_MAX                (8)
      |         ^~~~~~~~~~~~~~~~~~~~
/scratch/dima/rose-infra/RoSE/soc/sw/xpu-rt/zephyr-chipyard-sw/tools-manual/zephyr-sdk-1.0.0-beta1/gnu/riscv64-zephyr-elf/riscv64-zephyr-elf/sys-include/sys/syslimits.h:96:9: note: this is the location of the previous definition
   96 | #define _POSIX_TRACE_SYS_MAX    8
      |         ^~~~~~~~~~~~~~~~~~~~
/scratch/dima/rose-infra/RoSE/soc/sw/xpu-rt/zephyr-chipyard-sw/zephyr_ws/zephyr/include/zephyr/posix/posix_limits.h:57:9: warning: "_POSIX_TRACE_USER_EVENT_MAX" redefined
   57 | #define _POSIX_TRACE_USER_EVENT_MAX         (32)
      |         ^~~~~~~~~~~~~~~~~~~~~~~~~~~
/scratch/dima/rose-infra/RoSE/soc/sw/xpu-rt/zephyr-chipyard-sw/tools-manual/zephyr-sdk-1.0.0-beta1/gnu/riscv64-zephyr-elf/riscv64-zephyr-elf/sys-include/sys/syslimits.h:97:9: note: this is the location of the previous definition
   97 | #define _POSIX_TRACE_USER_EVENT_MAX     32
      |         ^~~~~~~~~~~~~~~~~~~~~~~~~~~
/scratch/dima/rose-infra/RoSE/soc/sw/xpu-rt/zephyr-chipyard-sw/zephyr_ws/zephyr/include/zephyr/posix/posix_limits.h:58:9: warning: "_POSIX_TTY_NAME_MAX" redefined
   58 | #define _POSIX_TTY_NAME_MAX                 (9)
      |         ^~~~~~~~~~~~~~~~~~~
/scratch/dima/rose-infra/RoSE/soc/sw/xpu-rt/zephyr-chipyard-sw/tools-manual/zephyr-sdk-1.0.0-beta1/gnu/riscv64-zephyr-elf/riscv64-zephyr-elf/sys-include/sys/syslimits.h:98:9: note: this is the location of the previous definition
   98 | #define _POSIX_TTY_NAME_MAX     9
      |         ^~~~~~~~~~~~~~~~~~~
/scratch/dima/rose-infra/RoSE/soc/sw/xpu-rt/zephyr-chipyard-sw/zephyr_ws/zephyr/include/zephyr/posix/posix_limits.h:59:9: warning: "_POSIX_TZNAME_MAX" redefined
   59 | #define _POSIX_TZNAME_MAX                   (6)
      |         ^~~~~~~~~~~~~~~~~
/scratch/dima/rose-infra/RoSE/soc/sw/xpu-rt/zephyr-chipyard-sw/tools-manual/zephyr-sdk-1.0.0-beta1/gnu/riscv64-zephyr-elf/riscv64-zephyr-elf/sys-include/sys/syslimits.h:99:9: note: this is the location of the previous definition
   99 | #define _POSIX_TZNAME_MAX       3
      |         ^~~~~~~~~~~~~~~~~
/scratch/dima/rose-infra/RoSE/soc/sw/xpu-rt/zephyr-chipyard-sw/zephyr_ws/zephyr/include/zephyr/posix/posix_limits.h:60:9: warning: "_POSIX2_BC_BASE_MAX" redefined
   60 | #define _POSIX2_BC_BASE_MAX                 (99)
      |         ^~~~~~~~~~~~~~~~~~~
/scratch/dima/rose-infra/RoSE/soc/sw/xpu-rt/zephyr-chipyard-sw/tools-manual/zephyr-sdk-1.0.0-beta1/gnu/riscv64-zephyr-elf/riscv64-zephyr-elf/sys-include/sys/syslimits.h:100:9: note: this is the location of the previous definition
  100 | #define _POSIX2_BC_BASE_MAX     99
      |         ^~~~~~~~~~~~~~~~~~~
/scratch/dima/rose-infra/RoSE/soc/sw/xpu-rt/zephyr-chipyard-sw/zephyr_ws/zephyr/include/zephyr/posix/posix_limits.h:61:9: warning: "_POSIX2_BC_DIM_MAX" redefined
   61 | #define _POSIX2_BC_DIM_MAX                  (2048)
      |         ^~~~~~~~~~~~~~~~~~
/scratch/dima/rose-infra/RoSE/soc/sw/xpu-rt/zephyr-chipyard-sw/tools-manual/zephyr-sdk-1.0.0-beta1/gnu/riscv64-zephyr-elf/riscv64-zephyr-elf/sys-include/sys/syslimits.h:101:9: note: this is the location of the previous definition
  101 | #define _POSIX2_BC_DIM_MAX      2048
      |         ^~~~~~~~~~~~~~~~~~
/scratch/dima/rose-infra/RoSE/soc/sw/xpu-rt/zephyr-chipyard-sw/zephyr_ws/zephyr/include/zephyr/posix/posix_limits.h:62:9: warning: "_POSIX2_BC_SCALE_MAX" redefined
   62 | #define _POSIX2_BC_SCALE_MAX                (99)
      |         ^~~~~~~~~~~~~~~~~~~~
/scratch/dima/rose-infra/RoSE/soc/sw/xpu-rt/zephyr-chipyard-sw/tools-manual/zephyr-sdk-1.0.0-beta1/gnu/riscv64-zephyr-elf/riscv64-zephyr-elf/sys-include/sys/syslimits.h:102:9: note: this is the location of the previous definition
  102 | #define _POSIX2_BC_SCALE_MAX    99
      |         ^~~~~~~~~~~~~~~~~~~~
/scratch/dima/rose-infra/RoSE/soc/sw/xpu-rt/zephyr-chipyard-sw/zephyr_ws/zephyr/include/zephyr/posix/posix_limits.h:63:9: warning: "_POSIX2_BC_STRING_MAX" redefined
   63 | #define _POSIX2_BC_STRING_MAX               (1000)
      |         ^~~~~~~~~~~~~~~~~~~~~
/scratch/dima/rose-infra/RoSE/soc/sw/xpu-rt/zephyr-chipyard-sw/tools-manual/zephyr-sdk-1.0.0-beta1/gnu/riscv64-zephyr-elf/riscv64-zephyr-elf/sys-include/sys/syslimits.h:103:9: note: this is the location of the previous definition
  103 | #define _POSIX2_BC_STRING_MAX   1000
      |         ^~~~~~~~~~~~~~~~~~~~~
/scratch/dima/rose-infra/RoSE/soc/sw/xpu-rt/zephyr-chipyard-sw/zephyr_ws/zephyr/include/zephyr/posix/posix_limits.h:64:9: warning: "_POSIX2_CHARCLASS_NAME_MAX" redefined
   64 | #define _POSIX2_CHARCLASS_NAME_MAX          (14)
      |         ^~~~~~~~~~~~~~~~~~~~~~~~~~
/scratch/dima/rose-infra/RoSE/soc/sw/xpu-rt/zephyr-chipyard-sw/tools-manual/zephyr-sdk-1.0.0-beta1/gnu/riscv64-zephyr-elf/riscv64-zephyr-elf/sys-include/sys/syslimits.h:104:9: note: this is the location of the previous definition
  104 | #define _POSIX2_CHARCLASS_NAME_MAX      14
      |         ^~~~~~~~~~~~~~~~~~~~~~~~~~
/scratch/dima/rose-infra/RoSE/soc/sw/xpu-rt/zephyr-chipyard-sw/zephyr_ws/zephyr/include/zephyr/posix/posix_limits.h:65:9: warning: "_POSIX2_COLL_WEIGHTS_MAX" redefined
   65 | #define _POSIX2_COLL_WEIGHTS_MAX            (2)
      |         ^~~~~~~~~~~~~~~~~~~~~~~~
/scratch/dima/rose-infra/RoSE/soc/sw/xpu-rt/zephyr-chipyard-sw/tools-manual/zephyr-sdk-1.0.0-beta1/gnu/riscv64-zephyr-elf/riscv64-zephyr-elf/sys-include/sys/syslimits.h:105:9: note: this is the location of the previous definition
  105 | #define _POSIX2_COLL_WEIGHTS_MAX        2
      |         ^~~~~~~~~~~~~~~~~~~~~~~~
/scratch/dima/rose-infra/RoSE/soc/sw/xpu-rt/zephyr-chipyard-sw/zephyr_ws/zephyr/include/zephyr/posix/posix_limits.h:66:9: warning: "_POSIX2_EXPR_NEST_MAX" redefined
   66 | #define _POSIX2_EXPR_NEST_MAX               (32)
      |         ^~~~~~~~~~~~~~~~~~~~~
/scratch/dima/rose-infra/RoSE/soc/sw/xpu-rt/zephyr-chipyard-sw/tools-manual/zephyr-sdk-1.0.0-beta1/gnu/riscv64-zephyr-elf/riscv64-zephyr-elf/sys-include/sys/syslimits.h:106:9: note: this is the location of the previous definition
  106 | #define _POSIX2_EXPR_NEST_MAX   32
      |         ^~~~~~~~~~~~~~~~~~~~~
/scratch/dima/rose-infra/RoSE/soc/sw/xpu-rt/zephyr-chipyard-sw/zephyr_ws/zephyr/include/zephyr/posix/posix_limits.h:67:9: warning: "_POSIX2_LINE_MAX" redefined
   67 | #define _POSIX2_LINE_MAX                    (2048)
      |         ^~~~~~~~~~~~~~~~
/scratch/dima/rose-infra/RoSE/soc/sw/xpu-rt/zephyr-chipyard-sw/tools-manual/zephyr-sdk-1.0.0-beta1/gnu/riscv64-zephyr-elf/riscv64-zephyr-elf/sys-include/sys/syslimits.h:107:9: note: this is the location of the previous definition
  107 | #define _POSIX2_LINE_MAX        2048
      |         ^~~~~~~~~~~~~~~~
/scratch/dima/rose-infra/RoSE/soc/sw/xpu-rt/zephyr-chipyard-sw/zephyr_ws/zephyr/include/zephyr/posix/posix_limits.h:83:9: warning: "ARG_MAX" redefined
   83 | #define ARG_MAX                       _POSIX_ARG_MAX
      |         ^~~~~~~
/scratch/dima/rose-infra/RoSE/soc/sw/xpu-rt/zephyr-chipyard-sw/tools-manual/zephyr-sdk-1.0.0-beta1/gnu/riscv64-zephyr-elf/riscv64-zephyr-elf/sys-include/sys/syslimits.h:41:9: note: this is the location of the previous definition
   41 | #define ARG_MAX                 65536   /* max bytes for an exec function */
      |         ^~~~~~~
/scratch/dima/rose-infra/RoSE/soc/sw/xpu-rt/zephyr-chipyard-sw/zephyr_ws/zephyr/include/zephyr/posix/posix_limits.h:84:9: warning: "ATEXIT_MAX" redefined
   84 | #define ATEXIT_MAX                    (32)
      |         ^~~~~~~~~~
/scratch/dima/rose-infra/RoSE/soc/sw/xpu-rt/zephyr-chipyard-sw/tools-manual/zephyr-sdk-1.0.0-beta1/gnu/riscv64-zephyr-elf/riscv64-zephyr-elf/sys-include/sys/syslimits.h:42:9: note: this is the location of the previous definition
   42 | #define ATEXIT_MAX                 32   /* max atexit functions */
      |         ^~~~~~~~~~
/scratch/dima/rose-infra/RoSE/soc/sw/xpu-rt/zephyr-chipyard-sw/zephyr_ws/zephyr/include/zephyr/posix/posix_limits.h:93:9: warning: "OPEN_MAX" redefined
   93 | #define OPEN_MAX                      CONFIG_POSIX_OPEN_MAX
      |         ^~~~~~~~
/scratch/dima/rose-infra/RoSE/soc/sw/xpu-rt/zephyr-chipyard-sw/tools-manual/zephyr-sdk-1.0.0-beta1/gnu/riscv64-zephyr-elf/riscv64-zephyr-elf/sys-include/sys/syslimits.h:45:9: note: this is the location of the previous definition
   45 | #define OPEN_MAX                   64   /* max open files per process */
      |         ^~~~~~~~
/scratch/dima/rose-infra/RoSE/soc/sw/xpu-rt/zephyr-chipyard-sw/zephyr_ws/zephyr/include/zephyr/posix/posix_limits.h:96:9: warning: "PATH_MAX" redefined
   96 | #define PATH_MAX                      _POSIX_PATH_MAX
      |         ^~~~~~~~
/scratch/dima/rose-infra/RoSE/soc/sw/xpu-rt/zephyr-chipyard-sw/tools-manual/zephyr-sdk-1.0.0-beta1/gnu/riscv64-zephyr-elf/riscv64-zephyr-elf/sys-include/sys/syslimits.h:53:9: note: this is the location of the previous definition
   53 | #define PATH_MAX                 1024   /* max bytes in pathname */
      |         ^~~~~~~~
/scratch/dima/rose-infra/RoSE/soc/sw/xpu-rt/zephyr-chipyard-sw/zephyr_ws/zephyr/include/zephyr/posix/posix_limits.h:114:9: warning: "TZNAME_MAX" redefined
  114 | #define TZNAME_MAX                    _POSIX_TZNAME_MAX
      |         ^~~~~~~~~~
/scratch/dima/rose-infra/RoSE/soc/sw/xpu-rt/zephyr-chipyard-sw/tools-manual/zephyr-sdk-1.0.0-beta1/gnu/riscv64-zephyr-elf/riscv64-zephyr-elf/sys-include/sys/syslimits.h:46:9: note: this is the location of the previous definition
   46 | #define TZNAME_MAX                 10   /* max time zone name length */
      |         ^~~~~~~~~~
[70/127] Building C object zephyr/lib/libc/picolibc/CMakeFiles/lib__libc__picolibc.dir/errno_wrap.c.obj
[71/127] Building C object zephyr/CMakeFiles/zephyr.dir/lib/utils/bitarray.c.obj
[72/127] Building C object zephyr/arch/arch/riscv/core/CMakeFiles/arch__riscv__core.dir/fpu.c.obj
[73/127] Building C object zephyr/drivers/serial/CMakeFiles/drivers__serial.dir/uart_htif.c.obj
[74/127] Building C object zephyr/CMakeFiles/zephyr.dir/lib/os/cbprintf_packaged.c.obj
[75/127] Building C object zephyr/kernel/CMakeFiles/kernel.dir/main_weak.c.obj
[76/127] Building C object zephyr/drivers/timer/CMakeFiles/drivers__timer.dir/riscv_machine_timer.c.obj
[77/127] Linking C static library zephyr/drivers/console/libdrivers__console.a
[78/127] Building C object zephyr/kernel/CMakeFiles/kernel.dir/busy_wait.c.obj
[79/127] Building C object zephyr/lib/libc/common/CMakeFiles/lib__libc__common.dir/source/stdlib/malloc.c.obj
[80/127] Building C object zephyr/kernel/CMakeFiles/kernel.dir/fatal.c.obj
[81/127] Building C object zephyr/CMakeFiles/zephyr.dir/lib/utils/rb.c.obj
[82/127] Linking C static library zephyr/drivers/serial/libdrivers__serial.a
[83/127] Building C object zephyr/drivers/interrupt_controller/CMakeFiles/drivers__interrupt_controller.dir/intc_plic.c.obj
[84/127] Building C object zephyr/lib/libc/picolibc/CMakeFiles/lib__libc__picolibc.dir/locks.c.obj
[85/127] Linking C static library zephyr/drivers/timer/libdrivers__timer.a
[86/127] Building C object zephyr/lib/posix/c_lib_ext/CMakeFiles/lib__posix__c_lib_ext.dir/getopt/getopt_common.c.obj
[87/127] Linking C static library zephyr/arch/arch/riscv/core/libarch__riscv__core.a
[88/127] Building C object CMakeFiles/app.dir/scratch/dima/rose-infra/RoSE/soc/sw/xpu-rt/zephyr-chipyard-sw/modelblaster/examples/octo_small/int8/generated/scalar/kernels.c.obj
/scratch/dima/rose-infra/RoSE/soc/sw/xpu-rt/zephyr-chipyard-sw/modelblaster/examples/octo_small/int8/generated/scalar/kernels.c: In function 'kernel_mul_c1_s8_octo_small':
/scratch/dima/rose-infra/RoSE/soc/sw/xpu-rt/zephyr-chipyard-sw/modelblaster/examples/octo_small/int8/generated/scalar/kernels.c:325:11: warning: unused variable 'k' [-Wunused-variable]
  325 |     float k = (scale_gate * scale_x) / scale_out;
      |           ^
[89/127] Linking C static library zephyr/lib/libc/common/liblib__libc__common.a
[90/127] Building C object zephyr/kernel/CMakeFiles/kernel.dir/float.c.obj
[91/127] Building C object zephyr/kernel/CMakeFiles/kernel.dir/device.c.obj
[92/127] Linking C static library zephyr/drivers/interrupt_controller/libdrivers__interrupt_controller.a
[93/127] Building C object zephyr/kernel/CMakeFiles/kernel.dir/idle.c.obj
[94/127] Building C object zephyr/kernel/CMakeFiles/kernel.dir/sem.c.obj
[95/127] Linking C static library zephyr/lib/posix/c_lib_ext/liblib__posix__c_lib_ext.a
[96/127] Building C object zephyr/kernel/CMakeFiles/kernel.dir/stack.c.obj
[97/127] Linking C static library zephyr/lib/libc/picolibc/liblib__libc__picolibc.a
[98/127] Building C object zephyr/kernel/CMakeFiles/kernel.dir/timeslicing.c.obj
[99/127] Building C object zephyr/kernel/CMakeFiles/kernel.dir/mem_slab.c.obj
[100/127] Building C object zephyr/kernel/CMakeFiles/kernel.dir/system_work_q.c.obj
[101/127] Building C object zephyr/kernel/CMakeFiles/kernel.dir/mailbox.c.obj
[102/127] Building C object zephyr/kernel/CMakeFiles/kernel.dir/kheap.c.obj
[103/127] Building C object zephyr/kernel/CMakeFiles/kernel.dir/mutex.c.obj
[104/127] Building C object zephyr/kernel/CMakeFiles/kernel.dir/dynamic_disabled.c.obj
[105/127] Building C object zephyr/kernel/CMakeFiles/kernel.dir/mempool.c.obj
[106/127] Building C object zephyr/kernel/CMakeFiles/kernel.dir/condvar.c.obj
[107/127] Building C object zephyr/kernel/CMakeFiles/kernel.dir/thread.c.obj
[108/127] Building C object zephyr/CMakeFiles/zephyr.dir/lib/os/cbprintf_complete.c.obj
[109/127] Building C object zephyr/kernel/CMakeFiles/kernel.dir/msg_q.c.obj
[110/127] Building C object zephyr/kernel/CMakeFiles/kernel.dir/queue.c.obj
[111/127] Building C object zephyr/kernel/CMakeFiles/kernel.dir/init.c.obj
[112/127] Building C object zephyr/kernel/CMakeFiles/kernel.dir/timer.c.obj
[113/127] Building C object zephyr/kernel/CMakeFiles/kernel.dir/pipe.c.obj
[114/127] Linking C static library zephyr/libzephyr.a
[115/127] Building C object zephyr/kernel/CMakeFiles/kernel.dir/timeout.c.obj
[116/127] Building C object zephyr/kernel/CMakeFiles/kernel.dir/work.c.obj
[117/127] Building C object zephyr/kernel/CMakeFiles/kernel.dir/sched.c.obj
[118/127] Linking C static library zephyr/kernel/libkernel.a
[119/127] Building C object CMakeFiles/app.dir/scratch/dima/rose-infra/RoSE/soc/sw/xpu-rt/zephyr-chipyard-sw/modelblaster/examples/octo_small/int8/generated/scalar/model.c.obj
[120/127] Building C object CMakeFiles/app.dir/scratch/dima/rose-infra/RoSE/soc/sw/xpu-rt/zephyr-chipyard-sw/modelblaster/examples/octo_small/int8/generated/scalar/weights.c.obj
[121/127] Linking C static library app/libapp.a
[122/127] Linking C executable zephyr/zephyr_pre0.elf
[123/127] Generating linker.cmd
[124/127] Generating isr_tables.c, isr_tables_vt.ld, isr_tables_swi.ld
[125/127] Building C object zephyr/CMakeFiles/zephyr_final.dir/misc/empty_file.c.obj
[126/127] Building C object zephyr/CMakeFiles/zephyr_final.dir/isr_tables.c.obj
[127/127] Linking C executable zephyr/zephyr.elf
Memory region         Used Size  Region Size  %age Used
             RAM:   221121120 B       256 MB     82.37%
        IDT_LIST:           0 B         4 KB      0.00%
Generating files from /scratch/dima/rose-infra/RoSE/soc/sw/xpu-rt/zephyr-chipyard-sw/modelblaster/examples/octo_small/int8/build/scalar/zephyr/zephyr.elf for board: spike_riscv64
MODELBLASTER_STAGE_END:build:36.611
[5/5] spike + compare
MODELBLASTER_STAGE_BEGIN:run
spike: /scratch2/dima/misc_sw/spike
=== MODELBLASTER_RAW_SPIKE_BEGIN ===
*** Booting Zephyr OS build ceb2b9c3fcc2 ***
modelblaster harness: model=octo_small in=503928 out=56
=== MODELBLASTER_VERIFY === max_abs_err=13 max_rel_err=1.99999999e+12 n=56
=== MODELBLASTER_OUTPUT_BEGIN ===
3
16
-1
-18
10
-29
-29
4
31
9
14
-10
10
-37
-7
-13
-10
17
24
-13
-46
0
6
-11
21
-3
-2
-33
2
-2
0
-1
1
0
-61
2
-3
1
-3
5
-4
80
-11
6
2
-5
-1
-3
-123
3
-3
2
7
1
-1
-45
=== MODELBLASTER_OUTPUT_END ===
=== MODELBLASTER_PROFILE_BEGIN ===
dispatch_id,name,op,shape,cycles
0,linear,linear_s8_pc,M=16;K=768;N=384,71000308
1,add,add_s8,n=6144,263401
2,cat,cat2_c1_s8,N=2;H=256;W=256;C_total=6;C_inputs=3|3,40894719
3,conv2d,conv2d_s8_pc,N=2;IC=6;IH=256;IW=256;OC=32;KH=3;KW=3;SH=2;SW=2;PH=1;PW=1;DH=1;DW=1;groups=1,1550271031
4,layer_norm,layer_norm_s8,M=64;K=16384,71112544
5,mul,mul_c1_s8,N=2;C=32;HW=16384,21488543
6,add_1,add_c1_s8,N=2;C=32;HW=16384,20399391
7,relu,relu_s8,n=1048576,13041304
8,conv2d_1,conv2d_s8_pc,N=2;IC=32;IH=128;IW=128;OC=96;KH=3;KW=3;SH=2;SW=2;PH=1;PW=1;DH=1;DW=1;groups=1,6047563959
9,layer_norm_1,layer_norm_s8,M=64;K=12288,53211917
10,mul_1,mul_c1_s8,N=2;C=96;HW=4096,16109278
11,add_2,add_c1_s8,N=2;C=96;HW=4096,15337839
12,relu_1,relu_s8,n=786432,9819386
13,conv2d_2,conv2d_s8_pc,N=2;IC=96;IH=64;IW=64;OC=192;KH=3;KW=3;SH=2;SW=2;PH=1;PW=1;DH=1;DW=1;groups=1,8970473655
14,layer_norm_2,layer_norm_s8,M=64;K=6144,26625393
15,mul_2,mul_c1_s8,N=2;C=192;HW=1024,8058471
16,add_3,add_c1_s8,N=2;C=192;HW=1024,7690091
17,relu_2,relu_s8,n=393216,4929001
18,conv2d_3,conv2d_s8_pc,N=2;IC=192;IH=32;IW=32;OC=384;KH=3;KW=3;SH=2;SW=2;PH=1;PW=1;DH=1;DW=1;groups=1,8822157495
19,layer_norm_3,layer_norm_s8,M=64;K=3072,13328168
20,mul_3,mul_c1_s8,N=2;C=384;HW=256,4038136
21,add_4,add_c1_s8,N=2;C=384;HW=256,3860726
22,relu_3,relu_s8,n=196608,2473905
23,conv2d_4,conv2d_s8_pc,N=2;IC=384;IH=16;IW=16;OC=512;KH=1;KW=1;SH=1;SW=1;PH=0;PW=0;DH=1;DW=1;groups=1,4540088502
24,permute,permute4_s8,d0=2;d1=512;d2=16;d3=16;p0=0;p1=2;p2=3;p3=1,2889091
25,linear_1,linear_s8_pc,M=512;K=512;N=384,1517033027
26,slice_1,slice_c_s8,N=1;IC=10;C_start=0;C_end=2;H=256;W=384,1376358
27,add_5,add_s8,n=196608,8411361
28,cat_1,cat2_c1_s8,N=2;H=128;W=128;C_total=6;C_inputs=3|3,10223873
29,conv2d_5,conv2d_s8_pc,N=2;IC=6;IH=128;IW=128;OC=32;KH=3;KW=3;SH=2;SW=2;PH=1;PW=1;DH=1;DW=1;groups=1,386118199
30,layer_norm_4,layer_norm_s8,M=64;K=4096,17785599
31,mul_4,mul_c1_s8,N=2;C=32;HW=4096,5372836
32,add_6,add_c1_s8,N=2;C=32;HW=4096,5102484
33,relu_4,relu_s8,n=262144,3264395
34,conv2d_6,conv2d_s8_pc,N=2;IC=32;IH=64;IW=64;OC=96;KH=3;KW=3;SH=2;SW=2;PH=1;PW=1;DH=1;DW=1;groups=1,1500125367
35,layer_norm_5,layer_norm_s8,M=64;K=3072,13318479
36,mul_5,mul_c1_s8,N=2;C=96;HW=1024,4029994
37,add_7,add_c1_s8,N=2;C=96;HW=1024,3842922
38,relu_5,relu_s8,n=196608,2462711
39,conv2d_7,conv2d_s8_pc,N=2;IC=96;IH=32;IW=32;OC=192;KH=3;KW=3;SH=2;SW=2;PH=1;PW=1;DH=1;DW=1;groups=1,2207459511
40,layer_norm_6,layer_norm_s8,M=64;K=1536,6663604
41,mul_6,mul_c1_s8,N=2;C=192;HW=256,2018417
42,add_8,add_c1_s8,N=2;C=192;HW=256,1926746
43,relu_6,relu_s8,n=98304,1233256
44,conv2d_8,conv2d_s8_pc,N=2;IC=192;IH=16;IW=16;OC=384;KH=3;KW=3;SH=2;SW=2;PH=1;PW=1;DH=1;DW=1;groups=1,2136115383
45,layer_norm_7,layer_norm_s8,M=64;K=768,3335391
46,mul_7,mul_c1_s8,N=2;C=384;HW=64,1015828
47,add_9,add_c1_s8,N=2;C=384;HW=64,970612
48,relu_7,relu_s8,n=49152,617602
49,conv2d_9,conv2d_s8_pc,N=2;IC=384;IH=8;IW=8;OC=512;KH=1;KW=1;SH=1;SW=1;PH=0;PW=0;DH=1;DW=1;groups=1,1135108278
50,permute_1,permute4_s8,d0=2;d1=512;d2=8;d3=8;p0=0;p1=2;p2=3;p3=1,722451
51,linear_2,linear_s8_pc,M=128;K=512;N=384,379258307
52,slice_2,slice_c_s8,N=1;IC=10;C_start=0;C_end=2;H=64;W=384,344166
53,add_10,add_s8,n=49152,2103351
54,cat_2,cat2_c1_s8,N=1;H=16;W=384;C_total=2;C_inputs=1|1,641051
55,slice_3,slice_c_s8,N=1;IC=10;C_start=0;C_end=2;H=1;W=384,5478
56,slice_4,slice_c_s8,N=2;IC=256;C_start=0;C_end=1;H=1;W=384,38329
57,cat_3,cat4_c1_s8,N=2;H=1;W=384;C_total=337;C_inputs=256|64|16|1,14855914
58,cat_4,cat2_c1_s8,N=1;H=1;W=384;C_total=690;C_inputs=16|674,13796422
59,layer_norm_8,layer_norm_s8,M=690;K=384,20078785
60,linear_3,linear_s8_pc,M=690;K=384;N=384,1535715818
61,transpose,permute4_s8,d0=1;d1=690;d2=6;d3=64;p0=0;p1=2;p2=1;p3=3,2956156
62,linear_4,linear_s8_pc,M=690;K=384;N=384,1535715818
63,transpose_1,permute4_s8,d0=1;d1=690;d2=6;d3=64;p0=0;p1=2;p2=1;p3=3,2956156
64,linear_5,linear_s8_pc,M=690;K=384;N=384,1535715817
65,transpose_2,permute4_s8,d0=1;d1=690;d2=6;d3=64;p0=0;p1=2;p2=1;p3=3,2956156
66,matmul,matmul_b_s8,B=6;M=690;K=64;N=690,2735925061
67,add_11,add_tile_s8,OUTER=6;INNER=476100,67594949
68,softmax,softmax_s8,M=4140;K=690,641890747
69,matmul_1,matmul_b_s8,B=6;M=690;K=690;N=64,2210278332
70,transpose_4,permute4_s8,d0=1;d1=6;d2=690;d3=64;p0=0;p1=2;p2=1;p3=3,2960944
71,linear_6,linear_s8_pc,M=690;K=384;N=384,1535715817
72,add_12,add_s8,n=264960,11311787
73,layer_norm_9,layer_norm_s8,M=690;K=384,20109072
74,linear_7,linear_s8_pc,M=690;K=384;N=1536,6142840297
75,gelu,gelu_s8,n=1059840,153102421
76,linear_8,linear_s8_pc,M=690;K=1536;N=384,6114224617
77,add_13,add_s8,n=264960,11330129
78,layer_norm_10,layer_norm_s8,M=690;K=384,20104648
79,linear_9,linear_s8_pc,M=690;K=384;N=384,1535715817
80,transpose_5,permute4_s8,d0=1;d1=690;d2=6;d3=64;p0=0;p1=2;p2=1;p3=3,2956156
81,linear_10,linear_s8_pc,M=690;K=384;N=384,1535715818
82,transpose_6,permute4_s8,d0=1;d1=690;d2=6;d3=64;p0=0;p1=2;p2=1;p3=3,2956156
83,linear_11,linear_s8_pc,M=690;K=384;N=384,1535715817
84,transpose_7,permute4_s8,d0=1;d1=690;d2=6;d3=64;p0=0;p1=2;p2=1;p3=3,2956156
85,matmul_2,matmul_b_s8,B=6;M=690;K=64;N=690,2736094191
86,add_14,add_tile_s8,OUTER=6;INNER=476100,68088219
87,softmax_1,softmax_s8,M=4140;K=690,642936481
88,matmul_3,matmul_b_s8,B=6;M=690;K=690;N=64,2210295295
89,transpose_9,permute4_s8,d0=1;d1=6;d2=690;d3=64;p0=0;p1=2;p2=1;p3=3,2960944
90,linear_12,linear_s8_pc,M=690;K=384;N=384,1535715817
91,add_15,add_s8,n=264960,11331490
92,layer_norm_11,layer_norm_s8,M=690;K=384,20103314
93,linear_13,linear_s8_pc,M=690;K=384;N=1536,6142840297
94,gelu_1,gelu_s8,n=1059840,149054088
95,linear_14,linear_s8_pc,M=690;K=1536;N=384,6114224617
96,add_16,add_s8,n=264960,11331236
97,layer_norm_12,layer_norm_s8,M=690;K=384,20106539
98,linear_15,linear_s8_pc,M=690;K=384;N=384,1535715817
99,transpose_10,permute4_s8,d0=1;d1=690;d2=6;d3=64;p0=0;p1=2;p2=1;p3=3,2956156
100,linear_16,linear_s8_pc,M=690;K=384;N=384,1535715818
101,transpose_11,permute4_s8,d0=1;d1=690;d2=6;d3=64;p0=0;p1=2;p2=1;p3=3,2956156
102,linear_17,linear_s8_pc,M=690;K=384;N=384,1535715823
103,transpose_12,permute4_s8,d0=1;d1=690;d2=6;d3=64;p0=0;p1=2;p2=1;p3=3,2956156
104,matmul_4,matmul_b_s8,B=6;M=690;K=64;N=690,2736048046
105,add_17,add_tile_s8,OUTER=6;INNER=476100,68116009
106,softmax_2,softmax_s8,M=4140;K=690,642690443
107,matmul_5,matmul_b_s8,B=6;M=690;K=690;N=64,2210298962
108,transpose_14,permute4_s8,d0=1;d1=6;d2=690;d3=64;p0=0;p1=2;p2=1;p3=3,2960944
109,linear_18,linear_s8_pc,M=690;K=384;N=384,1535715817
110,add_18,add_s8,n=264960,11333875
111,layer_norm_13,layer_norm_s8,M=690;K=384,20108610
112,linear_19,linear_s8_pc,M=690;K=384;N=1536,6142840298
113,gelu_2,gelu_s8,n=1059840,150123532
114,linear_20,linear_s8_pc,M=690;K=1536;N=384,6114224617
115,add_19,add_s8,n=264960,11325189
116,layer_norm_14,layer_norm_s8,M=690;K=384,20100013
117,linear_21,linear_s8_pc,M=690;K=384;N=384,1535715818
118,transpose_15,permute4_s8,d0=1;d1=690;d2=6;d3=64;p0=0;p1=2;p2=1;p3=3,2956156
119,linear_22,linear_s8_pc,M=690;K=384;N=384,1535715817
120,transpose_16,permute4_s8,d0=1;d1=690;d2=6;d3=64;p0=0;p1=2;p2=1;p3=3,2956156
121,linear_23,linear_s8_pc,M=690;K=384;N=384,1535715818
122,transpose_17,permute4_s8,d0=1;d1=690;d2=6;d3=64;p0=0;p1=2;p2=1;p3=3,2956156
123,matmul_6,matmul_b_s8,B=6;M=690;K=64;N=690,2736162612
124,add_20,add_tile_s8,OUTER=6;INNER=476100,68062612
125,softmax_3,softmax_s8,M=4140;K=690,643080554
126,matmul_7,matmul_b_s8,B=6;M=690;K=690;N=64,2210286784
127,transpose_19,permute4_s8,d0=1;d1=6;d2=690;d3=64;p0=0;p1=2;p2=1;p3=3,2960944
128,linear_24,linear_s8_pc,M=690;K=384;N=384,1535715817
129,add_21,add_s8,n=264960,11332338
130,layer_norm_15,layer_norm_s8,M=690;K=384,20109269
131,linear_25,linear_s8_pc,M=690;K=384;N=1536,6142840298
132,gelu_3,gelu_s8,n=1059840,157840771
133,linear_26,linear_s8_pc,M=690;K=1536;N=384,6114224617
134,add_22,add_s8,n=264960,11340548
135,layer_norm_16,layer_norm_s8,M=690;K=384,20109199
136,linear_27,linear_s8_pc,M=690;K=384;N=384,1535715817
137,transpose_20,permute4_s8,d0=1;d1=690;d2=6;d3=64;p0=0;p1=2;p2=1;p3=3,2956156
138,linear_28,linear_s8_pc,M=690;K=384;N=384,1535715818
139,transpose_21,permute4_s8,d0=1;d1=690;d2=6;d3=64;p0=0;p1=2;p2=1;p3=3,2956156
140,linear_29,linear_s8_pc,M=690;K=384;N=384,1535715817
141,transpose_22,permute4_s8,d0=1;d1=690;d2=6;d3=64;p0=0;p1=2;p2=1;p3=3,2956156
142,matmul_8,matmul_b_s8,B=6;M=690;K=64;N=690,2736058677
143,add_23,add_tile_s8,OUTER=6;INNER=476100,68079506
144,softmax_4,softmax_s8,M=4140;K=690,642804920
145,matmul_9,matmul_b_s8,B=6;M=690;K=690;N=64,2210274029
146,transpose_24,permute4_s8,d0=1;d1=6;d2=690;d3=64;p0=0;p1=2;p2=1;p3=3,2960944
147,linear_30,linear_s8_pc,M=690;K=384;N=384,1535715817
148,add_24,add_s8,n=264960,11339058
149,layer_norm_17,layer_norm_s8,M=690;K=384,20104652
150,linear_31,linear_s8_pc,M=690;K=384;N=1536,6142840299
151,gelu_4,gelu_s8,n=1059840,170878237
152,linear_32,linear_s8_pc,M=690;K=1536;N=384,6114224617
153,add_25,add_s8,n=264960,11313092
154,layer_norm_18,layer_norm_s8,M=690;K=384,20109652
155,linear_33,linear_s8_pc,M=690;K=384;N=384,1535715819
156,transpose_25,permute4_s8,d0=1;d1=690;d2=6;d3=64;p0=0;p1=2;p2=1;p3=3,2956156
157,linear_34,linear_s8_pc,M=690;K=384;N=384,1535715822
158,transpose_26,permute4_s8,d0=1;d1=690;d2=6;d3=64;p0=0;p1=2;p2=1;p3=3,2956156
159,linear_35,linear_s8_pc,M=690;K=384;N=384,1535715817
160,transpose_27,permute4_s8,d0=1;d1=690;d2=6;d3=64;p0=0;p1=2;p2=1;p3=3,2956156
161,matmul_10,matmul_b_s8,B=6;M=690;K=64;N=690,2736245228
162,add_26,add_tile_s8,OUTER=6;INNER=476100,68300696
163,softmax_5,softmax_s8,M=4140;K=690,643516084
164,matmul_11,matmul_b_s8,B=6;M=690;K=690;N=64,2210290842
165,transpose_29,permute4_s8,d0=1;d1=6;d2=690;d3=64;p0=0;p1=2;p2=1;p3=3,2960944
166,linear_36,linear_s8_pc,M=690;K=384;N=384,1535715817
167,add_27,add_s8,n=264960,11316695
168,layer_norm_19,layer_norm_s8,M=690;K=384,20099938
169,linear_37,linear_s8_pc,M=690;K=384;N=1536,6142840299
170,gelu_5,gelu_s8,n=1059840,173078390
171,linear_38,linear_s8_pc,M=690;K=1536;N=384,6114224617
172,add_28,add_s8,n=264960,11298305
173,layer_norm_20,layer_norm_s8,M=690;K=384,20100293
174,linear_39,linear_s8_pc,M=690;K=384;N=384,1535715817
175,transpose_30,permute4_s8,d0=1;d1=690;d2=6;d3=64;p0=0;p1=2;p2=1;p3=3,2956156
176,linear_40,linear_s8_pc,M=690;K=384;N=384,1535715817
177,transpose_31,permute4_s8,d0=1;d1=690;d2=6;d3=64;p0=0;p1=2;p2=1;p3=3,2956156
178,linear_41,linear_s8_pc,M=690;K=384;N=384,1535715817
179,transpose_32,permute4_s8,d0=1;d1=690;d2=6;d3=64;p0=0;p1=2;p2=1;p3=3,2956156
180,matmul_12,matmul_b_s8,B=6;M=690;K=64;N=690,2736115626
181,add_29,add_tile_s8,OUTER=6;INNER=476100,68246162
182,softmax_6,softmax_s8,M=4140;K=690,642956711
183,matmul_13,matmul_b_s8,B=6;M=690;K=690;N=64,2210286520
184,transpose_34,permute4_s8,d0=1;d1=6;d2=690;d3=64;p0=0;p1=2;p2=1;p3=3,2960944
185,linear_42,linear_s8_pc,M=690;K=384;N=384,1535715817
186,add_30,add_s8,n=264960,11300481
187,layer_norm_21,layer_norm_s8,M=690;K=384,20087580
188,linear_43,linear_s8_pc,M=690;K=384;N=1536,6142840297
189,gelu_6,gelu_s8,n=1059840,175082608
190,linear_44,linear_s8_pc,M=690;K=1536;N=384,6114224617
191,add_31,add_s8,n=264960,11282233
192,layer_norm_22,layer_norm_s8,M=690;K=384,20100709
193,linear_45,linear_s8_pc,M=690;K=384;N=384,1535715821
194,transpose_35,permute4_s8,d0=1;d1=690;d2=6;d3=64;p0=0;p1=2;p2=1;p3=3,2956156
195,linear_46,linear_s8_pc,M=690;K=384;N=384,1535715818
196,transpose_36,permute4_s8,d0=1;d1=690;d2=6;d3=64;p0=0;p1=2;p2=1;p3=3,2956156
197,linear_47,linear_s8_pc,M=690;K=384;N=384,1535715818
198,transpose_37,permute4_s8,d0=1;d1=690;d2=6;d3=64;p0=0;p1=2;p2=1;p3=3,2956156
199,matmul_14,matmul_b_s8,B=6;M=690;K=64;N=690,2736273709
200,add_32,add_tile_s8,OUTER=6;INNER=476100,68329799
201,softmax_7,softmax_s8,M=4140;K=690,642671732
202,matmul_15,matmul_b_s8,B=6;M=690;K=690;N=64,2210284234
203,transpose_39,permute4_s8,d0=1;d1=6;d2=690;d3=64;p0=0;p1=2;p2=1;p3=3,2960944
204,linear_48,linear_s8_pc,M=690;K=384;N=384,1535715820
205,add_33,add_s8,n=264960,11286451
206,layer_norm_23,layer_norm_s8,M=690;K=384,20072693
207,linear_49,linear_s8_pc,M=690;K=384;N=1536,6142840297
208,gelu_7,gelu_s8,n=1059840,157276022
209,linear_50,linear_s8_pc,M=690;K=1536;N=384,6114224618
210,add_34,add_s8,n=264960,11265845
211,layer_norm_24,layer_norm_s8,M=690;K=384,20093887
212,linear_51,linear_s8_pc,M=690;K=384;N=384,1535715818
213,transpose_40,permute4_s8,d0=1;d1=690;d2=6;d3=64;p0=0;p1=2;p2=1;p3=3,2956156
214,linear_52,linear_s8_pc,M=690;K=384;N=384,1535715821
215,transpose_41,permute4_s8,d0=1;d1=690;d2=6;d3=64;p0=0;p1=2;p2=1;p3=3,2956156
216,linear_53,linear_s8_pc,M=690;K=384;N=384,1535715819
217,transpose_42,permute4_s8,d0=1;d1=690;d2=6;d3=64;p0=0;p1=2;p2=1;p3=3,2956156
218,matmul_16,matmul_b_s8,B=6;M=690;K=64;N=690,2736296827
219,add_35,add_tile_s8,OUTER=6;INNER=476100,68312154
220,softmax_8,softmax_s8,M=4140;K=690,643938638
221,matmul_17,matmul_b_s8,B=6;M=690;K=690;N=64,2210286967
222,transpose_44,permute4_s8,d0=1;d1=6;d2=690;d3=64;p0=0;p1=2;p2=1;p3=3,2960944
223,linear_54,linear_s8_pc,M=690;K=384;N=384,1535715817
224,add_36,add_s8,n=264960,11269592
225,layer_norm_25,layer_norm_s8,M=690;K=384,20066046
226,linear_55,linear_s8_pc,M=690;K=384;N=1536,6142840297
227,gelu_8,gelu_s8,n=1059840,143912932
228,linear_56,linear_s8_pc,M=690;K=1536;N=384,6114224617
229,add_37,add_s8,n=264960,11232803
230,layer_norm_26,layer_norm_s8,M=690;K=384,20088447
231,linear_57,linear_s8_pc,M=690;K=384;N=384,1535715818
232,transpose_45,permute4_s8,d0=1;d1=690;d2=6;d3=64;p0=0;p1=2;p2=1;p3=3,2956156
233,linear_58,linear_s8_pc,M=690;K=384;N=384,1535715818
234,transpose_46,permute4_s8,d0=1;d1=690;d2=6;d3=64;p0=0;p1=2;p2=1;p3=3,2956156
235,linear_59,linear_s8_pc,M=690;K=384;N=384,1535715817
236,transpose_47,permute4_s8,d0=1;d1=690;d2=6;d3=64;p0=0;p1=2;p2=1;p3=3,2956156
237,matmul_18,matmul_b_s8,B=6;M=690;K=64;N=690,2736195440
238,add_38,add_tile_s8,OUTER=6;INNER=476100,68224941
239,softmax_9,softmax_s8,M=4140;K=690,643465135
240,matmul_19,matmul_b_s8,B=6;M=690;K=690;N=64,2210290006
241,transpose_49,permute4_s8,d0=1;d1=6;d2=690;d3=64;p0=0;p1=2;p2=1;p3=3,2960944
242,linear_60,linear_s8_pc,M=690;K=384;N=384,1535715817
243,add_39,add_s8,n=264960,11237897
244,layer_norm_27,layer_norm_s8,M=690;K=384,20049967
245,linear_61,linear_s8_pc,M=690;K=384;N=1536,6142840297
246,gelu_9,gelu_s8,n=1059840,131408691
247,linear_62,linear_s8_pc,M=690;K=1536;N=384,6114224617
248,add_40,add_s8,n=264960,11138697
249,layer_norm_28,layer_norm_s8,M=690;K=384,20042348
250,linear_63,linear_s8_pc,M=690;K=384;N=384,1535715819
251,transpose_50,permute4_s8,d0=1;d1=690;d2=6;d3=64;p0=0;p1=2;p2=1;p3=3,2956156
252,linear_64,linear_s8_pc,M=690;K=384;N=384,1535715817
253,transpose_51,permute4_s8,d0=1;d1=690;d2=6;d3=64;p0=0;p1=2;p2=1;p3=3,2956156
254,linear_65,linear_s8_pc,M=690;K=384;N=384,1535715817
255,transpose_52,permute4_s8,d0=1;d1=690;d2=6;d3=64;p0=0;p1=2;p2=1;p3=3,2956156
256,matmul_20,matmul_b_s8,B=6;M=690;K=64;N=690,2735968924
257,add_41,add_tile_s8,OUTER=6;INNER=476100,68348594
258,softmax_10,softmax_s8,M=4140;K=690,642617254
259,matmul_21,matmul_b_s8,B=6;M=690;K=690;N=64,2210294969
260,transpose_54,permute4_s8,d0=1;d1=6;d2=690;d3=64;p0=0;p1=2;p2=1;p3=3,2960944
261,linear_66,linear_s8_pc,M=690;K=384;N=384,1535715817
262,add_42,add_s8,n=264960,11175443
263,layer_norm_29,layer_norm_s8,M=690;K=384,20019170
264,linear_67,linear_s8_pc,M=690;K=384;N=1536,6142840298
265,gelu_10,gelu_s8,n=1059840,127086775
266,linear_68,linear_s8_pc,M=690;K=1536;N=384,6114224617
267,add_43,add_s8,n=264960,11003103
268,layer_norm_30,layer_norm_s8,M=690;K=384,19948681
269,linear_69,linear_s8_pc,M=690;K=384;N=384,1535715817
270,transpose_55,permute4_s8,d0=1;d1=690;d2=6;d3=64;p0=0;p1=2;p2=1;p3=3,2956156
271,linear_70,linear_s8_pc,M=690;K=384;N=384,1535715817
272,transpose_56,permute4_s8,d0=1;d1=690;d2=6;d3=64;p0=0;p1=2;p2=1;p3=3,2956156
273,linear_71,linear_s8_pc,M=690;K=384;N=384,1535715819
274,transpose_57,permute4_s8,d0=1;d1=690;d2=6;d3=64;p0=0;p1=2;p2=1;p3=3,2956156
275,matmul_22,matmul_b_s8,B=6;M=690;K=64;N=690,2736066723
276,add_44,add_tile_s8,OUTER=6;INNER=476100,68141387
277,softmax_11,softmax_s8,M=4140;K=690,645480396
278,matmul_23,matmul_b_s8,B=6;M=690;K=690;N=64,2210303474
279,transpose_59,permute4_s8,d0=1;d1=6;d2=690;d3=64;p0=0;p1=2;p2=1;p3=3,2960944
280,linear_72,linear_s8_pc,M=690;K=384;N=384,1535715817
281,add_45,add_s8,n=264960,11007965
282,layer_norm_31,layer_norm_s8,M=690;K=384,19897884
283,linear_73,linear_s8_pc,M=690;K=384;N=1536,6142840297
284,gelu_11,gelu_s8,n=1059840,117595807
285,linear_74,linear_s8_pc,M=690;K=1536;N=384,6114224618
286,add_46,add_s8,n=264960,10512711
287,layer_norm_32,layer_norm_s8,M=690;K=384,19581828
288,slice_5,slice_c_s8,N=1;IC=690;C_start=16;C_end=690;H=1;W=384,1819206
289,select,slice_c_s8,N=2;IC=337;C_start=336;C_end=337;H=1;W=384,36873
290,cat_5,cat3_c1_s8,N=2;H=1;W=1;C_total=444;C_inputs=32|384|28,55113
291,linear_75,linear_s8_pc,M=2;K=444;N=256,3428441
292,layer_norm_33,layer_norm_s8,M=2;K=256,38943
293,linear_76,linear_s8_pc,M=2;K=256;N=1024,7938139
294,sigmoid,sigmoid_s8,n=2048,229888
295,mul_20,mul_s8,n=2048,89435
296,linear_77,linear_s8_pc,M=2;K=1024;N=256,7882842
297,add_47,add_s8,n=512,22020
298,layer_norm_34,layer_norm_s8,M=2;K=256,38979
299,linear_78,linear_s8_pc,M=2;K=256;N=1024,7938138
300,sigmoid_1,sigmoid_s8,n=2048,230977
301,mul_21,mul_s8,n=2048,89839
302,linear_79,linear_s8_pc,M=2;K=1024;N=256,7882843
303,add_48,add_s8,n=512,22055
304,layer_norm_35,layer_norm_s8,M=2;K=256,38983
305,linear_80,linear_s8_pc,M=2;K=256;N=1024,7938138
306,sigmoid_2,sigmoid_s8,n=2048,236677
307,mul_22,mul_s8,n=2048,89012
308,linear_81,linear_s8_pc,M=2;K=1024;N=256,7882841
309,add_49,add_s8,n=512,21886
310,sigmoid_3,sigmoid_s8,n=512,59969
311,mul_23,mul_s8,n=512,21565
312,linear_82,linear_s8_pc,M=2;K=256;N=28,217144
=== MODELBLASTER_PROFILE_END ===
=== MODELBLASTER_WALL_CYCLES === 3311894450
=== MODELBLASTER_RAW_SPIKE_END ===
max_abs_err=13 max_rel_err=2e+12 (atol=0 rtol=0, in-binary)
FAIL

profile -> /scratch/dima/rose-infra/RoSE/soc/sw/xpu-rt/zephyr-chipyard-sw/modelblaster/examples/octo_small/int8/generated/profile.csv
name           op             shape                                                                               cycles      %
------------------------------------------------------------------------------------------------------------------------------
linear         linear_s8_pc   M=16;K=768;N=384                                                                  71000308    0.0
add            add_s8         n=6144                                                                              263401    0.0
cat            cat2_c1_s8     N=2;H=256;W=256;C_total=6;C_inputs=3|3                                            40894719    0.0
conv2d         conv2d_s8_pc   N=2;IC=6;IH=256;IW=256;OC=32;KH=3;KW=3;SH=2;SW=2;PH=1;PW=1;DH=1;DW=1;groups=1   1550271031    0.5
layer_norm     layer_norm_s8  M=64;K=16384                                                                      71112544    0.0
mul            mul_c1_s8      N=2;C=32;HW=16384                                                                 21488543    0.0
add_1          add_c1_s8      N=2;C=32;HW=16384                                                                 20399391    0.0
relu           relu_s8        n=1048576                                                                         13041304    0.0
conv2d_1       conv2d_s8_pc   N=2;IC=32;IH=128;IW=128;OC=96;KH=3;KW=3;SH=2;SW=2;PH=1;PW=1;DH=1;DW=1;groups=1  6047563959    1.8
layer_norm_1   layer_norm_s8  M=64;K=12288                                                                      53211917    0.0
mul_1          mul_c1_s8      N=2;C=96;HW=4096                                                                  16109278    0.0
add_2          add_c1_s8      N=2;C=96;HW=4096                                                                  15337839    0.0
relu_1         relu_s8        n=786432                                                                           9819386    0.0
conv2d_2       conv2d_s8_pc   N=2;IC=96;IH=64;IW=64;OC=192;KH=3;KW=3;SH=2;SW=2;PH=1;PW=1;DH=1;DW=1;groups=1   8970473655    2.7
layer_norm_2   layer_norm_s8  M=64;K=6144                                                                       26625393    0.0
mul_2          mul_c1_s8      N=2;C=192;HW=1024                                                                  8058471    0.0
add_3          add_c1_s8      N=2;C=192;HW=1024                                                                  7690091    0.0
relu_2         relu_s8        n=393216                                                                           4929001    0.0
conv2d_3       conv2d_s8_pc   N=2;IC=192;IH=32;IW=32;OC=384;KH=3;KW=3;SH=2;SW=2;PH=1;PW=1;DH=1;DW=1;groups=1  8822157495    2.7
layer_norm_3   layer_norm_s8  M=64;K=3072                                                                       13328168    0.0
mul_3          mul_c1_s8      N=2;C=384;HW=256                                                                   4038136    0.0
add_4          add_c1_s8      N=2;C=384;HW=256                                                                   3860726    0.0
relu_3         relu_s8        n=196608                                                                           2473905    0.0
conv2d_4       conv2d_s8_pc   N=2;IC=384;IH=16;IW=16;OC=512;KH=1;KW=1;SH=1;SW=1;PH=0;PW=0;DH=1;DW=1;groups=1  4540088502    1.4
permute        permute4_s8    d0=2;d1=512;d2=16;d3=16;p0=0;p1=2;p2=3;p3=1                                        2889091    0.0
linear_1       linear_s8_pc   M=512;K=512;N=384                                                               1517033027    0.5
slice_1        slice_c_s8     N=1;IC=10;C_start=0;C_end=2;H=256;W=384                                            1376358    0.0
add_5          add_s8         n=196608                                                                           8411361    0.0
cat_1          cat2_c1_s8     N=2;H=128;W=128;C_total=6;C_inputs=3|3                                            10223873    0.0
conv2d_5       conv2d_s8_pc   N=2;IC=6;IH=128;IW=128;OC=32;KH=3;KW=3;SH=2;SW=2;PH=1;PW=1;DH=1;DW=1;groups=1    386118199    0.1
layer_norm_4   layer_norm_s8  M=64;K=4096                                                                       17785599    0.0
mul_4          mul_c1_s8      N=2;C=32;HW=4096                                                                   5372836    0.0
add_6          add_c1_s8      N=2;C=32;HW=4096                                                                   5102484    0.0
relu_4         relu_s8        n=262144                                                                           3264395    0.0
conv2d_6       conv2d_s8_pc   N=2;IC=32;IH=64;IW=64;OC=96;KH=3;KW=3;SH=2;SW=2;PH=1;PW=1;DH=1;DW=1;groups=1    1500125367    0.5
layer_norm_5   layer_norm_s8  M=64;K=3072                                                                       13318479    0.0
mul_5          mul_c1_s8      N=2;C=96;HW=1024                                                                   4029994    0.0
add_7          add_c1_s8      N=2;C=96;HW=1024                                                                   3842922    0.0
relu_5         relu_s8        n=196608                                                                           2462711    0.0
conv2d_7       conv2d_s8_pc   N=2;IC=96;IH=32;IW=32;OC=192;KH=3;KW=3;SH=2;SW=2;PH=1;PW=1;DH=1;DW=1;groups=1   2207459511    0.7
layer_norm_6   layer_norm_s8  M=64;K=1536                                                                        6663604    0.0
mul_6          mul_c1_s8      N=2;C=192;HW=256                                                                   2018417    0.0
add_8          add_c1_s8      N=2;C=192;HW=256                                                                   1926746    0.0
relu_6         relu_s8        n=98304                                                                            1233256    0.0
conv2d_8       conv2d_s8_pc   N=2;IC=192;IH=16;IW=16;OC=384;KH=3;KW=3;SH=2;SW=2;PH=1;PW=1;DH=1;DW=1;groups=1  2136115383    0.6
layer_norm_7   layer_norm_s8  M=64;K=768                                                                         3335391    0.0
mul_7          mul_c1_s8      N=2;C=384;HW=64                                                                    1015828    0.0
add_9          add_c1_s8      N=2;C=384;HW=64                                                                     970612    0.0
relu_7         relu_s8        n=49152                                                                             617602    0.0
conv2d_9       conv2d_s8_pc   N=2;IC=384;IH=8;IW=8;OC=512;KH=1;KW=1;SH=1;SW=1;PH=0;PW=0;DH=1;DW=1;groups=1    1135108278    0.3
permute_1      permute4_s8    d0=2;d1=512;d2=8;d3=8;p0=0;p1=2;p2=3;p3=1                                           722451    0.0
linear_2       linear_s8_pc   M=128;K=512;N=384                                                                379258307    0.1
slice_2        slice_c_s8     N=1;IC=10;C_start=0;C_end=2;H=64;W=384                                              344166    0.0
add_10         add_s8         n=49152                                                                            2103351    0.0
cat_2          cat2_c1_s8     N=1;H=16;W=384;C_total=2;C_inputs=1|1                                               641051    0.0
slice_3        slice_c_s8     N=1;IC=10;C_start=0;C_end=2;H=1;W=384                                                 5478    0.0
slice_4        slice_c_s8     N=2;IC=256;C_start=0;C_end=1;H=1;W=384                                               38329    0.0
cat_3          cat4_c1_s8     N=2;H=1;W=384;C_total=337;C_inputs=256|64|16|1                                    14855914    0.0
cat_4          cat2_c1_s8     N=1;H=1;W=384;C_total=690;C_inputs=16|674                                         13796422    0.0
layer_norm_8   layer_norm_s8  M=690;K=384                                                                       20078785    0.0
linear_3       linear_s8_pc   M=690;K=384;N=384                                                               1535715818    0.5
transpose      permute4_s8    d0=1;d1=690;d2=6;d3=64;p0=0;p1=2;p2=1;p3=3                                         2956156    0.0
linear_4       linear_s8_pc   M=690;K=384;N=384                                                               1535715818    0.5
transpose_1    permute4_s8    d0=1;d1=690;d2=6;d3=64;p0=0;p1=2;p2=1;p3=3                                         2956156    0.0
linear_5       linear_s8_pc   M=690;K=384;N=384                                                               1535715817    0.5
transpose_2    permute4_s8    d0=1;d1=690;d2=6;d3=64;p0=0;p1=2;p2=1;p3=3                                         2956156    0.0
matmul         matmul_b_s8    B=6;M=690;K=64;N=690                                                            2735925061    0.8
add_11         add_tile_s8    OUTER=6;INNER=476100                                                              67594949    0.0
softmax        softmax_s8     M=4140;K=690                                                                     641890747    0.2
matmul_1       matmul_b_s8    B=6;M=690;K=690;N=64                                                            2210278332    0.7
transpose_4    permute4_s8    d0=1;d1=6;d2=690;d3=64;p0=0;p1=2;p2=1;p3=3                                         2960944    0.0
linear_6       linear_s8_pc   M=690;K=384;N=384                                                               1535715817    0.5
add_12         add_s8         n=264960                                                                          11311787    0.0
layer_norm_9   layer_norm_s8  M=690;K=384                                                                       20109072    0.0
linear_7       linear_s8_pc   M=690;K=384;N=1536                                                              6142840297    1.9
gelu           gelu_s8        n=1059840                                                                        153102421    0.0
linear_8       linear_s8_pc   M=690;K=1536;N=384                                                              6114224617    1.8
add_13         add_s8         n=264960                                                                          11330129    0.0
layer_norm_10  layer_norm_s8  M=690;K=384                                                                       20104648    0.0
linear_9       linear_s8_pc   M=690;K=384;N=384                                                               1535715817    0.5
transpose_5    permute4_s8    d0=1;d1=690;d2=6;d3=64;p0=0;p1=2;p2=1;p3=3                                         2956156    0.0
linear_10      linear_s8_pc   M=690;K=384;N=384                                                               1535715818    0.5
transpose_6    permute4_s8    d0=1;d1=690;d2=6;d3=64;p0=0;p1=2;p2=1;p3=3                                         2956156    0.0
linear_11      linear_s8_pc   M=690;K=384;N=384                                                               1535715817    0.5
transpose_7    permute4_s8    d0=1;d1=690;d2=6;d3=64;p0=0;p1=2;p2=1;p3=3                                         2956156    0.0
matmul_2       matmul_b_s8    B=6;M=690;K=64;N=690                                                            2736094191    0.8
add_14         add_tile_s8    OUTER=6;INNER=476100                                                              68088219    0.0
softmax_1      softmax_s8     M=4140;K=690                                                                     642936481    0.2
matmul_3       matmul_b_s8    B=6;M=690;K=690;N=64                                                            2210295295    0.7
transpose_9    permute4_s8    d0=1;d1=6;d2=690;d3=64;p0=0;p1=2;p2=1;p3=3                                         2960944    0.0
linear_12      linear_s8_pc   M=690;K=384;N=384                                                               1535715817    0.5
add_15         add_s8         n=264960                                                                          11331490    0.0
layer_norm_11  layer_norm_s8  M=690;K=384                                                                       20103314    0.0
linear_13      linear_s8_pc   M=690;K=384;N=1536                                                              6142840297    1.9
gelu_1         gelu_s8        n=1059840                                                                        149054088    0.0
linear_14      linear_s8_pc   M=690;K=1536;N=384                                                              6114224617    1.8
add_16         add_s8         n=264960                                                                          11331236    0.0
layer_norm_12  layer_norm_s8  M=690;K=384                                                                       20106539    0.0
linear_15      linear_s8_pc   M=690;K=384;N=384                                                               1535715817    0.5
transpose_10   permute4_s8    d0=1;d1=690;d2=6;d3=64;p0=0;p1=2;p2=1;p3=3                                         2956156    0.0
linear_16      linear_s8_pc   M=690;K=384;N=384                                                               1535715818    0.5
transpose_11   permute4_s8    d0=1;d1=690;d2=6;d3=64;p0=0;p1=2;p2=1;p3=3                                         2956156    0.0
linear_17      linear_s8_pc   M=690;K=384;N=384                                                               1535715823    0.5
transpose_12   permute4_s8    d0=1;d1=690;d2=6;d3=64;p0=0;p1=2;p2=1;p3=3                                         2956156    0.0
matmul_4       matmul_b_s8    B=6;M=690;K=64;N=690                                                            2736048046    0.8
add_17         add_tile_s8    OUTER=6;INNER=476100                                                              68116009    0.0
softmax_2      softmax_s8     M=4140;K=690                                                                     642690443    0.2
matmul_5       matmul_b_s8    B=6;M=690;K=690;N=64                                                            2210298962    0.7
transpose_14   permute4_s8    d0=1;d1=6;d2=690;d3=64;p0=0;p1=2;p2=1;p3=3                                         2960944    0.0
linear_18      linear_s8_pc   M=690;K=384;N=384                                                               1535715817    0.5
add_18         add_s8         n=264960                                                                          11333875    0.0
layer_norm_13  layer_norm_s8  M=690;K=384                                                                       20108610    0.0
linear_19      linear_s8_pc   M=690;K=384;N=1536                                                              6142840298    1.9
gelu_2         gelu_s8        n=1059840                                                                        150123532    0.0
linear_20      linear_s8_pc   M=690;K=1536;N=384                                                              6114224617    1.8
add_19         add_s8         n=264960                                                                          11325189    0.0
layer_norm_14  layer_norm_s8  M=690;K=384                                                                       20100013    0.0
linear_21      linear_s8_pc   M=690;K=384;N=384                                                               1535715818    0.5
transpose_15   permute4_s8    d0=1;d1=690;d2=6;d3=64;p0=0;p1=2;p2=1;p3=3                                         2956156    0.0
linear_22      linear_s8_pc   M=690;K=384;N=384                                                               1535715817    0.5
transpose_16   permute4_s8    d0=1;d1=690;d2=6;d3=64;p0=0;p1=2;p2=1;p3=3                                         2956156    0.0
linear_23      linear_s8_pc   M=690;K=384;N=384                                                               1535715818    0.5
transpose_17   permute4_s8    d0=1;d1=690;d2=6;d3=64;p0=0;p1=2;p2=1;p3=3                                         2956156    0.0
matmul_6       matmul_b_s8    B=6;M=690;K=64;N=690                                                            2736162612    0.8
add_20         add_tile_s8    OUTER=6;INNER=476100                                                              68062612    0.0
softmax_3      softmax_s8     M=4140;K=690                                                                     643080554    0.2
matmul_7       matmul_b_s8    B=6;M=690;K=690;N=64                                                            2210286784    0.7
transpose_19   permute4_s8    d0=1;d1=6;d2=690;d3=64;p0=0;p1=2;p2=1;p3=3                                         2960944    0.0
linear_24      linear_s8_pc   M=690;K=384;N=384                                                               1535715817    0.5
add_21         add_s8         n=264960                                                                          11332338    0.0
layer_norm_15  layer_norm_s8  M=690;K=384                                                                       20109269    0.0
linear_25      linear_s8_pc   M=690;K=384;N=1536                                                              6142840298    1.9
gelu_3         gelu_s8        n=1059840                                                                        157840771    0.0
linear_26      linear_s8_pc   M=690;K=1536;N=384                                                              6114224617    1.8
add_22         add_s8         n=264960                                                                          11340548    0.0
layer_norm_16  layer_norm_s8  M=690;K=384                                                                       20109199    0.0
linear_27      linear_s8_pc   M=690;K=384;N=384                                                               1535715817    0.5
transpose_20   permute4_s8    d0=1;d1=690;d2=6;d3=64;p0=0;p1=2;p2=1;p3=3                                         2956156    0.0
linear_28      linear_s8_pc   M=690;K=384;N=384                                                               1535715818    0.5
transpose_21   permute4_s8    d0=1;d1=690;d2=6;d3=64;p0=0;p1=2;p2=1;p3=3                                         2956156    0.0
linear_29      linear_s8_pc   M=690;K=384;N=384                                                               1535715817    0.5
transpose_22   permute4_s8    d0=1;d1=690;d2=6;d3=64;p0=0;p1=2;p2=1;p3=3                                         2956156    0.0
matmul_8       matmul_b_s8    B=6;M=690;K=64;N=690                                                            2736058677    0.8
add_23         add_tile_s8    OUTER=6;INNER=476100                                                              68079506    0.0
softmax_4      softmax_s8     M=4140;K=690                                                                     642804920    0.2
matmul_9       matmul_b_s8    B=6;M=690;K=690;N=64                                                            2210274029    0.7
transpose_24   permute4_s8    d0=1;d1=6;d2=690;d3=64;p0=0;p1=2;p2=1;p3=3                                         2960944    0.0
linear_30      linear_s8_pc   M=690;K=384;N=384                                                               1535715817    0.5
add_24         add_s8         n=264960                                                                          11339058    0.0
layer_norm_17  layer_norm_s8  M=690;K=384                                                                       20104652    0.0
linear_31      linear_s8_pc   M=690;K=384;N=1536                                                              6142840299    1.9
gelu_4         gelu_s8        n=1059840                                                                        170878237    0.1
linear_32      linear_s8_pc   M=690;K=1536;N=384                                                              6114224617    1.8
add_25         add_s8         n=264960                                                                          11313092    0.0
layer_norm_18  layer_norm_s8  M=690;K=384                                                                       20109652    0.0
linear_33      linear_s8_pc   M=690;K=384;N=384                                                               1535715819    0.5
transpose_25   permute4_s8    d0=1;d1=690;d2=6;d3=64;p0=0;p1=2;p2=1;p3=3                                         2956156    0.0
linear_34      linear_s8_pc   M=690;K=384;N=384                                                               1535715822    0.5
transpose_26   permute4_s8    d0=1;d1=690;d2=6;d3=64;p0=0;p1=2;p2=1;p3=3                                         2956156    0.0
linear_35      linear_s8_pc   M=690;K=384;N=384                                                               1535715817    0.5
transpose_27   permute4_s8    d0=1;d1=690;d2=6;d3=64;p0=0;p1=2;p2=1;p3=3                                         2956156    0.0
matmul_10      matmul_b_s8    B=6;M=690;K=64;N=690                                                            2736245228    0.8
add_26         add_tile_s8    OUTER=6;INNER=476100                                                              68300696    0.0
softmax_5      softmax_s8     M=4140;K=690                                                                     643516084    0.2
matmul_11      matmul_b_s8    B=6;M=690;K=690;N=64                                                            2210290842    0.7
transpose_29   permute4_s8    d0=1;d1=6;d2=690;d3=64;p0=0;p1=2;p2=1;p3=3                                         2960944    0.0
linear_36      linear_s8_pc   M=690;K=384;N=384                                                               1535715817    0.5
add_27         add_s8         n=264960                                                                          11316695    0.0
layer_norm_19  layer_norm_s8  M=690;K=384                                                                       20099938    0.0
linear_37      linear_s8_pc   M=690;K=384;N=1536                                                              6142840299    1.9
gelu_5         gelu_s8        n=1059840                                                                        173078390    0.1
linear_38      linear_s8_pc   M=690;K=1536;N=384                                                              6114224617    1.8
add_28         add_s8         n=264960                                                                          11298305    0.0
layer_norm_20  layer_norm_s8  M=690;K=384                                                                       20100293    0.0
linear_39      linear_s8_pc   M=690;K=384;N=384                                                               1535715817    0.5
transpose_30   permute4_s8    d0=1;d1=690;d2=6;d3=64;p0=0;p1=2;p2=1;p3=3                                         2956156    0.0
linear_40      linear_s8_pc   M=690;K=384;N=384                                                               1535715817    0.5
transpose_31   permute4_s8    d0=1;d1=690;d2=6;d3=64;p0=0;p1=2;p2=1;p3=3                                         2956156    0.0
linear_41      linear_s8_pc   M=690;K=384;N=384                                                               1535715817    0.5
transpose_32   permute4_s8    d0=1;d1=690;d2=6;d3=64;p0=0;p1=2;p2=1;p3=3                                         2956156    0.0
matmul_12      matmul_b_s8    B=6;M=690;K=64;N=690                                                            2736115626    0.8
add_29         add_tile_s8    OUTER=6;INNER=476100                                                              68246162    0.0
softmax_6      softmax_s8     M=4140;K=690                                                                     642956711    0.2
matmul_13      matmul_b_s8    B=6;M=690;K=690;N=64                                                            2210286520    0.7
transpose_34   permute4_s8    d0=1;d1=6;d2=690;d3=64;p0=0;p1=2;p2=1;p3=3                                         2960944    0.0
linear_42      linear_s8_pc   M=690;K=384;N=384                                                               1535715817    0.5
add_30         add_s8         n=264960                                                                          11300481    0.0
layer_norm_21  layer_norm_s8  M=690;K=384                                                                       20087580    0.0
linear_43      linear_s8_pc   M=690;K=384;N=1536                                                              6142840297    1.9
gelu_6         gelu_s8        n=1059840                                                                        175082608    0.1
linear_44      linear_s8_pc   M=690;K=1536;N=384                                                              6114224617    1.8
add_31         add_s8         n=264960                                                                          11282233    0.0
layer_norm_22  layer_norm_s8  M=690;K=384                                                                       20100709    0.0
linear_45      linear_s8_pc   M=690;K=384;N=384                                                               1535715821    0.5
transpose_35   permute4_s8    d0=1;d1=690;d2=6;d3=64;p0=0;p1=2;p2=1;p3=3                                         2956156    0.0
linear_46      linear_s8_pc   M=690;K=384;N=384                                                               1535715818    0.5
transpose_36   permute4_s8    d0=1;d1=690;d2=6;d3=64;p0=0;p1=2;p2=1;p3=3                                         2956156    0.0
linear_47      linear_s8_pc   M=690;K=384;N=384                                                               1535715818    0.5
transpose_37   permute4_s8    d0=1;d1=690;d2=6;d3=64;p0=0;p1=2;p2=1;p3=3                                         2956156    0.0
matmul_14      matmul_b_s8    B=6;M=690;K=64;N=690                                                            2736273709    0.8
add_32         add_tile_s8    OUTER=6;INNER=476100                                                              68329799    0.0
softmax_7      softmax_s8     M=4140;K=690                                                                     642671732    0.2
matmul_15      matmul_b_s8    B=6;M=690;K=690;N=64                                                            2210284234    0.7
transpose_39   permute4_s8    d0=1;d1=6;d2=690;d3=64;p0=0;p1=2;p2=1;p3=3                                         2960944    0.0
linear_48      linear_s8_pc   M=690;K=384;N=384                                                               1535715820    0.5
add_33         add_s8         n=264960                                                                          11286451    0.0
layer_norm_23  layer_norm_s8  M=690;K=384                                                                       20072693    0.0
linear_49      linear_s8_pc   M=690;K=384;N=1536                                                              6142840297    1.9
gelu_7         gelu_s8        n=1059840                                                                        157276022    0.0
linear_50      linear_s8_pc   M=690;K=1536;N=384                                                              6114224618    1.8
add_34         add_s8         n=264960                                                                          11265845    0.0
layer_norm_24  layer_norm_s8  M=690;K=384                                                                       20093887    0.0
linear_51      linear_s8_pc   M=690;K=384;N=384                                                               1535715818    0.5
transpose_40   permute4_s8    d0=1;d1=690;d2=6;d3=64;p0=0;p1=2;p2=1;p3=3                                         2956156    0.0
linear_52      linear_s8_pc   M=690;K=384;N=384                                                               1535715821    0.5
transpose_41   permute4_s8    d0=1;d1=690;d2=6;d3=64;p0=0;p1=2;p2=1;p3=3                                         2956156    0.0
linear_53      linear_s8_pc   M=690;K=384;N=384                                                               1535715819    0.5
transpose_42   permute4_s8    d0=1;d1=690;d2=6;d3=64;p0=0;p1=2;p2=1;p3=3                                         2956156    0.0
matmul_16      matmul_b_s8    B=6;M=690;K=64;N=690                                                            2736296827    0.8
add_35         add_tile_s8    OUTER=6;INNER=476100                                                              68312154    0.0
softmax_8      softmax_s8     M=4140;K=690                                                                     643938638    0.2
matmul_17      matmul_b_s8    B=6;M=690;K=690;N=64                                                            2210286967    0.7
transpose_44   permute4_s8    d0=1;d1=6;d2=690;d3=64;p0=0;p1=2;p2=1;p3=3                                         2960944    0.0
linear_54      linear_s8_pc   M=690;K=384;N=384                                                               1535715817    0.5
add_36         add_s8         n=264960                                                                          11269592    0.0
layer_norm_25  layer_norm_s8  M=690;K=384                                                                       20066046    0.0
linear_55      linear_s8_pc   M=690;K=384;N=1536                                                              6142840297    1.9
gelu_8         gelu_s8        n=1059840                                                                        143912932    0.0
linear_56      linear_s8_pc   M=690;K=1536;N=384                                                              6114224617    1.8
add_37         add_s8         n=264960                                                                          11232803    0.0
layer_norm_26  layer_norm_s8  M=690;K=384                                                                       20088447    0.0
linear_57      linear_s8_pc   M=690;K=384;N=384                                                               1535715818    0.5
transpose_45   permute4_s8    d0=1;d1=690;d2=6;d3=64;p0=0;p1=2;p2=1;p3=3                                         2956156    0.0
linear_58      linear_s8_pc   M=690;K=384;N=384                                                               1535715818    0.5
transpose_46   permute4_s8    d0=1;d1=690;d2=6;d3=64;p0=0;p1=2;p2=1;p3=3                                         2956156    0.0
linear_59      linear_s8_pc   M=690;K=384;N=384                                                               1535715817    0.5
transpose_47   permute4_s8    d0=1;d1=690;d2=6;d3=64;p0=0;p1=2;p2=1;p3=3                                         2956156    0.0
matmul_18      matmul_b_s8    B=6;M=690;K=64;N=690                                                            2736195440    0.8
add_38         add_tile_s8    OUTER=6;INNER=476100                                                              68224941    0.0
softmax_9      softmax_s8     M=4140;K=690                                                                     643465135    0.2
matmul_19      matmul_b_s8    B=6;M=690;K=690;N=64                                                            2210290006    0.7
transpose_49   permute4_s8    d0=1;d1=6;d2=690;d3=64;p0=0;p1=2;p2=1;p3=3                                         2960944    0.0
linear_60      linear_s8_pc   M=690;K=384;N=384                                                               1535715817    0.5
add_39         add_s8         n=264960                                                                          11237897    0.0
layer_norm_27  layer_norm_s8  M=690;K=384                                                                       20049967    0.0
linear_61      linear_s8_pc   M=690;K=384;N=1536                                                              6142840297    1.9
gelu_9         gelu_s8        n=1059840                                                                        131408691    0.0
linear_62      linear_s8_pc   M=690;K=1536;N=384                                                              6114224617    1.8
add_40         add_s8         n=264960                                                                          11138697    0.0
layer_norm_28  layer_norm_s8  M=690;K=384                                                                       20042348    0.0
linear_63      linear_s8_pc   M=690;K=384;N=384                                                               1535715819    0.5
transpose_50   permute4_s8    d0=1;d1=690;d2=6;d3=64;p0=0;p1=2;p2=1;p3=3                                         2956156    0.0
linear_64      linear_s8_pc   M=690;K=384;N=384                                                               1535715817    0.5
transpose_51   permute4_s8    d0=1;d1=690;d2=6;d3=64;p0=0;p1=2;p2=1;p3=3                                         2956156    0.0
linear_65      linear_s8_pc   M=690;K=384;N=384                                                               1535715817    0.5
transpose_52   permute4_s8    d0=1;d1=690;d2=6;d3=64;p0=0;p1=2;p2=1;p3=3                                         2956156    0.0
matmul_20      matmul_b_s8    B=6;M=690;K=64;N=690                                                            2735968924    0.8
add_41         add_tile_s8    OUTER=6;INNER=476100                                                              68348594    0.0
softmax_10     softmax_s8     M=4140;K=690                                                                     642617254    0.2
matmul_21      matmul_b_s8    B=6;M=690;K=690;N=64                                                            2210294969    0.7
transpose_54   permute4_s8    d0=1;d1=6;d2=690;d3=64;p0=0;p1=2;p2=1;p3=3                                         2960944    0.0
linear_66      linear_s8_pc   M=690;K=384;N=384                                                               1535715817    0.5
add_42         add_s8         n=264960                                                                          11175443    0.0
layer_norm_29  layer_norm_s8  M=690;K=384                                                                       20019170    0.0
linear_67      linear_s8_pc   M=690;K=384;N=1536                                                              6142840298    1.9
gelu_10        gelu_s8        n=1059840                                                                        127086775    0.0
linear_68      linear_s8_pc   M=690;K=1536;N=384                                                              6114224617    1.8
add_43         add_s8         n=264960                                                                          11003103    0.0
layer_norm_30  layer_norm_s8  M=690;K=384                                                                       19948681    0.0
linear_69      linear_s8_pc   M=690;K=384;N=384                                                               1535715817    0.5
transpose_55   permute4_s8    d0=1;d1=690;d2=6;d3=64;p0=0;p1=2;p2=1;p3=3                                         2956156    0.0
linear_70      linear_s8_pc   M=690;K=384;N=384                                                               1535715817    0.5
transpose_56   permute4_s8    d0=1;d1=690;d2=6;d3=64;p0=0;p1=2;p2=1;p3=3                                         2956156    0.0
linear_71      linear_s8_pc   M=690;K=384;N=384                                                               1535715819    0.5
transpose_57   permute4_s8    d0=1;d1=690;d2=6;d3=64;p0=0;p1=2;p2=1;p3=3                                         2956156    0.0
matmul_22      matmul_b_s8    B=6;M=690;K=64;N=690                                                            2736066723    0.8
add_44         add_tile_s8    OUTER=6;INNER=476100                                                              68141387    0.0
softmax_11     softmax_s8     M=4140;K=690                                                                     645480396    0.2
matmul_23      matmul_b_s8    B=6;M=690;K=690;N=64                                                            2210303474    0.7
transpose_59   permute4_s8    d0=1;d1=6;d2=690;d3=64;p0=0;p1=2;p2=1;p3=3                                         2960944    0.0
linear_72      linear_s8_pc   M=690;K=384;N=384                                                               1535715817    0.5
add_45         add_s8         n=264960                                                                          11007965    0.0
layer_norm_31  layer_norm_s8  M=690;K=384                                                                       19897884    0.0
linear_73      linear_s8_pc   M=690;K=384;N=1536                                                              6142840297    1.9
gelu_11        gelu_s8        n=1059840                                                                        117595807    0.0
linear_74      linear_s8_pc   M=690;K=1536;N=384                                                              6114224618    1.8
add_46         add_s8         n=264960                                                                          10512711    0.0
layer_norm_32  layer_norm_s8  M=690;K=384                                                                       19581828    0.0
slice_5        slice_c_s8     N=1;IC=690;C_start=16;C_end=690;H=1;W=384                                          1819206    0.0
select         slice_c_s8     N=2;IC=337;C_start=336;C_end=337;H=1;W=384                                           36873    0.0
cat_5          cat3_c1_s8     N=2;H=1;W=1;C_total=444;C_inputs=32|384|28                                           55113    0.0
linear_75      linear_s8_pc   M=2;K=444;N=256                                                                    3428441    0.0
layer_norm_33  layer_norm_s8  M=2;K=256                                                                            38943    0.0
linear_76      linear_s8_pc   M=2;K=256;N=1024                                                                   7938139    0.0
sigmoid        sigmoid_s8     n=2048                                                                              229888    0.0
mul_20         mul_s8         n=2048                                                                               89435    0.0
linear_77      linear_s8_pc   M=2;K=1024;N=256                                                                   7882842    0.0
add_47         add_s8         n=512                                                                                22020    0.0
layer_norm_34  layer_norm_s8  M=2;K=256                                                                            38979    0.0
linear_78      linear_s8_pc   M=2;K=256;N=1024                                                                   7938138    0.0
sigmoid_1      sigmoid_s8     n=2048                                                                              230977    0.0
mul_21         mul_s8         n=2048                                                                               89839    0.0
linear_79      linear_s8_pc   M=2;K=1024;N=256                                                                   7882843    0.0
add_48         add_s8         n=512                                                                                22055    0.0
layer_norm_35  layer_norm_s8  M=2;K=256                                                                            38983    0.0
linear_80      linear_s8_pc   M=2;K=256;N=1024                                                                   7938138    0.0
sigmoid_2      sigmoid_s8     n=2048                                                                              236677    0.0
mul_22         mul_s8         n=2048                                                                               89012    0.0
linear_81      linear_s8_pc   M=2;K=1024;N=256                                                                   7882841    0.0
add_49         add_s8         n=512                                                                                21886    0.0
sigmoid_3      sigmoid_s8     n=512                                                                                59969    0.0
mul_23         mul_s8         n=512                                                                                21565    0.0
linear_82      linear_s8_pc   M=2;K=256;N=28                                                                      217144    0.0
------------------------------------------------------------------------------------------------------------------------------
TOTAL                                                                                                       331189431143
wall_clock_cycles=3311894450 (mtime)
