  octo checkpoint: /scratch/dima/rose-infra/RoSE/experiments/octo_port/octo_small_torch.pt
[1/5] extract_graph (quant=int8) -> /scratch/dima/rose-infra/RoSE/soc/sw/xpu-rt/zephyr-chipyard-sw/modelblaster/examples/octo_small/int8/generated
MODELBLASTER_STAGE_BEGIN:extract
  (skipped — IR present at /scratch/dima/rose-infra/RoSE/soc/sw/xpu-rt/zephyr-chipyard-sw/modelblaster/examples/octo_small/int8/generated; set FORCE_EXTRACT=1 to re-run)
MODELBLASTER_STAGE_END:extract:0.001
[2/5] generate_skeleton (backend=scalar) -> /scratch/dima/rose-infra/RoSE/soc/sw/xpu-rt/zephyr-chipyard-sw/modelblaster/examples/octo_small/int8/generated/scalar
MODELBLASTER_STAGE_BEGIN:generate_skeleton
wrote /scratch/dima/rose-infra/RoSE/soc/sw/xpu-rt/zephyr-chipyard-sw/modelblaster/examples/octo_small/int8/generated/scalar/weights.h
wrote /scratch/dima/rose-infra/RoSE/soc/sw/xpu-rt/zephyr-chipyard-sw/modelblaster/examples/octo_small/int8/generated/scalar/weights.c
wrote /scratch/dima/rose-infra/RoSE/soc/sw/xpu-rt/zephyr-chipyard-sw/modelblaster/examples/octo_small/int8/generated/scalar/model.h
wrote /scratch/dima/rose-infra/RoSE/soc/sw/xpu-rt/zephyr-chipyard-sw/modelblaster/examples/octo_small/int8/generated/scalar/model.c
wrote /scratch/dima/rose-infra/RoSE/soc/sw/xpu-rt/zephyr-chipyard-sw/modelblaster/examples/octo_small/int8/generated/scalar/buffers.c
wrote /scratch/dima/rose-infra/RoSE/soc/sw/xpu-rt/zephyr-chipyard-sw/modelblaster/examples/octo_small/int8/generated/scalar/test_io.h
MODELBLASTER_STAGE_END:generate_skeleton:5.096
[3/5] generate_kernels (backend=reference target=scalar quant=int8 optimize=0) -> /scratch/dima/rose-infra/RoSE/soc/sw/xpu-rt/zephyr-chipyard-sw/modelblaster/examples/octo_small/int8/generated/scalar
MODELBLASTER_STAGE_BEGIN:generate_kernels
backend=reference  target=scalar  ops=['add_c1_s8', 'add_s8', 'add_tile_s8', 'cat2_c1_s8', 'cat3_c1_s8', 'cat4_c1_s8', 'conv2d_s8_pc', 'gelu_s8', 'layer_norm_s8', 'linear_s8_pc', 'matmul_b_s8', 'mul_c1_s8', 'mul_s8', 'permute4_s8', 'relu_s8', 'sigmoid_s8', 'slice_c_s8', 'softmax_s8']
wrote /scratch/dima/rose-infra/RoSE/soc/sw/xpu-rt/zephyr-chipyard-sw/modelblaster/examples/octo_small/int8/generated/scalar/kernels.h
wrote /scratch/dima/rose-infra/RoSE/soc/sw/xpu-rt/zephyr-chipyard-sw/modelblaster/examples/octo_small/int8/generated/scalar/kernels.c  (source=reference target=scalar)
wrote /scratch/dima/rose-infra/RoSE/soc/sw/xpu-rt/zephyr-chipyard-sw/modelblaster/examples/octo_small/int8/generated/scalar/kernel_picks.json
MODELBLASTER_STAGE_END:generate_kernels:0.182
[4/5] west build (board=spike_riscv64) -> /scratch/dima/rose-infra/RoSE/soc/sw/xpu-rt/zephyr-chipyard-sw/modelblaster/examples/octo_small/int8/build/scalar
MODELBLASTER_STAGE_BEGIN:build
-- west build: making build dir /scratch/dima/rose-infra/RoSE/soc/sw/xpu-rt/zephyr-chipyard-sw/modelblaster/examples/octo_small/int8/build/scalar pristine
-- west build: generating a build system
Loading Zephyr default modules (Zephyr base).
-- Application: /scratch/dima/rose-infra/RoSE/soc/sw/xpu-rt/zephyr-chipyard-sw/modelblaster/harness
-- CMake version: 3.28.3
-- Found Python3: /scratch/dima/rose-infra/RoSE/soc/sw/xpu-rt/zephyr-chipyard-sw/tools/miniforge3/envs/zephyr/bin/python3.12 (found suitable version "3.12.13", minimum required is "3.10") found components: Interpreter 
-- Cache files will be written to: /home/dima/.cache/zephyr
-- Zephyr version: 4.2.99 (/scratch/dima/rose-infra/RoSE/soc/sw/xpu-rt/zephyr-chipyard-sw/zephyr_ws/zephyr)
-- Found west (found suitable version "1.5.0", minimum required is "0.14.0")
-- Board: spike_riscv64, qualifiers: rocketchip_virt_riscv64
-- Found host-tools: zephyr 1.0.0 (/scratch/dima/rose-infra/RoSE/soc/sw/xpu-rt/zephyr-chipyard-sw/tools-manual/zephyr-sdk-1.0.0-beta1)
-- Found toolchain: zephyr 1.0.0 (/scratch/dima/rose-infra/RoSE/soc/sw/xpu-rt/zephyr-chipyard-sw/tools-manual/zephyr-sdk-1.0.0-beta1)
-- Found Dtc: /scratch/dima/rose-infra/RoSE/soc/sw/xpu-rt/zephyr-chipyard-sw/tools-manual/zephyr-sdk-1.0.0-beta1/hosttools/sysroots/x86_64-pokysdk-linux/usr/bin/dtc (found suitable version "1.7.0", minimum required is "1.4.6") 
-- Found BOARD.dts: /scratch/dima/rose-infra/RoSE/soc/sw/xpu-rt/zephyr-chipyard-sw/zephyr_ws/zephyr/boards/spike/riscv64/spike_riscv64.dts
node '/uart' compatible 'ucb,htif' has unknown vendor prefix 'ucb'
-- Generated zephyr.dts: /scratch/dima/rose-infra/RoSE/soc/sw/xpu-rt/zephyr-chipyard-sw/modelblaster/examples/octo_small/int8/build/scalar/zephyr/zephyr.dts
-- Generated pickled edt: /scratch/dima/rose-infra/RoSE/soc/sw/xpu-rt/zephyr-chipyard-sw/modelblaster/examples/octo_small/int8/build/scalar/zephyr/edt.pickle
-- Generated devicetree_generated.h: /scratch/dima/rose-infra/RoSE/soc/sw/xpu-rt/zephyr-chipyard-sw/modelblaster/examples/octo_small/int8/build/scalar/zephyr/include/generated/zephyr/devicetree_generated.h

warning: PRIVILEGED_STACK_SIZE (defined at soc/cdns/sample_controller32/Kconfig.defconfig:8,
soc/andestech/ae350/Kconfig.defconfig.ae350:15, arch/x86/Kconfig:495, arch/xtensa/Kconfig:250,
arch/arm64/core/Kconfig:132, arch/Kconfig:340) was assigned the value '2048' but got the value ''.
Check these unsatisfied dependencies: (SOC_XTENSA_SAMPLE_CONTROLLER32 || ((SOC_ANDES_AE350 ||
SOC_ANDES_AE350_CLIC) && SOC_SERIES_ANDES_AE350 && SOC_FAMILY_ANDES_V5) || X86 || (XTENSA_MMU &&
CPU_HAS_MMU && XTENSA) || ARM64 || USERSPACE) (=n). See
http://docs.zephyrproject.org/latest/kconfig.html#CONFIG_PRIVILEGED_STACK_SIZE and/or look up
PRIVILEGED_STACK_SIZE in the menuconfig/guiconfig interface. The Application Development Primer,
Setting Configuration Values, and Kconfig - Tips and Best Practices sections of the manual might be
helpful too.

Parsing /scratch/dima/rose-infra/RoSE/soc/sw/xpu-rt/zephyr-chipyard-sw/modelblaster/harness/Kconfig
Loaded configuration '/scratch/dima/rose-infra/RoSE/soc/sw/xpu-rt/zephyr-chipyard-sw/zephyr_ws/zephyr/boards/spike/riscv64/spike_riscv64_defconfig'
Merged configuration '/scratch/dima/rose-infra/RoSE/soc/sw/xpu-rt/zephyr-chipyard-sw/modelblaster/harness/prj.conf'
Merged configuration '/scratch/dima/rose-infra/RoSE/soc/sw/xpu-rt/zephyr-chipyard-sw/modelblaster/harness/backends/scalar.conf'
Merged configuration '/scratch/dima/rose-infra/RoSE/soc/sw/xpu-rt/zephyr-chipyard-sw/modelblaster/harness/backends/spike_single_core.conf'
Configuration saved to '/scratch/dima/rose-infra/RoSE/soc/sw/xpu-rt/zephyr-chipyard-sw/modelblaster/examples/octo_small/int8/build/scalar/zephyr/.config'
Kconfig header saved to '/scratch/dima/rose-infra/RoSE/soc/sw/xpu-rt/zephyr-chipyard-sw/modelblaster/examples/octo_small/int8/build/scalar/zephyr/include/generated/zephyr/autoconf.h'
-- Found GnuLd: /scratch/dima/rose-infra/RoSE/soc/sw/xpu-rt/zephyr-chipyard-sw/tools-manual/zephyr-sdk-1.0.0-beta1/gnu/riscv64-zephyr-elf/riscv64-zephyr-elf/bin/ld.bfd (found version "2.43.1") 
-- The C compiler identification is GNU 14.3.0
-- The CXX compiler identification is GNU 14.3.0
-- The ASM compiler identification is GNU
-- Found assembler: /scratch/dima/rose-infra/RoSE/soc/sw/xpu-rt/zephyr-chipyard-sw/tools-manual/zephyr-sdk-1.0.0-beta1/gnu/riscv64-zephyr-elf/bin/riscv64-zephyr-elf-gcc
-- Using ccache: /usr/bin/ccache
-- Found gen_kobject_list: /scratch/dima/rose-infra/RoSE/soc/sw/xpu-rt/zephyr-chipyard-sw/zephyr_ws/zephyr/scripts/build/gen_kobject_list.py
-- modelblaster harness MODEL_DIR=/scratch/dima/rose-infra/RoSE/soc/sw/xpu-rt/zephyr-chipyard-sw/modelblaster/examples/octo_small/int8/generated/scalar  backend=scalar
-- Configuring done (3.9s)
-- Generating done (0.0s)
-- Build files have been written to: /scratch/dima/rose-infra/RoSE/soc/sw/xpu-rt/zephyr-chipyard-sw/modelblaster/examples/octo_small/int8/build/scalar
-- west build: building application
[1/127] Preparing syscall dependency handling

[2/127] Generating misc/generated/syscalls_subdirs.trigger
[3/127] Generating misc/generated/syscalls.json, misc/generated/struct_tags.json
[4/127] Generating include/generated/device-api-sections.ld, include/generated/device-api-sections.cmake
[5/127] Generating include/generated/zephyr/syscall_dispatch.c, include/generated/zephyr/syscall_exports_llext.c, syscall_weakdefs_llext.c, include/generated/zephyr/syscall_list.h
[6/127] Generating include/generated/zephyr/driver-validation.h
[7/127] Generating include/generated/zephyr/kobj-types-enum.h, include/generated/zephyr/otype-to-str.h, include/generated/zephyr/otype-to-size.h
[8/127] Building C object zephyr/CMakeFiles/offsets.dir/arch/riscv/core/offsets/offsets.c.obj
[9/127] Generating include/generated/zephyr/offsets.h
[10/127] Generating include/generated/zephyr/version.h
-- Zephyr version: 4.2.99 (/scratch/dima/rose-infra/RoSE/soc/sw/xpu-rt/zephyr-chipyard-sw/zephyr_ws/zephyr), build: ceb2b9c3fcc2
[11/127] Building ASM object CMakeFiles/app.dir/scratch/dima/rose-infra/RoSE/soc/sw/xpu-rt/zephyr-chipyard-sw/modelblaster/examples/octo_small/int8/generated/scalar/test_io.S.obj
[12/127] Building ASM object zephyr/CMakeFiles/zephyr.dir/soc/common/riscv-privileged/vector.S.obj
[13/127] Building C object zephyr/CMakeFiles/zephyr.dir/lib/utils/last_section_id.c.obj
[14/127] Building ASM object zephyr/arch/arch/riscv/core/CMakeFiles/arch__riscv__core.dir/fpu.S.obj
[15/127] Building C object CMakeFiles/app.dir/scratch/dima/rose-infra/RoSE/soc/sw/xpu-rt/zephyr-chipyard-sw/modelblaster/examples/octo_small/int8/generated/scalar/buffers.c.obj
[16/127] Building C object zephyr/CMakeFiles/zephyr.dir/misc/generated/configs.c.obj
[17/127] Building C object zephyr/CMakeFiles/zephyr.dir/soc/rocketchip/virt_riscv/common/tacit/tacit.c.obj
In file included from /scratch/dima/rose-infra/RoSE/soc/sw/xpu-rt/zephyr-chipyard-sw/zephyr_ws/zephyr/soc/rocketchip/virt_riscv/common/tacit/tacit.c:6:
/scratch/dima/rose-infra/RoSE/soc/sw/xpu-rt/zephyr-chipyard-sw/zephyr_ws/zephyr/soc/rocketchip/virt_riscv/common/tacit/tacit.h: In function 'l_trace_encoder_get':
/scratch/dima/rose-infra/RoSE/soc/sw/xpu-rt/zephyr-chipyard-sw/zephyr_ws/zephyr/soc/rocketchip/virt_riscv/common/tacit/tacit.h:50:10: warning: cast to pointer from integer of different size [-Wint-to-pointer-cast]
   50 |   return (LTraceEncoderType *)(L_TRACE_ENCODER_BASE_ADDRESS + hart_id * 0x1000);
      |          ^
/scratch/dima/rose-infra/RoSE/soc/sw/xpu-rt/zephyr-chipyard-sw/zephyr_ws/zephyr/soc/rocketchip/virt_riscv/common/tacit/tacit.h: In function 'l_trace_sink_dma_get':
/scratch/dima/rose-infra/RoSE/soc/sw/xpu-rt/zephyr-chipyard-sw/zephyr_ws/zephyr/soc/rocketchip/virt_riscv/common/tacit/tacit.h:54:10: warning: cast to pointer from integer of different size [-Wint-to-pointer-cast]
   54 |   return (LTraceSinkDmaType *)(L_TRACE_SINK_DMA_BASE_ADDRESS + hart_id * 0x1000);
      |          ^
[18/127] Building ASM object zephyr/arch/arch/riscv/core/CMakeFiles/arch__riscv__core.dir/reset.S.obj
[19/127] Building ASM object zephyr/CMakeFiles/zephyr.dir/soc/common/riscv-privileged/soc_irq.S.obj
[20/127] Generating linker_zephyr_pre0.cmd
[21/127] Building ASM object zephyr/arch/arch/riscv/core/CMakeFiles/arch__riscv__core.dir/isr.S.obj
[22/127] Building C object zephyr/CMakeFiles/zephyr.dir/lib/utils/dec.c.obj
[23/127] Building C object zephyr/CMakeFiles/zephyr.dir/lib/utils/bitmask.c.obj
[24/127] Building C object zephyr/arch/arch/riscv/core/CMakeFiles/arch__riscv__core.dir/prep_c.c.obj
[25/127] Building C object zephyr/arch/common/CMakeFiles/isr_tables.dir/isr_tables.c.obj
[26/127] Building C object zephyr/arch/common/CMakeFiles/arch__common.dir/init.c.obj
[27/127] Building C object zephyr/arch/common/CMakeFiles/arch__common.dir/sw_isr_common.c.obj
[28/127] Building C object zephyr/CMakeFiles/zephyr.dir/lib/utils/hex.c.obj
[29/127] Building C object zephyr/CMakeFiles/zephyr.dir/lib/libc/validate_libc.c.obj
[30/127] Building C object zephyr/CMakeFiles/zephyr.dir/lib/os/reboot.c.obj
[31/127] Building C object zephyr/CMakeFiles/zephyr_pre0.dir/misc/empty_file.c.obj
[32/127] Building C object zephyr/CMakeFiles/zephyr.dir/lib/os/assert.c.obj
[33/127] Building ASM object zephyr/arch/arch/riscv/core/CMakeFiles/arch__riscv__core.dir/switch.S.obj
[34/127] Building C object zephyr/CMakeFiles/zephyr.dir/lib/os/sem.c.obj
[35/127] Building C object zephyr/CMakeFiles/zephyr.dir/soc/rocketchip/virt_riscv/common/soc.c.obj
[36/127] Building C object zephyr/CMakeFiles/zephyr.dir/subsys/tracing/tracing_none.c.obj
[37/127] Building C object zephyr/arch/arch/riscv/core/CMakeFiles/arch__riscv__core.dir/reboot.c.obj
[38/127] Building C object zephyr/arch/common/CMakeFiles/arch__common.dir/multilevel_irq.c.obj
[39/127] Building C object zephyr/CMakeFiles/zephyr.dir/soc/common/riscv-privileged/soc_common_irq.c.obj
[40/127] Linking C static library zephyr/arch/common/libisr_tables.a
[41/127] Building C object zephyr/CMakeFiles/zephyr.dir/lib/utils/ring_buffer.c.obj
[42/127] Building C object zephyr/arch/arch/riscv/core/CMakeFiles/arch__riscv__core.dir/irq_manage.c.obj
[43/127] Building C object zephyr/CMakeFiles/zephyr.dir/lib/os/printk.c.obj
[44/127] Building C object zephyr/arch/arch/riscv/core/CMakeFiles/arch__riscv__core.dir/thread.c.obj
[45/127] Building C object zephyr/CMakeFiles/zephyr.dir/lib/utils/timeutil.c.obj
[46/127] Building C object CMakeFiles/app.dir/src/main.c.obj
[47/127] Building C object zephyr/arch/arch/riscv/core/CMakeFiles/arch__riscv__core.dir/cpu_idle.c.obj
[48/127] Building C object zephyr/lib/libc/picolibc/CMakeFiles/lib__libc__picolibc.dir/assert.c.obj
[49/127] Building C object zephyr/arch/arch/riscv/core/CMakeFiles/arch__riscv__core.dir/fatal.c.obj
[50/127] Building C object zephyr/lib/libc/picolibc/CMakeFiles/lib__libc__picolibc.dir/errno_wrap.c.obj
[51/127] Building C object zephyr/arch/arch/riscv/core/CMakeFiles/arch__riscv__core.dir/tls.c.obj
[52/127] Building C object zephyr/lib/libc/common/CMakeFiles/lib__libc__common.dir/source/time/time.c.obj
[53/127] Building C object zephyr/arch/arch/riscv/core/CMakeFiles/arch__riscv__core.dir/fpu.c.obj
[54/127] Linking C static library zephyr/arch/common/libarch__common.a
[55/127] Building C object zephyr/kernel/CMakeFiles/kernel.dir/version.c.obj
[56/127] Building C object zephyr/lib/libc/picolibc/CMakeFiles/lib__libc__picolibc.dir/exit.c.obj
[57/127] Building C object zephyr/lib/posix/c_lib_ext/CMakeFiles/lib__posix__c_lib_ext.dir/fnmatch.c.obj
[58/127] Building C object zephyr/lib/libc/picolibc/CMakeFiles/lib__libc__picolibc.dir/chk_fail.c.obj
[59/127] Building C object zephyr/CMakeFiles/zephyr.dir/lib/os/thread_entry.c.obj
[60/127] Building C object zephyr/lib/libc/picolibc/CMakeFiles/lib__libc__picolibc.dir/stdio.c.obj
[61/127] Building C object zephyr/CMakeFiles/zephyr.dir/lib/os/clock.c.obj
[62/127] Building C object zephyr/lib/posix/c_lib_ext/CMakeFiles/lib__posix__c_lib_ext.dir/getopt/getopt_common.c.obj
[63/127] Building C object zephyr/lib/libc/common/CMakeFiles/lib__libc__common.dir/source/stdlib/malloc.c.obj
[64/127] Building C object zephyr/kernel/CMakeFiles/kernel.dir/errno.c.obj
[65/127] Building C object zephyr/arch/arch/riscv/core/CMakeFiles/arch__riscv__core.dir/stacktrace.c.obj
[66/127] Building C object zephyr/kernel/CMakeFiles/kernel.dir/banner.c.obj
[67/127] Building C object zephyr/lib/posix/c_lib_ext/CMakeFiles/lib__posix__c_lib_ext.dir/getentropy.c.obj
In file included from /scratch/dima/rose-infra/RoSE/soc/sw/xpu-rt/zephyr-chipyard-sw/zephyr_ws/zephyr/include/zephyr/posix/sys/sysconf.h:11,
                 from /scratch/dima/rose-infra/RoSE/soc/sw/xpu-rt/zephyr-chipyard-sw/zephyr_ws/zephyr/include/zephyr/posix/unistd.h:18,
                 from /scratch/dima/rose-infra/RoSE/soc/sw/xpu-rt/zephyr-chipyard-sw/zephyr_ws/zephyr/lib/posix/c_lib_ext/getentropy.c:11:
/scratch/dima/rose-infra/RoSE/soc/sw/xpu-rt/zephyr-chipyard-sw/zephyr_ws/zephyr/include/zephyr/posix/posix_limits.h:23:9: warning: "_POSIX_AIO_LISTIO_MAX" redefined
   23 | #define _POSIX_AIO_LISTIO_MAX               (2)
      |         ^~~~~~~~~~~~~~~~~~~~~
In file included from /scratch/dima/rose-infra/RoSE/soc/sw/xpu-rt/zephyr-chipyard-sw/tools-manual/zephyr-sdk-1.0.0-beta1/gnu/riscv64-zephyr-elf/riscv64-zephyr-elf/sys-include/limits.h:6,
                 from /scratch/dima/rose-infra/RoSE/soc/sw/xpu-rt/zephyr-chipyard-sw/tools-manual/zephyr-sdk-1.0.0-beta1/gnu/riscv64-zephyr-elf/lib/gcc/riscv64-zephyr-elf/14.3.0/include/limits.h:210,
                 from /scratch/dima/rose-infra/RoSE/soc/sw/xpu-rt/zephyr-chipyard-sw/tools-manual/zephyr-sdk-1.0.0-beta1/gnu/riscv64-zephyr-elf/lib/gcc/riscv64-zephyr-elf/14.3.0/include/syslimits.h:7,
                 from /scratch/dima/rose-infra/RoSE/soc/sw/xpu-rt/zephyr-chipyard-sw/tools-manual/zephyr-sdk-1.0.0-beta1/gnu/riscv64-zephyr-elf/lib/gcc/riscv64-zephyr-elf/14.3.0/include/limits.h:34,
                 from /scratch/dima/rose-infra/RoSE/soc/sw/xpu-rt/zephyr-chipyard-sw/zephyr_ws/zephyr/include/zephyr/kernel_includes.h:22,
                 from /scratch/dima/rose-infra/RoSE/soc/sw/xpu-rt/zephyr-chipyard-sw/zephyr_ws/zephyr/include/zephyr/kernel.h:17,
                 from /scratch/dima/rose-infra/RoSE/soc/sw/xpu-rt/zephyr-chipyard-sw/zephyr_ws/zephyr/lib/posix/c_lib_ext/getentropy.c:10:
/scratch/dima/rose-infra/RoSE/soc/sw/xpu-rt/zephyr-chipyard-sw/tools-manual/zephyr-sdk-1.0.0-beta1/gnu/riscv64-zephyr-elf/riscv64-zephyr-elf/sys-include/sys/syslimits.h:63:9: note: this is the location of the previous definition
   63 | #define _POSIX_AIO_LISTIO_MAX   2
      |         ^~~~~~~~~~~~~~~~~~~~~
/scratch/dima/rose-infra/RoSE/soc/sw/xpu-rt/zephyr-chipyard-sw/zephyr_ws/zephyr/include/zephyr/posix/posix_limits.h:24:9: warning: "_POSIX_AIO_MAX" redefined
   24 | #define _POSIX_AIO_MAX                      (1)
      |         ^~~~~~~~~~~~~~
/scratch/dima/rose-infra/RoSE/soc/sw/xpu-rt/zephyr-chipyard-sw/tools-manual/zephyr-sdk-1.0.0-beta1/gnu/riscv64-zephyr-elf/riscv64-zephyr-elf/sys-include/sys/syslimits.h:64:9: note: this is the location of the previous definition
   64 | #define _POSIX_AIO_MAX          1
      |         ^~~~~~~~~~~~~~
/scratch/dima/rose-infra/RoSE/soc/sw/xpu-rt/zephyr-chipyard-sw/zephyr_ws/zephyr/include/zephyr/posix/posix_limits.h:25:9: warning: "_POSIX_ARG_MAX" redefined
   25 | #define _POSIX_ARG_MAX                      (4096)
      |         ^~~~~~~~~~~~~~
/scratch/dima/rose-infra/RoSE/soc/sw/xpu-rt/zephyr-chipyard-sw/tools-manual/zephyr-sdk-1.0.0-beta1/gnu/riscv64-zephyr-elf/riscv64-zephyr-elf/sys-include/sys/syslimits.h:65:9: note: this is the location of the previous definition
   65 | #define _POSIX_ARG_MAX          4096
      |         ^~~~~~~~~~~~~~
/scratch/dima/rose-infra/RoSE/soc/sw/xpu-rt/zephyr-chipyard-sw/zephyr_ws/zephyr/include/zephyr/posix/posix_limits.h:26:9: warning: "_POSIX_CHILD_MAX" redefined
   26 | #define _POSIX_CHILD_MAX                    (25)
      |         ^~~~~~~~~~~~~~~~
/scratch/dima/rose-infra/RoSE/soc/sw/xpu-rt/zephyr-chipyard-sw/tools-manual/zephyr-sdk-1.0.0-beta1/gnu/riscv64-zephyr-elf/riscv64-zephyr-elf/sys-include/sys/syslimits.h:66:9: note: this is the location of the previous definition
   66 | #define _POSIX_CHILD_MAX        6
      |         ^~~~~~~~~~~~~~~~
/scratch/dima/rose-infra/RoSE/soc/sw/xpu-rt/zephyr-chipyard-sw/zephyr_ws/zephyr/include/zephyr/posix/posix_limits.h:27:9: warning: "_POSIX_DELAYTIMER_MAX" redefined
   27 | #define _POSIX_DELAYTIMER_MAX               (32)
      |         ^~~~~~~~~~~~~~~~~~~~~
/scratch/dima/rose-infra/RoSE/soc/sw/xpu-rt/zephyr-chipyard-sw/tools-manual/zephyr-sdk-1.0.0-beta1/gnu/riscv64-zephyr-elf/riscv64-zephyr-elf/sys-include/sys/syslimits.h:67:9: note: this is the location of the previous definition
   67 | #define _POSIX_DELAYTIMER_MAX   32
      |         ^~~~~~~~~~~~~~~~~~~~~
/scratch/dima/rose-infra/RoSE/soc/sw/xpu-rt/zephyr-chipyard-sw/zephyr_ws/zephyr/include/zephyr/posix/posix_limits.h:28:9: warning: "_POSIX_HOST_NAME_MAX" redefined
   28 | #define _POSIX_HOST_NAME_MAX                (255)
      |         ^~~~~~~~~~~~~~~~~~~~
/scratch/dima/rose-infra/RoSE/soc/sw/xpu-rt/zephyr-chipyard-sw/tools-manual/zephyr-sdk-1.0.0-beta1/gnu/riscv64-zephyr-elf/riscv64-zephyr-elf/sys-include/sys/syslimits.h:68:9: note: this is the location of the previous definition
   68 | #define _POSIX_HOST_NAME_MAX    255
      |         ^~~~~~~~~~~~~~~~~~~~
/scratch/dima/rose-infra/RoSE/soc/sw/xpu-rt/zephyr-chipyard-sw/zephyr_ws/zephyr/include/zephyr/posix/posix_limits.h:29:9: warning: "_POSIX_LINK_MAX" redefined
   29 | #define _POSIX_LINK_MAX                     (8)
      |         ^~~~~~~~~~~~~~~
/scratch/dima/rose-infra/RoSE/soc/sw/xpu-rt/zephyr-chipyard-sw/tools-manual/zephyr-sdk-1.0.0-beta1/gnu/riscv64-zephyr-elf/riscv64-zephyr-elf/sys-include/sys/syslimits.h:69:9: note: this is the location of the previous definition
   69 | #define _POSIX_LINK_MAX         8
      |         ^~~~~~~~~~~~~~~
/scratch/dima/rose-infra/RoSE/soc/sw/xpu-rt/zephyr-chipyard-sw/zephyr_ws/zephyr/include/zephyr/posix/posix_limits.h:30:9: warning: "_POSIX_LOGIN_NAME_MAX" redefined
   30 | #define _POSIX_LOGIN_NAME_MAX               (9)
      |         ^~~~~~~~~~~~~~~~~~~~~
/scratch/dima/rose-infra/RoSE/soc/sw/xpu-rt/zephyr-chipyard-sw/tools-manual/zephyr-sdk-1.0.0-beta1/gnu/riscv64-zephyr-elf/riscv64-zephyr-elf/sys-include/sys/syslimits.h:70:9: note: this is the location of the previous definition
   70 | #define _POSIX_LOGIN_NAME_MAX   9
      |         ^~~~~~~~~~~~~~~~~~~~~
/scratch/dima/rose-infra/RoSE/soc/sw/xpu-rt/zephyr-chipyard-sw/zephyr_ws/zephyr/include/zephyr/posix/posix_limits.h:31:9: warning: "_POSIX_MAX_CANON" redefined
   31 | #define _POSIX_MAX_CANON                    (255)
      |         ^~~~~~~~~~~~~~~~
/scratch/dima/rose-infra/RoSE/soc/sw/xpu-rt/zephyr-chipyard-sw/tools-manual/zephyr-sdk-1.0.0-beta1/gnu/riscv64-zephyr-elf/riscv64-zephyr-elf/sys-include/sys/syslimits.h:71:9: note: this is the location of the previous definition
   71 | #define _POSIX_MAX_CANON        255
      |         ^~~~~~~~~~~~~~~~
/scratch/dima/rose-infra/RoSE/soc/sw/xpu-rt/zephyr-chipyard-sw/zephyr_ws/zephyr/include/zephyr/posix/posix_limits.h:32:9: warning: "_POSIX_MAX_INPUT" redefined
   32 | #define _POSIX_MAX_INPUT                    (255)
      |         ^~~~~~~~~~~~~~~~
/scratch/dima/rose-infra/RoSE/soc/sw/xpu-rt/zephyr-chipyard-sw/tools-manual/zephyr-sdk-1.0.0-beta1/gnu/riscv64-zephyr-elf/riscv64-zephyr-elf/sys-include/sys/syslimits.h:72:9: note: this is the location of the previous definition
   72 | #define _POSIX_MAX_INPUT        255
      |         ^~~~~~~~~~~~~~~~
/scratch/dima/rose-infra/RoSE/soc/sw/xpu-rt/zephyr-chipyard-sw/zephyr_ws/zephyr/include/zephyr/posix/posix_limits.h:33:9: warning: "_POSIX_MQ_OPEN_MAX" redefined
   33 | #define _POSIX_MQ_OPEN_MAX                  (8)
      |         ^~~~~~~~~~~~~~~~~~
/scratch/dima/rose-infra/RoSE/soc/sw/xpu-rt/zephyr-chipyard-sw/tools-manual/zephyr-sdk-1.0.0-beta1/gnu/riscv64-zephyr-elf/riscv64-zephyr-elf/sys-include/sys/syslimits.h:73:9: note: this is the location of the previous definition
   73 | #define _POSIX_MQ_OPEN_MAX      8
      |         ^~~~~~~~~~~~~~~~~~
/scratch/dima/rose-infra/RoSE/soc/sw/xpu-rt/zephyr-chipyard-sw/zephyr_ws/zephyr/include/zephyr/posix/posix_limits.h:34:9: warning: "_POSIX_MQ_PRIO_MAX" redefined
   34 | #define _POSIX_MQ_PRIO_MAX                  (32)
      |         ^~~~~~~~~~~~~~~~~~
/scratch/dima/rose-infra/RoSE/soc/sw/xpu-rt/zephyr-chipyard-sw/tools-manual/zephyr-sdk-1.0.0-beta1/gnu/riscv64-zephyr-elf/riscv64-zephyr-elf/sys-include/sys/syslimits.h:74:9: note: this is the location of the previous definition
   74 | #define _POSIX_MQ_PRIO_MAX      32
      |         ^~~~~~~~~~~~~~~~~~
/scratch/dima/rose-infra/RoSE/soc/sw/xpu-rt/zephyr-chipyard-sw/zephyr_ws/zephyr/include/zephyr/posix/posix_limits.h:35:9: warning: "_POSIX_NAME_MAX" redefined
   35 | #define _POSIX_NAME_MAX                     (14)
      |         ^~~~~~~~~~~~~~~
/scratch/dima/rose-infra/RoSE/soc/sw/xpu-rt/zephyr-chipyard-sw/tools-manual/zephyr-sdk-1.0.0-beta1/gnu/riscv64-zephyr-elf/riscv64-zephyr-elf/sys-include/sys/syslimits.h:75:9: note: this is the location of the previous definition
   75 | #define _POSIX_NAME_MAX         14
      |         ^~~~~~~~~~~~~~~
/scratch/dima/rose-infra/RoSE/soc/sw/xpu-rt/zephyr-chipyard-sw/zephyr_ws/zephyr/include/zephyr/posix/posix_limits.h:36:9: warning: "_POSIX_NGROUPS_MAX" redefined
   36 | #define _POSIX_NGROUPS_MAX                  (8)
      |         ^~~~~~~~~~~~~~~~~~
/scratch/dima/rose-infra/RoSE/soc/sw/xpu-rt/zephyr-chipyard-sw/tools-manual/zephyr-sdk-1.0.0-beta1/gnu/riscv64-zephyr-elf/riscv64-zephyr-elf/sys-include/sys/syslimits.h:76:9: note: this is the location of the previous definition
   76 | #define _POSIX_NGROUPS_MAX      0
      |         ^~~~~~~~~~~~~~~~~~
/scratch/dima/rose-infra/RoSE/soc/sw/xpu-rt/zephyr-chipyard-sw/zephyr_ws/zephyr/include/zephyr/posix/posix_limits.h:37:9: warning: "_POSIX_OPEN_MAX" redefined
   37 | #define _POSIX_OPEN_MAX                     (20)
      |         ^~~~~~~~~~~~~~~
/scratch/dima/rose-infra/RoSE/soc/sw/xpu-rt/zephyr-chipyard-sw/tools-manual/zephyr-sdk-1.0.0-beta1/gnu/riscv64-zephyr-elf/riscv64-zephyr-elf/sys-include/sys/syslimits.h:77:9: note: this is the location of the previous definition
   77 | #define _POSIX_OPEN_MAX         16
      |         ^~~~~~~~~~~~~~~
/scratch/dima/rose-infra/RoSE/soc/sw/xpu-rt/zephyr-chipyard-sw/zephyr_ws/zephyr/include/zephyr/posix/posix_limits.h:38:9: warning: "_POSIX_PATH_MAX" redefined
   38 | #define _POSIX_PATH_MAX                     (256)
      |         ^~~~~~~~~~~~~~~
/scratch/dima/rose-infra/RoSE/soc/sw/xpu-rt/zephyr-chipyard-sw/tools-manual/zephyr-sdk-1.0.0-beta1/gnu/riscv64-zephyr-elf/riscv64-zephyr-elf/sys-include/sys/syslimits.h:78:9: note: this is the location of the previous definition
   78 | #define _POSIX_PATH_MAX         255
      |         ^~~~~~~~~~~~~~~
/scratch/dima/rose-infra/RoSE/soc/sw/xpu-rt/zephyr-chipyard-sw/zephyr_ws/zephyr/include/zephyr/posix/posix_limits.h:39:9: warning: "_POSIX_PIPE_BUF" redefined
   39 | #define _POSIX_PIPE_BUF                     (512)
      |         ^~~~~~~~~~~~~~~
/scratch/dima/rose-infra/RoSE/soc/sw/xpu-rt/zephyr-chipyard-sw/tools-manual/zephyr-sdk-1.0.0-beta1/gnu/riscv64-zephyr-elf/riscv64-zephyr-elf/sys-include/sys/syslimits.h:79:9: note: this is the location of the previous definition
   79 | #define _POSIX_PIPE_BUF         512
      |         ^~~~~~~~~~~~~~~
/scratch/dima/rose-infra/RoSE/soc/sw/xpu-rt/zephyr-chipyard-sw/zephyr_ws/zephyr/include/zephyr/posix/posix_limits.h:40:9: warning: "_POSIX_RE_DUP_MAX" redefined
   40 | #define _POSIX_RE_DUP_MAX                   (255)
      |         ^~~~~~~~~~~~~~~~~
/scratch/dima/rose-infra/RoSE/soc/sw/xpu-rt/zephyr-chipyard-sw/tools-manual/zephyr-sdk-1.0.0-beta1/gnu/riscv64-zephyr-elf/riscv64-zephyr-elf/sys-include/sys/syslimits.h:80:9: note: this is the location of the previous definition
   80 | #define _POSIX_RE_DUP_MAX       255
      |         ^~~~~~~~~~~~~~~~~
/scratch/dima/rose-infra/RoSE/soc/sw/xpu-rt/zephyr-chipyard-sw/zephyr_ws/zephyr/include/zephyr/posix/posix_limits.h:41:9: warning: "_POSIX_RTSIG_MAX" redefined
   41 | #define _POSIX_RTSIG_MAX                    (8)
      |         ^~~~~~~~~~~~~~~~
/scratch/dima/rose-infra/RoSE/soc/sw/xpu-rt/zephyr-chipyard-sw/tools-manual/zephyr-sdk-1.0.0-beta1/gnu/riscv64-zephyr-elf/riscv64-zephyr-elf/sys-include/sys/syslimits.h:81:9: note: this is the location of the previous definition
   81 | #define _POSIX_RTSIG_MAX        8
      |         ^~~~~~~~~~~~~~~~
/scratch/dima/rose-infra/RoSE/soc/sw/xpu-rt/zephyr-chipyard-sw/zephyr_ws/zephyr/include/zephyr/posix/posix_limits.h:42:9: warning: "_POSIX_SEM_NSEMS_MAX" redefined
   42 | #define _POSIX_SEM_NSEMS_MAX                (256)
      |         ^~~~~~~~~~~~~~~~~~~~
/scratch/dima/rose-infra/RoSE/soc/sw/xpu-rt/zephyr-chipyard-sw/tools-manual/zephyr-sdk-1.0.0-beta1/gnu/riscv64-zephyr-elf/riscv64-zephyr-elf/sys-include/sys/syslimits.h:82:9: note: this is the location of the previous definition
   82 | #define _POSIX_SEM_NSEMS_MAX    256
      |         ^~~~~~~~~~~~~~~~~~~~
/scratch/dima/rose-infra/RoSE/soc/sw/xpu-rt/zephyr-chipyard-sw/zephyr_ws/zephyr/include/zephyr/posix/posix_limits.h:43:9: warning: "_POSIX_SEM_VALUE_MAX" redefined
   43 | #define _POSIX_SEM_VALUE_MAX                (32767)
      |         ^~~~~~~~~~~~~~~~~~~~
/scratch/dima/rose-infra/RoSE/soc/sw/xpu-rt/zephyr-chipyard-sw/tools-manual/zephyr-sdk-1.0.0-beta1/gnu/riscv64-zephyr-elf/riscv64-zephyr-elf/sys-include/sys/syslimits.h:83:9: note: this is the location of the previous definition
   83 | #define _POSIX_SEM_VALUE_MAX    32767
      |         ^~~~~~~~~~~~~~~~~~~~
/scratch/dima/rose-infra/RoSE/soc/sw/xpu-rt/zephyr-chipyard-sw/zephyr_ws/zephyr/include/zephyr/posix/posix_limits.h:44:9: warning: "_POSIX_SIGQUEUE_MAX" redefined
   44 | #define _POSIX_SIGQUEUE_MAX                 (32)
      |         ^~~~~~~~~~~~~~~~~~~
/scratch/dima/rose-infra/RoSE/soc/sw/xpu-rt/zephyr-chipyard-sw/tools-manual/zephyr-sdk-1.0.0-beta1/gnu/riscv64-zephyr-elf/riscv64-zephyr-elf/sys-include/sys/syslimits.h:84:9: note: this is the location of the previous definition
   84 | #define _POSIX_SIGQUEUE_MAX     32
      |         ^~~~~~~~~~~~~~~~~~~
/scratch/dima/rose-infra/RoSE/soc/sw/xpu-rt/zephyr-chipyard-sw/zephyr_ws/zephyr/include/zephyr/posix/posix_limits.h:45:9: warning: "_POSIX_SSIZE_MAX" redefined
   45 | #define _POSIX_SSIZE_MAX                    (32767)
      |         ^~~~~~~~~~~~~~~~
/scratch/dima/rose-infra/RoSE/soc/sw/xpu-rt/zephyr-chipyard-sw/tools-manual/zephyr-sdk-1.0.0-beta1/gnu/riscv64-zephyr-elf/riscv64-zephyr-elf/sys-include/sys/syslimits.h:85:9: note: this is the location of the previous definition
   85 | #define _POSIX_SSIZE_MAX        32767
      |         ^~~~~~~~~~~~~~~~
/scratch/dima/rose-infra/RoSE/soc/sw/xpu-rt/zephyr-chipyard-sw/zephyr_ws/zephyr/include/zephyr/posix/posix_limits.h:46:9: warning: "_POSIX_SS_REPL_MAX" redefined
   46 | #define _POSIX_SS_REPL_MAX                  (4)
      |         ^~~~~~~~~~~~~~~~~~
/scratch/dima/rose-infra/RoSE/soc/sw/xpu-rt/zephyr-chipyard-sw/tools-manual/zephyr-sdk-1.0.0-beta1/gnu/riscv64-zephyr-elf/riscv64-zephyr-elf/sys-include/sys/syslimits.h:86:9: note: this is the location of the previous definition
   86 | #define _POSIX_SS_REPL_MAX      4
      |         ^~~~~~~~~~~~~~~~~~
/scratch/dima/rose-infra/RoSE/soc/sw/xpu-rt/zephyr-chipyard-sw/zephyr_ws/zephyr/include/zephyr/posix/posix_limits.h:47:9: warning: "_POSIX_STREAM_MAX" redefined
   47 | #define _POSIX_STREAM_MAX                   (8)
      |         ^~~~~~~~~~~~~~~~~
/scratch/dima/rose-infra/RoSE/soc/sw/xpu-rt/zephyr-chipyard-sw/tools-manual/zephyr-sdk-1.0.0-beta1/gnu/riscv64-zephyr-elf/riscv64-zephyr-elf/sys-include/sys/syslimits.h:87:9: note: this is the location of the previous definition
   87 | #define _POSIX_STREAM_MAX       8
      |         ^~~~~~~~~~~~~~~~~
/scratch/dima/rose-infra/RoSE/soc/sw/xpu-rt/zephyr-chipyard-sw/zephyr_ws/zephyr/include/zephyr/posix/posix_limits.h:48:9: warning: "_POSIX_SYMLINK_MAX" redefined
   48 | #define _POSIX_SYMLINK_MAX                  (255)
      |         ^~~~~~~~~~~~~~~~~~
/scratch/dima/rose-infra/RoSE/soc/sw/xpu-rt/zephyr-chipyard-sw/tools-manual/zephyr-sdk-1.0.0-beta1/gnu/riscv64-zephyr-elf/riscv64-zephyr-elf/sys-include/sys/syslimits.h:88:9: note: this is the location of the previous definition
   88 | #define _POSIX_SYMLINK_MAX      255
      |         ^~~~~~~~~~~~~~~~~~
/scratch/dima/rose-infra/RoSE/soc/sw/xpu-rt/zephyr-chipyard-sw/zephyr_ws/zephyr/include/zephyr/posix/posix_limits.h:49:9: warning: "_POSIX_SYMLOOP_MAX" redefined
   49 | #define _POSIX_SYMLOOP_MAX                  (8)
      |         ^~~~~~~~~~~~~~~~~~
/scratch/dima/rose-infra/RoSE/soc/sw/xpu-rt/zephyr-chipyard-sw/tools-manual/zephyr-sdk-1.0.0-beta1/gnu/riscv64-zephyr-elf/riscv64-zephyr-elf/sys-include/sys/syslimits.h:89:9: note: this is the location of the previous definition
   89 | #define _POSIX_SYMLOOP_MAX      8
      |         ^~~~~~~~~~~~~~~~~~
/scratch/dima/rose-infra/RoSE/soc/sw/xpu-rt/zephyr-chipyard-sw/zephyr_ws/zephyr/include/zephyr/posix/posix_limits.h:50:9: warning: "_POSIX_THREAD_DESTRUCTOR_ITERATIONS" redefined
   50 | #define _POSIX_THREAD_DESTRUCTOR_ITERATIONS (4)
      |         ^~~~~~~~~~~~~~~~~~~~~~~~~~~~~~~~~~~
/scratch/dima/rose-infra/RoSE/soc/sw/xpu-rt/zephyr-chipyard-sw/tools-manual/zephyr-sdk-1.0.0-beta1/gnu/riscv64-zephyr-elf/riscv64-zephyr-elf/sys-include/sys/syslimits.h:90:9: note: this is the location of the previous definition
   90 | #define _POSIX_THREAD_DESTRUCTOR_ITERATIONS     4
      |         ^~~~~~~~~~~~~~~~~~~~~~~~~~~~~~~~~~~
/scratch/dima/rose-infra/RoSE/soc/sw/xpu-rt/zephyr-chipyard-sw/zephyr_ws/zephyr/include/zephyr/posix/posix_limits.h:51:9: warning: "_POSIX_THREAD_KEYS_MAX" redefined
   51 | #define _POSIX_THREAD_KEYS_MAX              (128)
      |         ^~~~~~~~~~~~~~~~~~~~~~
/scratch/dima/rose-infra/RoSE/soc/sw/xpu-rt/zephyr-chipyard-sw/tools-manual/zephyr-sdk-1.0.0-beta1/gnu/riscv64-zephyr-elf/riscv64-zephyr-elf/sys-include/sys/syslimits.h:91:9: note: this is the location of the previous definition
   91 | #define _POSIX_THREAD_KEYS_MAX  128
      |         ^~~~~~~~~~~~~~~~~~~~~~
/scratch/dima/rose-infra/RoSE/soc/sw/xpu-rt/zephyr-chipyard-sw/zephyr_ws/zephyr/include/zephyr/posix/posix_limits.h:52:9: warning: "_POSIX_THREAD_THREADS_MAX" redefined
   52 | #define _POSIX_THREAD_THREADS_MAX           (64)
      |         ^~~~~~~~~~~~~~~~~~~~~~~~~
/scratch/dima/rose-infra/RoSE/soc/sw/xpu-rt/zephyr-chipyard-sw/tools-manual/zephyr-sdk-1.0.0-beta1/gnu/riscv64-zephyr-elf/riscv64-zephyr-elf/sys-include/sys/syslimits.h:92:9: note: this is the location of the previous definition
   92 | #define _POSIX_THREAD_THREADS_MAX       64
      |         ^~~~~~~~~~~~~~~~~~~~~~~~~
/scratch/dima/rose-infra/RoSE/soc/sw/xpu-rt/zephyr-chipyard-sw/zephyr_ws/zephyr/include/zephyr/posix/posix_limits.h:53:9: warning: "_POSIX_TIMER_MAX" redefined
   53 | #define _POSIX_TIMER_MAX                    (32)
      |         ^~~~~~~~~~~~~~~~
/scratch/dima/rose-infra/RoSE/soc/sw/xpu-rt/zephyr-chipyard-sw/tools-manual/zephyr-sdk-1.0.0-beta1/gnu/riscv64-zephyr-elf/riscv64-zephyr-elf/sys-include/sys/syslimits.h:93:9: note: this is the location of the previous definition
   93 | #define _POSIX_TIMER_MAX        32
      |         ^~~~~~~~~~~~~~~~
/scratch/dima/rose-infra/RoSE/soc/sw/xpu-rt/zephyr-chipyard-sw/zephyr_ws/zephyr/include/zephyr/posix/posix_limits.h:54:9: warning: "_POSIX_TRACE_EVENT_NAME_MAX" redefined
   54 | #define _POSIX_TRACE_EVENT_NAME_MAX         (30)
      |         ^~~~~~~~~~~~~~~~~~~~~~~~~~~
/scratch/dima/rose-infra/RoSE/soc/sw/xpu-rt/zephyr-chipyard-sw/tools-manual/zephyr-sdk-1.0.0-beta1/gnu/riscv64-zephyr-elf/riscv64-zephyr-elf/sys-include/sys/syslimits.h:94:9: note: this is the location of the previous definition
   94 | #define _POSIX_TRACE_EVENT_NAME_MAX     30
      |         ^~~~~~~~~~~~~~~~~~~~~~~~~~~
/scratch/dima/rose-infra/RoSE/soc/sw/xpu-rt/zephyr-chipyard-sw/zephyr_ws/zephyr/include/zephyr/posix/posix_limits.h:55:9: warning: "_POSIX_TRACE_NAME_MAX" redefined
   55 | #define _POSIX_TRACE_NAME_MAX               (8)
      |         ^~~~~~~~~~~~~~~~~~~~~
/scratch/dima/rose-infra/RoSE/soc/sw/xpu-rt/zephyr-chipyard-sw/tools-manual/zephyr-sdk-1.0.0-beta1/gnu/riscv64-zephyr-elf/riscv64-zephyr-elf/sys-include/sys/syslimits.h:95:9: note: this is the location of the previous definition
   95 | #define _POSIX_TRACE_NAME_MAX   8
      |         ^~~~~~~~~~~~~~~~~~~~~
/scratch/dima/rose-infra/RoSE/soc/sw/xpu-rt/zephyr-chipyard-sw/zephyr_ws/zephyr/include/zephyr/posix/posix_limits.h:56:9: warning: "_POSIX_TRACE_SYS_MAX" redefined
   56 | #define _POSIX_TRACE_SYS_MAX                (8)
      |         ^~~~~~~~~~~~~~~~~~~~
/scratch/dima/rose-infra/RoSE/soc/sw/xpu-rt/zephyr-chipyard-sw/tools-manual/zephyr-sdk-1.0.0-beta1/gnu/riscv64-zephyr-elf/riscv64-zephyr-elf/sys-include/sys/syslimits.h:96:9: note: this is the location of the previous definition
   96 | #define _POSIX_TRACE_SYS_MAX    8
      |         ^~~~~~~~~~~~~~~~~~~~
/scratch/dima/rose-infra/RoSE/soc/sw/xpu-rt/zephyr-chipyard-sw/zephyr_ws/zephyr/include/zephyr/posix/posix_limits.h:57:9: warning: "_POSIX_TRACE_USER_EVENT_MAX" redefined
   57 | #define _POSIX_TRACE_USER_EVENT_MAX         (32)
      |         ^~~~~~~~~~~~~~~~~~~~~~~~~~~
/scratch/dima/rose-infra/RoSE/soc/sw/xpu-rt/zephyr-chipyard-sw/tools-manual/zephyr-sdk-1.0.0-beta1/gnu/riscv64-zephyr-elf/riscv64-zephyr-elf/sys-include/sys/syslimits.h:97:9: note: this is the location of the previous definition
   97 | #define _POSIX_TRACE_USER_EVENT_MAX     32
      |         ^~~~~~~~~~~~~~~~~~~~~~~~~~~
/scratch/dima/rose-infra/RoSE/soc/sw/xpu-rt/zephyr-chipyard-sw/zephyr_ws/zephyr/include/zephyr/posix/posix_limits.h:58:9: warning: "_POSIX_TTY_NAME_MAX" redefined
   58 | #define _POSIX_TTY_NAME_MAX                 (9)
      |         ^~~~~~~~~~~~~~~~~~~
/scratch/dima/rose-infra/RoSE/soc/sw/xpu-rt/zephyr-chipyard-sw/tools-manual/zephyr-sdk-1.0.0-beta1/gnu/riscv64-zephyr-elf/riscv64-zephyr-elf/sys-include/sys/syslimits.h:98:9: note: this is the location of the previous definition
   98 | #define _POSIX_TTY_NAME_MAX     9
      |         ^~~~~~~~~~~~~~~~~~~
/scratch/dima/rose-infra/RoSE/soc/sw/xpu-rt/zephyr-chipyard-sw/zephyr_ws/zephyr/include/zephyr/posix/posix_limits.h:59:9: warning: "_POSIX_TZNAME_MAX" redefined
   59 | #define _POSIX_TZNAME_MAX                   (6)
      |         ^~~~~~~~~~~~~~~~~
/scratch/dima/rose-infra/RoSE/soc/sw/xpu-rt/zephyr-chipyard-sw/tools-manual/zephyr-sdk-1.0.0-beta1/gnu/riscv64-zephyr-elf/riscv64-zephyr-elf/sys-include/sys/syslimits.h:99:9: note: this is the location of the previous definition
   99 | #define _POSIX_TZNAME_MAX       3
      |         ^~~~~~~~~~~~~~~~~
/scratch/dima/rose-infra/RoSE/soc/sw/xpu-rt/zephyr-chipyard-sw/zephyr_ws/zephyr/include/zephyr/posix/posix_limits.h:60:9: warning: "_POSIX2_BC_BASE_MAX" redefined
   60 | #define _POSIX2_BC_BASE_MAX                 (99)
      |         ^~~~~~~~~~~~~~~~~~~
/scratch/dima/rose-infra/RoSE/soc/sw/xpu-rt/zephyr-chipyard-sw/tools-manual/zephyr-sdk-1.0.0-beta1/gnu/riscv64-zephyr-elf/riscv64-zephyr-elf/sys-include/sys/syslimits.h:100:9: note: this is the location of the previous definition
  100 | #define _POSIX2_BC_BASE_MAX     99
      |         ^~~~~~~~~~~~~~~~~~~
/scratch/dima/rose-infra/RoSE/soc/sw/xpu-rt/zephyr-chipyard-sw/zephyr_ws/zephyr/include/zephyr/posix/posix_limits.h:61:9: warning: "_POSIX2_BC_DIM_MAX" redefined
   61 | #define _POSIX2_BC_DIM_MAX                  (2048)
      |         ^~~~~~~~~~~~~~~~~~
/scratch/dima/rose-infra/RoSE/soc/sw/xpu-rt/zephyr-chipyard-sw/tools-manual/zephyr-sdk-1.0.0-beta1/gnu/riscv64-zephyr-elf/riscv64-zephyr-elf/sys-include/sys/syslimits.h:101:9: note: this is the location of the previous definition
  101 | #define _POSIX2_BC_DIM_MAX      2048
      |         ^~~~~~~~~~~~~~~~~~
/scratch/dima/rose-infra/RoSE/soc/sw/xpu-rt/zephyr-chipyard-sw/zephyr_ws/zephyr/include/zephyr/posix/posix_limits.h:62:9: warning: "_POSIX2_BC_SCALE_MAX" redefined
   62 | #define _POSIX2_BC_SCALE_MAX                (99)
      |         ^~~~~~~~~~~~~~~~~~~~
/scratch/dima/rose-infra/RoSE/soc/sw/xpu-rt/zephyr-chipyard-sw/tools-manual/zephyr-sdk-1.0.0-beta1/gnu/riscv64-zephyr-elf/riscv64-zephyr-elf/sys-include/sys/syslimits.h:102:9: note: this is the location of the previous definition
  102 | #define _POSIX2_BC_SCALE_MAX    99
      |         ^~~~~~~~~~~~~~~~~~~~
/scratch/dima/rose-infra/RoSE/soc/sw/xpu-rt/zephyr-chipyard-sw/zephyr_ws/zephyr/include/zephyr/posix/posix_limits.h:63:9: warning: "_POSIX2_BC_STRING_MAX" redefined
   63 | #define _POSIX2_BC_STRING_MAX               (1000)
      |         ^~~~~~~~~~~~~~~~~~~~~
/scratch/dima/rose-infra/RoSE/soc/sw/xpu-rt/zephyr-chipyard-sw/tools-manual/zephyr-sdk-1.0.0-beta1/gnu/riscv64-zephyr-elf/riscv64-zephyr-elf/sys-include/sys/syslimits.h:103:9: note: this is the location of the previous definition
  103 | #define _POSIX2_BC_STRING_MAX   1000
      |         ^~~~~~~~~~~~~~~~~~~~~
/scratch/dima/rose-infra/RoSE/soc/sw/xpu-rt/zephyr-chipyard-sw/zephyr_ws/zephyr/include/zephyr/posix/posix_limits.h:64:9: warning: "_POSIX2_CHARCLASS_NAME_MAX" redefined
   64 | #define _POSIX2_CHARCLASS_NAME_MAX          (14)
      |         ^~~~~~~~~~~~~~~~~~~~~~~~~~
/scratch/dima/rose-infra/RoSE/soc/sw/xpu-rt/zephyr-chipyard-sw/tools-manual/zephyr-sdk-1.0.0-beta1/gnu/riscv64-zephyr-elf/riscv64-zephyr-elf/sys-include/sys/syslimits.h:104:9: note: this is the location of the previous definition
  104 | #define _POSIX2_CHARCLASS_NAME_MAX      14
      |         ^~~~~~~~~~~~~~~~~~~~~~~~~~
/scratch/dima/rose-infra/RoSE/soc/sw/xpu-rt/zephyr-chipyard-sw/zephyr_ws/zephyr/include/zephyr/posix/posix_limits.h:65:9: warning: "_POSIX2_COLL_WEIGHTS_MAX" redefined
   65 | #define _POSIX2_COLL_WEIGHTS_MAX            (2)
      |         ^~~~~~~~~~~~~~~~~~~~~~~~
/scratch/dima/rose-infra/RoSE/soc/sw/xpu-rt/zephyr-chipyard-sw/tools-manual/zephyr-sdk-1.0.0-beta1/gnu/riscv64-zephyr-elf/riscv64-zephyr-elf/sys-include/sys/syslimits.h:105:9: note: this is the location of the previous definition
  105 | #define _POSIX2_COLL_WEIGHTS_MAX        2
      |         ^~~~~~~~~~~~~~~~~~~~~~~~
/scratch/dima/rose-infra/RoSE/soc/sw/xpu-rt/zephyr-chipyard-sw/zephyr_ws/zephyr/include/zephyr/posix/posix_limits.h:66:9: warning: "_POSIX2_EXPR_NEST_MAX" redefined
   66 | #define _POSIX2_EXPR_NEST_MAX               (32)
      |         ^~~~~~~~~~~~~~~~~~~~~
/scratch/dima/rose-infra/RoSE/soc/sw/xpu-rt/zephyr-chipyard-sw/tools-manual/zephyr-sdk-1.0.0-beta1/gnu/riscv64-zephyr-elf/riscv64-zephyr-elf/sys-include/sys/syslimits.h:106:9: note: this is the location of the previous definition
  106 | #define _POSIX2_EXPR_NEST_MAX   32
      |         ^~~~~~~~~~~~~~~~~~~~~
/scratch/dima/rose-infra/RoSE/soc/sw/xpu-rt/zephyr-chipyard-sw/zephyr_ws/zephyr/include/zephyr/posix/posix_limits.h:67:9: warning: "_POSIX2_LINE_MAX" redefined
   67 | #define _POSIX2_LINE_MAX                    (2048)
      |         ^~~~~~~~~~~~~~~~
/scratch/dima/rose-infra/RoSE/soc/sw/xpu-rt/zephyr-chipyard-sw/tools-manual/zephyr-sdk-1.0.0-beta1/gnu/riscv64-zephyr-elf/riscv64-zephyr-elf/sys-include/sys/syslimits.h:107:9: note: this is the location of the previous definition
  107 | #define _POSIX2_LINE_MAX        2048
      |         ^~~~~~~~~~~~~~~~
/scratch/dima/rose-infra/RoSE/soc/sw/xpu-rt/zephyr-chipyard-sw/zephyr_ws/zephyr/include/zephyr/posix/posix_limits.h:83:9: warning: "ARG_MAX" redefined
   83 | #define ARG_MAX                       _POSIX_ARG_MAX
      |         ^~~~~~~
/scratch/dima/rose-infra/RoSE/soc/sw/xpu-rt/zephyr-chipyard-sw/tools-manual/zephyr-sdk-1.0.0-beta1/gnu/riscv64-zephyr-elf/riscv64-zephyr-elf/sys-include/sys/syslimits.h:41:9: note: this is the location of the previous definition
   41 | #define ARG_MAX                 65536   /* max bytes for an exec function */
      |         ^~~~~~~
/scratch/dima/rose-infra/RoSE/soc/sw/xpu-rt/zephyr-chipyard-sw/zephyr_ws/zephyr/include/zephyr/posix/posix_limits.h:84:9: warning: "ATEXIT_MAX" redefined
   84 | #define ATEXIT_MAX                    (32)
      |         ^~~~~~~~~~
/scratch/dima/rose-infra/RoSE/soc/sw/xpu-rt/zephyr-chipyard-sw/tools-manual/zephyr-sdk-1.0.0-beta1/gnu/riscv64-zephyr-elf/riscv64-zephyr-elf/sys-include/sys/syslimits.h:42:9: note: this is the location of the previous definition
   42 | #define ATEXIT_MAX                 32   /* max atexit functions */
      |         ^~~~~~~~~~
/scratch/dima/rose-infra/RoSE/soc/sw/xpu-rt/zephyr-chipyard-sw/zephyr_ws/zephyr/include/zephyr/posix/posix_limits.h:93:9: warning: "OPEN_MAX" redefined
   93 | #define OPEN_MAX                      CONFIG_POSIX_OPEN_MAX
      |         ^~~~~~~~
/scratch/dima/rose-infra/RoSE/soc/sw/xpu-rt/zephyr-chipyard-sw/tools-manual/zephyr-sdk-1.0.0-beta1/gnu/riscv64-zephyr-elf/riscv64-zephyr-elf/sys-include/sys/syslimits.h:45:9: note: this is the location of the previous definition
   45 | #define OPEN_MAX                   64   /* max open files per process */
      |         ^~~~~~~~
/scratch/dima/rose-infra/RoSE/soc/sw/xpu-rt/zephyr-chipyard-sw/zephyr_ws/zephyr/include/zephyr/posix/posix_limits.h:96:9: warning: "PATH_MAX" redefined
   96 | #define PATH_MAX                      _POSIX_PATH_MAX
      |         ^~~~~~~~
/scratch/dima/rose-infra/RoSE/soc/sw/xpu-rt/zephyr-chipyard-sw/tools-manual/zephyr-sdk-1.0.0-beta1/gnu/riscv64-zephyr-elf/riscv64-zephyr-elf/sys-include/sys/syslimits.h:53:9: note: this is the location of the previous definition
   53 | #define PATH_MAX                 1024   /* max bytes in pathname */
      |         ^~~~~~~~
/scratch/dima/rose-infra/RoSE/soc/sw/xpu-rt/zephyr-chipyard-sw/zephyr_ws/zephyr/include/zephyr/posix/posix_limits.h:114:9: warning: "TZNAME_MAX" redefined
  114 | #define TZNAME_MAX                    _POSIX_TZNAME_MAX
      |         ^~~~~~~~~~
/scratch/dima/rose-infra/RoSE/soc/sw/xpu-rt/zephyr-chipyard-sw/tools-manual/zephyr-sdk-1.0.0-beta1/gnu/riscv64-zephyr-elf/riscv64-zephyr-elf/sys-include/sys/syslimits.h:46:9: note: this is the location of the previous definition
   46 | #define TZNAME_MAX                 10   /* max time zone name length */
      |         ^~~~~~~~~~
[68/127] Building C object zephyr/lib/libc/picolibc/CMakeFiles/lib__libc__picolibc.dir/locks.c.obj
[69/127] Building C object zephyr/lib/libc/common/CMakeFiles/lib__libc__common.dir/source/stdlib/abort.c.obj
[70/127] Building C object zephyr/drivers/timer/CMakeFiles/drivers__timer.dir/sys_clock_init.c.obj
[71/127] Building C object zephyr/lib/libc/picolibc/CMakeFiles/lib__libc__picolibc.dir/cbprintf.c.obj
[72/127] Building C object zephyr/drivers/console/CMakeFiles/drivers__console.dir/uart_console.c.obj
[73/127] Building C object zephyr/CMakeFiles/zephyr.dir/lib/utils/rb.c.obj
[74/127] Building C object zephyr/drivers/timer/CMakeFiles/drivers__timer.dir/riscv_machine_timer.c.obj
[75/127] Building C object zephyr/kernel/CMakeFiles/kernel.dir/main_weak.c.obj
[76/127] Building C object zephyr/CMakeFiles/zephyr.dir/lib/utils/bitarray.c.obj
[77/127] Building C object zephyr/lib/posix/c_lib_ext/CMakeFiles/lib__posix__c_lib_ext.dir/getopt/getopt.c.obj
In file included from /scratch/dima/rose-infra/RoSE/soc/sw/xpu-rt/zephyr-chipyard-sw/zephyr_ws/zephyr/include/zephyr/posix/sys/sysconf.h:11,
                 from /scratch/dima/rose-infra/RoSE/soc/sw/xpu-rt/zephyr-chipyard-sw/zephyr_ws/zephyr/include/zephyr/posix/unistd.h:18,
                 from /scratch/dima/rose-infra/RoSE/soc/sw/xpu-rt/zephyr-chipyard-sw/zephyr_ws/zephyr/lib/posix/c_lib_ext/getopt/getopt.c:36:
/scratch/dima/rose-infra/RoSE/soc/sw/xpu-rt/zephyr-chipyard-sw/zephyr_ws/zephyr/include/zephyr/posix/posix_limits.h:23:9: warning: "_POSIX_AIO_LISTIO_MAX" redefined
   23 | #define _POSIX_AIO_LISTIO_MAX               (2)
      |         ^~~~~~~~~~~~~~~~~~~~~
In file included from /scratch/dima/rose-infra/RoSE/soc/sw/xpu-rt/zephyr-chipyard-sw/tools-manual/zephyr-sdk-1.0.0-beta1/gnu/riscv64-zephyr-elf/riscv64-zephyr-elf/sys-include/limits.h:6,
                 from /scratch/dima/rose-infra/RoSE/soc/sw/xpu-rt/zephyr-chipyard-sw/tools-manual/zephyr-sdk-1.0.0-beta1/gnu/riscv64-zephyr-elf/lib/gcc/riscv64-zephyr-elf/14.3.0/include/limits.h:210,
                 from /scratch/dima/rose-infra/RoSE/soc/sw/xpu-rt/zephyr-chipyard-sw/tools-manual/zephyr-sdk-1.0.0-beta1/gnu/riscv64-zephyr-elf/lib/gcc/riscv64-zephyr-elf/14.3.0/include/syslimits.h:7,
                 from /scratch/dima/rose-infra/RoSE/soc/sw/xpu-rt/zephyr-chipyard-sw/tools-manual/zephyr-sdk-1.0.0-beta1/gnu/riscv64-zephyr-elf/lib/gcc/riscv64-zephyr-elf/14.3.0/include/limits.h:34,
                 from /scratch/dima/rose-infra/RoSE/soc/sw/xpu-rt/zephyr-chipyard-sw/zephyr_ws/zephyr/include/zephyr/kernel_includes.h:22,
                 from /scratch/dima/rose-infra/RoSE/soc/sw/xpu-rt/zephyr-chipyard-sw/zephyr_ws/zephyr/include/zephyr/kernel.h:17,
                 from /scratch/dima/rose-infra/RoSE/soc/sw/xpu-rt/zephyr-chipyard-sw/zephyr_ws/zephyr/include/zephyr/posix/posix_types.h:30,
                 from /scratch/dima/rose-infra/RoSE/soc/sw/xpu-rt/zephyr-chipyard-sw/zephyr_ws/zephyr/include/zephyr/posix/unistd.h:11:
/scratch/dima/rose-infra/RoSE/soc/sw/xpu-rt/zephyr-chipyard-sw/tools-manual/zephyr-sdk-1.0.0-beta1/gnu/riscv64-zephyr-elf/riscv64-zephyr-elf/sys-include/sys/syslimits.h:63:9: note: this is the location of the previous definition
   63 | #define _POSIX_AIO_LISTIO_MAX   2
      |         ^~~~~~~~~~~~~~~~~~~~~
/scratch/dima/rose-infra/RoSE/soc/sw/xpu-rt/zephyr-chipyard-sw/zephyr_ws/zephyr/include/zephyr/posix/posix_limits.h:24:9: warning: "_POSIX_AIO_MAX" redefined
   24 | #define _POSIX_AIO_MAX                      (1)
      |         ^~~~~~~~~~~~~~
/scratch/dima/rose-infra/RoSE/soc/sw/xpu-rt/zephyr-chipyard-sw/tools-manual/zephyr-sdk-1.0.0-beta1/gnu/riscv64-zephyr-elf/riscv64-zephyr-elf/sys-include/sys/syslimits.h:64:9: note: this is the location of the previous definition
   64 | #define _POSIX_AIO_MAX          1
      |         ^~~~~~~~~~~~~~
/scratch/dima/rose-infra/RoSE/soc/sw/xpu-rt/zephyr-chipyard-sw/zephyr_ws/zephyr/include/zephyr/posix/posix_limits.h:25:9: warning: "_POSIX_ARG_MAX" redefined
   25 | #define _POSIX_ARG_MAX                      (4096)
      |         ^~~~~~~~~~~~~~
/scratch/dima/rose-infra/RoSE/soc/sw/xpu-rt/zephyr-chipyard-sw/tools-manual/zephyr-sdk-1.0.0-beta1/gnu/riscv64-zephyr-elf/riscv64-zephyr-elf/sys-include/sys/syslimits.h:65:9: note: this is the location of the previous definition
   65 | #define _POSIX_ARG_MAX          4096
      |         ^~~~~~~~~~~~~~
/scratch/dima/rose-infra/RoSE/soc/sw/xpu-rt/zephyr-chipyard-sw/zephyr_ws/zephyr/include/zephyr/posix/posix_limits.h:26:9: warning: "_POSIX_CHILD_MAX" redefined
   26 | #define _POSIX_CHILD_MAX                    (25)
      |         ^~~~~~~~~~~~~~~~
/scratch/dima/rose-infra/RoSE/soc/sw/xpu-rt/zephyr-chipyard-sw/tools-manual/zephyr-sdk-1.0.0-beta1/gnu/riscv64-zephyr-elf/riscv64-zephyr-elf/sys-include/sys/syslimits.h:66:9: note: this is the location of the previous definition
   66 | #define _POSIX_CHILD_MAX        6
      |         ^~~~~~~~~~~~~~~~
/scratch/dima/rose-infra/RoSE/soc/sw/xpu-rt/zephyr-chipyard-sw/zephyr_ws/zephyr/include/zephyr/posix/posix_limits.h:27:9: warning: "_POSIX_DELAYTIMER_MAX" redefined
   27 | #define _POSIX_DELAYTIMER_MAX               (32)
      |         ^~~~~~~~~~~~~~~~~~~~~
/scratch/dima/rose-infra/RoSE/soc/sw/xpu-rt/zephyr-chipyard-sw/tools-manual/zephyr-sdk-1.0.0-beta1/gnu/riscv64-zephyr-elf/riscv64-zephyr-elf/sys-include/sys/syslimits.h:67:9: note: this is the location of the previous definition
   67 | #define _POSIX_DELAYTIMER_MAX   32
      |         ^~~~~~~~~~~~~~~~~~~~~
/scratch/dima/rose-infra/RoSE/soc/sw/xpu-rt/zephyr-chipyard-sw/zephyr_ws/zephyr/include/zephyr/posix/posix_limits.h:28:9: warning: "_POSIX_HOST_NAME_MAX" redefined
   28 | #define _POSIX_HOST_NAME_MAX                (255)
      |         ^~~~~~~~~~~~~~~~~~~~
/scratch/dima/rose-infra/RoSE/soc/sw/xpu-rt/zephyr-chipyard-sw/tools-manual/zephyr-sdk-1.0.0-beta1/gnu/riscv64-zephyr-elf/riscv64-zephyr-elf/sys-include/sys/syslimits.h:68:9: note: this is the location of the previous definition
   68 | #define _POSIX_HOST_NAME_MAX    255
      |         ^~~~~~~~~~~~~~~~~~~~
/scratch/dima/rose-infra/RoSE/soc/sw/xpu-rt/zephyr-chipyard-sw/zephyr_ws/zephyr/include/zephyr/posix/posix_limits.h:29:9: warning: "_POSIX_LINK_MAX" redefined
   29 | #define _POSIX_LINK_MAX                     (8)
      |         ^~~~~~~~~~~~~~~
/scratch/dima/rose-infra/RoSE/soc/sw/xpu-rt/zephyr-chipyard-sw/tools-manual/zephyr-sdk-1.0.0-beta1/gnu/riscv64-zephyr-elf/riscv64-zephyr-elf/sys-include/sys/syslimits.h:69:9: note: this is the location of the previous definition
   69 | #define _POSIX_LINK_MAX         8
      |         ^~~~~~~~~~~~~~~
/scratch/dima/rose-infra/RoSE/soc/sw/xpu-rt/zephyr-chipyard-sw/zephyr_ws/zephyr/include/zephyr/posix/posix_limits.h:30:9: warning: "_POSIX_LOGIN_NAME_MAX" redefined
   30 | #define _POSIX_LOGIN_NAME_MAX               (9)
      |         ^~~~~~~~~~~~~~~~~~~~~
/scratch/dima/rose-infra/RoSE/soc/sw/xpu-rt/zephyr-chipyard-sw/tools-manual/zephyr-sdk-1.0.0-beta1/gnu/riscv64-zephyr-elf/riscv64-zephyr-elf/sys-include/sys/syslimits.h:70:9: note: this is the location of the previous definition
   70 | #define _POSIX_LOGIN_NAME_MAX   9
      |         ^~~~~~~~~~~~~~~~~~~~~
/scratch/dima/rose-infra/RoSE/soc/sw/xpu-rt/zephyr-chipyard-sw/zephyr_ws/zephyr/include/zephyr/posix/posix_limits.h:31:9: warning: "_POSIX_MAX_CANON" redefined
   31 | #define _POSIX_MAX_CANON                    (255)
      |         ^~~~~~~~~~~~~~~~
/scratch/dima/rose-infra/RoSE/soc/sw/xpu-rt/zephyr-chipyard-sw/tools-manual/zephyr-sdk-1.0.0-beta1/gnu/riscv64-zephyr-elf/riscv64-zephyr-elf/sys-include/sys/syslimits.h:71:9: note: this is the location of the previous definition
   71 | #define _POSIX_MAX_CANON        255
      |         ^~~~~~~~~~~~~~~~
/scratch/dima/rose-infra/RoSE/soc/sw/xpu-rt/zephyr-chipyard-sw/zephyr_ws/zephyr/include/zephyr/posix/posix_limits.h:32:9: warning: "_POSIX_MAX_INPUT" redefined
   32 | #define _POSIX_MAX_INPUT                    (255)
      |         ^~~~~~~~~~~~~~~~
/scratch/dima/rose-infra/RoSE/soc/sw/xpu-rt/zephyr-chipyard-sw/tools-manual/zephyr-sdk-1.0.0-beta1/gnu/riscv64-zephyr-elf/riscv64-zephyr-elf/sys-include/sys/syslimits.h:72:9: note: this is the location of the previous definition
   72 | #define _POSIX_MAX_INPUT        255
      |         ^~~~~~~~~~~~~~~~
/scratch/dima/rose-infra/RoSE/soc/sw/xpu-rt/zephyr-chipyard-sw/zephyr_ws/zephyr/include/zephyr/posix/posix_limits.h:33:9: warning: "_POSIX_MQ_OPEN_MAX" redefined
   33 | #define _POSIX_MQ_OPEN_MAX                  (8)
      |         ^~~~~~~~~~~~~~~~~~
/scratch/dima/rose-infra/RoSE/soc/sw/xpu-rt/zephyr-chipyard-sw/tools-manual/zephyr-sdk-1.0.0-beta1/gnu/riscv64-zephyr-elf/riscv64-zephyr-elf/sys-include/sys/syslimits.h:73:9: note: this is the location of the previous definition
   73 | #define _POSIX_MQ_OPEN_MAX      8
      |         ^~~~~~~~~~~~~~~~~~
/scratch/dima/rose-infra/RoSE/soc/sw/xpu-rt/zephyr-chipyard-sw/zephyr_ws/zephyr/include/zephyr/posix/posix_limits.h:34:9: warning: "_POSIX_MQ_PRIO_MAX" redefined
   34 | #define _POSIX_MQ_PRIO_MAX                  (32)
      |         ^~~~~~~~~~~~~~~~~~
/scratch/dima/rose-infra/RoSE/soc/sw/xpu-rt/zephyr-chipyard-sw/tools-manual/zephyr-sdk-1.0.0-beta1/gnu/riscv64-zephyr-elf/riscv64-zephyr-elf/sys-include/sys/syslimits.h:74:9: note: this is the location of the previous definition
   74 | #define _POSIX_MQ_PRIO_MAX      32
      |         ^~~~~~~~~~~~~~~~~~
/scratch/dima/rose-infra/RoSE/soc/sw/xpu-rt/zephyr-chipyard-sw/zephyr_ws/zephyr/include/zephyr/posix/posix_limits.h:35:9: warning: "_POSIX_NAME_MAX" redefined
   35 | #define _POSIX_NAME_MAX                     (14)
      |         ^~~~~~~~~~~~~~~
/scratch/dima/rose-infra/RoSE/soc/sw/xpu-rt/zephyr-chipyard-sw/tools-manual/zephyr-sdk-1.0.0-beta1/gnu/riscv64-zephyr-elf/riscv64-zephyr-elf/sys-include/sys/syslimits.h:75:9: note: this is the location of the previous definition
   75 | #define _POSIX_NAME_MAX         14
      |         ^~~~~~~~~~~~~~~
/scratch/dima/rose-infra/RoSE/soc/sw/xpu-rt/zephyr-chipyard-sw/zephyr_ws/zephyr/include/zephyr/posix/posix_limits.h:36:9: warning: "_POSIX_NGROUPS_MAX" redefined
   36 | #define _POSIX_NGROUPS_MAX                  (8)
      |         ^~~~~~~~~~~~~~~~~~
/scratch/dima/rose-infra/RoSE/soc/sw/xpu-rt/zephyr-chipyard-sw/tools-manual/zephyr-sdk-1.0.0-beta1/gnu/riscv64-zephyr-elf/riscv64-zephyr-elf/sys-include/sys/syslimits.h:76:9: note: this is the location of the previous definition
   76 | #define _POSIX_NGROUPS_MAX      0
      |         ^~~~~~~~~~~~~~~~~~
/scratch/dima/rose-infra/RoSE/soc/sw/xpu-rt/zephyr-chipyard-sw/zephyr_ws/zephyr/include/zephyr/posix/posix_limits.h:37:9: warning: "_POSIX_OPEN_MAX" redefined
   37 | #define _POSIX_OPEN_MAX                     (20)
      |         ^~~~~~~~~~~~~~~
/scratch/dima/rose-infra/RoSE/soc/sw/xpu-rt/zephyr-chipyard-sw/tools-manual/zephyr-sdk-1.0.0-beta1/gnu/riscv64-zephyr-elf/riscv64-zephyr-elf/sys-include/sys/syslimits.h:77:9: note: this is the location of the previous definition
   77 | #define _POSIX_OPEN_MAX         16
      |         ^~~~~~~~~~~~~~~
/scratch/dima/rose-infra/RoSE/soc/sw/xpu-rt/zephyr-chipyard-sw/zephyr_ws/zephyr/include/zephyr/posix/posix_limits.h:38:9: warning: "_POSIX_PATH_MAX" redefined
   38 | #define _POSIX_PATH_MAX                     (256)
      |         ^~~~~~~~~~~~~~~
/scratch/dima/rose-infra/RoSE/soc/sw/xpu-rt/zephyr-chipyard-sw/tools-manual/zephyr-sdk-1.0.0-beta1/gnu/riscv64-zephyr-elf/riscv64-zephyr-elf/sys-include/sys/syslimits.h:78:9: note: this is the location of the previous definition
   78 | #define _POSIX_PATH_MAX         255
      |         ^~~~~~~~~~~~~~~
/scratch/dima/rose-infra/RoSE/soc/sw/xpu-rt/zephyr-chipyard-sw/zephyr_ws/zephyr/include/zephyr/posix/posix_limits.h:39:9: warning: "_POSIX_PIPE_BUF" redefined
   39 | #define _POSIX_PIPE_BUF                     (512)
      |         ^~~~~~~~~~~~~~~
/scratch/dima/rose-infra/RoSE/soc/sw/xpu-rt/zephyr-chipyard-sw/tools-manual/zephyr-sdk-1.0.0-beta1/gnu/riscv64-zephyr-elf/riscv64-zephyr-elf/sys-include/sys/syslimits.h:79:9: note: this is the location of the previous definition
   79 | #define _POSIX_PIPE_BUF         512
      |         ^~~~~~~~~~~~~~~
/scratch/dima/rose-infra/RoSE/soc/sw/xpu-rt/zephyr-chipyard-sw/zephyr_ws/zephyr/include/zephyr/posix/posix_limits.h:40:9: warning: "_POSIX_RE_DUP_MAX" redefined
   40 | #define _POSIX_RE_DUP_MAX                   (255)
      |         ^~~~~~~~~~~~~~~~~
/scratch/dima/rose-infra/RoSE/soc/sw/xpu-rt/zephyr-chipyard-sw/tools-manual/zephyr-sdk-1.0.0-beta1/gnu/riscv64-zephyr-elf/riscv64-zephyr-elf/sys-include/sys/syslimits.h:80:9: note: this is the location of the previous definition
   80 | #define _POSIX_RE_DUP_MAX       255
      |         ^~~~~~~~~~~~~~~~~
/scratch/dima/rose-infra/RoSE/soc/sw/xpu-rt/zephyr-chipyard-sw/zephyr_ws/zephyr/include/zephyr/posix/posix_limits.h:41:9: warning: "_POSIX_RTSIG_MAX" redefined
   41 | #define _POSIX_RTSIG_MAX                    (8)
      |         ^~~~~~~~~~~~~~~~
/scratch/dima/rose-infra/RoSE/soc/sw/xpu-rt/zephyr-chipyard-sw/tools-manual/zephyr-sdk-1.0.0-beta1/gnu/riscv64-zephyr-elf/riscv64-zephyr-elf/sys-include/sys/syslimits.h:81:9: note: this is the location of the previous definition
   81 | #define _POSIX_RTSIG_MAX        8
      |         ^~~~~~~~~~~~~~~~
/scratch/dima/rose-infra/RoSE/soc/sw/xpu-rt/zephyr-chipyard-sw/zephyr_ws/zephyr/include/zephyr/posix/posix_limits.h:42:9: warning: "_POSIX_SEM_NSEMS_MAX" redefined
   42 | #define _POSIX_SEM_NSEMS_MAX                (256)
      |         ^~~~~~~~~~~~~~~~~~~~
/scratch/dima/rose-infra/RoSE/soc/sw/xpu-rt/zephyr-chipyard-sw/tools-manual/zephyr-sdk-1.0.0-beta1/gnu/riscv64-zephyr-elf/riscv64-zephyr-elf/sys-include/sys/syslimits.h:82:9: note: this is the location of the previous definition
   82 | #define _POSIX_SEM_NSEMS_MAX    256
      |         ^~~~~~~~~~~~~~~~~~~~
/scratch/dima/rose-infra/RoSE/soc/sw/xpu-rt/zephyr-chipyard-sw/zephyr_ws/zephyr/include/zephyr/posix/posix_limits.h:43:9: warning: "_POSIX_SEM_VALUE_MAX" redefined
   43 | #define _POSIX_SEM_VALUE_MAX                (32767)
      |         ^~~~~~~~~~~~~~~~~~~~
/scratch/dima/rose-infra/RoSE/soc/sw/xpu-rt/zephyr-chipyard-sw/tools-manual/zephyr-sdk-1.0.0-beta1/gnu/riscv64-zephyr-elf/riscv64-zephyr-elf/sys-include/sys/syslimits.h:83:9: note: this is the location of the previous definition
   83 | #define _POSIX_SEM_VALUE_MAX    32767
      |         ^~~~~~~~~~~~~~~~~~~~
/scratch/dima/rose-infra/RoSE/soc/sw/xpu-rt/zephyr-chipyard-sw/zephyr_ws/zephyr/include/zephyr/posix/posix_limits.h:44:9: warning: "_POSIX_SIGQUEUE_MAX" redefined
   44 | #define _POSIX_SIGQUEUE_MAX                 (32)
      |         ^~~~~~~~~~~~~~~~~~~
/scratch/dima/rose-infra/RoSE/soc/sw/xpu-rt/zephyr-chipyard-sw/tools-manual/zephyr-sdk-1.0.0-beta1/gnu/riscv64-zephyr-elf/riscv64-zephyr-elf/sys-include/sys/syslimits.h:84:9: note: this is the location of the previous definition
   84 | #define _POSIX_SIGQUEUE_MAX     32
      |         ^~~~~~~~~~~~~~~~~~~
/scratch/dima/rose-infra/RoSE/soc/sw/xpu-rt/zephyr-chipyard-sw/zephyr_ws/zephyr/include/zephyr/posix/posix_limits.h:45:9: warning: "_POSIX_SSIZE_MAX" redefined
   45 | #define _POSIX_SSIZE_MAX                    (32767)
      |         ^~~~~~~~~~~~~~~~
/scratch/dima/rose-infra/RoSE/soc/sw/xpu-rt/zephyr-chipyard-sw/tools-manual/zephyr-sdk-1.0.0-beta1/gnu/riscv64-zephyr-elf/riscv64-zephyr-elf/sys-include/sys/syslimits.h:85:9: note: this is the location of the previous definition
   85 | #define _POSIX_SSIZE_MAX        32767
      |         ^~~~~~~~~~~~~~~~
/scratch/dima/rose-infra/RoSE/soc/sw/xpu-rt/zephyr-chipyard-sw/zephyr_ws/zephyr/include/zephyr/posix/posix_limits.h:46:9: warning: "_POSIX_SS_REPL_MAX" redefined
   46 | #define _POSIX_SS_REPL_MAX                  (4)
      |         ^~~~~~~~~~~~~~~~~~
/scratch/dima/rose-infra/RoSE/soc/sw/xpu-rt/zephyr-chipyard-sw/tools-manual/zephyr-sdk-1.0.0-beta1/gnu/riscv64-zephyr-elf/riscv64-zephyr-elf/sys-include/sys/syslimits.h:86:9: note: this is the location of the previous definition
   86 | #define _POSIX_SS_REPL_MAX      4
      |         ^~~~~~~~~~~~~~~~~~
/scratch/dima/rose-infra/RoSE/soc/sw/xpu-rt/zephyr-chipyard-sw/zephyr_ws/zephyr/include/zephyr/posix/posix_limits.h:47:9: warning: "_POSIX_STREAM_MAX" redefined
   47 | #define _POSIX_STREAM_MAX                   (8)
      |         ^~~~~~~~~~~~~~~~~
/scratch/dima/rose-infra/RoSE/soc/sw/xpu-rt/zephyr-chipyard-sw/tools-manual/zephyr-sdk-1.0.0-beta1/gnu/riscv64-zephyr-elf/riscv64-zephyr-elf/sys-include/sys/syslimits.h:87:9: note: this is the location of the previous definition
   87 | #define _POSIX_STREAM_MAX       8
      |         ^~~~~~~~~~~~~~~~~
/scratch/dima/rose-infra/RoSE/soc/sw/xpu-rt/zephyr-chipyard-sw/zephyr_ws/zephyr/include/zephyr/posix/posix_limits.h:48:9: warning: "_POSIX_SYMLINK_MAX" redefined
   48 | #define _POSIX_SYMLINK_MAX                  (255)
      |         ^~~~~~~~~~~~~~~~~~
/scratch/dima/rose-infra/RoSE/soc/sw/xpu-rt/zephyr-chipyard-sw/tools-manual/zephyr-sdk-1.0.0-beta1/gnu/riscv64-zephyr-elf/riscv64-zephyr-elf/sys-include/sys/syslimits.h:88:9: note: this is the location of the previous definition
   88 | #define _POSIX_SYMLINK_MAX      255
      |         ^~~~~~~~~~~~~~~~~~
/scratch/dima/rose-infra/RoSE/soc/sw/xpu-rt/zephyr-chipyard-sw/zephyr_ws/zephyr/include/zephyr/posix/posix_limits.h:49:9: warning: "_POSIX_SYMLOOP_MAX" redefined
   49 | #define _POSIX_SYMLOOP_MAX                  (8)
      |         ^~~~~~~~~~~~~~~~~~
/scratch/dima/rose-infra/RoSE/soc/sw/xpu-rt/zephyr-chipyard-sw/tools-manual/zephyr-sdk-1.0.0-beta1/gnu/riscv64-zephyr-elf/riscv64-zephyr-elf/sys-include/sys/syslimits.h:89:9: note: this is the location of the previous definition
   89 | #define _POSIX_SYMLOOP_MAX      8
      |         ^~~~~~~~~~~~~~~~~~
/scratch/dima/rose-infra/RoSE/soc/sw/xpu-rt/zephyr-chipyard-sw/zephyr_ws/zephyr/include/zephyr/posix/posix_limits.h:50:9: warning: "_POSIX_THREAD_DESTRUCTOR_ITERATIONS" redefined
   50 | #define _POSIX_THREAD_DESTRUCTOR_ITERATIONS (4)
      |         ^~~~~~~~~~~~~~~~~~~~~~~~~~~~~~~~~~~
/scratch/dima/rose-infra/RoSE/soc/sw/xpu-rt/zephyr-chipyard-sw/tools-manual/zephyr-sdk-1.0.0-beta1/gnu/riscv64-zephyr-elf/riscv64-zephyr-elf/sys-include/sys/syslimits.h:90:9: note: this is the location of the previous definition
   90 | #define _POSIX_THREAD_DESTRUCTOR_ITERATIONS     4
      |         ^~~~~~~~~~~~~~~~~~~~~~~~~~~~~~~~~~~
/scratch/dima/rose-infra/RoSE/soc/sw/xpu-rt/zephyr-chipyard-sw/zephyr_ws/zephyr/include/zephyr/posix/posix_limits.h:51:9: warning: "_POSIX_THREAD_KEYS_MAX" redefined
   51 | #define _POSIX_THREAD_KEYS_MAX              (128)
      |         ^~~~~~~~~~~~~~~~~~~~~~
/scratch/dima/rose-infra/RoSE/soc/sw/xpu-rt/zephyr-chipyard-sw/tools-manual/zephyr-sdk-1.0.0-beta1/gnu/riscv64-zephyr-elf/riscv64-zephyr-elf/sys-include/sys/syslimits.h:91:9: note: this is the location of the previous definition
   91 | #define _POSIX_THREAD_KEYS_MAX  128
      |         ^~~~~~~~~~~~~~~~~~~~~~
/scratch/dima/rose-infra/RoSE/soc/sw/xpu-rt/zephyr-chipyard-sw/zephyr_ws/zephyr/include/zephyr/posix/posix_limits.h:52:9: warning: "_POSIX_THREAD_THREADS_MAX" redefined
   52 | #define _POSIX_THREAD_THREADS_MAX           (64)
      |         ^~~~~~~~~~~~~~~~~~~~~~~~~
/scratch/dima/rose-infra/RoSE/soc/sw/xpu-rt/zephyr-chipyard-sw/tools-manual/zephyr-sdk-1.0.0-beta1/gnu/riscv64-zephyr-elf/riscv64-zephyr-elf/sys-include/sys/syslimits.h:92:9: note: this is the location of the previous definition
   92 | #define _POSIX_THREAD_THREADS_MAX       64
      |         ^~~~~~~~~~~~~~~~~~~~~~~~~
/scratch/dima/rose-infra/RoSE/soc/sw/xpu-rt/zephyr-chipyard-sw/zephyr_ws/zephyr/include/zephyr/posix/posix_limits.h:53:9: warning: "_POSIX_TIMER_MAX" redefined
   53 | #define _POSIX_TIMER_MAX                    (32)
      |         ^~~~~~~~~~~~~~~~
/scratch/dima/rose-infra/RoSE/soc/sw/xpu-rt/zephyr-chipyard-sw/tools-manual/zephyr-sdk-1.0.0-beta1/gnu/riscv64-zephyr-elf/riscv64-zephyr-elf/sys-include/sys/syslimits.h:93:9: note: this is the location of the previous definition
   93 | #define _POSIX_TIMER_MAX        32
      |         ^~~~~~~~~~~~~~~~
/scratch/dima/rose-infra/RoSE/soc/sw/xpu-rt/zephyr-chipyard-sw/zephyr_ws/zephyr/include/zephyr/posix/posix_limits.h:54:9: warning: "_POSIX_TRACE_EVENT_NAME_MAX" redefined
   54 | #define _POSIX_TRACE_EVENT_NAME_MAX         (30)
      |         ^~~~~~~~~~~~~~~~~~~~~~~~~~~
/scratch/dima/rose-infra/RoSE/soc/sw/xpu-rt/zephyr-chipyard-sw/tools-manual/zephyr-sdk-1.0.0-beta1/gnu/riscv64-zephyr-elf/riscv64-zephyr-elf/sys-include/sys/syslimits.h:94:9: note: this is the location of the previous definition
   94 | #define _POSIX_TRACE_EVENT_NAME_MAX     30
      |         ^~~~~~~~~~~~~~~~~~~~~~~~~~~
/scratch/dima/rose-infra/RoSE/soc/sw/xpu-rt/zephyr-chipyard-sw/zephyr_ws/zephyr/include/zephyr/posix/posix_limits.h:55:9: warning: "_POSIX_TRACE_NAME_MAX" redefined
   55 | #define _POSIX_TRACE_NAME_MAX               (8)
      |         ^~~~~~~~~~~~~~~~~~~~~
/scratch/dima/rose-infra/RoSE/soc/sw/xpu-rt/zephyr-chipyard-sw/tools-manual/zephyr-sdk-1.0.0-beta1/gnu/riscv64-zephyr-elf/riscv64-zephyr-elf/sys-include/sys/syslimits.h:95:9: note: this is the location of the previous definition
   95 | #define _POSIX_TRACE_NAME_MAX   8
      |         ^~~~~~~~~~~~~~~~~~~~~
/scratch/dima/rose-infra/RoSE/soc/sw/xpu-rt/zephyr-chipyard-sw/zephyr_ws/zephyr/include/zephyr/posix/posix_limits.h:56:9: warning: "_POSIX_TRACE_SYS_MAX" redefined
   56 | #define _POSIX_TRACE_SYS_MAX                (8)
      |         ^~~~~~~~~~~~~~~~~~~~
/scratch/dima/rose-infra/RoSE/soc/sw/xpu-rt/zephyr-chipyard-sw/tools-manual/zephyr-sdk-1.0.0-beta1/gnu/riscv64-zephyr-elf/riscv64-zephyr-elf/sys-include/sys/syslimits.h:96:9: note: this is the location of the previous definition
   96 | #define _POSIX_TRACE_SYS_MAX    8
      |         ^~~~~~~~~~~~~~~~~~~~
/scratch/dima/rose-infra/RoSE/soc/sw/xpu-rt/zephyr-chipyard-sw/zephyr_ws/zephyr/include/zephyr/posix/posix_limits.h:57:9: warning: "_POSIX_TRACE_USER_EVENT_MAX" redefined
   57 | #define _POSIX_TRACE_USER_EVENT_MAX         (32)
      |         ^~~~~~~~~~~~~~~~~~~~~~~~~~~
/scratch/dima/rose-infra/RoSE/soc/sw/xpu-rt/zephyr-chipyard-sw/tools-manual/zephyr-sdk-1.0.0-beta1/gnu/riscv64-zephyr-elf/riscv64-zephyr-elf/sys-include/sys/syslimits.h:97:9: note: this is the location of the previous definition
   97 | #define _POSIX_TRACE_USER_EVENT_MAX     32
      |         ^~~~~~~~~~~~~~~~~~~~~~~~~~~
/scratch/dima/rose-infra/RoSE/soc/sw/xpu-rt/zephyr-chipyard-sw/zephyr_ws/zephyr/include/zephyr/posix/posix_limits.h:58:9: warning: "_POSIX_TTY_NAME_MAX" redefined
   58 | #define _POSIX_TTY_NAME_MAX                 (9)
      |         ^~~~~~~~~~~~~~~~~~~
/scratch/dima/rose-infra/RoSE/soc/sw/xpu-rt/zephyr-chipyard-sw/tools-manual/zephyr-sdk-1.0.0-beta1/gnu/riscv64-zephyr-elf/riscv64-zephyr-elf/sys-include/sys/syslimits.h:98:9: note: this is the location of the previous definition
   98 | #define _POSIX_TTY_NAME_MAX     9
      |         ^~~~~~~~~~~~~~~~~~~
/scratch/dima/rose-infra/RoSE/soc/sw/xpu-rt/zephyr-chipyard-sw/zephyr_ws/zephyr/include/zephyr/posix/posix_limits.h:59:9: warning: "_POSIX_TZNAME_MAX" redefined
   59 | #define _POSIX_TZNAME_MAX                   (6)
      |         ^~~~~~~~~~~~~~~~~
/scratch/dima/rose-infra/RoSE/soc/sw/xpu-rt/zephyr-chipyard-sw/tools-manual/zephyr-sdk-1.0.0-beta1/gnu/riscv64-zephyr-elf/riscv64-zephyr-elf/sys-include/sys/syslimits.h:99:9: note: this is the location of the previous definition
   99 | #define _POSIX_TZNAME_MAX       3
      |         ^~~~~~~~~~~~~~~~~
/scratch/dima/rose-infra/RoSE/soc/sw/xpu-rt/zephyr-chipyard-sw/zephyr_ws/zephyr/include/zephyr/posix/posix_limits.h:60:9: warning: "_POSIX2_BC_BASE_MAX" redefined
   60 | #define _POSIX2_BC_BASE_MAX                 (99)
      |         ^~~~~~~~~~~~~~~~~~~
/scratch/dima/rose-infra/RoSE/soc/sw/xpu-rt/zephyr-chipyard-sw/tools-manual/zephyr-sdk-1.0.0-beta1/gnu/riscv64-zephyr-elf/riscv64-zephyr-elf/sys-include/sys/syslimits.h:100:9: note: this is the location of the previous definition
  100 | #define _POSIX2_BC_BASE_MAX     99
      |         ^~~~~~~~~~~~~~~~~~~
/scratch/dima/rose-infra/RoSE/soc/sw/xpu-rt/zephyr-chipyard-sw/zephyr_ws/zephyr/include/zephyr/posix/posix_limits.h:61:9: warning: "_POSIX2_BC_DIM_MAX" redefined
   61 | #define _POSIX2_BC_DIM_MAX                  (2048)
      |         ^~~~~~~~~~~~~~~~~~
/scratch/dima/rose-infra/RoSE/soc/sw/xpu-rt/zephyr-chipyard-sw/tools-manual/zephyr-sdk-1.0.0-beta1/gnu/riscv64-zephyr-elf/riscv64-zephyr-elf/sys-include/sys/syslimits.h:101:9: note: this is the location of the previous definition
  101 | #define _POSIX2_BC_DIM_MAX      2048
      |         ^~~~~~~~~~~~~~~~~~
/scratch/dima/rose-infra/RoSE/soc/sw/xpu-rt/zephyr-chipyard-sw/zephyr_ws/zephyr/include/zephyr/posix/posix_limits.h:62:9: warning: "_POSIX2_BC_SCALE_MAX" redefined
   62 | #define _POSIX2_BC_SCALE_MAX                (99)
      |         ^~~~~~~~~~~~~~~~~~~~
/scratch/dima/rose-infra/RoSE/soc/sw/xpu-rt/zephyr-chipyard-sw/tools-manual/zephyr-sdk-1.0.0-beta1/gnu/riscv64-zephyr-elf/riscv64-zephyr-elf/sys-include/sys/syslimits.h:102:9: note: this is the location of the previous definition
  102 | #define _POSIX2_BC_SCALE_MAX    99
      |         ^~~~~~~~~~~~~~~~~~~~
/scratch/dima/rose-infra/RoSE/soc/sw/xpu-rt/zephyr-chipyard-sw/zephyr_ws/zephyr/include/zephyr/posix/posix_limits.h:63:9: warning: "_POSIX2_BC_STRING_MAX" redefined
   63 | #define _POSIX2_BC_STRING_MAX               (1000)
      |         ^~~~~~~~~~~~~~~~~~~~~
/scratch/dima/rose-infra/RoSE/soc/sw/xpu-rt/zephyr-chipyard-sw/tools-manual/zephyr-sdk-1.0.0-beta1/gnu/riscv64-zephyr-elf/riscv64-zephyr-elf/sys-include/sys/syslimits.h:103:9: note: this is the location of the previous definition
  103 | #define _POSIX2_BC_STRING_MAX   1000
      |         ^~~~~~~~~~~~~~~~~~~~~
/scratch/dima/rose-infra/RoSE/soc/sw/xpu-rt/zephyr-chipyard-sw/zephyr_ws/zephyr/include/zephyr/posix/posix_limits.h:64:9: warning: "_POSIX2_CHARCLASS_NAME_MAX" redefined
   64 | #define _POSIX2_CHARCLASS_NAME_MAX          (14)
      |         ^~~~~~~~~~~~~~~~~~~~~~~~~~
/scratch/dima/rose-infra/RoSE/soc/sw/xpu-rt/zephyr-chipyard-sw/tools-manual/zephyr-sdk-1.0.0-beta1/gnu/riscv64-zephyr-elf/riscv64-zephyr-elf/sys-include/sys/syslimits.h:104:9: note: this is the location of the previous definition
  104 | #define _POSIX2_CHARCLASS_NAME_MAX      14
      |         ^~~~~~~~~~~~~~~~~~~~~~~~~~
/scratch/dima/rose-infra/RoSE/soc/sw/xpu-rt/zephyr-chipyard-sw/zephyr_ws/zephyr/include/zephyr/posix/posix_limits.h:65:9: warning: "_POSIX2_COLL_WEIGHTS_MAX" redefined
   65 | #define _POSIX2_COLL_WEIGHTS_MAX            (2)
      |         ^~~~~~~~~~~~~~~~~~~~~~~~
/scratch/dima/rose-infra/RoSE/soc/sw/xpu-rt/zephyr-chipyard-sw/tools-manual/zephyr-sdk-1.0.0-beta1/gnu/riscv64-zephyr-elf/riscv64-zephyr-elf/sys-include/sys/syslimits.h:105:9: note: this is the location of the previous definition
  105 | #define _POSIX2_COLL_WEIGHTS_MAX        2
      |         ^~~~~~~~~~~~~~~~~~~~~~~~
/scratch/dima/rose-infra/RoSE/soc/sw/xpu-rt/zephyr-chipyard-sw/zephyr_ws/zephyr/include/zephyr/posix/posix_limits.h:66:9: warning: "_POSIX2_EXPR_NEST_MAX" redefined
   66 | #define _POSIX2_EXPR_NEST_MAX               (32)
      |         ^~~~~~~~~~~~~~~~~~~~~
/scratch/dima/rose-infra/RoSE/soc/sw/xpu-rt/zephyr-chipyard-sw/tools-manual/zephyr-sdk-1.0.0-beta1/gnu/riscv64-zephyr-elf/riscv64-zephyr-elf/sys-include/sys/syslimits.h:106:9: note: this is the location of the previous definition
  106 | #define _POSIX2_EXPR_NEST_MAX   32
      |         ^~~~~~~~~~~~~~~~~~~~~
/scratch/dima/rose-infra/RoSE/soc/sw/xpu-rt/zephyr-chipyard-sw/zephyr_ws/zephyr/include/zephyr/posix/posix_limits.h:67:9: warning: "_POSIX2_LINE_MAX" redefined
   67 | #define _POSIX2_LINE_MAX                    (2048)
      |         ^~~~~~~~~~~~~~~~
/scratch/dima/rose-infra/RoSE/soc/sw/xpu-rt/zephyr-chipyard-sw/tools-manual/zephyr-sdk-1.0.0-beta1/gnu/riscv64-zephyr-elf/riscv64-zephyr-elf/sys-include/sys/syslimits.h:107:9: note: this is the location of the previous definition
  107 | #define _POSIX2_LINE_MAX        2048
      |         ^~~~~~~~~~~~~~~~
/scratch/dima/rose-infra/RoSE/soc/sw/xpu-rt/zephyr-chipyard-sw/zephyr_ws/zephyr/include/zephyr/posix/posix_limits.h:83:9: warning: "ARG_MAX" redefined
   83 | #define ARG_MAX                       _POSIX_ARG_MAX
      |         ^~~~~~~
/scratch/dima/rose-infra/RoSE/soc/sw/xpu-rt/zephyr-chipyard-sw/tools-manual/zephyr-sdk-1.0.0-beta1/gnu/riscv64-zephyr-elf/riscv64-zephyr-elf/sys-include/sys/syslimits.h:41:9: note: this is the location of the previous definition
   41 | #define ARG_MAX                 65536   /* max bytes for an exec function */
      |         ^~~~~~~
/scratch/dima/rose-infra/RoSE/soc/sw/xpu-rt/zephyr-chipyard-sw/zephyr_ws/zephyr/include/zephyr/posix/posix_limits.h:84:9: warning: "ATEXIT_MAX" redefined
   84 | #define ATEXIT_MAX                    (32)
      |         ^~~~~~~~~~
/scratch/dima/rose-infra/RoSE/soc/sw/xpu-rt/zephyr-chipyard-sw/tools-manual/zephyr-sdk-1.0.0-beta1/gnu/riscv64-zephyr-elf/riscv64-zephyr-elf/sys-include/sys/syslimits.h:42:9: note: this is the location of the previous definition
   42 | #define ATEXIT_MAX                 32   /* max atexit functions */
      |         ^~~~~~~~~~
/scratch/dima/rose-infra/RoSE/soc/sw/xpu-rt/zephyr-chipyard-sw/zephyr_ws/zephyr/include/zephyr/posix/posix_limits.h:93:9: warning: "OPEN_MAX" redefined
   93 | #define OPEN_MAX                      CONFIG_POSIX_OPEN_MAX
      |         ^~~~~~~~
/scratch/dima/rose-infra/RoSE/soc/sw/xpu-rt/zephyr-chipyard-sw/tools-manual/zephyr-sdk-1.0.0-beta1/gnu/riscv64-zephyr-elf/riscv64-zephyr-elf/sys-include/sys/syslimits.h:45:9: note: this is the location of the previous definition
   45 | #define OPEN_MAX                   64   /* max open files per process */
      |         ^~~~~~~~
/scratch/dima/rose-infra/RoSE/soc/sw/xpu-rt/zephyr-chipyard-sw/zephyr_ws/zephyr/include/zephyr/posix/posix_limits.h:96:9: warning: "PATH_MAX" redefined
   96 | #define PATH_MAX                      _POSIX_PATH_MAX
      |         ^~~~~~~~
/scratch/dima/rose-infra/RoSE/soc/sw/xpu-rt/zephyr-chipyard-sw/tools-manual/zephyr-sdk-1.0.0-beta1/gnu/riscv64-zephyr-elf/riscv64-zephyr-elf/sys-include/sys/syslimits.h:53:9: note: this is the location of the previous definition
   53 | #define PATH_MAX                 1024   /* max bytes in pathname */
      |         ^~~~~~~~
/scratch/dima/rose-infra/RoSE/soc/sw/xpu-rt/zephyr-chipyard-sw/zephyr_ws/zephyr/include/zephyr/posix/posix_limits.h:114:9: warning: "TZNAME_MAX" redefined
  114 | #define TZNAME_MAX                    _POSIX_TZNAME_MAX
      |         ^~~~~~~~~~
/scratch/dima/rose-infra/RoSE/soc/sw/xpu-rt/zephyr-chipyard-sw/tools-manual/zephyr-sdk-1.0.0-beta1/gnu/riscv64-zephyr-elf/riscv64-zephyr-elf/sys-include/sys/syslimits.h:46:9: note: this is the location of the previous definition
   46 | #define TZNAME_MAX                 10   /* max time zone name length */
      |         ^~~~~~~~~~
[78/127] Building C object zephyr/kernel/CMakeFiles/kernel.dir/device.c.obj
[79/127] Linking C static library zephyr/lib/libc/common/liblib__libc__common.a
[80/127] Building C object zephyr/CMakeFiles/zephyr.dir/lib/heap/heap.c.obj
[81/127] Building C object zephyr/kernel/CMakeFiles/kernel.dir/idle.c.obj
[82/127] Linking C static library zephyr/drivers/console/libdrivers__console.a
[83/127] Building C object zephyr/drivers/interrupt_controller/CMakeFiles/drivers__interrupt_controller.dir/intc_plic.c.obj
[84/127] Linking C static library zephyr/drivers/timer/libdrivers__timer.a
[85/127] Linking C static library zephyr/arch/arch/riscv/core/libarch__riscv__core.a
[86/127] Building C object zephyr/drivers/serial/CMakeFiles/drivers__serial.dir/uart_htif.c.obj
[87/127] Linking C static library zephyr/lib/libc/picolibc/liblib__libc__picolibc.a
[88/127] Linking C static library zephyr/lib/posix/c_lib_ext/liblib__posix__c_lib_ext.a
[89/127] Building C object zephyr/CMakeFiles/zephyr.dir/lib/os/cbprintf_packaged.c.obj
[90/127] Building C object zephyr/kernel/CMakeFiles/kernel.dir/system_work_q.c.obj
[91/127] Building C object zephyr/kernel/CMakeFiles/kernel.dir/kheap.c.obj
[92/127] Building C object zephyr/kernel/CMakeFiles/kernel.dir/busy_wait.c.obj
[93/127] Linking C static library zephyr/drivers/interrupt_controller/libdrivers__interrupt_controller.a
[94/127] Building C object zephyr/kernel/CMakeFiles/kernel.dir/init.c.obj
[95/127] Linking C static library zephyr/drivers/serial/libdrivers__serial.a
[96/127] Building C object zephyr/kernel/CMakeFiles/kernel.dir/dynamic_disabled.c.obj
[97/127] Building C object zephyr/kernel/CMakeFiles/kernel.dir/float.c.obj
[98/127] Building C object zephyr/kernel/CMakeFiles/kernel.dir/mailbox.c.obj
[99/127] Building C object zephyr/kernel/CMakeFiles/kernel.dir/sem.c.obj
[100/127] Building C object zephyr/kernel/CMakeFiles/kernel.dir/stack.c.obj
[101/127] Building C object zephyr/kernel/CMakeFiles/kernel.dir/fatal.c.obj
[102/127] Building C object zephyr/kernel/CMakeFiles/kernel.dir/timer.c.obj
[103/127] Building C object CMakeFiles/app.dir/scratch/dima/rose-infra/RoSE/soc/sw/xpu-rt/zephyr-chipyard-sw/modelblaster/examples/octo_small/int8/generated/scalar/kernels.c.obj
/scratch/dima/rose-infra/RoSE/soc/sw/xpu-rt/zephyr-chipyard-sw/modelblaster/examples/octo_small/int8/generated/scalar/kernels.c: In function 'kernel_mul_c1_s8_octo_small':
/scratch/dima/rose-infra/RoSE/soc/sw/xpu-rt/zephyr-chipyard-sw/modelblaster/examples/octo_small/int8/generated/scalar/kernels.c:325:11: warning: unused variable 'k' [-Wunused-variable]
  325 |     float k = (scale_gate * scale_x) / scale_out;
      |           ^
[104/127] Building C object zephyr/kernel/CMakeFiles/kernel.dir/mempool.c.obj
[105/127] Building C object zephyr/kernel/CMakeFiles/kernel.dir/condvar.c.obj
[106/127] Building C object zephyr/kernel/CMakeFiles/kernel.dir/mem_slab.c.obj
[107/127] Building C object zephyr/kernel/CMakeFiles/kernel.dir/msg_q.c.obj
[108/127] Building C object zephyr/kernel/CMakeFiles/kernel.dir/timeslicing.c.obj
[109/127] Building C object zephyr/kernel/CMakeFiles/kernel.dir/mutex.c.obj
[110/127] Building C object zephyr/CMakeFiles/zephyr.dir/lib/os/cbprintf_complete.c.obj
[111/127] Building C object zephyr/kernel/CMakeFiles/kernel.dir/queue.c.obj
[112/127] Building C object zephyr/kernel/CMakeFiles/kernel.dir/thread.c.obj
[113/127] Building C object zephyr/kernel/CMakeFiles/kernel.dir/pipe.c.obj
[114/127] Building C object zephyr/kernel/CMakeFiles/kernel.dir/timeout.c.obj
[115/127] Linking C static library zephyr/libzephyr.a
[116/127] Building C object zephyr/kernel/CMakeFiles/kernel.dir/work.c.obj
[117/127] Building C object zephyr/kernel/CMakeFiles/kernel.dir/sched.c.obj
[118/127] Linking C static library zephyr/kernel/libkernel.a
[119/127] Building C object CMakeFiles/app.dir/scratch/dima/rose-infra/RoSE/soc/sw/xpu-rt/zephyr-chipyard-sw/modelblaster/examples/octo_small/int8/generated/scalar/model.c.obj
/scratch/dima/rose-infra/RoSE/soc/sw/xpu-rt/zephyr-chipyard-sw/modelblaster/examples/octo_small/int8/generated/scalar/model.c: In function 'dispatch_octo_small_0':
/scratch/dima/rose-infra/RoSE/soc/sw/xpu-rt/zephyr-chipyard-sw/modelblaster/examples/octo_small/int8/generated/scalar/model.c:567:84: warning: implicit conversion from 'float' to 'double' when passing argument to function [-Wdouble-promotion]
  567 |     printf("=== MODELBLASTER_INSPECT_BEGIN [linear] === scale=%g dtype=i8 n=%d\n", 0.00792798307f, 6144);
      |                                                                                    ^~~~~~~~~~~~~~
/scratch/dima/rose-infra/RoSE/soc/sw/xpu-rt/zephyr-chipyard-sw/modelblaster/examples/octo_small/int8/generated/scalar/model.c: In function 'dispatch_octo_small_1':
/scratch/dima/rose-infra/RoSE/soc/sw/xpu-rt/zephyr-chipyard-sw/modelblaster/examples/octo_small/int8/generated/scalar/model.c:582:81: warning: implicit conversion from 'float' to 'double' when passing argument to function [-Wdouble-promotion]
  582 |     printf("=== MODELBLASTER_INSPECT_BEGIN [add] === scale=%g dtype=i8 n=%d\n", 0.00814698357f, 6144);
      |                                                                                 ^~~~~~~~~~~~~~
/scratch/dima/rose-infra/RoSE/soc/sw/xpu-rt/zephyr-chipyard-sw/modelblaster/examples/octo_small/int8/generated/scalar/model.c: In function 'dispatch_octo_small_54':
/scratch/dima/rose-infra/RoSE/soc/sw/xpu-rt/zephyr-chipyard-sw/modelblaster/examples/octo_small/int8/generated/scalar/model.c:1169:83: warning: implicit conversion from 'float' to 'double' when passing argument to function [-Wdouble-promotion]
 1169 |     printf("=== MODELBLASTER_INSPECT_BEGIN [cat_2] === scale=%g dtype=i8 n=%d\n", 0.00814698357f, 12288);
      |                                                                                   ^~~~~~~~~~~~~~
/scratch/dima/rose-infra/RoSE/soc/sw/xpu-rt/zephyr-chipyard-sw/modelblaster/examples/octo_small/int8/generated/scalar/model.c: In function 'dispatch_octo_small_56':
/scratch/dima/rose-infra/RoSE/soc/sw/xpu-rt/zephyr-chipyard-sw/modelblaster/examples/octo_small/int8/generated/scalar/model.c:1195:85: warning: implicit conversion from 'float' to 'double' when passing argument to function [-Wdouble-promotion]
 1195 |     printf("=== MODELBLASTER_INSPECT_BEGIN [slice_4] === scale=%g dtype=i8 n=%d\n", 0.0027811199f, 768);
      |                                                                                     ^~~~~~~~~~~~~
/scratch/dima/rose-infra/RoSE/soc/sw/xpu-rt/zephyr-chipyard-sw/modelblaster/examples/octo_small/int8/generated/scalar/model.c: In function 'dispatch_octo_small_292':
/scratch/dima/rose-infra/RoSE/soc/sw/xpu-rt/zephyr-chipyard-sw/modelblaster/examples/octo_small/int8/generated/scalar/model.c:3795:91: warning: implicit conversion from 'float' to 'double' when passing argument to function [-Wdouble-promotion]
 3795 |     printf("=== MODELBLASTER_INSPECT_BEGIN [layer_norm_33] === scale=%g dtype=i8 n=%d\n", 0.051795356f, 512);
      |                                                                                           ^~~~~~~~~~~~
/scratch/dima/rose-infra/RoSE/soc/sw/xpu-rt/zephyr-chipyard-sw/modelblaster/examples/octo_small/int8/generated/scalar/model.c: In function 'dispatch_octo_small_297':
/scratch/dima/rose-infra/RoSE/soc/sw/xpu-rt/zephyr-chipyard-sw/modelblaster/examples/octo_small/int8/generated/scalar/model.c:3854:84: warning: implicit conversion from 'float' to 'double' when passing argument to function [-Wdouble-promotion]
 3854 |     printf("=== MODELBLASTER_INSPECT_BEGIN [add_47] === scale=%g dtype=i8 n=%d\n", 0.00744598964f, 512);
      |                                                                                    ^~~~~~~~~~~~~~
/scratch/dima/rose-infra/RoSE/soc/sw/xpu-rt/zephyr-chipyard-sw/modelblaster/examples/octo_small/int8/generated/scalar/model.c: In function 'dispatch_octo_small_312':
/scratch/dima/rose-infra/RoSE/soc/sw/xpu-rt/zephyr-chipyard-sw/modelblaster/examples/octo_small/int8/generated/scalar/model.c:4023:87: warning: implicit conversion from 'float' to 'double' when passing argument to function [-Wdouble-promotion]
 4023 |     printf("=== MODELBLASTER_INSPECT_BEGIN [linear_82] === scale=%g dtype=i8 n=%d\n", 0.0487676449f, 56);
      |                                                                                       ^~~~~~~~~~~~~
[120/127] Building C object CMakeFiles/app.dir/scratch/dima/rose-infra/RoSE/soc/sw/xpu-rt/zephyr-chipyard-sw/modelblaster/examples/octo_small/int8/generated/scalar/weights.c.obj
[121/127] Linking C static library app/libapp.a
[122/127] Linking C executable zephyr/zephyr_pre0.elf
[123/127] Generating linker.cmd
[124/127] Generating isr_tables.c, isr_tables_vt.ld, isr_tables_swi.ld
[125/127] Building C object zephyr/CMakeFiles/zephyr_final.dir/misc/empty_file.c.obj
[126/127] Building C object zephyr/CMakeFiles/zephyr_final.dir/isr_tables.c.obj
[127/127] Linking C executable zephyr/zephyr.elf
Memory region         Used Size  Region Size  %age Used
             RAM:   221122656 B       256 MB     82.37%
        IDT_LIST:           0 B         4 KB      0.00%
Generating files from /scratch/dima/rose-infra/RoSE/soc/sw/xpu-rt/zephyr-chipyard-sw/modelblaster/examples/octo_small/int8/build/scalar/zephyr/zephyr.elf for board: spike_riscv64
MODELBLASTER_STAGE_END:build:35.940
[5/5] spike + compare
MODELBLASTER_STAGE_BEGIN:run
spike: /scratch2/dima/misc_sw/spike
=== MODELBLASTER_RAW_SPIKE_BEGIN ===
*** Booting Zephyr OS build ceb2b9c3fcc2 ***
modelblaster harness: model=octo_small in=503928 out=56
=== MODELBLASTER_INSPECT_BEGIN [linear] === scale=0.00792798 dtype=i8 n=6144
-49
-79
-27
-27
-29
5
-47
67
-28
-1
-6
-3
-31
47
17
59
36
-15
8
14
10
14
13
15
46
23
-1
-37
24
18
-1
8
0
-15
-17
-5
1
8
-22
22
-43
14
27
6
9
-3
5
17
-18
3
31
30
3
-25
21
58
11
39
10
-12
-18
-7
-8
-11
-61
62
2
52
25
-19
-12
-33
-14
-62
11
22
-33
-2
34
15
-3
9
-56
12
31
8
21
13
37
0
-7
10
18
0
1
30
3
-26
-59
-34
-27
16
57
41
1
17
23
13
19
68
-36
-40
-23
-8
-9
22
-18
48
-35
12
-12
-7
36
33
-25
-23
1
-9
8
-35
-28
71
-28
-7
23
36
50
-71
15
-14
-32
-3
35
-14
26
-23
-8
53
-48
22
-35
16
39
-15
-28
-49
-46
34
-39
-8
-5
82
25
-13
-42
-17
-7
-20
1
2
51
2
-2
2
28
0
-2
39
45
21
2
34
-24
-5
-12
45
9
59
-36
67
56
-85
21
-17
26
10
-17
-37
-40
0
18
-27
-52
-5
7
68
-50
-10
1
-1
0
-10
13
-19
-53
-25
66
-6
22
-5
-4
24
-32
4
1
-25
86
-30
13
33
42
0
9
18
-15
-67
-18
45
-30
-16
6
-12
36
-14
-25
39
-13
8
-18
-72
8
-57
19
-15
-32
28
50
19
-28
-36
47
1
-42
0
-19
-47
-1
42
27
18
-7
15
25
-15
-1
11
52
38
-24
22
57
-3
-35
24
-7
-13
32
26
26
-23
-28
28
1
-66
-36
62
-42
-63
21
16
20
-44
24
-19
4
52
1
17
6
-57
17
-43
7
-8
32
3
-35
20
17
-20
6
7
5
-25
32
2
22
50
-18
-38
-4
61
-24
-38
23
-74
-9
-14
-25
-27
-34
3
-23
-1
-21
10
30
1
64
-39
-70
16
-11
-79
21
-30
-6
2
-9
-7
-42
18
-3
-21
-14
-5
9
-13
-12
-15
2
-26
-37
30
-24
9
49
-1
-3
-35
-39
8
24
-4
45
-7
12
20
-7
-33
-20
4
51
2
-25
22
-43
-2
-34
2
39
-11
-46
64
11
31
-14
-7
-16
-16
19
25
-10
-11
-24
-36
-4
-28
-48
55
-6
1
-20
36
21
-49
8
-29
-38
-16
69
6
28
-17
28
26
-3
-24
-1
2
-4
54
-39
30
-6
39
9
57
26
-62
-17
5
-21
50
26
-46
16
37
5
0
37
-46
31
-3
42
19
-28
6
4
18
2
49
-12
11
3
14
-9
-17
32
-7
-22
-17
22
26
-22
58
18
-25
-20
15
54
-18
-54
-15
-45
-54
-38
-11
28
54
-59
29
-10
-4
48
40
21
-2
46
37
-7
25
-3
-32
-36
-10
-14
48
-22
33
-12
-52
89
1
18
-30
-2
42
53
-73
10
-12
-12
13
-75
-20
-10
-7
75
23
-18
10
39
15
-34
5
-78
31
-9
-15
-74
-9
-2
2
14
-45
-50
-60
-39
8
-17
-14
3
-10
7
15
-3
-28
2
4
-3
12
20
-57
-10
43
6
31
59
-10
-97
30
-16
44
33
-1
-6
-49
3
-36
19
22
47
-10
-49
-5
-32
-15
-48
5
13
-39
-23
-22
-58
30
-22
-13
19
8
3
-8
-25
-24
-42
-5
6
12
17
-10
5
-48
-6
97
-57
22
52
5
-10
-1
-38
-9
29
-3
-46
3
-64
39
35
47
17
72
-1
-9
11
-66
-9
45
44
-10
-17
-3
-8
13
40
0
33
55
-5
-20
-44
27
-24
19
43
9
-27
-37
65
38
-45
40
-23
0
-46
-50
35
-20
9
-34
14
34
-4
-32
-9
35
-18
35
-35
55
17
-5
-28
5
24
41
20
-3
29
-20
-15
-18
61
50
-69
-35
19
-41
-17
28
3
24
32
-51
40
-34
23
-20
21
-48
-89
-7
41
41
-22
18
21
-13
-16
45
15
0
-25
-17
-1
31
-1
3
47
8
-19
-7
22
-22
39
-30
13
-26
-30
3
-52
7
36
43
-51
8
3
21
-42
1
24
-9
-16
29
-22
-54
67
-31
31
17
-48
-13
51
-13
-20
0
-12
2
27
-17
-68
-15
12
-40
-75
21
19
2
48
-52
40
67
28
1
-34
16
21
9
22
-21
-30
-24
34
8
-26
29
2
9
-25
18
-12
-2
41
-45
24
-37
29
-14
17
-11
25
-67
-7
27
21
-25
24
17
12
29
-66
-37
36
66
32
-36
-21
-14
-19
-42
-32
65
10
6
-17
-5
-25
36
-38
29
44
-66
26
-35
8
16
41
31
-61
13
9
3
18
21
17
-13
-29
-44
0
29
37
-7
-4
-25
25
-4
-10
18
-39
-7
35
-32
-9
52
-44
5
0
2
-28
42
-23
-2
21
22
60
-18
17
-18
19
20
-1
-48
23
10
14
-14
-53
-50
-33
-1
-12
-36
-66
1
88
-33
-29
19
34
-60
8
18
-27
-27
-16
40
-4
-19
29
-57
16
7
16
23
-9
-6
26
-1
-35
-38
20
25
21
5
-11
-6
48
57
61
34
-44
-19
40
16
-62
3
-6
-6
0
-16
-4
-23
37
14
41
-16
-47
-40
25
12
-7
26
8
61
-61
-14
2
-12
-35
-3
39
6
-26
0
-2
-6
46
6
17
22
-2
24
-15
4
-18
-10
12
-3
-2
-35
-33
-32
-20
1
-18
47
62
14
58
3
-33
-43
-9
25
-18
60
-33
-12
65
25
31
-33
26
9
43
55
0
-7
7
-7
11
9
-42
-42
-27
-42
7
-23
-47
-45
14
-10
14
5
25
-27
-29
36
36
16
-23
46
2
-79
-12
10
-30
18
-9
7
-47
30
-2
-40
-1
58
18
-15
26
4
-14
9
12
12
-4
-9
14
-13
16
-15
-16
58
-39
1
5
-2
-46
-28
76
1
18
-21
-5
-26
16
0
-11
-5
14
9
35
-3
54
-29
10
-41
75
-33
14
-11
-44
50
20
-29
28
-32
31
-25
-47
-49
14
-30
9
8
62
34
27
-1
-17
-79
14
-30
43
-6
6
1
-7
12
-26
-25
17
31
-9
25
58
4
-71
1
-10
27
-12
-19
-28
55
43
-16
-33
3
-20
-20
-13
-13
26
-42
12
-61
19
-36
-25
12
-46
-27
-29
-5
2
-66
-10
-25
20
17
37
-2
44
-17
53
-6
-39
96
-18
19
11
-7
-4
44
-6
18
-3
-22
-17
-18
84
59
18
-5
-40
-45
13
-49
-1
-37
27
-39
-83
-4
-12
-15
52
36
84
9
-7
-25
29
31
-18
-38
30
27
-69
-6
41
100
24
-22
22
-48
34
12
-11
-1
42
9
-5
8
-13
-28
16
33
-21
10
33
-17
43
-32
-24
23
-18
30
5
2
3
-14
35
-9
-47
-45
4
21
-18
1
-72
-19
17
33
35
-57
35
-50
7
5
-16
-15
6
-51
32
13
-16
57
41
26
-55
1
-10
13
-18
-31
52
28
4
8
41
-44
-1
-34
3
-17
23
-7
25
-56
-22
-7
-5
21
19
-17
90
33
39
14
-24
-22
-24
-13
-33
7
37
-34
-11
75
13
30
19
-11
-7
-13
5
-3
30
4
16
-6
-59
-65
-30
30
19
-20
-30
-10
28
-38
-9
-2
-13
-18
10
-33
-49
16
-3
10
-31
-19
38
-42
23
16
-18
34
-51
41
-13
1
15
-7
24
1
-45
36
28
28
-25
36
43
3
-59
6
-54
32
14
18
-25
41
5
-39
-21
3
-44
46
24
-6
-19
2
-9
-20
-23
13
22
17
100
1
19
39
24
16
35
34
6
-5
-7
17
-9
-41
4
-44
10
68
-53
27
-22
30
7
-5
-25
8
-7
9
-41
30
7
29
36
-26
-24
-37
-7
29
4
-11
14
2
-16
16
-34
25
-12
61
-23
76
13
-34
-5
40
-17
9
-30
-24
7
22
-42
-3
39
1
0
-8
51
-49
-51
-1
30
28
-12
-51
-29
66
-20
35
-1
31
-18
34
-2
29
7
45
-4
-27
30
6
5
35
14
-41
-5
-25
-23
-7
68
7
2
23
-37
27
21
-19
-1
-9
9
-67
27
-63
-9
13
-42
11
-41
-45
28
-76
59
13
-19
-34
-13
-14
-25
47
-9
-69
0
27
-16
-57
44
-2
-53
-40
14
27
5
-10
20
-31
12
-22
-1
-14
-20
-78
-9
-36
70
-44
-23
23
60
20
1
-12
60
-20
1
20
4
18
38
-6
-36
35
-32
-19
21
8
-32
-17
11
-16
5
-47
93
-7
-22
16
12
42
-36
-14
-8
27
5
7
21
-19
-37
-16
20
-18
16
13
-2
8
-22
26
30
32
28
8
36
-41
30
35
17
50
-8
38
11
-39
-34
-10
22
-10
13
15
39
-15
23
-10
0
38
-28
-74
65
-40
-12
4
-36
32
6
-61
-9
41
52
-5
-3
42
38
-23
-22
27
22
-58
-21
-40
4
39
7
-18
-14
17
-59
-1
2
40
-51
-27
8
-43
-36
-1
-6
-4
-7
-10
36
15
25
3
-20
-25
27
-46
-19
28
14
18
49
-10
-14
-51
2
10
-5
-2
-20
41
-2
26
25
41
-11
85
-44
0
24
-11
45
32
-48
69
-28
-9
-70
20
-49
-39
11
35
-19
-53
39
48
9
19
-53
39
7
20
-5
-26
-24
31
6
51
2
-9
12
-22
-14
39
-11
6
30
-8
30
9
11
2
-17
-27
31
34
-41
49
68
-17
-21
7
-10
-14
-37
13
-56
3
-17
10
-17
-22
-21
-14
-37
49
9
-25
9
21
5
-31
6
0
-45
-22
-8
67
-37
-16
-82
-56
42
-30
39
6
13
-48
79
47
-31
-37
-8
-6
4
15
65
2
-18
13
-25
42
-49
24
-45
-39
18
17
-40
32
25
-38
-20
37
-46
-20
8
11
-23
-15
21
-44
-8
-19
1
-48
10
-32
11
-44
-49
-48
24
25
20
-6
7
-6
-15
-31
-1
-56
-25
-35
14
-4
-4
-43
46
14
-19
19
-4
8
32
-9
33
25
21
47
39
23
-26
15
-19
-98
45
35
-1
5
28
-4
12
-20
3
1
48
11
41
-11
16
5
5
56
-37
6
3
17
-85
42
27
-14
-3
-15
-32
-2
9
-2
-2
71
29
-10
13
2
54
18
-13
19
12
-10
10
-15
-22
23
-47
30
11
-22
15
-50
-33
31
21
-39
-8
-20
-30
-48
-26
-46
3
29
-38
15
71
-2
-46
12
35
-26
46
-9
34
-10
12
-23
14
62
8
4
-3
28
12
9
-9
54
2
-22
52
-39
-15
6
16
-30
-44
-34
46
-17
27
-48
17
25
-23
-14
26
44
8
24
12
-41
-26
-11
16
53
1
6
7
-15
-7
2
-35
32
24
27
-22
11
14
14
-74
-37
-25
5
62
19
45
-48
38
3
-7
3
30
21
14
-42
38
7
-19
-33
-22
-35
64
-47
27
8
-16
2
23
-5
-17
13
14
-15
32
-13
-7
-47
31
-56
6
39
-57
22
-69
-31
-35
-24
75
-24
8
-59
3
-53
-44
3
-8
-4
56
-40
-3
42
8
-10
-3
-50
4
-18
12
14
-40
14
-5
-18
-20
-45
-4
-45
-49
5
32
57
43
59
10
-43
15
-29
-1
70
8
19
49
20
-47
-37
-70
-35
32
-9
-7
7
-19
36
12
50
-25
-9
55
14
-1
-2
-2
39
-19
58
30
-23
-58
-3
-5
20
-9
-69
42
-5
14
-2
40
24
12
-2
-30
-11
60
-27
-50
59
25
-62
-54
-23
22
7
-17
-6
-7
20
-59
26
-61
-11
-19
-28
25
-12
4
14
30
-12
13
67
-1
20
-4
-32
-29
6
14
-68
-16
15
-13
-8
30
-19
-64
42
-23
-35
3
-88
33
-49
-22
41
-19
34
32
58
-20
47
60
22
-91
10
1
13
77
-14
9
-6
-9
-42
9
-23
27
37
-55
24
-51
26
-3
-8
-45
8
-10
-24
-10
37
-20
-85
6
-53
18
-30
-25
50
44
57
-21
-56
-19
-45
19
-14
-67
-3
0
70
26
-29
-2
-19
49
62
19
-10
75
38
16
-40
8
-21
-3
31
18
-14
-7
32
17
-13
8
-35
38
-13
-3
-17
-39
45
-2
-1
13
24
30
15
6
18
-3
16
11
-59
65
-44
-15
49
11
51
11
7
0
16
21
-37
-26
78
2
36
15
25
-8
-82
12
48
33
19
40
-20
10
22
34
3
5
-20
-21
-28
-3
28
-15
-24
25
-26
-51
-10
-20
22
-14
32
9
30
43
4
-6
25
35
-1
-7
35
-73
-40
26
41
83
-13
-59
-55
40
10
-16
3
-59
-21
-1
1
-5
-9
-60
8
12
49
-24
43
-13
-55
-48
21
-24
53
-33
50
-54
0
-31
-2
17
0
-4
-42
-6
-60
0
-65
37
7
14
-17
-3
-2
-17
-10
-55
-52
35
13
27
18
6
-61
20
30
2
-34
-77
-34
-35
-4
28
-69
-1
-17
-26
27
-12
20
26
-4
5
15
31
44
3
13
-70
-22
4
6
-23
3
-25
-6
-15
19
1
-21
52
-35
25
-4
-9
28
-19
30
12
26
65
-88
5
1
-25
-24
-4
4
20
56
18
14
-9
-36
18
73
23
-2
7
14
-3
-59
-41
-7
-3
21
13
44
-38
12
15
10
-13
-10
-53
-56
39
-94
15
20
-6
-61
33
7
-23
-36
-80
4
73
1
-9
-25
-34
57
25
92
2
7
-20
19
38
-20
-14
9
12
-16
-30
43
-1
-19
10
-10
-19
-17
70
-14
-24
16
-4
25
-11
7
-24
21
-36
28
-26
-37
79
-37
-76
31
18
7
-3
-36
31
-31
25
-72
-20
23
-92
86
-31
-23
33
28
-9
25
28
-30
-31
-41
60
3
-18
51
-20
-26
20
44
-44
-27
8
-7
-66
-31
27
72
-4
13
-19
26
1
-5
29
-11
-16
-22
15
45
9
15
17
34
48
-62
-18
-6
-11
72
-17
8
-20
22
-48
34
-13
87
3
-30
12
42
-15
23
-21
-25
-7
16
37
3
11
32
-8
-12
33
-27
-48
-26
-42
6
37
19
25
-45
66
-14
-13
37
-44
19
13
22
10
-15
34
52
67
7
-19
-26
-24
62
37
0
22
12
-16
11
-45
-24
12
36
17
-26
-16
22
-40
-23
24
-49
-12
28
-4
-13
8
44
1
20
-24
-71
32
-20
-14
-13
-12
-7
-4
9
35
-18
66
-88
-49
-13
-24
-42
-9
-24
-16
-59
8
10
7
28
24
74
-59
11
13
-2
48
-6
39
-37
23
16
-33
-42
14
-10
22
1
-11
-54
-10
18
31
26
44
-1
-1
-31
-17
-23
33
13
2
13
-60
1
-6
-12
-1
-26
13
38
-27
-16
-34
-13
0
2
-20
3
17
5
11
10
-35
28
10
-69
-15
-14
-5
26
17
10
-8
54
7
-17
19
43
-45
-14
-37
-6
-32
-21
1
15
42
-17
67
65
-21
2
-6
-51
11
23
-35
1
19
-54
39
-71
41
11
-11
12
18
-6
28
-6
48
22
-19
-41
-21
16
25
-49
-27
54
19
-26
35
28
66
-8
-32
18
26
31
-2
-38
-34
-24
43
-28
-18
0
72
13
-23
15
-30
12
-13
-7
-16
7
16
36
-1
8
-34
-12
5
-34
30
23
15
-30
31
-24
46
24
-42
58
13
53
39
14
12
1
-55
-15
46
24
-9
48
-30
-5
12
-1
-51
13
28
-23
26
-13
-42
8
48
-43
15
-29
6
-15
-48
12
-34
-21
18
-37
-23
42
55
-20
-20
4
44
-17
30
25
-4
27
-39
-21
-62
42
12
31
18
18
-6
42
-65
6
-41
-32
14
-21
-29
-28
0
45
14
-9
50
12
-1
-13
-5
-28
-8
34
19
-56
-68
-14
-2
-29
25
6
-26
0
-34
90
67
43
9
-33
15
28
22
-26
30
-15
54
-49
-64
-8
-17
-10
50
10
1
81
34
1
-14
-7
-5
5
29
26
-51
48
-8
27
5
-14
-13
-31
-6
13
47
83
-43
11
36
-12
26
15
-17
-3
5
-16
-36
18
-3
9
8
27
-28
12
1
4
-15
-20
12
14
-44
-47
-39
12
-6
-41
18
-2
-19
23
1
14
28
-5
33
-3
36
-44
-20
-92
-6
-30
-51
-7
24
-6
-56
18
30
-8
50
-44
-42
4
2
124
-3
-14
2
19
6
-2
-13
15
-26
11
-10
27
1
-25
-39
-35
-6
-44
16
-10
39
19
24
14
-65
-20
-3
71
13
-46
-62
0
4
47
-2
3
8
7
52
-24
-29
-33
5
-13
30
22
15
3
27
-16
-25
-7
-64
-23
-20
29
10
-45
28
23
11
4
-29
-42
-39
-2
-12
63
28
-18
-19
-48
6
-11
24
-4
-44
-18
34
-18
83
-6
9
-13
-35
-63
10
-5
-19
-3
44
-14
17
-60
-64
-26
-46
13
14
16
-21
-15
-19
-24
-18
9
24
-27
-61
-32
-8
-35
1
52
55
8
-5
11
-11
4
21
-27
30
-25
2
35
13
19
-21
-56
0
-30
21
-8
45
51
-49
20
47
-39
-9
2
-26
-45
-2
5
13
33
29
-9
-3
14
-73
15
-38
-39
9
25
8
-5
-7
-38
63
-11
3
42
-29
20
-58
-11
5
2
49
17
-6
67
8
-35
-41
-40
56
5
-40
18
13
0
17
-24
-36
3
-49
30
-23
53
9
-32
-30
-31
45
16
-66
-32
-8
59
30
-3
27
1
-23
52
40
46
33
-28
58
22
15
50
-22
-4
16
6
83
59
-4
-33
-24
29
-42
11
22
19
-44
21
8
-19
6
3
3
0
-29
-12
-23
12
39
-2
14
13
-62
45
-20
6
-19
21
-7
43
-8
-12
-20
3
-4
39
-1
-32
83
49
-14
-35
-12
-2
11
55
-14
-35
2
13
28
5
57
-66
-9
15
-24
39
23
32
-4
-38
26
10
45
-20
-23
-15
-70
45
-34
28
-34
-42
-62
42
12
11
-3
-6
70
65
-6
-14
1
-4
-22
2
14
-53
27
-7
0
-41
16
-11
3
-59
39
-15
-20
23
0
26
34
8
57
-40
7
15
59
-13
1
17
-23
35
-36
36
-28
1
28
26
66
4
10
4
8
0
53
-44
35
-31
55
-1
-69
20
58
36
63
21
14
21
-66
-41
-19
47
11
-25
35
-32
-20
-45
-33
26
39
24
-34
-64
38
-14
14
-82
-21
3
-8
23
8
-5
-23
15
-28
-7
9
29
-7
-3
-26
-10
31
-23
-18
-43
82
39
-23
-73
-28
10
34
-44
-30
-7
2
-37
6
-32
23
1
-12
39
20
31
22
33
-9
-5
-32
29
-11
1
-3
-46
-13
1
14
29
-67
-30
-5
-13
38
29
47
2
-35
-47
9
50
28
-45
-46
22
-35
-13
-10
-6
42
-22
49
-24
-30
9
-14
4
-33
-12
-17
-19
26
73
-70
20
-27
12
-19
8
-12
-11
44
27
30
-86
-18
-40
-19
4
24
8
-7
-10
-23
57
33
42
-23
-30
1
27
38
17
9
-23
66
34
-12
19
-61
17
39
-8
10
-8
-16
-36
-61
8
44
-18
-2
-27
-9
12
28
-39
23
33
-71
18
-20
-54
-71
11
3
18
24
-70
-24
-30
-3
-6
2
51
0
-11
-26
-48
41
25
-28
-12
48
-30
-4
33
29
59
12
38
57
-18
6
-38
44
21
-14
17
-20
-27
-9
-56
18
38
40
34
11
-16
-19
-7
9
-6
-37
-22
17
32
41
-35
4
-10
59
-20
-22
-5
-52
1
-21
38
-14
42
-12
-15
-40
-17
3
8
43
1
-3
17
29
-19
42
-4
12
0
8
-20
-8
22
-50
-18
-3
-36
-15
4
-47
-2
18
-19
-9
-2
-12
21
-8
-5
-34
-8
-49
4
-18
-31
1
59
-22
31
6
-29
36
-60
-23
-15
0
42
-12
27
-3
15
-14
-14
15
-29
20
16
-15
15
9
18
-65
-17
1
4
-16
-2
13
14
12
-32
13
-15
32
12
18
7
-64
39
-13
-6
23
-1
-43
-10
-23
-22
11
-12
8
-50
1
13
5
41
36
-13
-13
18
-22
-5
-4
-7
-6
-18
18
-6
-29
-30
-42
21
19
90
17
61
1
41
23
-8
0
34
-55
-5
36
37
1
47
21
0
-26
-9
-11
-8
30
1
32
-44
18
30
16
11
-29
-7
-10
16
-56
-13
-15
-71
-4
-19
16
68
42
9
29
32
33
0
13
18
56
17
47
-34
48
50
-31
20
-4
-31
12
-52
-37
3
-27
2
-53
30
-5
-13
-52
3
25
7
3
-13
-48
-46
47
50
55
-14
10
34
-20
37
19
36
-25
33
-36
30
18
47
53
-2
2
-19
22
17
-3
-6
27
-10
-11
-31
15
34
-8
3
35
-11
45
-45
14
19
12
18
-47
49
-3
5
1
41
-2
-5
-23
-51
-14
-4
-49
-38
42
69
-50
34
14
-17
2
17
9
-16
25
-43
7
-13
-6
41
65
-67
-39
24
-16
-42
-68
2
16
-18
31
25
2
-26
35
17
-30
42
9
-85
27
20
-26
6
8
-29
-2
29
-8
6
10
-11
56
66
25
-35
10
47
-11
12
-26
-22
8
40
40
0
35
16
31
29
-13
24
33
-51
-36
-48
-44
37
-38
-26
32
63
61
27
27
43
-60
-35
21
2
31
50
-23
-33
22
-61
64
7
34
-21
16
-3
15
81
0
15
-65
-2
34
-41
-12
-6
33
55
-2
35
31
39
-25
-10
-42
0
-49
-86
10
-3
-29
56
-25
-29
22
8
29
-81
8
15
5
-22
7
4
-43
29
23
-1
22
3
6
6
40
-63
-5
-18
-28
-19
8
-13
-35
-74
-46
65
41
-38
35
12
10
-8
-22
0
-65
-43
17
25
-39
-30
43
-35
37
13
-28
-1
-7
-55
-30
25
36
25
25
35
9
-14
8
-44
-47
29
22
-31
-25
-39
26
8
50
-4
18
42
-53
-54
25
-34
-10
-58
1
-22
72
-24
-29
0
-7
-11
5
-63
-15
-15
-11
-46
-40
-9
3
-20
-9
7
61
5
79
47
-25
23
-16
-1
9
52
9
-40
-28
15
47
17
10
76
-38
-23
-10
3
26
1
24
35
34
58
34
-32
-54
-1
5
-1
-18
29
-41
-50
0
-3
35
-6
21
-32
29
5
-4
11
35
43
-28
17
11
-58
-37
-22
0
0
-29
-19
-31
-8
-18
-45
-3
3
15
16
-1
25
-52
-18
-37
-37
-50
66
44
33
9
58
-2
20
-7
-12
-10
-17
49
-1
-16
-9
36
22
11
-33
2
45
28
-22
-13
20
-13
49
31
-2
23
-14
-69
-1
57
37
-22
-17
-21
-26
19
-14
0
-33
-17
-2
-12
-10
20
-8
21
-4
28
-18
-11
-23
-26
58
-1
18
1
53
22
6
8
17
11
5
27
-55
-20
-10
-23
-46
49
-39
12
-25
17
34
39
24
-4
33
-46
-13
-15
-31
-62
49
11
4
-2
28
-5
-15
-17
64
-17
19
55
-49
-13
-16
-9
-14
34
-19
-41
-21
13
-1
9
-2
-19
51
10
-31
19
-22
0
15
41
49
8
-38
-92
14
26
10
52
-8
21
-50
-23
13
-22
-16
5
18
10
45
29
35
70
-36
18
31
10
10
18
-51
-43
28
11
43
-48
-6
-33
2
26
-4
-53
-18
-37
-56
6
-15
-31
-2
67
-43
-15
19
69
28
44
-4
-31
-39
-10
20
-13
43
-42
29
30
-25
-38
31
0
18
36
-44
-37
-2
-9
-25
8
-30
-36
22
39
-5
-37
-1
7
-28
6
-17
-10
10
3
-1
-38
57
0
28
31
49
105
38
-30
-5
-2
-6
-57
-34
-7
-19
29
-30
-2
5
2
53
58
34
31
-15
33
1
14
6
32
8
-28
-17
-13
41
19
-62
-9
-13
-56
-19
-2
37
-4
-38
33
5
18
27
19
18
-15
-52
-33
-16
-19
27
-22
39
26
-12
-21
-40
18
18
-28
-10
-9
26
-7
-43
-9
-17
6
-26
-23
-41
27
-56
22
3
20
-34
50
-8
-17
-16
-9
17
10
58
31
-21
-40
-28
-13
-4
25
7
25
-31
2
-74
-5
4
-31
-8
-14
19
-21
-39
-51
-3
-58
8
-36
9
17
-49
5
-26
92
-20
53
16
-19
-36
-14
-5
29
9
-5
45
26
21
-4
51
29
-18
-50
-53
-14
44
-22
-12
4
-52
-54
-26
-61
44
20
80
-23
-42
-1
43
-26
17
28
19
6
59
17
39
32
-21
17
-20
-20
-22
22
-23
-7
4
19
-15
-17
23
38
-34
26
-6
-59
-14
-46
1
-1
-19
7
-45
46
-66
31
11
-10
-30
-12
-38
-79
-59
-59
18
21
-18
47
-39
-32
44
-18
48
3
35
-17
-34
36
-41
37
8
8
26
-48
-27
8
-25
24
7
24
-1
-9
-3
36
-32
27
30
-6
16
-36
-21
13
-6
21
65
34
-30
-44
-10
27
-34
26
36
-5
24
-18
52
10
-43
1
-24
39
-21
28
-11
11
47
-23
-16
-24
49
26
1
-27
-50
-22
29
-19
44
-52
43
40
-23
23
-85
-2
-11
7
19
0
-38
-11
31
5
45
35
-15
44
-47
-21
-13
15
-9
-2
6
19
-33
19
-26
4
-75
-26
-15
-25
30
10
1
-29
-12
3
34
-12
42
35
6
18
-35
-16
1
-32
-61
-24
27
29
6
3
16
3
15
-27
4
-12
21
-13
-49
4
-36
-22
-1
12
1
3
27
80
11
-6
-43
-3
28
27
-77
-4
-14
36
43
-1
43
11
25
-15
-25
28
-9
-2
-1
16
27
34
-22
17
26
-54
-21
21
-75
8
-43
5
78
5
-33
66
-4
33
-28
36
20
-32
16
-9
-56
-18
22
-10
22
17
50
-12
23
-5
47
12
-69
19
92
-2
6
30
14
-5
-47
-4
-24
28
-13
-13
28
2
8
40
43
24
-12
1
-51
-8
-29
-16
1
-1
26
11
-23
11
-29
-24
0
-14
7
-30
-56
-24
29
57
-64
-13
8
-7
31
-32
8
-27
19
21
7
-37
30
0
9
-42
-27
12
-59
33
22
11
-41
-33
67
-35
-1
48
-4
25
-14
9
-13
1
46
-34
-47
10
29
-78
-22
-34
7
-67
15
0
13
35
40
14
-4
-18
-15
22
28
32
-59
-13
43
23
-30
44
-34
10
-40
35
17
4
14
-49
3
3
-16
-16
-21
21
28
-6
34
21
53
1
-7
18
-37
4
10
22
-28
-59
-37
32
2
7
19
27
45
-22
48
-20
18
31
11
16
63
82
-42
-8
54
24
-14
-43
-21
-45
-3
-15
-14
1
-35
-36
-79
-1
-13
-30
57
-10
-29
7
52
-3
29
30
35
36
-8
25
13
-45
7
37
-41
30
25
-57
42
36
9
-9
20
-21
40
-10
6
-18
-2
16
20
-56
-1
11
-9
22
39
11
32
-29
-2
-5
17
-59
37
-23
-9
0
-50
15
7
-10
-21
30
-4
21
3
40
31
-2
-24
46
-30
-6
-30
4
8
-89
-26
-49
-51
-31
22
7
-35
-18
-7
-69
11
-41
26
12
0
38
-39
-43
-20
23
83
69
-79
-21
-10
-53
4
-44
18
-11
8
-53
-24
-44
31
22
20
-24
21
39
-35
14
75
-15
21
-41
21
31
36
8
65
-27
-14
10
42
-15
-78
-25
15
8
6
-42
-25
15
12
21
-70
32
7
-38
-13
13
26
21
-14
-15
-44
-6
-41
-25
34
-6
-65
28
-56
-22
-27
-43
-49
23
-5
-68
8
39
-8
-45
32
24
-22
22
21
-12
56
23
-17
4
-9
-7
0
-53
82
-28
61
-57
40
32
12
-14
-14
39
25
20
31
69
53
-9
-8
-48
16
-3
-44
17
7
16
28
-13
64
-9
21
-69
-15
25
-70
50
-12
-75
40
15
36
49
-32
-14
38
-52
-33
8
11
7
16
-47
56
42
-9
-15
-24
-46
-39
-66
5
53
56
-13
12
-4
-63
-50
26
-31
7
32
39
10
11
45
-13
-12
26
-21
46
-54
-23
19
-11
-25
32
29
11
-35
12
7
54
11
21
-14
23
45
0
44
9
16
-8
-16
4
13
-6
-25
15
11
-9
4
-28
-3
-65
3
29
-43
-34
8
-30
-8
37
-31
43
-19
21
43
17
-34
-40
-4
45
-20
7
5
-35
40
17
-10
-35
-9
-83
-63
25
22
-16
17
-2
88
78
38
-24
13
16
33
-2
14
-17
-3
-4
64
-125
-6
-6
12
1
-7
57
-39
4
14
0
-10
35
-16
28
-11
-25
32
-26
22
-14
-19
57
61
-30
-17
15
-16
34
-8
-64
-5
-81
16
-58
27
46
-35
4
29
-22
-14
10
-45
-17
37
3
-9
22
-26
26
-14
-61
31
-64
21
46
16
-40
2
-18
19
20
16
28
72
-20
-35
4
-23
-31
-12
11
2
-27
-16
-17
36
-11
34
-5
40
-44
13
-7
-9
-2
-32
46
14
13
12
3
-39
-27
-13
-22
6
-40
5
0
28
-17
-91
-2
28
22
36
10
-43
48
-62
12
-16
33
71
-13
-22
-3
5
-13
-29
-13
2
41
-37
-26
0
44
18
1
57
22
5
3
17
86
-53
7
19
53
-25
56
-16
21
20
43
2
-56
29
-23
-62
-36
-19
2
-44
65
-51
-23
-28
14
-38
4
14
-28
-18
35
1
-46
42
-6
-16
-6
33
-11
-7
22
83
-59
21
-29
-19
-2
11
41
34
-15
16
17
-36
62
-38
-7
-43
50
-4
-53
-32
8
-7
39
11
39
23
44
-45
-5
-37
2
-1
-18
-5
-4
-40
31
-45
52
-47
-11
-42
69
-17
-66
19
0
-28
-16
15
-9
-27
-20
-54
-43
-18
-11
-22
-28
75
-49
27
21
39
21
11
-16
-5
48
-4
-7
-43
39
43
22
-11
21
-8
-46
-14
-17
3
-23
42
-24
-19
18
-31
30
-8
66
-69
4
-31
-4
70
-42
43
23
-13
-17
-18
-3
1
17
27
27
20
-14
21
31
-30
-1
-11
27
27
56
-62
-8
14
0
11
-39
31
102
-30
63
9
-32
20
19
-22
-35
-16
-55
-5
-23
49
-13
24
46
-4
-12
-37
28
-1
7
-20
-4
37
-32
-39
21
-86
-28
55
18
11
19
-44
-24
-19
25
23
-14
3
66
-12
19
7
46
-21
-47
9
-2
34
3
24
29
73
-13
8
3
-13
-1
15
42
-7
37
-29
9
-20
10
11
-2
32
14
-41
26
-2
-41
43
55
55
-65
46
15
-36
-34
18
-17
6
41
5
-42
-19
-48
3
-34
-30
-49
50
-10
-81
9
-81
36
-7
-16
36
-64
17
74
-12
8
-56
11
21
26
30
-27
12
-12
-29
37
42
-26
-16
-33
34
41
-4
10
7
-8
-37
38
-1
-32
-62
-6
-13
19
-3
-3
-3
24
-34
15
-55
11
-1
31
19
-18
-3
-31
23
28
-26
-20
4
-19
49
15
-10
9
0
-9
-32
35
40
73
-19
-3
38
-32
34
-25
66
2
62
-58
-38
46
12
13
-17
53
-11
-54
52
33
4
-64
-35
-32
-57
1
17
-1
-15
-42
29
-9
-48
7
-20
-40
35
-4
-18
-24
-17
10
23
12
-30
-8
45
-27
-33
96
57
25
26
15
-19
-9
39
21
42
39
-44
2
-5
-26
-41
-38
53
-14
-28
19
42
14
-42
-30
7
24
-13
0
4
-6
32
-48
12
30
29
127
-26
25
-13
56
72
21
-9
-36
46
3
-10
-16
3
29
4
-38
71
28
-6
-9
-44
16
-17
22
-7
-56
-23
-22
-65
29
-15
-95
18
-5
-15
39
22
33
12
34
-51
-46
-24
3
20
40
-35
5
37
60
-7
-36
-17
-25
-7
-19
-4
-34
-48
-25
-36
1
-21
-17
-5
-111
-36
23
-34
30
61
49
-1
6
-6
4
1
-29
18
25
-18
-19
-29
-26
-38
8
-35
12
-3
-33
50
-2
2
9
3
-25
25
-2
19
13
33
-10
13
51
-68
14
3
4
38
38
9
-45
-38
3
41
-1
11
57
-24
-17
8
-22
11
-1
36
-19
-24
22
-28
17
-18
74
32
-16
-7
-55
0
-2
39
12
49
-35
7
74
-16
4
-38
31
-14
21
12
-28
-7
34
-22
10
1
15
51
2
24
-2
33
-26
-24
-61
-12
-43
6
-3
-12
17
49
16
19
3
39
-12
22
-31
-7
-25
-6
46
11
-40
16
6
0
35
-15
-30
48
-24
-6
-15
-59
-22
59
14
-38
32
-8
-31
18
-7
-25
-67
-7
-39
14
-46
4
2
-24
49
7
-10
-34
29
-21
42
71
-19
-27
8
-20
95
-9
22
-46
36
59
-68
8
-15
-27
39
-20
-6
=== MODELBLASTER_INSPECT_END [linear] ===
=== MODELBLASTER_INSPECT_BEGIN [add] === scale=0.00814698 dtype=i8 n=6144
-47
-72
-28
-37
-33
8
-44
56
-27
-9
2
-3
-27
41
14
54
33
-18
-4
10
10
16
10
9
37
22
2
-26
29
14
-5
1
-2
-6
-13
-5
5
0
-26
24
-43
5
25
6
13
-1
1
15
-17
8
36
22
3
-26
17
49
12
42
17
-13
-15
-12
-8
-8
-56
57
20
55
11
-18
-13
-31
-7
-54
7
23
-31
-1
31
19
0
-1
-55
20
33
16
25
3
37
-5
1
18
25
-6
-2
33
2
-33
-59
-29
-12
11
55
37
-1
15
23
14
21
61
-37
-43
-27
-18
-10
29
-17
41
-40
18
-4
-16
32
34
-28
-27
6
-2
4
-38
-24
71
-29
-2
24
39
51
-79
18
-15
-21
2
31
-6
29
-18
-9
50
-44
25
-36
24
40
-12
-26
-48
-51
34
-33
-10
4
74
16
-15
-40
-12
-13
-20
4
-5
38
7
-2
4
24
-1
-7
33
34
29
-1
39
-30
-10
1
54
14
64
-34
66
51
-83
22
-22
25
16
-17
-37
-32
8
14
-26
-53
-9
14
51
-56
-17
5
4
1
-15
19
-20
-47
-29
64
-16
23
0
-5
18
-30
1
-9
-23
92
-27
14
36
32
1
-3
13
-15
-68
-18
49
-28
-13
4
-11
31
-19
-19
46
-6
12
-11
-62
8
-53
22
-10
-28
32
48
19
-30
-44
38
-5
-38
4
-22
-43
2
42
25
24
-12
19
31
-17
-1
2
54
37
-19
21
47
-7
-29
27
-3
-19
27
23
27
-22
-31
31
-10
-63
-34
50
-39
-66
22
14
17
-45
29
-13
7
52
0
18
13
-47
17
-44
8
-3
28
0
-39
20
8
-24
11
13
4
-29
26
10
20
50
-12
-34
7
54
-24
-41
11
-77
-13
-9
-21
-26
-34
-5
-21
-4
-22
1
27
1
72
-41
-65
22
-6
-81
24
-25
-8
1
-11
-13
-46
19
-12
-5
-10
-5
8
-15
-8
-9
-8
-20
-31
31
-20
3
55
-3
-5
-38
-40
6
26
-3
40
-6
12
17
-6
-32
-25
6
53
3
-18
25
-44
-1
-31
-1
42
-13
-43
56
5
23
-17
0
-15
-13
24
27
-10
-16
-24
-30
-5
-25
-39
49
-2
-2
-26
38
18
-45
8
-25
-40
-18
67
3
34
-19
31
18
-2
-29
6
-1
-7
57
-40
29
-8
37
6
53
21
-58
-19
-2
-22
50
26
-46
21
32
-6
-3
35
-47
37
-2
43
19
-25
10
9
16
7
50
-10
10
4
24
-5
-14
29
-5
-14
-12
18
26
-29
53
19
-24
-24
10
45
-19
-57
-14
-41
-65
-38
-14
25
53
-58
24
-15
-6
44
43
14
-4
49
38
-17
32
-4
-29
-36
-3
-14
46
-21
29
-15
-56
89
4
28
-31
-5
40
58
-72
12
-18
-14
9
-82
-13
-8
-3
68
19
-16
7
39
7
-31
7
-80
39
-7
-14
-75
-8
-5
3
16
-44
-52
-60
-38
2
-17
-18
2
-12
3
16
-4
-29
4
8
0
13
24
-65
-17
47
5
35
60
-9
-102
27
-11
46
30
-2
1
-48
1
-34
12
8
44
-15
-53
-8
-27
-25
-45
7
14
-41
-20
-14
-56
28
-25
-14
11
7
8
-2
-26
-24
-49
-1
1
11
19
-5
7
-48
-6
97
-63
22
48
11
-6
-3
-41
-12
27
-2
-42
5
-58
42
32
47
14
68
2
-8
6
-68
-8
48
47
-13
-18
-5
-11
11
40
3
29
57
0
-18
-46
26
-26
21
40
6
-23
-36
63
45
-49
33
-18
-4
-45
-49
38
-22
18
-38
11
33
-10
-27
-13
35
-18
35
-36
49
18
3
-18
5
24
39
16
-2
25
-18
-21
-16
64
52
-66
-36
15
-45
-16
31
6
26
34
-51
34
-36
23
-21
20
-39
-89
-3
43
38
-19
12
19
-17
-22
39
12
1
-20
-15
1
35
-2
5
47
12
-16
4
26
-26
35
-31
11
-25
-27
-3
-56
4
44
43
-51
14
3
23
-33
4
30
-6
-14
28
-19
-55
59
-27
30
13
-41
-16
50
-12
-21
2
-11
1
28
-16
-66
-10
14
-38
-68
23
17
-2
44
-53
37
58
27
-1
-33
23
17
9
22
-20
-35
-22
34
6
-20
28
3
11
-18
19
-13
-4
34
-42
18
-37
35
-15
16
-16
18
-68
-7
19
22
-19
20
11
9
25
-61
-34
34
62
33
-37
-27
-14
-27
-40
-29
66
5
3
-11
-10
-27
38
-39
29
43
-59
30
-34
6
16
43
32
-58
12
12
1
21
19
18
-12
-27
-37
0
28
36
-9
-5
-26
26
-1
-12
15
-40
-9
34
-37
-12
49
-38
1
-5
2
-26
44
-26
-5
21
21
63
-15
15
-13
16
17
-2
-44
31
8
11
-14
-42
-48
-29
7
-13
-31
-60
3
80
-27
-30
11
32
-61
10
25
-32
-29
-15
40
-4
-20
30
-58
19
8
14
20
-5
-4
32
1
-28
-47
18
21
22
2
-10
-6
49
55
56
33
-42
-18
46
16
-61
4
-3
-9
-10
-7
-1
-17
38
10
35
-13
-46
-40
23
8
0
25
9
60
-62
-14
0
-15
-37
-6
40
5
-21
2
-4
-3
44
4
10
28
5
22
-18
4
-9
-10
6
-6
-10
-34
-32
-31
-19
5
-12
46
61
15
49
1
-31
-43
-6
23
-14
60
-32
-13
67
27
33
-29
28
7
42
57
-4
-7
10
-5
10
7
-49
-44
-27
-42
6
-19
-48
-44
14
-4
16
5
20
-29
-32
34
34
13
-20
45
5
-76
-21
15
-32
12
-8
15
-44
29
-1
-40
0
51
16
-10
24
4
-10
8
15
10
-1
-10
12
-14
19
-19
-13
50
-40
-3
9
-3
-41
-26
73
-1
19
-23
-6
-27
18
-4
-8
-2
14
8
30
-4
52
-25
13
-37
71
-33
13
-10
-39
46
17
-28
25
-29
35
-25
-48
-44
15
-29
9
16
63
34
25
-5
-19
-81
11
-26
40
-3
5
-4
-6
10
-29
-24
22
32
-10
24
63
3
-68
-3
-12
28
-11
-15
-32
50
44
-14
-31
0
-24
-18
-14
-11
26
-40
11
-62
19
-30
-27
15
-47
-30
-32
-6
1
-65
-10
-26
20
19
35
-1
39
-18
53
-4
-38
94
-17
17
5
-6
3
43
-2
17
-7
-26
-24
-13
91
59
19
-8
-42
-43
10
-56
-5
-36
25
-40
-84
-4
-8
-14
45
36
82
7
-9
-22
25
28
-16
-33
28
27
-65
-8
40
94
22
-26
24
-49
33
14
-12
2
41
12
-4
9
-12
-24
18
35
-18
11
31
-15
42
-34
-22
25
-17
25
5
3
3
-20
40
-8
-46
-47
3
22
-17
-5
-71
-24
18
32
31
-58
37
-51
5
5
-10
-20
10
-50
32
13
-17
54
42
22
-50
0
-6
14
-18
-30
57
28
-3
7
42
-45
-6
-31
8
-17
23
-6
30
-61
-19
-14
-6
20
21
-14
87
33
39
12
-16
-21
-20
-15
-33
4
38
-35
-10
72
9
28
17
-5
-10
-11
8
-2
27
5
18
-10
-57
-63
-31
30
23
-18
-31
-15
30
-42
-7
1
-10
-14
11
-37
-47
9
-4
8
-29
-15
33
-38
27
11
-17
35
-51
37
-14
1
18
-8
22
1
-42
29
28
24
-28
41
42
2
-53
6
-51
30
14
23
-32
39
5
-39
-18
4
-39
47
20
-5
-10
0
-8
-16
-26
9
20
16
97
-2
23
40
20
7
30
25
5
-5
-7
22
-8
-40
5
-34
11
67
-55
32
-21
31
7
-5
-20
6
-6
4
-41
31
9
28
39
-25
-22
-36
-10
27
15
-8
9
2
-18
18
-34
27
-8
62
-27
76
11
-37
-3
39
-19
7
-30
-22
3
21
-33
2
35
8
5
-10
47
-48
-50
0
33
29
-11
-51
-30
65
-24
32
0
34
-17
34
-7
26
10
46
-2
-27
28
11
5
39
13
-37
-6
-26
-19
-8
65
10
1
23
-37
20
21
-21
-3
-8
10
-69
29
-67
-12
13
-48
12
-36
-46
33
-70
58
12
-15
-35
-13
-11
-22
42
-6
-67
-1
25
-19
-56
46
-3
-48
-41
14
26
5
-5
21
-28
11
-22
1
-14
-25
-81
-6
-32
65
-33
-22
22
57
21
0
-15
58
-21
2
17
4
13
40
-7
-36
31
-36
-18
12
9
-31
-16
13
-20
-3
-47
92
-9
-24
20
9
41
-37
-12
-1
23
1
10
26
-19
-38
-16
17
-15
13
8
-3
7
-22
23
24
26
27
8
37
-38
30
33
15
51
-6
41
11
-37
-35
-7
21
-8
16
15
38
-13
22
-10
2
39
-25
-78
65
-32
-13
5
-32
26
5
-60
-10
44
52
-9
-4
41
34
-25
-21
23
22
-58
-17
-41
7
36
1
-19
-15
17
-58
1
5
42
-45
-30
9
-40
-36
1
-10
-3
-6
-13
35
11
24
3
-13
-19
21
-45
-20
25
16
16
48
-10
-14
-52
0
12
-7
-3
-19
46
6
18
24
41
-6
78
-41
-1
24
-10
42
32
-45
65
-30
-13
-71
19
-47
-39
4
41
-18
-51
48
45
7
19
-50
36
9
19
-1
-27
-22
27
3
44
1
-6
11
-22
-11
32
-10
8
28
-7
29
8
9
-3
-16
-22
31
32
-36
49
67
-18
-24
7
-11
-11
-34
14
-53
2
-13
14
-21
-19
-18
-11
-34
49
13
-24
9
20
6
-29
5
2
-41
-24
-10
68
-42
-16
-77
-59
39
-34
35
4
7
-48
75
47
-29
-38
-3
2
8
15
59
1
-18
11
-24
42
-50
26
-41
-43
20
14
-37
31
24
-37
-16
36
-46
-16
11
9
-26
-10
16
-42
-11
-17
4
-44
11
-29
7
-43
-45
-50
25
25
17
-5
8
-2
-7
-28
0
-52
-25
-39
11
-2
-2
-39
48
17
-14
14
-6
8
26
-5
36
26
20
43
34
26
-21
15
-19
-94
42
33
-4
4
25
-1
15
-21
7
0
46
10
45
-5
14
1
5
54
-37
5
3
12
-84
38
25
-16
-4
-11
-28
-6
11
-4
-2
68
24
-8
12
6
49
9
-20
17
14
-5
10
-12
-16
24
-43
28
11
-19
17
-49
-33
29
19
-39
-13
-20
-30
-55
-24
-39
5
30
-37
19
67
4
-46
8
35
-24
49
-4
38
-18
12
-25
9
60
10
2
-7
24
15
14
-10
52
-5
-22
55
-42
-14
11
14
-29
-44
-32
47
-19
33
-48
20
22
-23
-10
26
41
7
24
12
-41
-25
-11
16
50
-5
8
9
-13
-7
-2
-35
31
20
26
-23
13
17
15
-68
-36
-24
4
59
17
42
-49
41
4
-3
4
29
21
10
-45
39
9
-27
-34
-22
-36
59
-50
16
9
-14
0
20
-10
-9
10
16
-23
36
-15
-12
-44
29
-54
2
38
-54
22
-67
-34
-36
-20
70
-18
12
-54
6
-53
-44
2
-9
0
62
-37
-2
42
5
-14
0
-50
1
-14
11
16
-39
12
-6
-18
-17
-49
1
-43
-49
13
43
58
40
55
12
-45
11
-32
-5
70
6
17
51
18
-42
-39
-71
-34
25
-12
-5
7
-19
29
8
44
-20
-7
55
11
-3
-2
-1
40
-22
57
31
-26
-50
-8
1
21
-6
-63
33
-9
16
0
41
24
16
-6
-27
-12
54
-23
-53
54
29
-57
-51
-25
19
4
-17
-2
-5
20
-53
25
-63
-9
-17
-35
29
-12
5
16
29
-14
9
70
-3
17
-5
-30
-25
8
10
-68
-17
13
-18
-8
30
-16
-57
40
-24
-32
2
-86
27
-47
-18
46
-13
36
31
60
-17
46
59
23
-88
8
6
18
75
-12
7
-3
0
-35
9
-21
24
35
-50
25
-48
27
-1
-5
-45
4
-15
-25
-9
38
-22
-78
7
-55
20
-27
-29
47
46
50
-29
-51
-16
-45
16
-6
-66
-2
2
69
24
-24
2
-14
49
64
15
-5
76
38
17
-44
9
-20
-4
33
15
-11
-2
34
15
-13
8
-35
38
-14
-5
-26
-44
41
0
-3
14
23
35
13
2
18
-7
17
11
-59
66
-47
-12
46
10
54
8
10
0
15
19
-40
-27
74
-2
36
11
26
-5
-79
12
46
28
20
44
-15
7
23
32
4
6
-17
-21
-24
-5
27
-15
-25
23
-21
-47
-12
-18
23
-17
33
4
28
46
1
-7
23
38
-3
-10
36
-75
-32
24
39
76
-7
-60
-54
38
12
-8
3
-59
-23
-1
-3
-7
-10
-59
7
14
46
-23
36
-12
-55
-53
22
-24
54
-34
51
-52
1
-32
-2
24
1
-9
-40
-4
-60
0
-65
31
0
18
-15
-4
-3
-15
-18
-58
-49
32
15
26
18
9
-64
18
29
7
-33
-82
-35
-25
-3
30
-66
-5
-17
-23
25
-13
18
29
-10
11
18
30
42
2
10
-70
-19
1
11
-25
1
-22
-9
-13
18
1
-16
50
-38
23
-4
-9
29
-19
28
12
30
61
-90
8
-3
-28
-27
-9
3
12
57
16
18
-7
-34
17
65
26
-2
11
14
2
-64
-45
-4
-2
20
13
47
-34
18
15
9
-9
-9
-51
-54
36
-93
13
22
-5
-61
36
5
-21
-34
-79
4
71
-2
-11
-26
-30
59
17
84
4
5
-18
14
38
-17
-13
7
10
-17
-26
37
-2
-18
19
-6
-11
-14
71
-11
-23
12
-2
25
-11
9
-23
19
-29
25
-28
-34
70
-34
-78
30
19
4
-6
-31
34
-32
25
-72
-20
22
-88
85
-30
-20
34
32
-12
19
27
-31
-29
-44
59
6
-18
51
-18
-22
24
37
-46
-24
0
-4
-69
-28
21
65
-9
12
-18
22
1
-11
24
-11
-17
-21
12
51
14
19
19
31
45
-62
-19
0
-7
66
-13
9
-21
18
-45
32
-12
85
-1
-26
13
39
-18
23
-21
-27
-8
16
32
3
11
32
-5
-10
34
-31
-46
-27
-37
6
40
25
25
-47
65
-11
-13
35
-38
15
8
19
5
-20
32
52
68
5
-16
-21
-25
64
38
1
19
13
-19
14
-49
-21
16
31
16
-26
-13
21
-43
-20
17
-46
-8
23
-3
-8
6
47
-2
19
-29
-71
31
-19
-13
-11
-18
-4
2
12
35
-13
63
-78
-43
-16
-26
-38
-15
-27
-10
-54
8
7
3
31
25
78
-62
11
10
0
46
-6
40
-35
26
17
-26
-47
12
-10
25
-2
-13
-51
-12
17
26
27
41
-3
4
-34
-18
-25
37
12
8
17
-60
-6
-4
-12
-1
-29
9
38
-27
-14
-33
-15
0
-1
-25
8
13
5
11
12
-33
29
11
-66
-21
-18
-1
24
17
9
-9
51
2
-19
17
40
-44
-10
-34
-6
-35
-21
2
19
49
-19
64
63
-23
0
-4
-53
11
23
-27
3
24
-52
31
-74
41
13
-13
11
17
-4
33
-7
46
20
-17
-40
-21
14
24
-42
-28
55
18
-26
37
28
64
-7
-35
14
26
31
2
-43
-32
-24
49
-25
-13
1
76
16
-25
9
-31
13
-13
-4
-16
13
18
40
-1
10
-31
-7
5
-35
27
21
10
-30
30
-23
47
29
-39
58
9
46
40
10
12
1
-50
-13
46
27
-10
43
-26
-6
8
-3
-44
6
26
-28
25
-13
-41
15
48
-44
17
-30
2
-16
-45
13
-34
-19
11
-37
-24
41
54
-18
-12
2
44
-17
31
24
-5
31
-35
-27
-62
44
11
27
15
17
-13
35
-67
2
-38
-29
15
-21
-30
-28
6
43
15
-14
48
9
-4
-6
-5
-24
-8
36
19
-56
-68
-9
-1
-25
24
7
-28
1
-37
85
63
37
3
-35
15
33
22
-33
32
-17
50
-50
-60
-6
-12
-8
49
3
-1
76
29
4
-10
-10
-7
5
22
22
-48
44
-9
25
0
-13
-22
-29
-4
4
47
80
-46
15
35
-12
30
16
-17
-4
4
-15
-34
16
-1
11
3
28
-27
10
3
3
-10
-19
9
18
-36
-43
-38
15
-4
-40
16
-6
-24
22
1
15
23
-5
32
0
40
-41
-22
-84
-10
-30
-53
-12
25
-3
-60
20
34
-11
47
-45
-38
2
-2
121
-3
-11
0
21
4
-3
-16
12
-23
13
-14
26
1
-25
-34
-34
1
-41
15
-9
36
20
25
13
-66
-23
1
72
9
-46
-64
-4
9
38
-2
0
6
8
47
-24
-35
-34
8
-12
25
27
12
3
26
-17
-25
-8
-65
-24
-18
27
8
-42
22
21
10
0
-30
-43
-37
0
-7
57
29
-13
-17
-50
7
-14
28
-11
-45
-21
37
-20
84
-8
7
-19
-30
-62
3
-6
-14
-1
42
-17
16
-61
-66
-22
-44
13
11
13
-23
-11
-21
-23
-19
11
26
-24
-58
-32
-8
-36
7
48
56
11
-6
8
-9
-1
21
-24
28
-27
3
33
19
18
-26
-56
-4
-31
20
-7
47
46
-47
16
47
-42
-6
2
-21
-41
0
8
18
34
28
-12
-7
8
-67
12
-33
-39
8
26
7
-8
-6
-38
66
-10
3
41
-28
24
-57
-13
4
2
41
15
-4
66
9
-38
-39
-41
54
2
-37
24
14
1
18
-25
-30
1
-49
32
-19
53
6
-34
-29
-39
44
13
-64
-30
-11
61
29
-2
23
3
-26
49
41
45
24
-30
53
24
10
54
-20
0
18
3
82
60
-1
-30
-25
29
-42
9
25
22
-39
22
10
-13
8
7
4
-1
-30
-6
-20
7
41
4
11
14
-61
48
-21
8
-24
20
-18
45
-11
-8
-22
3
-4
39
-8
-27
82
48
-14
-34
-8
1
15
57
-12
-37
4
11
28
0
51
-64
-14
14
-23
37
20
32
-7
-29
20
14
43
-17
-26
-10
-74
48
-30
29
-33
-41
-65
37
11
11
-5
-8
73
69
-7
-17
1
-8
-24
-5
15
-51
23
-7
-4
-42
16
-11
10
-61
32
-14
-19
19
2
23
39
11
52
-36
2
12
53
-10
-1
18
-22
30
-33
32
-26
3
28
19
66
2
17
8
13
-4
61
-48
31
-27
50
5
-67
16
58
30
63
16
14
28
-63
-40
-18
45
14
-21
29
-33
-19
-41
-36
30
39
23
-37
-69
31
-14
13
-85
-19
0
-4
21
13
0
-21
18
-32
-7
10
38
1
-3
-28
-9
30
-25
-16
-37
74
35
-21
-71
-26
10
31
-44
-32
-5
1
-35
6
-30
21
0
-14
39
28
35
19
41
-6
-4
-27
28
-13
6
-4
-53
-8
1
15
27
-68
-28
-5
-18
37
26
49
6
-34
-48
13
53
28
-43
-40
22
-35
-19
-10
-4
45
-19
49
-25
-28
4
-11
8
-29
-7
-13
-17
22
72
-77
21
-27
17
-23
11
-14
-8
41
29
25
-85
-17
-36
-16
9
25
2
-7
-3
-17
59
38
38
-26
-34
2
22
34
17
6
-25
68
34
-8
17
-69
12
46
-4
6
-10
-13
-42
-58
6
39
-17
-5
-26
-8
14
24
-38
28
36
-72
15
-20
-52
-71
14
7
23
27
-63
-20
-28
-7
-9
0
50
-2
-9
-20
-47
41
21
-27
-11
39
-26
-9
34
29
62
14
35
56
-19
6
-37
42
18
-10
18
-12
-23
-13
-54
19
47
34
29
10
-15
-19
-4
14
-5
-36
-25
17
34
44
-33
2
-9
57
-19
-20
-6
-54
2
-22
42
-15
45
-11
-15
-34
-20
3
13
41
1
-8
18
30
-19
41
-4
18
2
8
-18
-14
24
-52
-17
-2
-33
-13
3
-47
2
15
-17
-6
-2
-9
17
-13
-4
-36
-12
-50
1
-24
-31
-4
57
-21
32
4
-26
32
-59
-23
-17
-3
35
-16
30
-1
13
-15
-15
9
-21
16
13
-17
15
10
17
-65
-16
2
5
-15
-5
7
16
17
-32
12
-18
30
7
19
10
-64
43
-13
-8
19
-4
-45
-8
-25
-25
13
-8
2
-48
-1
10
2
42
38
-13
-16
16
-20
-5
-4
-7
-7
-18
15
-3
-28
-33
-41
20
17
86
19
61
3
40
25
-8
1
30
-53
-2
35
39
0
48
20
-2
-25
-8
-18
-2
29
-1
31
-46
20
30
9
21
-28
-5
-8
18
-49
-10
-27
-70
-4
-19
10
70
46
10
29
33
24
0
14
18
52
19
47
-33
50
54
-32
23
-4
-27
12
-50
-30
3
-31
4
-45
25
-8
-11
-49
1
24
5
0
-13
-43
-47
40
52
54
-13
5
36
-17
35
14
32
-16
30
-37
34
14
48
52
0
1
-10
19
17
2
-3
28
-7
-13
-28
15
40
-9
6
26
-3
40
-43
11
17
8
18
-46
46
-1
5
1
43
-3
-9
-14
-56
-9
-4
-48
-37
39
70
-44
36
8
-18
-1
17
6
-12
23
-41
4
-12
-12
40
62
-65
-35
19
-16
-43
-64
-2
15
-11
32
28
9
-22
37
11
-27
40
5
-76
26
16
-17
4
11
-31
-9
26
0
6
14
-12
57
56
26
-36
7
45
-7
7
-26
-22
6
34
42
5
28
18
33
22
-13
29
28
-49
-36
-41
-46
35
-36
-28
26
65
62
22
22
33
-62
-36
14
6
29
47
-22
-28
24
-60
54
4
41
-25
18
0
15
82
-1
11
-64
1
27
-40
-15
-5
36
44
1
40
26
44
-26
-11
-41
0
-50
-81
16
-5
-25
48
-26
-26
24
5
32
-80
10
22
10
-19
8
6
-43
24
18
0
23
-1
4
2
40
-59
-4
-20
-29
-13
2
-12
-35
-64
-44
68
41
-42
26
15
12
-3
-19
-5
-63
-44
19
22
-55
-30
39
-28
32
11
-28
4
-12
-53
-26
21
30
29
30
40
6
-9
4
-41
-42
24
23
-28
-21
-40
25
9
41
-8
16
39
-59
-56
20
-27
-6
-55
0
-22
66
-23
-23
-3
-6
-1
1
-64
-19
-17
-12
-43
-39
-12
4
-24
-6
7
57
-4
77
51
-23
21
-18
-5
11
52
13
-35
-27
13
52
22
4
68
-37
-18
-11
10
23
-1
22
34
28
49
39
-35
-43
0
8
1
-19
29
-39
-47
3
0
35
-6
22
-31
18
8
-9
16
32
42
-29
15
15
-60
-35
-20
3
6
-26
-22
-28
-5
-25
-40
1
2
13
17
2
17
-48
-15
-39
-32
-51
59
47
28
10
60
-5
26
-5
-15
-6
-21
51
1
-12
-8
29
24
12
-34
2
48
28
-20
-13
26
-17
46
34
3
20
-11
-70
-1
60
38
-20
-17
-29
-28
24
-21
-3
-25
-15
4
-13
-15
17
-3
23
-3
24
-22
-14
-27
-23
59
-1
26
-3
56
24
15
5
19
18
8
31
-49
-21
-7
-22
-49
40
-39
20
-25
20
31
40
21
2
42
-48
-12
-11
-25
-71
54
4
3
-9
26
-9
-10
-25
64
-27
20
49
-46
-11
-10
-13
-9
39
-23
-44
-14
17
0
14
1
-22
45
14
-26
19
-19
-2
13
42
46
9
-35
-100
11
32
9
47
-3
25
-57
-26
8
-24
-16
8
16
4
43
27
26
73
-31
15
31
3
-1
18
-49
-45
28
6
51
-44
-10
-33
-3
17
-3
-56
-20
-35
-56
5
-14
-33
-1
64
-42
-13
19
67
28
37
-11
-29
-33
-10
26
-15
42
-38
26
27
-20
-36
32
-2
22
31
-43
-32
1
-19
-25
12
-32
-38
18
39
0
-30
2
7
-31
8
-13
-10
7
6
-5
-33
64
10
33
31
50
102
37
-30
-3
-5
-12
-56
-33
-1
-14
31
-30
6
9
-1
51
55
44
32
-15
36
5
10
5
32
9
-30
-8
-11
38
27
-59
-20
-16
-54
-20
-6
39
-5
-35
28
9
20
26
14
18
-16
-49
-37
-12
-20
31
-9
37
29
-17
-18
-39
18
18
-36
-16
-15
26
-4
-36
-5
-15
8
-26
-29
-44
22
-51
33
0
17
-26
45
-9
-17
-13
-9
23
10
59
36
-25
-43
-24
-18
-13
23
9
27
-35
-2
-74
-11
1
-29
-11
-15
18
-24
-35
-56
-4
-59
7
-42
13
14
-51
2
-30
91
-26
60
19
-12
-35
-12
-1
26
14
-5
48
26
22
0
56
34
-18
-52
-54
-18
52
-27
-16
-4
-55
-48
-24
-62
42
23
82
-21
-40
2
48
-29
13
39
22
1
61
21
38
29
-24
13
-19
-23
-26
21
-22
-7
9
15
-11
-9
30
35
-34
28
9
-59
-7
-50
-1
0
-19
11
-36
42
-66
35
18
-13
-33
-7
-39
-85
-57
-56
22
23
-15
48
-37
-31
40
-14
47
1
40
-22
-29
33
-37
33
9
5
26
-46
-28
7
-27
24
5
20
5
-4
-8
31
-26
25
27
-4
20
-35
-21
12
-9
20
59
25
-32
-43
-6
27
-35
23
41
-6
27
-16
54
8
-41
-2
-20
37
-10
24
-18
6
51
-22
-14
-21
49
16
-7
-30
-48
-19
28
-24
40
-52
43
44
-24
27
-78
0
-22
9
21
6
-38
-14
28
18
39
29
-14
37
-52
-18
-22
15
-4
6
8
19
-37
20
-27
4
-73
-19
-18
-22
32
10
7
-31
-8
-8
31
-8
42
29
7
18
-27
-14
-6
-33
-66
-24
29
26
7
3
11
1
16
-23
1
-18
19
-15
-43
4
-37
-26
-3
15
4
7
33
75
14
-6
-44
-1
33
28
-74
6
-10
34
30
0
40
4
29
-10
-29
25
-13
-1
-1
20
35
31
-23
15
23
-56
-21
18
-66
8
-30
0
81
8
-33
64
2
26
-26
33
20
-30
13
-7
-47
-15
21
-5
29
11
51
-14
28
-2
48
14
-66
17
89
3
15
31
18
-4
-47
1
-23
20
-14
-16
32
-2
8
34
39
20
-11
-2
-54
-15
-29
-18
0
-3
31
10
-16
20
-29
-18
3
-12
9
-30
-57
-26
25
49
-63
-6
11
-3
21
-31
4
-27
7
14
9
-31
32
0
13
-37
-31
9
-59
28
26
14
-45
-33
55
-29
1
53
-19
23
-11
2
-16
-1
39
-31
-48
15
32
-79
-20
-30
8
-68
6
1
7
28
45
15
-10
-22
-14
23
25
25
-55
-7
49
25
-28
46
-33
12
-44
38
24
0
17
-40
2
-1
-20
-14
-13
20
20
-14
30
21
54
-7
-14
18
-34
3
13
18
-26
-64
-36
43
10
6
19
34
36
-24
39
-22
18
28
2
30
63
81
-37
-3
57
23
-13
-41
-18
-46
2
-12
-8
-3
-30
-34
-79
-1
-14
-37
51
-4
-25
0
56
5
27
29
33
38
-13
31
7
-38
12
40
-41
28
26
-58
50
35
13
-9
14
-13
44
-2
10
-27
-3
18
20
-64
2
7
-4
25
40
11
34
-27
-1
-3
14
-59
43
-33
-11
-2
-60
6
3
-2
-21
33
-3
14
3
38
36
-5
-24
44
-31
-9
-25
-2
6
-85
-29
-51
-50
-33
18
-1
-37
-29
-10
-64
11
-44
23
10
-3
36
-29
-37
-18
32
88
67
-78
-22
-13
-56
1
-46
22
-1
-1
-56
-27
-47
19
23
15
-23
21
42
-35
17
61
-22
22
-39
12
36
35
6
53
-20
-13
4
41
-25
-80
-21
17
4
14
-43
-18
18
2
21
-71
29
18
-41
-14
18
21
16
-11
-18
-49
-14
-40
-24
39
-2
-56
26
-62
-20
-24
-32
-49
17
3
-72
0
45
-2
-48
28
26
-22
16
13
-17
52
24
-15
9
-16
-3
-4
-47
82
-25
66
-59
41
28
14
-18
-13
38
27
16
35
72
60
-4
-3
-46
17
-1
-40
17
7
16
33
-8
67
-7
16
-63
-4
17
-68
56
-10
-69
41
14
37
41
-32
-19
39
-48
-24
11
1
13
17
-54
50
39
-6
-15
-18
-48
-39
-72
6
53
45
-14
12
-14
-62
-45
23
-26
15
40
37
20
12
47
-11
-15
25
-21
41
-56
-18
17
-12
-22
32
27
12
-40
10
2
55
17
13
-17
21
39
-2
42
10
9
-3
-23
0
17
-15
-17
14
0
-16
5
-21
2
-68
-2
26
-41
-39
1
-23
-11
34
-29
41
-23
13
42
19
-32
-31
-10
42
-19
5
11
-44
34
16
-3
-39
-2
-88
-64
29
36
-11
17
-5
87
73
46
-21
8
21
34
4
14
-21
-3
-4
65
-127
-8
-3
11
2
-7
59
-41
9
9
-5
-1
39
-23
30
-11
-31
33
-31
23
-9
-31
56
58
-28
-13
13
-16
30
-1
-65
-5
-79
14
-47
21
51
-33
9
27
-20
-13
14
-44
-26
40
9
-8
30
-20
24
-19
-61
32
-67
21
42
21
-40
6
-27
27
19
9
40
63
-9
-34
-2
-25
-17
-7
13
1
-29
-15
-16
25
-15
33
-3
42
-38
9
-4
-17
-9
-36
41
6
15
12
-5
-36
-29
-19
-26
9
-35
7
6
23
-6
-87
-3
27
20
39
12
-45
44
-63
8
-19
28
56
-15
-24
-3
-5
-17
-34
-19
-5
36
-39
-28
5
32
15
7
55
21
17
4
16
80
-56
6
26
50
-24
57
-6
14
17
42
-12
-63
22
-23
-61
-34
-18
0
-38
61
-52
-24
-22
19
-32
-4
8
-43
-7
27
-1
-43
24
-15
-12
-14
25
-8
1
31
88
-56
23
-26
-19
0
4
40
35
-20
18
21
-36
60
-39
-14
-44
45
7
-58
-37
8
-11
39
15
41
23
42
-52
-2
-31
8
-3
-20
-2
4
-38
26
-44
50
-51
-5
-35
51
-16
-76
17
4
-24
-14
8
-17
-24
-14
-49
-38
-18
-3
-20
-20
72
-40
27
27
46
20
5
-11
-9
48
-5
-10
-34
42
46
20
-9
23
-11
-48
-12
-11
8
-12
47
-20
-25
18
-31
26
-2
65
-69
6
-20
-4
55
-52
39
28
-16
-28
-23
-10
-5
10
25
18
19
-12
17
33
-31
3
-6
29
29
59
-50
-7
16
-8
16
-33
27
91
-34
63
15
-29
25
29
-11
-35
-27
-56
-9
-15
55
-16
30
52
-14
-14
-31
20
-13
12
-26
5
39
-46
-36
22
-83
-35
42
23
1
20
-39
-27
-25
25
15
-9
0
62
-5
23
3
38
-17
-47
11
3
31
-1
31
27
74
-22
15
3
-10
-5
20
44
-11
37
-20
8
-15
13
8
8
36
15
-41
25
-10
-33
41
58
38
-69
47
13
-40
-26
23
-7
18
55
10
-43
-27
-44
12
-34
-31
-51
53
-16
-80
-1
-82
42
-16
-19
38
-58
16
63
-5
14
-51
17
25
28
37
-10
2
-10
-28
35
46
-29
-12
-44
45
42
2
5
13
-10
-29
27
0
-35
-64
-6
-20
14
-8
1
-1
7
-33
7
-57
15
-1
30
18
-21
-1
-35
22
27
-23
-17
7
-25
47
16
-11
4
3
-6
-44
39
38
60
-21
2
41
-34
45
-34
66
0
57
-61
-43
38
11
15
-15
55
-15
-58
52
33
12
-67
-31
-21
-60
-6
13
-9
-23
-45
19
-11
-51
7
-15
-46
38
-9
-6
-25
-13
7
19
23
-29
-13
55
-30
-28
88
64
23
30
22
-16
-14
59
17
46
30
-35
-1
4
-35
-38
-25
46
-15
-25
8
40
26
-40
-28
21
17
-9
3
2
-1
38
-42
2
25
35
121
-21
27
-15
51
87
11
-8
-31
28
2
-16
-22
3
41
8
-29
65
30
-6
-5
-47
16
-12
20
-20
-66
-22
-23
-57
32
-11
-95
14
-11
-14
39
26
24
13
41
-42
-50
-18
12
21
47
-29
1
37
44
-6
-32
-8
-23
-2
-35
-6
-30
-43
-26
-37
6
-26
-19
-2
-111
-25
29
-26
33
54
59
-3
15
12
3
4
-34
15
15
2
-15
-32
-29
-34
25
-31
3
-4
-37
42
-7
15
-7
-4
-25
28
-8
25
23
17
-6
13
59
-77
9
9
-12
24
29
-3
-46
-43
0
29
0
10
52
-16
-20
16
-19
16
6
28
-23
-31
30
-37
1
-21
71
26
-35
-2
-50
2
3
39
12
36
-33
-1
75
-19
15
-32
29
-8
13
12
-32
-2
50
-24
-2
6
17
39
-12
22
10
39
-36
-31
-54
-15
-53
2
2
-10
22
42
28
19
-2
45
-17
19
-25
-3
-22
-20
35
11
-49
27
14
5
35
-16
-29
54
-25
-7
-3
-57
-18
64
8
-39
34
-5
-21
11
-5
-6
-76
-10
-36
21
-55
6
10
-19
47
13
-11
-32
32
-19
44
71
-17
-20
-2
-24
88
-9
15
-58
33
46
-65
10
-29
-28
35
-18
-5
=== MODELBLASTER_INSPECT_END [add] ===
=== MODELBLASTER_INSPECT_BEGIN [cat_2] === scale=0.00814698 dtype=i8 n=12288
-47
-72
-28
-37
-33
8
-44
56
-27
-9
2
-3
-27
41
14
54
33
-18
-4
10
10
16
10
9
37
22
2
-26
29
14
-5
1
-2
-6
-13
-5
5
0
-26
24
-43
5
25
6
13
-1
1
15
-17
8
36
22
3
-26
17
49
12
42
17
-13
-15
-12
-8
-8
-56
57
20
55
11
-18
-13
-31
-7
-54
7
23
-31
-1
31
19
0
-1
-55
20
33
16
25
3
37
-5
1
18
25
-6
-2
33
2
-33
-59
-29
-12
11
55
37
-1
15
23
14
21
61
-37
-43
-27
-18
-10
29
-17
41
-40
18
-4
-16
32
34
-28
-27
6
-2
4
-38
-24
71
-29
-2
24
39
51
-79
18
-15
-21
2
31
-6
29
-18
-9
50
-44
25
-36
24
40
-12
-26
-48
-51
34
-33
-10
4
74
16
-15
-40
-12
-13
-20
4
-5
38
7
-2
4
24
-1
-7
33
34
29
-1
39
-30
-10
1
54
14
64
-34
66
51
-83
22
-22
25
16
-17
-37
-32
8
14
-26
-53
-9
14
51
-56
-17
5
4
1
-15
19
-20
-47
-29
64
-16
23
0
-5
18
-30
1
-9
-23
92
-27
14
36
32
1
-3
13
-15
-68
-18
49
-28
-13
4
-11
31
-19
-19
46
-6
12
-11
-62
8
-53
22
-10
-28
32
48
19
-30
-44
38
-5
-38
4
-22
-43
2
42
25
24
-12
19
31
-17
-1
2
54
37
-19
21
47
-7
-29
27
-3
-19
27
23
27
-22
-31
31
-10
-63
-34
50
-39
-66
22
14
17
-45
29
-13
7
52
0
18
13
-47
17
-44
8
-3
28
0
-39
20
8
-24
11
13
4
-29
26
10
20
50
-12
-34
7
54
-24
-41
11
-77
-13
-9
-21
-26
-34
-5
-21
-4
-22
1
27
1
72
-41
-65
22
-6
-81
24
-25
-8
1
-11
-13
-46
19
-12
-5
-10
-5
8
-15
-8
-9
-8
-20
-31
31
-20
3
55
-3
-5
-38
-40
6
26
-3
40
-6
12
17
-6
-32
-25
6
53
3
-18
25
-44
-1
-31
-1
42
-13
-43
56
5
23
-17
0
-15
-13
24
27
-10
-16
-24
-30
-5
-25
-39
49
-2
-2
-26
38
18
-45
8
-25
-40
-18
67
3
34
-19
31
18
-2
-29
6
-1
-7
57
-40
29
-8
37
6
53
21
-58
-19
-2
-22
50
26
-46
21
32
-6
-3
35
-47
37
-2
43
19
-25
10
9
16
7
50
-10
10
4
24
-5
-14
29
-5
-14
-12
18
26
-29
53
19
-24
-24
10
45
-19
-57
-14
-41
-65
-38
-14
25
53
-58
24
-15
-6
44
43
14
-4
49
38
-17
32
-4
-29
-36
-3
-14
46
-21
29
-15
-56
89
4
28
-31
-5
40
58
-72
12
-18
-14
9
-82
-13
-8
-3
68
19
-16
7
39
7
-31
7
-80
39
-7
-14
-75
-8
-5
3
16
-44
-52
-60
-38
2
-17
-18
2
-12
3
16
-4
-29
4
8
0
13
24
-65
-17
47
5
35
60
-9
-102
27
-11
46
30
-2
1
-48
1
-34
12
8
44
-15
-53
-8
-27
-25
-45
7
14
-41
-20
-14
-56
28
-25
-14
11
7
8
-2
-26
-24
-49
-1
1
11
19
-5
7
-48
-6
97
-63
22
48
11
-6
-3
-41
-12
27
-2
-42
5
-58
42
32
47
14
68
2
-8
6
-68
-8
48
47
-13
-18
-5
-11
11
40
3
29
57
0
-18
-46
26
-26
21
40
6
-23
-36
63
45
-49
33
-18
-4
-45
-49
38
-22
18
-38
11
33
-10
-27
-13
35
-18
35
-36
49
18
3
-18
5
24
39
16
-2
25
-18
-21
-16
64
52
-66
-36
15
-45
-16
31
6
26
34
-51
34
-36
23
-21
20
-39
-89
-3
43
38
-19
12
19
-17
-22
39
12
1
-20
-15
1
35
-2
5
47
12
-16
4
26
-26
35
-31
11
-25
-27
-3
-56
4
44
43
-51
14
3
23
-33
4
30
-6
-14
28
-19
-55
59
-27
30
13
-41
-16
50
-12
-21
2
-11
1
28
-16
-66
-10
14
-38
-68
23
17
-2
44
-53
37
58
27
-1
-33
23
17
9
22
-20
-35
-22
34
6
-20
28
3
11
-18
19
-13
-4
34
-42
18
-37
35
-15
16
-16
18
-68
-7
19
22
-19
20
11
9
25
-61
-34
34
62
33
-37
-27
-14
-27
-40
-29
66
5
3
-11
-10
-27
38
-39
29
43
-59
30
-34
6
16
43
32
-58
12
12
1
21
19
18
-12
-27
-37
0
28
36
-9
-5
-26
26
-1
-12
15
-40
-9
34
-37
-12
49
-38
1
-5
2
-26
44
-26
-5
21
21
63
-15
15
-13
16
17
-2
-44
31
8
11
-14
-42
-48
-29
7
-13
-31
-60
3
80
-27
-30
11
32
-61
10
25
-32
-29
-15
40
-4
-20
30
-58
19
8
14
20
-5
-4
32
1
-28
-47
18
21
22
2
-10
-6
49
55
56
33
-42
-18
46
16
-61
4
-3
-9
-10
-7
-1
-17
38
10
35
-13
-46
-40
23
8
0
25
9
60
-62
-14
0
-15
-37
-6
40
5
-21
2
-4
-3
44
4
10
28
5
22
-18
4
-9
-10
6
-6
-10
-34
-32
-31
-19
5
-12
46
61
15
49
1
-31
-43
-6
23
-14
60
-32
-13
67
27
33
-29
28
7
42
57
-4
-7
10
-5
10
7
-49
-44
-27
-42
6
-19
-48
-44
14
-4
16
5
20
-29
-32
34
34
13
-20
45
5
-76
-21
15
-32
12
-8
15
-44
29
-1
-40
0
51
16
-10
24
4
-10
8
15
10
-1
-10
12
-14
19
-19
-13
50
-40
-3
9
-3
-41
-26
73
-1
19
-23
-6
-27
18
-4
-8
-2
14
8
30
-4
52
-25
13
-37
71
-33
13
-10
-39
46
17
-28
25
-29
35
-25
-48
-44
15
-29
9
16
63
34
25
-5
-19
-81
11
-26
40
-3
5
-4
-6
10
-29
-24
22
32
-10
24
63
3
-68
-3
-12
28
-11
-15
-32
50
44
-14
-31
0
-24
-18
-14
-11
26
-40
11
-62
19
-30
-27
15
-47
-30
-32
-6
1
-65
-10
-26
20
19
35
-1
39
-18
53
-4
-38
94
-17
17
5
-6
3
43
-2
17
-7
-26
-24
-13
91
59
19
-8
-42
-43
10
-56
-5
-36
25
-40
-84
-4
-8
-14
45
36
82
7
-9
-22
25
28
-16
-33
28
27
-65
-8
40
94
22
-26
24
-49
33
14
-12
2
41
12
-4
9
-12
-24
18
35
-18
11
31
-15
42
-34
-22
25
-17
25
5
3
3
-20
40
-8
-46
-47
3
22
-17
-5
-71
-24
18
32
31
-58
37
-51
5
5
-10
-20
10
-50
32
13
-17
54
42
22
-50
0
-6
14
-18
-30
57
28
-3
7
42
-45
-6
-31
8
-17
23
-6
30
-61
-19
-14
-6
20
21
-14
87
33
39
12
-16
-21
-20
-15
-33
4
38
-35
-10
72
9
28
17
-5
-10
-11
8
-2
27
5
18
-10
-57
-63
-31
30
23
-18
-31
-15
30
-42
-7
1
-10
-14
11
-37
-47
9
-4
8
-29
-15
33
-38
27
11
-17
35
-51
37
-14
1
18
-8
22
1
-42
29
28
24
-28
41
42
2
-53
6
-51
30
14
23
-32
39
5
-39
-18
4
-39
47
20
-5
-10
0
-8
-16
-26
9
20
16
97
-2
23
40
20
7
30
25
5
-5
-7
22
-8
-40
5
-34
11
67
-55
32
-21
31
7
-5
-20
6
-6
4
-41
31
9
28
39
-25
-22
-36
-10
27
15
-8
9
2
-18
18
-34
27
-8
62
-27
76
11
-37
-3
39
-19
7
-30
-22
3
21
-33
2
35
8
5
-10
47
-48
-50
0
33
29
-11
-51
-30
65
-24
32
0
34
-17
34
-7
26
10
46
-2
-27
28
11
5
39
13
-37
-6
-26
-19
-8
65
10
1
23
-37
20
21
-21
-3
-8
10
-69
29
-67
-12
13
-48
12
-36
-46
33
-70
58
12
-15
-35
-13
-11
-22
42
-6
-67
-1
25
-19
-56
46
-3
-48
-41
14
26
5
-5
21
-28
11
-22
1
-14
-25
-81
-6
-32
65
-33
-22
22
57
21
0
-15
58
-21
2
17
4
13
40
-7
-36
31
-36
-18
12
9
-31
-16
13
-20
-3
-47
92
-9
-24
20
9
41
-37
-12
-1
23
1
10
26
-19
-38
-16
17
-15
13
8
-3
7
-22
23
24
26
27
8
37
-38
30
33
15
51
-6
41
11
-37
-35
-7
21
-8
16
15
38
-13
22
-10
2
39
-25
-78
65
-32
-13
5
-32
26
5
-60
-10
44
52
-9
-4
41
34
-25
-21
23
22
-58
-17
-41
7
36
1
-19
-15
17
-58
1
5
42
-45
-30
9
-40
-36
1
-10
-3
-6
-13
35
11
24
3
-13
-19
21
-45
-20
25
16
16
48
-10
-14
-52
0
12
-7
-3
-19
46
6
18
24
41
-6
78
-41
-1
24
-10
42
32
-45
65
-30
-13
-71
19
-47
-39
4
41
-18
-51
48
45
7
19
-50
36
9
19
-1
-27
-22
27
3
44
1
-6
11
-22
-11
32
-10
8
28
-7
29
8
9
-3
-16
-22
31
32
-36
49
67
-18
-24
7
-11
-11
-34
14
-53
2
-13
14
-21
-19
-18
-11
-34
49
13
-24
9
20
6
-29
5
2
-41
-24
-10
68
-42
-16
-77
-59
39
-34
35
4
7
-48
75
47
-29
-38
-3
2
8
15
59
1
-18
11
-24
42
-50
26
-41
-43
20
14
-37
31
24
-37
-16
36
-46
-16
11
9
-26
-10
16
-42
-11
-17
4
-44
11
-29
7
-43
-45
-50
25
25
17
-5
8
-2
-7
-28
0
-52
-25
-39
11
-2
-2
-39
48
17
-14
14
-6
8
26
-5
36
26
20
43
34
26
-21
15
-19
-94
42
33
-4
4
25
-1
15
-21
7
0
46
10
45
-5
14
1
5
54
-37
5
3
12
-84
38
25
-16
-4
-11
-28
-6
11
-4
-2
68
24
-8
12
6
49
9
-20
17
14
-5
10
-12
-16
24
-43
28
11
-19
17
-49
-33
29
19
-39
-13
-20
-30
-55
-24
-39
5
30
-37
19
67
4
-46
8
35
-24
49
-4
38
-18
12
-25
9
60
10
2
-7
24
15
14
-10
52
-5
-22
55
-42
-14
11
14
-29
-44
-32
47
-19
33
-48
20
22
-23
-10
26
41
7
24
12
-41
-25
-11
16
50
-5
8
9
-13
-7
-2
-35
31
20
26
-23
13
17
15
-68
-36
-24
4
59
17
42
-49
41
4
-3
4
29
21
10
-45
39
9
-27
-34
-22
-36
59
-50
16
9
-14
0
20
-10
-9
10
16
-23
36
-15
-12
-44
29
-54
2
38
-54
22
-67
-34
-36
-20
70
-18
12
-54
6
-53
-44
2
-9
0
62
-37
-2
42
5
-14
0
-50
1
-14
11
16
-39
12
-6
-18
-17
-49
1
-43
-49
13
43
58
40
55
12
-45
11
-32
-5
70
6
17
51
18
-42
-39
-71
-34
25
-12
-5
7
-19
29
8
44
-20
-7
55
11
-3
-2
-1
40
-22
57
31
-26
-50
-8
1
21
-6
-63
33
-9
16
0
41
24
16
-6
-27
-12
54
-23
-53
54
29
-57
-51
-25
19
4
-17
-2
-5
20
-53
25
-63
-9
-17
-35
29
-12
5
16
29
-14
9
70
-3
17
-5
-30
-25
8
10
-68
-17
13
-18
-8
30
-16
-57
40
-24
-32
2
-86
27
-47
-18
46
-13
36
31
60
-17
46
59
23
-88
8
6
18
75
-12
7
-3
0
-35
9
-21
24
35
-50
25
-48
27
-1
-5
-45
4
-15
-25
-9
38
-22
-78
7
-55
20
-27
-29
47
46
50
-29
-51
-16
-45
16
-6
-66
-2
2
69
24
-24
2
-14
49
64
15
-5
76
38
17
-44
9
-20
-4
33
15
-11
-2
34
15
-13
8
-35
38
-14
-5
-26
-44
41
0
-3
14
23
35
13
2
18
-7
17
11
-59
66
-47
-12
46
10
54
8
10
0
15
19
-40
-27
74
-2
36
11
26
-5
-79
12
46
28
20
44
-15
7
23
32
4
6
-17
-21
-24
-5
27
-15
-25
23
-21
-47
-12
-18
23
-17
33
4
28
46
1
-7
23
38
-3
-10
36
-75
-32
24
39
76
-7
-60
-54
38
12
-8
3
-59
-23
-1
-3
-7
-10
-59
7
14
46
-23
36
-12
-55
-53
22
-24
54
-34
51
-52
1
-32
-2
24
1
-9
-40
-4
-60
0
-65
31
0
18
-15
-4
-3
-15
-18
-58
-49
32
15
26
18
9
-64
18
29
7
-33
-82
-35
-25
-3
30
-66
-5
-17
-23
25
-13
18
29
-10
11
18
30
42
2
10
-70
-19
1
11
-25
1
-22
-9
-13
18
1
-16
50
-38
23
-4
-9
29
-19
28
12
30
61
-90
8
-3
-28
-27
-9
3
12
57
16
18
-7
-34
17
65
26
-2
11
14
2
-64
-45
-4
-2
20
13
47
-34
18
15
9
-9
-9
-51
-54
36
-93
13
22
-5
-61
36
5
-21
-34
-79
4
71
-2
-11
-26
-30
59
17
84
4
5
-18
14
38
-17
-13
7
10
-17
-26
37
-2
-18
19
-6
-11
-14
71
-11
-23
12
-2
25
-11
9
-23
19
-29
25
-28
-34
70
-34
-78
30
19
4
-6
-31
34
-32
25
-72
-20
22
-88
85
-30
-20
34
32
-12
19
27
-31
-29
-44
59
6
-18
51
-18
-22
24
37
-46
-24
0
-4
-69
-28
21
65
-9
12
-18
22
1
-11
24
-11
-17
-21
12
51
14
19
19
31
45
-62
-19
0
-7
66
-13
9
-21
18
-45
32
-12
85
-1
-26
13
39
-18
23
-21
-27
-8
16
32
3
11
32
-5
-10
34
-31
-46
-27
-37
6
40
25
25
-47
65
-11
-13
35
-38
15
8
19
5
-20
32
52
68
5
-16
-21
-25
64
38
1
19
13
-19
14
-49
-21
16
31
16
-26
-13
21
-43
-20
17
-46
-8
23
-3
-8
6
47
-2
19
-29
-71
31
-19
-13
-11
-18
-4
2
12
35
-13
63
-78
-43
-16
-26
-38
-15
-27
-10
-54
8
7
3
31
25
78
-62
11
10
0
46
-6
40
-35
26
17
-26
-47
12
-10
25
-2
-13
-51
-12
17
26
27
41
-3
4
-34
-18
-25
37
12
8
17
-60
-6
-4
-12
-1
-29
9
38
-27
-14
-33
-15
0
-1
-25
8
13
5
11
12
-33
29
11
-66
-21
-18
-1
24
17
9
-9
51
2
-19
17
40
-44
-10
-34
-6
-35
-21
2
19
49
-19
64
63
-23
0
-4
-53
11
23
-27
3
24
-52
31
-74
41
13
-13
11
17
-4
33
-7
46
20
-17
-40
-21
14
24
-42
-28
55
18
-26
37
28
64
-7
-35
14
26
31
2
-43
-32
-24
49
-25
-13
1
76
16
-25
9
-31
13
-13
-4
-16
13
18
40
-1
10
-31
-7
5
-35
27
21
10
-30
30
-23
47
29
-39
58
9
46
40
10
12
1
-50
-13
46
27
-10
43
-26
-6
8
-3
-44
6
26
-28
25
-13
-41
15
48
-44
17
-30
2
-16
-45
13
-34
-19
11
-37
-24
41
54
-18
-12
2
44
-17
31
24
-5
31
-35
-27
-62
44
11
27
15
17
-13
35
-67
2
-38
-29
15
-21
-30
-28
6
43
15
-14
48
9
-4
-6
-5
-24
-8
36
19
-56
-68
-9
-1
-25
24
7
-28
1
-37
85
63
37
3
-35
15
33
22
-33
32
-17
50
-50
-60
-6
-12
-8
49
3
-1
76
29
4
-10
-10
-7
5
22
22
-48
44
-9
25
0
-13
-22
-29
-4
4
47
80
-46
15
35
-12
30
16
-17
-4
4
-15
-34
16
-1
11
3
28
-27
10
3
3
-10
-19
9
18
-36
-43
-38
15
-4
-40
16
-6
-24
22
1
15
23
-5
32
0
40
-41
-22
-84
-10
-30
-53
-12
25
-3
-60
20
34
-11
47
-45
-38
2
-2
121
-3
-11
0
21
4
-3
-16
12
-23
13
-14
26
1
-25
-34
-34
1
-41
15
-9
36
20
25
13
-66
-23
1
72
9
-46
-64
-4
9
38
-2
0
6
8
47
-24
-35
-34
8
-12
25
27
12
3
26
-17
-25
-8
-65
-24
-18
27
8
-42
22
21
10
0
-30
-43
-37
0
-7
57
29
-13
-17
-50
7
-14
28
-11
-45
-21
37
-20
84
-8
7
-19
-30
-62
3
-6
-14
-1
42
-17
16
-61
-66
-22
-44
13
11
13
-23
-11
-21
-23
-19
11
26
-24
-58
-32
-8
-36
7
48
56
11
-6
8
-9
-1
21
-24
28
-27
3
33
19
18
-26
-56
-4
-31
20
-7
47
46
-47
16
47
-42
-6
2
-21
-41
0
8
18
34
28
-12
-7
8
-67
12
-33
-39
8
26
7
-8
-6
-38
66
-10
3
41
-28
24
-57
-13
4
2
41
15
-4
66
9
-38
-39
-41
54
2
-37
24
14
1
18
-25
-30
1
-49
32
-19
53
6
-34
-29
-39
44
13
-64
-30
-11
61
29
-2
23
3
-26
49
41
45
24
-30
53
24
10
54
-20
0
18
3
82
60
-1
-30
-25
29
-42
9
25
22
-39
22
10
-13
8
7
4
-1
-30
-6
-20
7
41
4
11
14
-61
48
-21
8
-24
20
-18
45
-11
-8
-22
3
-4
39
-8
-27
82
48
-14
-34
-8
1
15
57
-12
-37
4
11
28
0
51
-64
-14
14
-23
37
20
32
-7
-29
20
14
43
-17
-26
-10
-74
48
-30
29
-33
-41
-65
37
11
11
-5
-8
73
69
-7
-17
1
-8
-24
-5
15
-51
23
-7
-4
-42
16
-11
10
-61
32
-14
-19
19
2
23
39
11
52
-36
2
12
53
-10
-1
18
-22
30
-33
32
-26
3
28
19
66
2
17
8
13
-4
61
-48
31
-27
50
5
-67
16
58
30
63
16
14
28
-63
-40
-18
45
14
-21
29
-33
-19
-41
-36
30
39
23
-37
-69
31
-14
13
-85
-19
0
-4
21
13
0
-21
18
-32
-7
10
38
1
-3
-28
-9
30
-25
-16
-37
74
35
-21
-71
-26
10
31
-44
-32
-5
1
-35
6
-30
21
0
-14
39
28
35
19
41
-6
-4
-27
28
-13
6
-4
-53
-8
1
15
27
-68
-28
-5
-18
37
26
49
6
-34
-48
13
53
28
-43
-40
22
-35
-19
-10
-4
45
-19
49
-25
-28
4
-11
8
-29
-7
-13
-17
22
72
-77
21
-27
17
-23
11
-14
-8
41
29
25
-85
-17
-36
-16
9
25
2
-7
-3
-17
59
38
38
-26
-34
2
22
34
17
6
-25
68
34
-8
17
-69
12
46
-4
6
-10
-13
-42
-58
6
39
-17
-5
-26
-8
14
24
-38
28
36
-72
15
-20
-52
-71
14
7
23
27
-63
-20
-28
-7
-9
0
50
-2
-9
-20
-47
41
21
-27
-11
39
-26
-9
34
29
62
14
35
56
-19
6
-37
42
18
-10
18
-12
-23
-13
-54
19
47
34
29
10
-15
-19
-4
14
-5
-36
-25
17
34
44
-33
2
-9
57
-19
-20
-6
-54
2
-22
42
-15
45
-11
-15
-34
-20
3
13
41
1
-8
18
30
-19
41
-4
18
2
8
-18
-14
24
-52
-17
-2
-33
-13
3
-47
2
15
-17
-6
-2
-9
17
-13
-4
-36
-12
-50
1
-24
-31
-4
57
-21
32
4
-26
32
-59
-23
-17
-3
35
-16
30
-1
13
-15
-15
9
-21
16
13
-17
15
10
17
-65
-16
2
5
-15
-5
7
16
17
-32
12
-18
30
7
19
10
-64
43
-13
-8
19
-4
-45
-8
-25
-25
13
-8
2
-48
-1
10
2
42
38
-13
-16
16
-20
-5
-4
-7
-7
-18
15
-3
-28
-33
-41
20
17
86
19
61
3
40
25
-8
1
30
-53
-2
35
39
0
48
20
-2
-25
-8
-18
-2
29
-1
31
-46
20
30
9
21
-28
-5
-8
18
-49
-10
-27
-70
-4
-19
10
70
46
10
29
33
24
0
14
18
52
19
47
-33
50
54
-32
23
-4
-27
12
-50
-30
3
-31
4
-45
25
-8
-11
-49
1
24
5
0
-13
-43
-47
40
52
54
-13
5
36
-17
35
14
32
-16
30
-37
34
14
48
52
0
1
-10
19
17
2
-3
28
-7
-13
-28
15
40
-9
6
26
-3
40
-43
11
17
8
18
-46
46
-1
5
1
43
-3
-9
-14
-56
-9
-4
-48
-37
39
70
-44
36
8
-18
-1
17
6
-12
23
-41
4
-12
-12
40
62
-65
-35
19
-16
-43
-64
-2
15
-11
32
28
9
-22
37
11
-27
40
5
-76
26
16
-17
4
11
-31
-9
26
0
6
14
-12
57
56
26
-36
7
45
-7
7
-26
-22
6
34
42
5
28
18
33
22
-13
29
28
-49
-36
-41
-46
35
-36
-28
26
65
62
22
22
33
-62
-36
14
6
29
47
-22
-28
24
-60
54
4
41
-25
18
0
15
82
-1
11
-64
1
27
-40
-15
-5
36
44
1
40
26
44
-26
-11
-41
0
-50
-81
16
-5
-25
48
-26
-26
24
5
32
-80
10
22
10
-19
8
6
-43
24
18
0
23
-1
4
2
40
-59
-4
-20
-29
-13
2
-12
-35
-64
-44
68
41
-42
26
15
12
-3
-19
-5
-63
-44
19
22
-55
-30
39
-28
32
11
-28
4
-12
-53
-26
21
30
29
30
40
6
-9
4
-41
-42
24
23
-28
-21
-40
25
9
41
-8
16
39
-59
-56
20
-27
-6
-55
0
-22
66
-23
-23
-3
-6
-1
1
-64
-19
-17
-12
-43
-39
-12
4
-24
-6
7
57
-4
77
51
-23
21
-18
-5
11
52
13
-35
-27
13
52
22
4
68
-37
-18
-11
10
23
-1
22
34
28
49
39
-35
-43
0
8
1
-19
29
-39
-47
3
0
35
-6
22
-31
18
8
-9
16
32
42
-29
15
15
-60
-35
-20
3
6
-26
-22
-28
-5
-25
-40
1
2
13
17
2
17
-48
-15
-39
-32
-51
59
47
28
10
60
-5
26
-5
-15
-6
-21
51
1
-12
-8
29
24
12
-34
2
48
28
-20
-13
26
-17
46
34
3
20
-11
-70
-1
60
38
-20
-17
-29
-28
24
-21
-3
-25
-15
4
-13
-15
17
-3
23
-3
24
-22
-14
-27
-23
59
-1
26
-3
56
24
15
5
19
18
8
31
-49
-21
-7
-22
-49
40
-39
20
-25
20
31
40
21
2
42
-48
-12
-11
-25
-71
54
4
3
-9
26
-9
-10
-25
64
-27
20
49
-46
-11
-10
-13
-9
39
-23
-44
-14
17
0
14
1
-22
45
14
-26
19
-19
-2
13
42
46
9
-35
-100
11
32
9
47
-3
25
-57
-26
8
-24
-16
8
16
4
43
27
26
73
-31
15
31
3
-1
18
-49
-45
28
6
51
-44
-10
-33
-3
17
-3
-56
-20
-35
-56
5
-14
-33
-1
64
-42
-13
19
67
28
37
-11
-29
-33
-10
26
-15
42
-38
26
27
-20
-36
32
-2
22
31
-43
-32
1
-19
-25
12
-32
-38
18
39
0
-30
2
7
-31
8
-13
-10
7
6
-5
-33
64
10
33
31
50
102
37
-30
-3
-5
-12
-56
-33
-1
-14
31
-30
6
9
-1
51
55
44
32
-15
36
5
10
5
32
9
-30
-8
-11
38
27
-59
-20
-16
-54
-20
-6
39
-5
-35
28
9
20
26
14
18
-16
-49
-37
-12
-20
31
-9
37
29
-17
-18
-39
18
18
-36
-16
-15
26
-4
-36
-5
-15
8
-26
-29
-44
22
-51
33
0
17
-26
45
-9
-17
-13
-9
23
10
59
36
-25
-43
-24
-18
-13
23
9
27
-35
-2
-74
-11
1
-29
-11
-15
18
-24
-35
-56
-4
-59
7
-42
13
14
-51
2
-30
91
-26
60
19
-12
-35
-12
-1
26
14
-5
48
26
22
0
56
34
-18
-52
-54
-18
52
-27
-16
-4
-55
-48
-24
-62
42
23
82
-21
-40
2
48
-29
13
39
22
1
61
21
38
29
-24
13
-19
-23
-26
21
-22
-7
9
15
-11
-9
30
35
-34
28
9
-59
-7
-50
-1
0
-19
11
-36
42
-66
35
18
-13
-33
-7
-39
-85
-57
-56
22
23
-15
48
-37
-31
40
-14
47
1
40
-22
-29
33
-37
33
9
5
26
-46
-28
7
-27
24
5
20
5
-4
-8
31
-26
25
27
-4
20
-35
-21
12
-9
20
59
25
-32
-43
-6
27
-35
23
41
-6
27
-16
54
8
-41
-2
-20
37
-10
24
-18
6
51
-22
-14
-21
49
16
-7
-30
-48
-19
28
-24
40
-52
43
44
-24
27
-78
0
-22
9
21
6
-38
-14
28
18
39
29
-14
37
-52
-18
-22
15
-4
6
8
19
-37
20
-27
4
-73
-19
-18
-22
32
10
7
-31
-8
-8
31
-8
42
29
7
18
-27
-14
-6
-33
-66
-24
29
26
7
3
11
1
16
-23
1
-18
19
-15
-43
4
-37
-26
-3
15
4
7
33
75
14
-6
-44
-1
33
28
-74
6
-10
34
30
0
40
4
29
-10
-29
25
-13
-1
-1
20
35
31
-23
15
23
-56
-21
18
-66
8
-30
0
81
8
-33
64
2
26
-26
33
20
-30
13
-7
-47
-15
21
-5
29
11
51
-14
28
-2
48
14
-66
17
89
3
15
31
18
-4
-47
1
-23
20
-14
-16
32
-2
8
34
39
20
-11
-2
-54
-15
-29
-18
0
-3
31
10
-16
20
-29
-18
3
-12
9
-30
-57
-26
25
49
-63
-6
11
-3
21
-31
4
-27
7
14
9
-31
32
0
13
-37
-31
9
-59
28
26
14
-45
-33
55
-29
1
53
-19
23
-11
2
-16
-1
39
-31
-48
15
32
-79
-20
-30
8
-68
6
1
7
28
45
15
-10
-22
-14
23
25
25
-55
-7
49
25
-28
46
-33
12
-44
38
24
0
17
-40
2
-1
-20
-14
-13
20
20
-14
30
21
54
-7
-14
18
-34
3
13
18
-26
-64
-36
43
10
6
19
34
36
-24
39
-22
18
28
2
30
63
81
-37
-3
57
23
-13
-41
-18
-46
2
-12
-8
-3
-30
-34
-79
-1
-14
-37
51
-4
-25
0
56
5
27
29
33
38
-13
31
7
-38
12
40
-41
28
26
-58
50
35
13
-9
14
-13
44
-2
10
-27
-3
18
20
-64
2
7
-4
25
40
11
34
-27
-1
-3
14
-59
43
-33
-11
-2
-60
6
3
-2
-21
33
-3
14
3
38
36
-5
-24
44
-31
-9
-25
-2
6
-85
-29
-51
-50
-33
18
-1
-37
-29
-10
-64
11
-44
23
10
-3
36
-29
-37
-18
32
88
67
-78
-22
-13
-56
1
-46
22
-1
-1
-56
-27
-47
19
23
15
-23
21
42
-35
17
61
-22
22
-39
12
36
35
6
53
-20
-13
4
41
-25
-80
-21
17
4
14
-43
-18
18
2
21
-71
29
18
-41
-14
18
21
16
-11
-18
-49
-14
-40
-24
39
-2
-56
26
-62
-20
-24
-32
-49
17
3
-72
0
45
-2
-48
28
26
-22
16
13
-17
52
24
-15
9
-16
-3
-4
-47
82
-25
66
-59
41
28
14
-18
-13
38
27
16
35
72
60
-4
-3
-46
17
-1
-40
17
7
16
33
-8
67
-7
16
-63
-4
17
-68
56
-10
-69
41
14
37
41
-32
-19
39
-48
-24
11
1
13
17
-54
50
39
-6
-15
-18
-48
-39
-72
6
53
45
-14
12
-14
-62
-45
23
-26
15
40
37
20
12
47
-11
-15
25
-21
41
-56
-18
17
-12
-22
32
27
12
-40
10
2
55
17
13
-17
21
39
-2
42
10
9
-3
-23
0
17
-15
-17
14
0
-16
5
-21
2
-68
-2
26
-41
-39
1
-23
-11
34
-29
41
-23
13
42
19
-32
-31
-10
42
-19
5
11
-44
34
16
-3
-39
-2
-88
-64
29
36
-11
17
-5
87
73
46
-21
8
21
34
4
14
-21
-3
-4
65
-127
-8
-3
11
2
-7
59
-41
9
9
-5
-1
39
-23
30
-11
-31
33
-31
23
-9
-31
56
58
-28
-13
13
-16
30
-1
-65
-5
-79
14
-47
21
51
-33
9
27
-20
-13
14
-44
-26
40
9
-8
30
-20
24
-19
-61
32
-67
21
42
21
-40
6
-27
27
19
9
40
63
-9
-34
-2
-25
-17
-7
13
1
-29
-15
-16
25
-15
33
-3
42
-38
9
-4
-17
-9
-36
41
6
15
12
-5
-36
-29
-19
-26
9
-35
7
6
23
-6
-87
-3
27
20
39
12
-45
44
-63
8
-19
28
56
-15
-24
-3
-5
-17
-34
-19
-5
36
-39
-28
5
32
15
7
55
21
17
4
16
80
-56
6
26
50
-24
57
-6
14
17
42
-12
-63
22
-23
-61
-34
-18
0
-38
61
-52
-24
-22
19
-32
-4
8
-43
-7
27
-1
-43
24
-15
-12
-14
25
-8
1
31
88
-56
23
-26
-19
0
4
40
35
-20
18
21
-36
60
-39
-14
-44
45
7
-58
-37
8
-11
39
15
41
23
42
-52
-2
-31
8
-3
-20
-2
4
-38
26
-44
50
-51
-5
-35
51
-16
-76
17
4
-24
-14
8
-17
-24
-14
-49
-38
-18
-3
-20
-20
72
-40
27
27
46
20
5
-11
-9
48
-5
-10
-34
42
46
20
-9
23
-11
-48
-12
-11
8
-12
47
-20
-25
18
-31
26
-2
65
-69
6
-20
-4
55
-52
39
28
-16
-28
-23
-10
-5
10
25
18
19
-12
17
33
-31
3
-6
29
29
59
-50
-7
16
-8
16
-33
27
91
-34
63
15
-29
25
29
-11
-35
-27
-56
-9
-15
55
-16
30
52
-14
-14
-31
20
-13
12
-26
5
39
-46
-36
22
-83
-35
42
23
1
20
-39
-27
-25
25
15
-9
0
62
-5
23
3
38
-17
-47
11
3
31
-1
31
27
74
-22
15
3
-10
-5
20
44
-11
37
-20
8
-15
13
8
8
36
15
-41
25
-10
-33
41
58
38
-69
47
13
-40
-26
23
-7
18
55
10
-43
-27
-44
12
-34
-31
-51
53
-16
-80
-1
-82
42
-16
-19
38
-58
16
63
-5
14
-51
17
25
28
37
-10
2
-10
-28
35
46
-29
-12
-44
45
42
2
5
13
-10
-29
27
0
-35
-64
-6
-20
14
-8
1
-1
7
-33
7
-57
15
-1
30
18
-21
-1
-35
22
27
-23
-17
7
-25
47
16
-11
4
3
-6
-44
39
38
60
-21
2
41
-34
45
-34
66
0
57
-61
-43
38
11
15
-15
55
-15
-58
52
33
12
-67
-31
-21
-60
-6
13
-9
-23
-45
19
-11
-51
7
-15
-46
38
-9
-6
-25
-13
7
19
23
-29
-13
55
-30
-28
88
64
23
30
22
-16
-14
59
17
46
30
-35
-1
4
-35
-38
-25
46
-15
-25
8
40
26
-40
-28
21
17
-9
3
2
-1
38
-42
2
25
35
121
-21
27
-15
51
87
11
-8
-31
28
2
-16
-22
3
41
8
-29
65
30
-6
-5
-47
16
-12
20
-20
-66
-22
-23
-57
32
-11
-95
14
-11
-14
39
26
24
13
41
-42
-50
-18
12
21
47
-29
1
37
44
-6
-32
-8
-23
-2
-35
-6
-30
-43
-26
-37
6
-26
-19
-2
-111
-25
29
-26
33
54
59
-3
15
12
3
4
-34
15
15
2
-15
-32
-29
-34
25
-31
3
-4
-37
42
-7
15
-7
-4
-25
28
-8
25
23
17
-6
13
59
-77
9
9
-12
24
29
-3
-46
-43
0
29
0
10
52
-16
-20
16
-19
16
6
28
-23
-31
30
-37
1
-21
71
26
-35
-2
-50
2
3
39
12
36
-33
-1
75
-19
15
-32
29
-8
13
12
-32
-2
50
-24
-2
6
17
39
-12
22
10
39
-36
-31
-54
-15
-53
2
2
-10
22
42
28
19
-2
45
-17
19
-25
-3
-22
-20
35
11
-49
27
14
5
35
-16
-29
54
-25
-7
-3
-57
-18
64
8
-39
34
-5
-21
11
-5
-6
-76
-10
-36
21
-55
6
10
-19
47
13
-11
-32
32
-19
44
71
-17
-20
-2
-24
88
-9
15
-58
33
46
-65
10
-29
-28
35
-18
-5
-47
-72
-28
-37
-33
8
-44
56
-27
-9
2
-3
-27
41
14
54
33
-18
-4
10
10
16
10
9
37
22
2
-26
29
14
-5
1
-2
-6
-13
-5
5
0
-26
24
-43
5
25
6
13
-1
1
15
-17
8
36
22
3
-26
17
49
12
42
17
-13
-15
-12
-8
-8
-56
57
20
55
11
-18
-13
-31
-7
-54
7
23
-31
-1
31
19
0
-1
-55
20
33
16
25
3
37
-5
1
18
25
-6
-2
33
2
-33
-59
-29
-12
11
55
37
-1
15
23
14
21
61
-37
-43
-27
-18
-10
29
-17
41
-40
18
-4
-16
32
34
-28
-27
6
-2
4
-38
-24
71
-29
-2
24
39
51
-79
18
-15
-21
2
31
-6
29
-18
-9
50
-44
25
-36
24
40
-12
-26
-48
-51
34
-33
-10
4
74
16
-15
-40
-12
-13
-20
4
-5
38
7
-2
4
24
-1
-7
33
34
29
-1
39
-30
-10
1
54
14
64
-34
66
51
-83
22
-22
25
16
-17
-37
-32
8
14
-26
-53
-9
14
51
-56
-17
5
4
1
-15
19
-20
-47
-29
64
-16
23
0
-5
18
-30
1
-9
-23
92
-27
14
36
32
1
-3
13
-15
-68
-18
49
-28
-13
4
-11
31
-19
-19
46
-6
12
-11
-62
8
-53
22
-10
-28
32
48
19
-30
-44
38
-5
-38
4
-22
-43
2
42
25
24
-12
19
31
-17
-1
2
54
37
-19
21
47
-7
-29
27
-3
-19
27
23
27
-22
-31
31
-10
-63
-34
50
-39
-66
22
14
17
-45
29
-13
7
52
0
18
13
-47
17
-44
8
-3
28
0
-39
20
8
-24
11
13
4
-29
26
10
20
50
-12
-34
7
54
-24
-41
11
-77
-13
-9
-21
-26
-34
-5
-21
-4
-22
1
27
1
72
-41
-65
22
-6
-81
24
-25
-8
1
-11
-13
-46
19
-12
-5
-10
-5
8
-15
-8
-9
-8
-20
-31
31
-20
3
55
-3
-5
-38
-40
6
26
-3
40
-6
12
17
-6
-32
-25
6
53
3
-18
25
-44
-1
-31
-1
42
-13
-43
56
5
23
-17
0
-15
-13
24
27
-10
-16
-24
-30
-5
-25
-39
49
-2
-2
-26
38
18
-45
8
-25
-40
-18
67
3
34
-19
31
18
-2
-29
6
-1
-7
57
-40
29
-8
37
6
53
21
-58
-19
-2
-22
50
26
-46
21
32
-6
-3
35
-47
37
-2
43
19
-25
10
9
16
7
50
-10
10
4
24
-5
-14
29
-5
-14
-12
18
26
-29
53
19
-24
-24
10
45
-19
-57
-14
-41
-65
-38
-14
25
53
-58
24
-15
-6
44
43
14
-4
49
38
-17
32
-4
-29
-36
-3
-14
46
-21
29
-15
-56
89
4
28
-31
-5
40
58
-72
12
-18
-14
9
-82
-13
-8
-3
68
19
-16
7
39
7
-31
7
-80
39
-7
-14
-75
-8
-5
3
16
-44
-52
-60
-38
2
-17
-18
2
-12
3
16
-4
-29
4
8
0
13
24
-65
-17
47
5
35
60
-9
-102
27
-11
46
30
-2
1
-48
1
-34
12
8
44
-15
-53
-8
-27
-25
-45
7
14
-41
-20
-14
-56
28
-25
-14
11
7
8
-2
-26
-24
-49
-1
1
11
19
-5
7
-48
-6
97
-63
22
48
11
-6
-3
-41
-12
27
-2
-42
5
-58
42
32
47
14
68
2
-8
6
-68
-8
48
47
-13
-18
-5
-11
11
40
3
29
57
0
-18
-46
26
-26
21
40
6
-23
-36
63
45
-49
33
-18
-4
-45
-49
38
-22
18
-38
11
33
-10
-27
-13
35
-18
35
-36
49
18
3
-18
5
24
39
16
-2
25
-18
-21
-16
64
52
-66
-36
15
-45
-16
31
6
26
34
-51
34
-36
23
-21
20
-39
-89
-3
43
38
-19
12
19
-17
-22
39
12
1
-20
-15
1
35
-2
5
47
12
-16
4
26
-26
35
-31
11
-25
-27
-3
-56
4
44
43
-51
14
3
23
-33
4
30
-6
-14
28
-19
-55
59
-27
30
13
-41
-16
50
-12
-21
2
-11
1
28
-16
-66
-10
14
-38
-68
23
17
-2
44
-53
37
58
27
-1
-33
23
17
9
22
-20
-35
-22
34
6
-20
28
3
11
-18
19
-13
-4
34
-42
18
-37
35
-15
16
-16
18
-68
-7
19
22
-19
20
11
9
25
-61
-34
34
62
33
-37
-27
-14
-27
-40
-29
66
5
3
-11
-10
-27
38
-39
29
43
-59
30
-34
6
16
43
32
-58
12
12
1
21
19
18
-12
-27
-37
0
28
36
-9
-5
-26
26
-1
-12
15
-40
-9
34
-37
-12
49
-38
1
-5
2
-26
44
-26
-5
21
21
63
-15
15
-13
16
17
-2
-44
31
8
11
-14
-42
-48
-29
7
-13
-31
-60
3
80
-27
-30
11
32
-61
10
25
-32
-29
-15
40
-4
-20
30
-58
19
8
14
20
-5
-4
32
1
-28
-47
18
21
22
2
-10
-6
49
55
56
33
-42
-18
46
16
-61
4
-3
-9
-10
-7
-1
-17
38
10
35
-13
-46
-40
23
8
0
25
9
60
-62
-14
0
-15
-37
-6
40
5
-21
2
-4
-3
44
4
10
28
5
22
-18
4
-9
-10
6
-6
-10
-34
-32
-31
-19
5
-12
46
61
15
49
1
-31
-43
-6
23
-14
60
-32
-13
67
27
33
-29
28
7
42
57
-4
-7
10
-5
10
7
-49
-44
-27
-42
6
-19
-48
-44
14
-4
16
5
20
-29
-32
34
34
13
-20
45
5
-76
-21
15
-32
12
-8
15
-44
29
-1
-40
0
51
16
-10
24
4
-10
8
15
10
-1
-10
12
-14
19
-19
-13
50
-40
-3
9
-3
-41
-26
73
-1
19
-23
-6
-27
18
-4
-8
-2
14
8
30
-4
52
-25
13
-37
71
-33
13
-10
-39
46
17
-28
25
-29
35
-25
-48
-44
15
-29
9
16
63
34
25
-5
-19
-81
11
-26
40
-3
5
-4
-6
10
-29
-24
22
32
-10
24
63
3
-68
-3
-12
28
-11
-15
-32
50
44
-14
-31
0
-24
-18
-14
-11
26
-40
11
-62
19
-30
-27
15
-47
-30
-32
-6
1
-65
-10
-26
20
19
35
-1
39
-18
53
-4
-38
94
-17
17
5
-6
3
43
-2
17
-7
-26
-24
-13
91
59
19
-8
-42
-43
10
-56
-5
-36
25
-40
-84
-4
-8
-14
45
36
82
7
-9
-22
25
28
-16
-33
28
27
-65
-8
40
94
22
-26
24
-49
33
14
-12
2
41
12
-4
9
-12
-24
18
35
-18
11
31
-15
42
-34
-22
25
-17
25
5
3
3
-20
40
-8
-46
-47
3
22
-17
-5
-71
-24
18
32
31
-58
37
-51
5
5
-10
-20
10
-50
32
13
-17
54
42
22
-50
0
-6
14
-18
-30
57
28
-3
7
42
-45
-6
-31
8
-17
23
-6
30
-61
-19
-14
-6
20
21
-14
87
33
39
12
-16
-21
-20
-15
-33
4
38
-35
-10
72
9
28
17
-5
-10
-11
8
-2
27
5
18
-10
-57
-63
-31
30
23
-18
-31
-15
30
-42
-7
1
-10
-14
11
-37
-47
9
-4
8
-29
-15
33
-38
27
11
-17
35
-51
37
-14
1
18
-8
22
1
-42
29
28
24
-28
41
42
2
-53
6
-51
30
14
23
-32
39
5
-39
-18
4
-39
47
20
-5
-10
0
-8
-16
-26
9
20
16
97
-2
23
40
20
7
30
25
5
-5
-7
22
-8
-40
5
-34
11
67
-55
32
-21
31
7
-5
-20
6
-6
4
-41
31
9
28
39
-25
-22
-36
-10
27
15
-8
9
2
-18
18
-34
27
-8
62
-27
76
11
-37
-3
39
-19
7
-30
-22
3
21
-33
2
35
8
5
-10
47
-48
-50
0
33
29
-11
-51
-30
65
-24
32
0
34
-17
34
-7
26
10
46
-2
-27
28
11
5
39
13
-37
-6
-26
-19
-8
65
10
1
23
-37
20
21
-21
-3
-8
10
-69
29
-67
-12
13
-48
12
-36
-46
33
-70
58
12
-15
-35
-13
-11
-22
42
-6
-67
-1
25
-19
-56
46
-3
-48
-41
14
26
5
-5
21
-28
11
-22
1
-14
-25
-81
-6
-32
65
-33
-22
22
57
21
0
-15
58
-21
2
17
4
13
40
-7
-36
31
-36
-18
12
9
-31
-16
13
-20
-3
-47
92
-9
-24
20
9
41
-37
-12
-1
23
1
10
26
-19
-38
-16
17
-15
13
8
-3
7
-22
23
24
26
27
8
37
-38
30
33
15
51
-6
41
11
-37
-35
-7
21
-8
16
15
38
-13
22
-10
2
39
-25
-78
65
-32
-13
5
-32
26
5
-60
-10
44
52
-9
-4
41
34
-25
-21
23
22
-58
-17
-41
7
36
1
-19
-15
17
-58
1
5
42
-45
-30
9
-40
-36
1
-10
-3
-6
-13
35
11
24
3
-13
-19
21
-45
-20
25
16
16
48
-10
-14
-52
0
12
-7
-3
-19
46
6
18
24
41
-6
78
-41
-1
24
-10
42
32
-45
65
-30
-13
-71
19
-47
-39
4
41
-18
-51
48
45
7
19
-50
36
9
19
-1
-27
-22
27
3
44
1
-6
11
-22
-11
32
-10
8
28
-7
29
8
9
-3
-16
-22
31
32
-36
49
67
-18
-24
7
-11
-11
-34
14
-53
2
-13
14
-21
-19
-18
-11
-34
49
13
-24
9
20
6
-29
5
2
-41
-24
-10
68
-42
-16
-77
-59
39
-34
35
4
7
-48
75
47
-29
-38
-3
2
8
15
59
1
-18
11
-24
42
-50
26
-41
-43
20
14
-37
31
24
-37
-16
36
-46
-16
11
9
-26
-10
16
-42
-11
-17
4
-44
11
-29
7
-43
-45
-50
25
25
17
-5
8
-2
-7
-28
0
-52
-25
-39
11
-2
-2
-39
48
17
-14
14
-6
8
26
-5
36
26
20
43
34
26
-21
15
-19
-94
42
33
-4
4
25
-1
15
-21
7
0
46
10
45
-5
14
1
5
54
-37
5
3
12
-84
38
25
-16
-4
-11
-28
-6
11
-4
-2
68
24
-8
12
6
49
9
-20
17
14
-5
10
-12
-16
24
-43
28
11
-19
17
-49
-33
29
19
-39
-13
-20
-30
-55
-24
-39
5
30
-37
19
67
4
-46
8
35
-24
49
-4
38
-18
12
-25
9
60
10
2
-7
24
15
14
-10
52
-5
-22
55
-42
-14
11
14
-29
-44
-32
47
-19
33
-48
20
22
-23
-10
26
41
7
24
12
-41
-25
-11
16
50
-5
8
9
-13
-7
-2
-35
31
20
26
-23
13
17
15
-68
-36
-24
4
59
17
42
-49
41
4
-3
4
29
21
10
-45
39
9
-27
-34
-22
-36
59
-50
16
9
-14
0
20
-10
-9
10
16
-23
36
-15
-12
-44
29
-54
2
38
-54
22
-67
-34
-36
-20
70
-18
12
-54
6
-53
-44
2
-9
0
62
-37
-2
42
5
-14
0
-50
1
-14
11
16
-39
12
-6
-18
-17
-49
1
-43
-49
13
43
58
40
55
12
-45
11
-32
-5
70
6
17
51
18
-42
-39
-71
-34
25
-12
-5
7
-19
29
8
44
-20
-7
55
11
-3
-2
-1
40
-22
57
31
-26
-50
-8
1
21
-6
-63
33
-9
16
0
41
24
16
-6
-27
-12
54
-23
-53
54
29
-57
-51
-25
19
4
-17
-2
-5
20
-53
25
-63
-9
-17
-35
29
-12
5
16
29
-14
9
70
-3
17
-5
-30
-25
8
10
-68
-17
13
-18
-8
30
-16
-57
40
-24
-32
2
-86
27
-47
-18
46
-13
36
31
60
-17
46
59
23
-88
8
6
18
75
-12
7
-3
0
-35
9
-21
24
35
-50
25
-48
27
-1
-5
-45
4
-15
-25
-9
38
-22
-78
7
-55
20
-27
-29
47
46
50
-29
-51
-16
-45
16
-6
-66
-2
2
69
24
-24
2
-14
49
64
15
-5
76
38
17
-44
9
-20
-4
33
15
-11
-2
34
15
-13
8
-35
38
-14
-5
-26
-44
41
0
-3
14
23
35
13
2
18
-7
17
11
-59
66
-47
-12
46
10
54
8
10
0
15
19
-40
-27
74
-2
36
11
26
-5
-79
12
46
28
20
44
-15
7
23
32
4
6
-17
-21
-24
-5
27
-15
-25
23
-21
-47
-12
-18
23
-17
33
4
28
46
1
-7
23
38
-3
-10
36
-75
-32
24
39
76
-7
-60
-54
38
12
-8
3
-59
-23
-1
-3
-7
-10
-59
7
14
46
-23
36
-12
-55
-53
22
-24
54
-34
51
-52
1
-32
-2
24
1
-9
-40
-4
-60
0
-65
31
0
18
-15
-4
-3
-15
-18
-58
-49
32
15
26
18
9
-64
18
29
7
-33
-82
-35
-25
-3
30
-66
-5
-17
-23
25
-13
18
29
-10
11
18
30
42
2
10
-70
-19
1
11
-25
1
-22
-9
-13
18
1
-16
50
-38
23
-4
-9
29
-19
28
12
30
61
-90
8
-3
-28
-27
-9
3
12
57
16
18
-7
-34
17
65
26
-2
11
14
2
-64
-45
-4
-2
20
13
47
-34
18
15
9
-9
-9
-51
-54
36
-93
13
22
-5
-61
36
5
-21
-34
-79
4
71
-2
-11
-26
-30
59
17
84
4
5
-18
14
38
-17
-13
7
10
-17
-26
37
-2
-18
19
-6
-11
-14
71
-11
-23
12
-2
25
-11
9
-23
19
-29
25
-28
-34
70
-34
-78
30
19
4
-6
-31
34
-32
25
-72
-20
22
-88
85
-30
-20
34
32
-12
19
27
-31
-29
-44
59
6
-18
51
-18
-22
24
37
-46
-24
0
-4
-69
-28
21
65
-9
12
-18
22
1
-11
24
-11
-17
-21
12
51
14
19
19
31
45
-62
-19
0
-7
66
-13
9
-21
18
-45
32
-12
85
-1
-26
13
39
-18
23
-21
-27
-8
16
32
3
11
32
-5
-10
34
-31
-46
-27
-37
6
40
25
25
-47
65
-11
-13
35
-38
15
8
19
5
-20
32
52
68
5
-16
-21
-25
64
38
1
19
13
-19
14
-49
-21
16
31
16
-26
-13
21
-43
-20
17
-46
-8
23
-3
-8
6
47
-2
19
-29
-71
31
-19
-13
-11
-18
-4
2
12
35
-13
63
-78
-43
-16
-26
-38
-15
-27
-10
-54
8
7
3
31
25
78
-62
11
10
0
46
-6
40
-35
26
17
-26
-47
12
-10
25
-2
-13
-51
-12
17
26
27
41
-3
4
-34
-18
-25
37
12
8
17
-60
-6
-4
-12
-1
-29
9
38
-27
-14
-33
-15
0
-1
-25
8
13
5
11
12
-33
29
11
-66
-21
-18
-1
24
17
9
-9
51
2
-19
17
40
-44
-10
-34
-6
-35
-21
2
19
49
-19
64
63
-23
0
-4
-53
11
23
-27
3
24
-52
31
-74
41
13
-13
11
17
-4
33
-7
46
20
-17
-40
-21
14
24
-42
-28
55
18
-26
37
28
64
-7
-35
14
26
31
2
-43
-32
-24
49
-25
-13
1
76
16
-25
9
-31
13
-13
-4
-16
13
18
40
-1
10
-31
-7
5
-35
27
21
10
-30
30
-23
47
29
-39
58
9
46
40
10
12
1
-50
-13
46
27
-10
43
-26
-6
8
-3
-44
6
26
-28
25
-13
-41
15
48
-44
17
-30
2
-16
-45
13
-34
-19
11
-37
-24
41
54
-18
-12
2
44
-17
31
24
-5
31
-35
-27
-62
44
11
27
15
17
-13
35
-67
2
-38
-29
15
-21
-30
-28
6
43
15
-14
48
9
-4
-6
-5
-24
-8
36
19
-56
-68
-9
-1
-25
24
7
-28
1
-37
85
63
37
3
-35
15
33
22
-33
32
-17
50
-50
-60
-6
-12
-8
49
3
-1
76
29
4
-10
-10
-7
5
22
22
-48
44
-9
25
0
-13
-22
-29
-4
4
47
80
-46
15
35
-12
30
16
-17
-4
4
-15
-34
16
-1
11
3
28
-27
10
3
3
-10
-19
9
18
-36
-43
-38
15
-4
-40
16
-6
-24
22
1
15
23
-5
32
0
40
-41
-22
-84
-10
-30
-53
-12
25
-3
-60
20
34
-11
47
-45
-38
2
-2
121
-3
-11
0
21
4
-3
-16
12
-23
13
-14
26
1
-25
-34
-34
1
-41
15
-9
36
20
25
13
-66
-23
1
72
9
-46
-64
-4
9
38
-2
0
6
8
47
-24
-35
-34
8
-12
25
27
12
3
26
-17
-25
-8
-65
-24
-18
27
8
-42
22
21
10
0
-30
-43
-37
0
-7
57
29
-13
-17
-50
7
-14
28
-11
-45
-21
37
-20
84
-8
7
-19
-30
-62
3
-6
-14
-1
42
-17
16
-61
-66
-22
-44
13
11
13
-23
-11
-21
-23
-19
11
26
-24
-58
-32
-8
-36
7
48
56
11
-6
8
-9
-1
21
-24
28
-27
3
33
19
18
-26
-56
-4
-31
20
-7
47
46
-47
16
47
-42
-6
2
-21
-41
0
8
18
34
28
-12
-7
8
-67
12
-33
-39
8
26
7
-8
-6
-38
66
-10
3
41
-28
24
-57
-13
4
2
41
15
-4
66
9
-38
-39
-41
54
2
-37
24
14
1
18
-25
-30
1
-49
32
-19
53
6
-34
-29
-39
44
13
-64
-30
-11
61
29
-2
23
3
-26
49
41
45
24
-30
53
24
10
54
-20
0
18
3
82
60
-1
-30
-25
29
-42
9
25
22
-39
22
10
-13
8
7
4
-1
-30
-6
-20
7
41
4
11
14
-61
48
-21
8
-24
20
-18
45
-11
-8
-22
3
-4
39
-8
-27
82
48
-14
-34
-8
1
15
57
-12
-37
4
11
28
0
51
-64
-14
14
-23
37
20
32
-7
-29
20
14
43
-17
-26
-10
-74
48
-30
29
-33
-41
-65
37
11
11
-5
-8
73
69
-7
-17
1
-8
-24
-5
15
-51
23
-7
-4
-42
16
-11
10
-61
32
-14
-19
19
2
23
39
11
52
-36
2
12
53
-10
-1
18
-22
30
-33
32
-26
3
28
19
66
2
17
8
13
-4
61
-48
31
-27
50
5
-67
16
58
30
63
16
14
28
-63
-40
-18
45
14
-21
29
-33
-19
-41
-36
30
39
23
-37
-69
31
-14
13
-85
-19
0
-4
21
13
0
-21
18
-32
-7
10
38
1
-3
-28
-9
30
-25
-16
-37
74
35
-21
-71
-26
10
31
-44
-32
-5
1
-35
6
-30
21
0
-14
39
28
35
19
41
-6
-4
-27
28
-13
6
-4
-53
-8
1
15
27
-68
-28
-5
-18
37
26
49
6
-34
-48
13
53
28
-43
-40
22
-35
-19
-10
-4
45
-19
49
-25
-28
4
-11
8
-29
-7
-13
-17
22
72
-77
21
-27
17
-23
11
-14
-8
41
29
25
-85
-17
-36
-16
9
25
2
-7
-3
-17
59
38
38
-26
-34
2
22
34
17
6
-25
68
34
-8
17
-69
12
46
-4
6
-10
-13
-42
-58
6
39
-17
-5
-26
-8
14
24
-38
28
36
-72
15
-20
-52
-71
14
7
23
27
-63
-20
-28
-7
-9
0
50
-2
-9
-20
-47
41
21
-27
-11
39
-26
-9
34
29
62
14
35
56
-19
6
-37
42
18
-10
18
-12
-23
-13
-54
19
47
34
29
10
-15
-19
-4
14
-5
-36
-25
17
34
44
-33
2
-9
57
-19
-20
-6
-54
2
-22
42
-15
45
-11
-15
-34
-20
3
13
41
1
-8
18
30
-19
41
-4
18
2
8
-18
-14
24
-52
-17
-2
-33
-13
3
-47
2
15
-17
-6
-2
-9
17
-13
-4
-36
-12
-50
1
-24
-31
-4
57
-21
32
4
-26
32
-59
-23
-17
-3
35
-16
30
-1
13
-15
-15
9
-21
16
13
-17
15
10
17
-65
-16
2
5
-15
-5
7
16
17
-32
12
-18
30
7
19
10
-64
43
-13
-8
19
-4
-45
-8
-25
-25
13
-8
2
-48
-1
10
2
42
38
-13
-16
16
-20
-5
-4
-7
-7
-18
15
-3
-28
-33
-41
20
17
86
19
61
3
40
25
-8
1
30
-53
-2
35
39
0
48
20
-2
-25
-8
-18
-2
29
-1
31
-46
20
30
9
21
-28
-5
-8
18
-49
-10
-27
-70
-4
-19
10
70
46
10
29
33
24
0
14
18
52
19
47
-33
50
54
-32
23
-4
-27
12
-50
-30
3
-31
4
-45
25
-8
-11
-49
1
24
5
0
-13
-43
-47
40
52
54
-13
5
36
-17
35
14
32
-16
30
-37
34
14
48
52
0
1
-10
19
17
2
-3
28
-7
-13
-28
15
40
-9
6
26
-3
40
-43
11
17
8
18
-46
46
-1
5
1
43
-3
-9
-14
-56
-9
-4
-48
-37
39
70
-44
36
8
-18
-1
17
6
-12
23
-41
4
-12
-12
40
62
-65
-35
19
-16
-43
-64
-2
15
-11
32
28
9
-22
37
11
-27
40
5
-76
26
16
-17
4
11
-31
-9
26
0
6
14
-12
57
56
26
-36
7
45
-7
7
-26
-22
6
34
42
5
28
18
33
22
-13
29
28
-49
-36
-41
-46
35
-36
-28
26
65
62
22
22
33
-62
-36
14
6
29
47
-22
-28
24
-60
54
4
41
-25
18
0
15
82
-1
11
-64
1
27
-40
-15
-5
36
44
1
40
26
44
-26
-11
-41
0
-50
-81
16
-5
-25
48
-26
-26
24
5
32
-80
10
22
10
-19
8
6
-43
24
18
0
23
-1
4
2
40
-59
-4
-20
-29
-13
2
-12
-35
-64
-44
68
41
-42
26
15
12
-3
-19
-5
-63
-44
19
22
-55
-30
39
-28
32
11
-28
4
-12
-53
-26
21
30
29
30
40
6
-9
4
-41
-42
24
23
-28
-21
-40
25
9
41
-8
16
39
-59
-56
20
-27
-6
-55
0
-22
66
-23
-23
-3
-6
-1
1
-64
-19
-17
-12
-43
-39
-12
4
-24
-6
7
57
-4
77
51
-23
21
-18
-5
11
52
13
-35
-27
13
52
22
4
68
-37
-18
-11
10
23
-1
22
34
28
49
39
-35
-43
0
8
1
-19
29
-39
-47
3
0
35
-6
22
-31
18
8
-9
16
32
42
-29
15
15
-60
-35
-20
3
6
-26
-22
-28
-5
-25
-40
1
2
13
17
2
17
-48
-15
-39
-32
-51
59
47
28
10
60
-5
26
-5
-15
-6
-21
51
1
-12
-8
29
24
12
-34
2
48
28
-20
-13
26
-17
46
34
3
20
-11
-70
-1
60
38
-20
-17
-29
-28
24
-21
-3
-25
-15
4
-13
-15
17
-3
23
-3
24
-22
-14
-27
-23
59
-1
26
-3
56
24
15
5
19
18
8
31
-49
-21
-7
-22
-49
40
-39
20
-25
20
31
40
21
2
42
-48
-12
-11
-25
-71
54
4
3
-9
26
-9
-10
-25
64
-27
20
49
-46
-11
-10
-13
-9
39
-23
-44
-14
17
0
14
1
-22
45
14
-26
19
-19
-2
13
42
46
9
-35
-100
11
32
9
47
-3
25
-57
-26
8
-24
-16
8
16
4
43
27
26
73
-31
15
31
3
-1
18
-49
-45
28
6
51
-44
-10
-33
-3
17
-3
-56
-20
-35
-56
5
-14
-33
-1
64
-42
-13
19
67
28
37
-11
-29
-33
-10
26
-15
42
-38
26
27
-20
-36
32
-2
22
31
-43
-32
1
-19
-25
12
-32
-38
18
39
0
-30
2
7
-31
8
-13
-10
7
6
-5
-33
64
10
33
31
50
102
37
-30
-3
-5
-12
-56
-33
-1
-14
31
-30
6
9
-1
51
55
44
32
-15
36
5
10
5
32
9
-30
-8
-11
38
27
-59
-20
-16
-54
-20
-6
39
-5
-35
28
9
20
26
14
18
-16
-49
-37
-12
-20
31
-9
37
29
-17
-18
-39
18
18
-36
-16
-15
26
-4
-36
-5
-15
8
-26
-29
-44
22
-51
33
0
17
-26
45
-9
-17
-13
-9
23
10
59
36
-25
-43
-24
-18
-13
23
9
27
-35
-2
-74
-11
1
-29
-11
-15
18
-24
-35
-56
-4
-59
7
-42
13
14
-51
2
-30
91
-26
60
19
-12
-35
-12
-1
26
14
-5
48
26
22
0
56
34
-18
-52
-54
-18
52
-27
-16
-4
-55
-48
-24
-62
42
23
82
-21
-40
2
48
-29
13
39
22
1
61
21
38
29
-24
13
-19
-23
-26
21
-22
-7
9
15
-11
-9
30
35
-34
28
9
-59
-7
-50
-1
0
-19
11
-36
42
-66
35
18
-13
-33
-7
-39
-85
-57
-56
22
23
-15
48
-37
-31
40
-14
47
1
40
-22
-29
33
-37
33
9
5
26
-46
-28
7
-27
24
5
20
5
-4
-8
31
-26
25
27
-4
20
-35
-21
12
-9
20
59
25
-32
-43
-6
27
-35
23
41
-6
27
-16
54
8
-41
-2
-20
37
-10
24
-18
6
51
-22
-14
-21
49
16
-7
-30
-48
-19
28
-24
40
-52
43
44
-24
27
-78
0
-22
9
21
6
-38
-14
28
18
39
29
-14
37
-52
-18
-22
15
-4
6
8
19
-37
20
-27
4
-73
-19
-18
-22
32
10
7
-31
-8
-8
31
-8
42
29
7
18
-27
-14
-6
-33
-66
-24
29
26
7
3
11
1
16
-23
1
-18
19
-15
-43
4
-37
-26
-3
15
4
7
33
75
14
-6
-44
-1
33
28
-74
6
-10
34
30
0
40
4
29
-10
-29
25
-13
-1
-1
20
35
31
-23
15
23
-56
-21
18
-66
8
-30
0
81
8
-33
64
2
26
-26
33
20
-30
13
-7
-47
-15
21
-5
29
11
51
-14
28
-2
48
14
-66
17
89
3
15
31
18
-4
-47
1
-23
20
-14
-16
32
-2
8
34
39
20
-11
-2
-54
-15
-29
-18
0
-3
31
10
-16
20
-29
-18
3
-12
9
-30
-57
-26
25
49
-63
-6
11
-3
21
-31
4
-27
7
14
9
-31
32
0
13
-37
-31
9
-59
28
26
14
-45
-33
55
-29
1
53
-19
23
-11
2
-16
-1
39
-31
-48
15
32
-79
-20
-30
8
-68
6
1
7
28
45
15
-10
-22
-14
23
25
25
-55
-7
49
25
-28
46
-33
12
-44
38
24
0
17
-40
2
-1
-20
-14
-13
20
20
-14
30
21
54
-7
-14
18
-34
3
13
18
-26
-64
-36
43
10
6
19
34
36
-24
39
-22
18
28
2
30
63
81
-37
-3
57
23
-13
-41
-18
-46
2
-12
-8
-3
-30
-34
-79
-1
-14
-37
51
-4
-25
0
56
5
27
29
33
38
-13
31
7
-38
12
40
-41
28
26
-58
50
35
13
-9
14
-13
44
-2
10
-27
-3
18
20
-64
2
7
-4
25
40
11
34
-27
-1
-3
14
-59
43
-33
-11
-2
-60
6
3
-2
-21
33
-3
14
3
38
36
-5
-24
44
-31
-9
-25
-2
6
-85
-29
-51
-50
-33
18
-1
-37
-29
-10
-64
11
-44
23
10
-3
36
-29
-37
-18
32
88
67
-78
-22
-13
-56
1
-46
22
-1
-1
-56
-27
-47
19
23
15
-23
21
42
-35
17
61
-22
22
-39
12
36
35
6
53
-20
-13
4
41
-25
-80
-21
17
4
14
-43
-18
18
2
21
-71
29
18
-41
-14
18
21
16
-11
-18
-49
-14
-40
-24
39
-2
-56
26
-62
-20
-24
-32
-49
17
3
-72
0
45
-2
-48
28
26
-22
16
13
-17
52
24
-15
9
-16
-3
-4
-47
82
-25
66
-59
41
28
14
-18
-13
38
27
16
35
72
60
-4
-3
-46
17
-1
-40
17
7
16
33
-8
67
-7
16
-63
-4
17
-68
56
-10
-69
41
14
37
41
-32
-19
39
-48
-24
11
1
13
17
-54
50
39
-6
-15
-18
-48
-39
-72
6
53
45
-14
12
-14
-62
-45
23
-26
15
40
37
20
12
47
-11
-15
25
-21
41
-56
-18
17
-12
-22
32
27
12
-40
10
2
55
17
13
-17
21
39
-2
42
10
9
-3
-23
0
17
-15
-17
14
0
-16
5
-21
2
-68
-2
26
-41
-39
1
-23
-11
34
-29
41
-23
13
42
19
-32
-31
-10
42
-19
5
11
-44
34
16
-3
-39
-2
-88
-64
29
36
-11
17
-5
87
73
46
-21
8
21
34
4
14
-21
-3
-4
65
-127
-8
-3
11
2
-7
59
-41
9
9
-5
-1
39
-23
30
-11
-31
33
-31
23
-9
-31
56
58
-28
-13
13
-16
30
-1
-65
-5
-79
14
-47
21
51
-33
9
27
-20
-13
14
-44
-26
40
9
-8
30
-20
24
-19
-61
32
-67
21
42
21
-40
6
-27
27
19
9
40
63
-9
-34
-2
-25
-17
-7
13
1
-29
-15
-16
25
-15
33
-3
42
-38
9
-4
-17
-9
-36
41
6
15
12
-5
-36
-29
-19
-26
9
-35
7
6
23
-6
-87
-3
27
20
39
12
-45
44
-63
8
-19
28
56
-15
-24
-3
-5
-17
-34
-19
-5
36
-39
-28
5
32
15
7
55
21
17
4
16
80
-56
6
26
50
-24
57
-6
14
17
42
-12
-63
22
-23
-61
-34
-18
0
-38
61
-52
-24
-22
19
-32
-4
8
-43
-7
27
-1
-43
24
-15
-12
-14
25
-8
1
31
88
-56
23
-26
-19
0
4
40
35
-20
18
21
-36
60
-39
-14
-44
45
7
-58
-37
8
-11
39
15
41
23
42
-52
-2
-31
8
-3
-20
-2
4
-38
26
-44
50
-51
-5
-35
51
-16
-76
17
4
-24
-14
8
-17
-24
-14
-49
-38
-18
-3
-20
-20
72
-40
27
27
46
20
5
-11
-9
48
-5
-10
-34
42
46
20
-9
23
-11
-48
-12
-11
8
-12
47
-20
-25
18
-31
26
-2
65
-69
6
-20
-4
55
-52
39
28
-16
-28
-23
-10
-5
10
25
18
19
-12
17
33
-31
3
-6
29
29
59
-50
-7
16
-8
16
-33
27
91
-34
63
15
-29
25
29
-11
-35
-27
-56
-9
-15
55
-16
30
52
-14
-14
-31
20
-13
12
-26
5
39
-46
-36
22
-83
-35
42
23
1
20
-39
-27
-25
25
15
-9
0
62
-5
23
3
38
-17
-47
11
3
31
-1
31
27
74
-22
15
3
-10
-5
20
44
-11
37
-20
8
-15
13
8
8
36
15
-41
25
-10
-33
41
58
38
-69
47
13
-40
-26
23
-7
18
55
10
-43
-27
-44
12
-34
-31
-51
53
-16
-80
-1
-82
42
-16
-19
38
-58
16
63
-5
14
-51
17
25
28
37
-10
2
-10
-28
35
46
-29
-12
-44
45
42
2
5
13
-10
-29
27
0
-35
-64
-6
-20
14
-8
1
-1
7
-33
7
-57
15
-1
30
18
-21
-1
-35
22
27
-23
-17
7
-25
47
16
-11
4
3
-6
-44
39
38
60
-21
2
41
-34
45
-34
66
0
57
-61
-43
38
11
15
-15
55
-15
-58
52
33
12
-67
-31
-21
-60
-6
13
-9
-23
-45
19
-11
-51
7
-15
-46
38
-9
-6
-25
-13
7
19
23
-29
-13
55
-30
-28
88
64
23
30
22
-16
-14
59
17
46
30
-35
-1
4
-35
-38
-25
46
-15
-25
8
40
26
-40
-28
21
17
-9
3
2
-1
38
-42
2
25
35
121
-21
27
-15
51
87
11
-8
-31
28
2
-16
-22
3
41
8
-29
65
30
-6
-5
-47
16
-12
20
-20
-66
-22
-23
-57
32
-11
-95
14
-11
-14
39
26
24
13
41
-42
-50
-18
12
21
47
-29
1
37
44
-6
-32
-8
-23
-2
-35
-6
-30
-43
-26
-37
6
-26
-19
-2
-111
-25
29
-26
33
54
59
-3
15
12
3
4
-34
15
15
2
-15
-32
-29
-34
25
-31
3
-4
-37
42
-7
15
-7
-4
-25
28
-8
25
23
17
-6
13
59
-77
9
9
-12
24
29
-3
-46
-43
0
29
0
10
52
-16
-20
16
-19
16
6
28
-23
-31
30
-37
1
-21
71
26
-35
-2
-50
2
3
39
12
36
-33
-1
75
-19
15
-32
29
-8
13
12
-32
-2
50
-24
-2
6
17
39
-12
22
10
39
-36
-31
-54
-15
-53
2
2
-10
22
42
28
19
-2
45
-17
19
-25
-3
-22
-20
35
11
-49
27
14
5
35
-16
-29
54
-25
-7
-3
-57
-18
64
8
-39
34
-5
-21
11
-5
-6
-76
-10
-36
21
-55
6
10
-19
47
13
-11
-32
32
-19
44
71
-17
-20
-2
-24
88
-9
15
-58
33
46
-65
10
-29
-28
35
-18
-5
=== MODELBLASTER_INSPECT_END [cat_2] ===
=== MODELBLASTER_INSPECT_BEGIN [slice_4] === scale=0.00278112 dtype=i8 n=768
-5
-11
20
-11
-2
-20
46
-13
-31
53
13
-4
-15
-33
-11
-7
31
-5
-33
4
0
-22
-13
11
9
4
-60
15
11
-64
78
-31
20
-27
26
-7
11
0
-2
13
-11
9
38
-4
18
18
-24
0
16
22
18
-40
-7
-7
-15
-35
-16
33
-9
16
42
-4
-31
-42
84
15
33
11
18
24
16
-2
-11
9
22
15
-5
31
9
-13
35
13
40
-24
-2
33
2
20
-40
18
0
-24
20
0
-77
36
-11
-44
-44
44
5
-7
40
18
-42
-18
-5
-42
20
27
2
-20
0
-29
-26
-13
-44
29
-4
-27
-20
-22
36
-46
-7
49
29
2
20
33
46
-4
11
-26
33
31
-2
16
-29
-9
-7
18
-58
-49
-5
-18
-16
-62
2
-29
0
-18
20
-9
-9
0
5
-5
20
0
-31
0
-5
40
-38
-40
-22
-24
-49
-15
5
11
27
18
5
-46
-20
-4
33
0
9
16
16
-51
-24
-47
-13
26
-15
7
13
-13
-7
-2
-51
-38
11
27
-7
42
-20
16
-7
13
46
15
2
-35
-5
7
2
26
42
5
-4
26
7
-7
-82
26
-26
9
-15
-66
-5
-26
31
-44
-11
9
33
-4
36
49
18
-31
35
7
42
5
5
9
16
-9
42
42
-29
-20
15
-24
9
46
31
-44
16
2
-16
20
-35
-20
-44
26
27
38
5
13
-38
18
-2
35
-106
44
-31
24
18
22
11
-20
-31
46
-18
-7
-26
35
-36
-7
-15
13
11
-9
-29
67
-35
-20
-2
20
-46
-40
27
2
18
49
-46
29
-7
-20
-7
-38
13
-13
35
-13
-22
18
24
22
-57
2
-4
-7
15
-5
15
42
15
29
20
-2
4
-11
26
-7
-5
35
24
-33
-4
-18
26
-35
27
51
-7
-86
11
-20
-11
-18
-29
42
31
67
27
0
47
-4
2
2
-31
-4
-20
18
-22
82
11
46
15
-11
-9
38
-22
-20
5
7
-15
-2
-2
9
-66
55
-20
35
-13
-33
-16
-20
4
-13
-13
-11
36
2
-20
53
33
11
2
-33
-7
0
36
-13
-40
9
5
-2
-7
9
11
18
-31
18
29
-67
58
-31
26
-18
24
7
5
15
-4
29
-18
13
35
5
-5
13
-60
-16
38
35
31
-36
4
-16
-5
-47
-24
29
-20
4
18
5
-27
-26
55
-9
29
-13
22
11
11
4
-20
0
31
9
-4
20
0
13
22
-2
18
-16
-20
42
5
16
-36
-5
-13
-15
29
7
-80
11
7
-18
-22
15
13
0
44
15
-49
-9
-9
-36
9
2
4
-18
16
-44
-2
-9
-31
36
-26
-36
-18
-18
29
-49
5
46
16
-2
20
46
38
-9
27
-29
35
29
18
13
-16
-16
-9
18
-66
-55
0
-4
-5
-57
2
-35
-16
-22
-7
-16
-13
11
5
-7
20
9
-29
-24
-5
20
-18
-26
-46
-4
-46
-20
29
11
13
29
15
-29
-27
4
24
5
5
7
7
-55
-18
-57
-36
26
-26
-5
0
-16
7
-13
-53
-33
-16
27
-16
51
-13
5
-26
18
53
13
20
-33
-20
7
-13
7
44
29
2
44
-20
-5
-69
33
-31
0
-9
-67
2
-15
22
-47
-5
7
27
-5
20
58
4
-18
15
9
38
20
20
16
13
-11
49
27
-22
-13
24
-22
15
26
33
-53
16
-16
-46
20
0
0
-49
11
7
31
13
2
-15
11
-11
36
-100
20
-47
20
16
9
16
-16
-22
71
-18
7
-20
42
-9
-35
-15
4
-7
-7
-15
66
-26
-15
0
22
-62
-22
31
16
26
51
-31
26
-24
-7
-11
-38
27
-7
33
-9
-27
20
0
36
-35
-9
7
-18
-7
5
-4
24
11
36
26
-9
4
5
13
0
-18
11
18
-20
5
-13
16
-27
20
20
5
-64
2
-27
-18
-26
-15
33
24
62
44
-5
51
-13
-15
4
-31
-5
-20
35
-15
69
22
53
27
7
0
46
-24
-20
4
-5
0
11
15
-4
-62
33
-26
29
-13
-15
=== MODELBLASTER_INSPECT_END [slice_4] ===
=== MODELBLASTER_INSPECT_BEGIN [layer_norm_33] === scale=0.0517954 dtype=i8 n=512
-4
28
-12
-4
-29
37
8
-36
48
-28
7
31
-17
-47
-36
-16
15
-52
38
-29
-9
4
13
63
16
4
13
23
1
51
7
15
1
-13
-21
7
7
2
-14
34
17
-2
52
-44
24
-9
-39
-2
-12
33
-42
3
25
-8
8
25
-38
5
9
40
-25
9
35
-1
17
18
-2
0
22
-2
-18
-25
24
3
9
-8
-35
-63
-48
-61
41
-34
-87
24
2
-54
59
33
-23
39
-65
18
-6
-11
14
-16
37
-13
-11
27
7
17
12
-28
-7
36
-36
21
-37
-4
-8
15
-5
-24
-1
10
-1
-23
25
6
2
1
27
9
51
-12
-20
8
-2
-31
25
-6
-17
24
-36
32
22
-38
36
1
-28
-21
-35
-5
-4
8
-38
-29
37
6
-17
-8
9
12
16
2
-5
-19
-2
1
-20
29
23
-39
-36
21
-18
56
-25
-8
-21
-16
-2
-11
-14
-1
37
32
38
34
13
-24
-27
-128
-10
-5
-17
41
-21
-5
-3
-42
39
0
48
27
-5
25
5
-14
-3
8
27
-14
13
10
15
7
6
-7
25
20
34
-14
37
8
21
-21
5
4
11
-8
9
-36
-28
19
24
-20
10
8
-5
9
18
-25
-6
15
13
-10
-38
33
28
33
37
17
-7
32
-58
-4
6
3
-13
-25
-33
-6
-10
-5
-38
25
-19
-6
48
1
7
-32
44
35
0
49
-6
35
-9
-14
43
-66
-44
-22
-11
27
41
29
13
-3
9
1
-15
40
41
-2
0
6
-70
-1
-24
33
-12
18
9
-46
25
-67
-9
6
3
-57
18
8
-31
22
-41
-6
-9
19
8
50
35
-38
-11
-1
-8
-53
35
-30
24
-14
-63
33
-10
-17
38
2
-2
35
14
-35
-18
-9
41
39
-28
14
41
-12
-28
-12
61
8
43
35
-40
40
7
-15
54
-74
-12
-2
31
-14
25
-25
-14
0
-30
-36
-14
2
-52
21
-28
-18
10
-2
-28
9
0
23
23
11
-8
57
23
6
-22
20
0
27
13
-5
0
-20
-48
0
36
23
-15
37
-2
-7
2
19
45
5
10
45
38
-24
-52
-14
-11
-33
5
-24
46
-52
-1
-7
-32
-11
7
1
-14
4
21
44
-10
-21
34
14
-24
-7
24
-75
42
30
4
14
-44
-42
-28
-29
-9
5
3
31
-16
46
16
-14
-27
61
21
18
-39
21
17
-5
-47
23
31
-69
-24
1
-19
26
39
20
-8
6
-32
-81
18
-3
7
-43
48
10
-2
15
-70
-49
-6
16
22
12
46
4
-44
-15
-9
-7
11
-16
-21
19
-40
18
-14
21
35
20
-29
43
23
-1
-28
0
-3
-24
-1
-3
3
4
=== MODELBLASTER_INSPECT_END [layer_norm_33] ===
=== MODELBLASTER_INSPECT_BEGIN [add_47] === scale=0.00744599 dtype=i8 n=512
19
46
35
12
-6
64
27
-6
25
-22
14
18
-18
-14
-22
-9
22
9
31
-7
22
29
12
50
27
37
51
38
35
37
32
46
-13
23
9
27
5
-20
16
37
39
17
37
-9
-2
-7
23
13
-6
28
-24
11
49
7
15
13
-28
21
12
72
3
17
67
8
21
-1
-4
8
-2
2
-14
-1
42
33
14
19
5
-29
-1
-24
51
-1
-61
56
4
-48
56
32
3
28
-26
11
-10
5
67
15
35
6
39
29
1
28
23
-6
12
62
-8
21
-1
11
-6
20
-3
6
34
16
5
-1
31
38
40
7
42
18
54
36
-1
8
38
-11
21
11
-22
10
-17
17
20
-19
42
18
-4
5
-15
15
28
13
-19
-14
33
24
7
21
2
35
19
52
25
7
28
22
-1
52
37
-21
-24
45
4
60
-11
14
-15
-10
45
14
-21
34
58
26
26
34
18
-9
-11
-128
20
21
-3
29
0
3
11
5
36
32
56
42
10
-15
10
-26
23
7
39
26
20
13
26
9
21
-8
14
35
41
4
30
47
15
-5
46
8
19
18
20
-6
-16
23
2
-6
49
33
13
22
23
-15
-13
2
18
9
6
21
10
25
45
2
14
24
-34
10
25
44
-16
12
-4
11
19
10
-33
-32
-37
31
4
-31
-3
-70
14
14
-5
14
14
10
-10
-17
22
-24
-89
-18
35
35
-40
-16
-15
-56
-43
-12
14
-5
18
-35
-17
8
12
-22
-38
-36
9
22
-5
-40
-35
-52
11
-33
26
-18
29
-34
-8
-16
-51
-12
-60
-18
-48
-8
1
52
-23
3
-51
-61
-45
-40
-13
31
-39
15
-17
-32
-25
-49
40
7
-66
9
22
-36
-16
-38
-49
19
-25
10
-42
6
-16
0
-72
9
-48
39
-55
-53
53
-32
-30
-20
37
8
26
13
-15
-19
-83
-30
16
-12
-43
-12
1
5
-49
-5
-14
12
5
4
29
9
-42
69
1
-24
-52
9
-81
6
-19
1
-8
-36
-40
13
-23
16
-84
2
4
-36
-64
19
2
-9
-23
6
-35
-14
-12
-57
3
-100
9
-56
28
-62
-20
-63
-112
-42
14
-36
-85
-26
19
22
-69
-34
-86
-9
-43
-13
53
-30
40
-39
10
-23
-105
-45
-22
-128
2
-1
-51
-96
5
-31
-32
-28
-76
25
-29
-5
13
6
12
-66
-65
-39
14
-19
-44
-27
-39
-46
17
-22
-18
-3
-63
-55
10
-53
-20
-88
43
-22
14
15
-78
-32
8
-7
-10
-25
78
-19
-28
-8
-33
-18
-9
-49
-33
3
4
-13
8
-46
-34
35
-1
-57
-43
-4
-42
21
-87
9
13
-83
-20
-53
=== MODELBLASTER_INSPECT_END [add_47] ===
=== MODELBLASTER_INSPECT_BEGIN [linear_82] === scale=0.0487676 dtype=i8 n=56
3
16
-1
-18
10
-29
-29
4
31
9
14
-10
10
-37
-7
-13
-10
17
24
-13
-46
0
6
-11
21
-3
-2
-33
2
-2
0
-1
1
0
-61
2
-3
1
-3
5
-4
80
-11
6
2
-5
-1
-3
-123
3
-3
2
7
1
-1
-45
=== MODELBLASTER_INSPECT_END [linear_82] ===
=== MODELBLASTER_VERIFY === max_abs_err=13 max_rel_err=1.99999999e+12 n=56
=== MODELBLASTER_OUTPUT_BEGIN ===
3
16
-1
-18
10
-29
-29
4
31
9
14
-10
10
-37
-7
-13
-10
17
24
-13
-46
0
6
-11
21
-3
-2
-33
2
-2
0
-1
1
0
-61
2
-3
1
-3
5
-4
80
-11
6
2
-5
-1
-3
-123
3
-3
2
7
1
-1
-45
=== MODELBLASTER_OUTPUT_END ===
=== MODELBLASTER_PROFILE_BEGIN ===
dispatch_id,name,op,shape,cycles
0,linear,linear_s8_pc,M=16;K=768;N=384,71000308
1,add,add_s8,n=6144,263247
2,cat,cat2_c1_s8,N=2;H=256;W=256;C_total=6;C_inputs=3|3,40894719
3,conv2d,conv2d_s8_pc,N=2;IC=6;IH=256;IW=256;OC=32;KH=3;KW=3;SH=2;SW=2;PH=1;PW=1;DH=1;DW=1;groups=1,1550271031
4,layer_norm,layer_norm_s8,M=64;K=16384,71112544
5,mul,mul_c1_s8,N=2;C=32;HW=16384,21488543
6,add_1,add_c1_s8,N=2;C=32;HW=16384,20399391
7,relu,relu_s8,n=1048576,13041304
8,conv2d_1,conv2d_s8_pc,N=2;IC=32;IH=128;IW=128;OC=96;KH=3;KW=3;SH=2;SW=2;PH=1;PW=1;DH=1;DW=1;groups=1,6047563959
9,layer_norm_1,layer_norm_s8,M=64;K=12288,53211917
10,mul_1,mul_c1_s8,N=2;C=96;HW=4096,16109278
11,add_2,add_c1_s8,N=2;C=96;HW=4096,15337839
12,relu_1,relu_s8,n=786432,9819386
13,conv2d_2,conv2d_s8_pc,N=2;IC=96;IH=64;IW=64;OC=192;KH=3;KW=3;SH=2;SW=2;PH=1;PW=1;DH=1;DW=1;groups=1,8970473655
14,layer_norm_2,layer_norm_s8,M=64;K=6144,26625393
15,mul_2,mul_c1_s8,N=2;C=192;HW=1024,8058471
16,add_3,add_c1_s8,N=2;C=192;HW=1024,7690091
17,relu_2,relu_s8,n=393216,4929001
18,conv2d_3,conv2d_s8_pc,N=2;IC=192;IH=32;IW=32;OC=384;KH=3;KW=3;SH=2;SW=2;PH=1;PW=1;DH=1;DW=1;groups=1,8822157495
19,layer_norm_3,layer_norm_s8,M=64;K=3072,13328168
20,mul_3,mul_c1_s8,N=2;C=384;HW=256,4038136
21,add_4,add_c1_s8,N=2;C=384;HW=256,3860726
22,relu_3,relu_s8,n=196608,2473905
23,conv2d_4,conv2d_s8_pc,N=2;IC=384;IH=16;IW=16;OC=512;KH=1;KW=1;SH=1;SW=1;PH=0;PW=0;DH=1;DW=1;groups=1,4540088502
24,permute,permute4_s8,d0=2;d1=512;d2=16;d3=16;p0=0;p1=2;p2=3;p3=1,2889091
25,linear_1,linear_s8_pc,M=512;K=512;N=384,1517033027
26,slice_1,slice_c_s8,N=1;IC=10;C_start=0;C_end=2;H=256;W=384,1376358
27,add_5,add_s8,n=196608,8411361
28,cat_1,cat2_c1_s8,N=2;H=128;W=128;C_total=6;C_inputs=3|3,10223873
29,conv2d_5,conv2d_s8_pc,N=2;IC=6;IH=128;IW=128;OC=32;KH=3;KW=3;SH=2;SW=2;PH=1;PW=1;DH=1;DW=1;groups=1,386118199
30,layer_norm_4,layer_norm_s8,M=64;K=4096,17785599
31,mul_4,mul_c1_s8,N=2;C=32;HW=4096,5372836
32,add_6,add_c1_s8,N=2;C=32;HW=4096,5102484
33,relu_4,relu_s8,n=262144,3264395
34,conv2d_6,conv2d_s8_pc,N=2;IC=32;IH=64;IW=64;OC=96;KH=3;KW=3;SH=2;SW=2;PH=1;PW=1;DH=1;DW=1;groups=1,1500125367
35,layer_norm_5,layer_norm_s8,M=64;K=3072,13318479
36,mul_5,mul_c1_s8,N=2;C=96;HW=1024,4029994
37,add_7,add_c1_s8,N=2;C=96;HW=1024,3842922
38,relu_5,relu_s8,n=196608,2462711
39,conv2d_7,conv2d_s8_pc,N=2;IC=96;IH=32;IW=32;OC=192;KH=3;KW=3;SH=2;SW=2;PH=1;PW=1;DH=1;DW=1;groups=1,2207459511
40,layer_norm_6,layer_norm_s8,M=64;K=1536,6663604
41,mul_6,mul_c1_s8,N=2;C=192;HW=256,2018417
42,add_8,add_c1_s8,N=2;C=192;HW=256,1926746
43,relu_6,relu_s8,n=98304,1233256
44,conv2d_8,conv2d_s8_pc,N=2;IC=192;IH=16;IW=16;OC=384;KH=3;KW=3;SH=2;SW=2;PH=1;PW=1;DH=1;DW=1;groups=1,2136115383
45,layer_norm_7,layer_norm_s8,M=64;K=768,3335391
46,mul_7,mul_c1_s8,N=2;C=384;HW=64,1015828
47,add_9,add_c1_s8,N=2;C=384;HW=64,970612
48,relu_7,relu_s8,n=49152,617602
49,conv2d_9,conv2d_s8_pc,N=2;IC=384;IH=8;IW=8;OC=512;KH=1;KW=1;SH=1;SW=1;PH=0;PW=0;DH=1;DW=1;groups=1,1135108278
50,permute_1,permute4_s8,d0=2;d1=512;d2=8;d3=8;p0=0;p1=2;p2=3;p3=1,722451
51,linear_2,linear_s8_pc,M=128;K=512;N=384,379258307
52,slice_2,slice_c_s8,N=1;IC=10;C_start=0;C_end=2;H=64;W=384,344166
53,add_10,add_s8,n=49152,2103351
54,cat_2,cat2_c1_s8,N=1;H=16;W=384;C_total=2;C_inputs=1|1,641051
55,slice_3,slice_c_s8,N=1;IC=10;C_start=0;C_end=2;H=1;W=384,5478
56,slice_4,slice_c_s8,N=2;IC=256;C_start=0;C_end=1;H=1;W=384,38329
57,cat_3,cat4_c1_s8,N=2;H=1;W=384;C_total=337;C_inputs=256|64|16|1,14855914
58,cat_4,cat2_c1_s8,N=1;H=1;W=384;C_total=690;C_inputs=16|674,13796422
59,layer_norm_8,layer_norm_s8,M=690;K=384,20078785
60,linear_3,linear_s8_pc,M=690;K=384;N=384,1535715818
61,transpose,permute4_s8,d0=1;d1=690;d2=6;d3=64;p0=0;p1=2;p2=1;p3=3,2956156
62,linear_4,linear_s8_pc,M=690;K=384;N=384,1535715818
63,transpose_1,permute4_s8,d0=1;d1=690;d2=6;d3=64;p0=0;p1=2;p2=1;p3=3,2956156
64,linear_5,linear_s8_pc,M=690;K=384;N=384,1535715817
65,transpose_2,permute4_s8,d0=1;d1=690;d2=6;d3=64;p0=0;p1=2;p2=1;p3=3,2956156
66,matmul,matmul_b_s8,B=6;M=690;K=64;N=690,2735925061
67,add_11,add_tile_s8,OUTER=6;INNER=476100,67594949
68,softmax,softmax_s8,M=4140;K=690,641890747
69,matmul_1,matmul_b_s8,B=6;M=690;K=690;N=64,2210278332
70,transpose_4,permute4_s8,d0=1;d1=6;d2=690;d3=64;p0=0;p1=2;p2=1;p3=3,2960944
71,linear_6,linear_s8_pc,M=690;K=384;N=384,1535715817
72,add_12,add_s8,n=264960,11311787
73,layer_norm_9,layer_norm_s8,M=690;K=384,20109072
74,linear_7,linear_s8_pc,M=690;K=384;N=1536,6142840297
75,gelu,gelu_s8,n=1059840,153102421
76,linear_8,linear_s8_pc,M=690;K=1536;N=384,6114224617
77,add_13,add_s8,n=264960,11330129
78,layer_norm_10,layer_norm_s8,M=690;K=384,20104648
79,linear_9,linear_s8_pc,M=690;K=384;N=384,1535715817
80,transpose_5,permute4_s8,d0=1;d1=690;d2=6;d3=64;p0=0;p1=2;p2=1;p3=3,2956156
81,linear_10,linear_s8_pc,M=690;K=384;N=384,1535715818
82,transpose_6,permute4_s8,d0=1;d1=690;d2=6;d3=64;p0=0;p1=2;p2=1;p3=3,2956156
83,linear_11,linear_s8_pc,M=690;K=384;N=384,1535715817
84,transpose_7,permute4_s8,d0=1;d1=690;d2=6;d3=64;p0=0;p1=2;p2=1;p3=3,2956156
85,matmul_2,matmul_b_s8,B=6;M=690;K=64;N=690,2736094191
86,add_14,add_tile_s8,OUTER=6;INNER=476100,68088219
87,softmax_1,softmax_s8,M=4140;K=690,642936481
88,matmul_3,matmul_b_s8,B=6;M=690;K=690;N=64,2210295295
89,transpose_9,permute4_s8,d0=1;d1=6;d2=690;d3=64;p0=0;p1=2;p2=1;p3=3,2960944
90,linear_12,linear_s8_pc,M=690;K=384;N=384,1535715817
91,add_15,add_s8,n=264960,11331490
92,layer_norm_11,layer_norm_s8,M=690;K=384,20103314
93,linear_13,linear_s8_pc,M=690;K=384;N=1536,6142840297
94,gelu_1,gelu_s8,n=1059840,149054088
95,linear_14,linear_s8_pc,M=690;K=1536;N=384,6114224617
96,add_16,add_s8,n=264960,11331236
97,layer_norm_12,layer_norm_s8,M=690;K=384,20106539
98,linear_15,linear_s8_pc,M=690;K=384;N=384,1535715817
99,transpose_10,permute4_s8,d0=1;d1=690;d2=6;d3=64;p0=0;p1=2;p2=1;p3=3,2956156
100,linear_16,linear_s8_pc,M=690;K=384;N=384,1535715818
101,transpose_11,permute4_s8,d0=1;d1=690;d2=6;d3=64;p0=0;p1=2;p2=1;p3=3,2956156
102,linear_17,linear_s8_pc,M=690;K=384;N=384,1535715823
103,transpose_12,permute4_s8,d0=1;d1=690;d2=6;d3=64;p0=0;p1=2;p2=1;p3=3,2956156
104,matmul_4,matmul_b_s8,B=6;M=690;K=64;N=690,2736048046
105,add_17,add_tile_s8,OUTER=6;INNER=476100,68116009
106,softmax_2,softmax_s8,M=4140;K=690,642690443
107,matmul_5,matmul_b_s8,B=6;M=690;K=690;N=64,2210298962
108,transpose_14,permute4_s8,d0=1;d1=6;d2=690;d3=64;p0=0;p1=2;p2=1;p3=3,2960944
109,linear_18,linear_s8_pc,M=690;K=384;N=384,1535715817
110,add_18,add_s8,n=264960,11333875
111,layer_norm_13,layer_norm_s8,M=690;K=384,20108610
112,linear_19,linear_s8_pc,M=690;K=384;N=1536,6142840298
113,gelu_2,gelu_s8,n=1059840,150123532
114,linear_20,linear_s8_pc,M=690;K=1536;N=384,6114224617
115,add_19,add_s8,n=264960,11325189
116,layer_norm_14,layer_norm_s8,M=690;K=384,20100013
117,linear_21,linear_s8_pc,M=690;K=384;N=384,1535715818
118,transpose_15,permute4_s8,d0=1;d1=690;d2=6;d3=64;p0=0;p1=2;p2=1;p3=3,2956156
119,linear_22,linear_s8_pc,M=690;K=384;N=384,1535715817
120,transpose_16,permute4_s8,d0=1;d1=690;d2=6;d3=64;p0=0;p1=2;p2=1;p3=3,2956156
121,linear_23,linear_s8_pc,M=690;K=384;N=384,1535715818
122,transpose_17,permute4_s8,d0=1;d1=690;d2=6;d3=64;p0=0;p1=2;p2=1;p3=3,2956156
123,matmul_6,matmul_b_s8,B=6;M=690;K=64;N=690,2736162612
124,add_20,add_tile_s8,OUTER=6;INNER=476100,68062612
125,softmax_3,softmax_s8,M=4140;K=690,643080554
126,matmul_7,matmul_b_s8,B=6;M=690;K=690;N=64,2210286784
127,transpose_19,permute4_s8,d0=1;d1=6;d2=690;d3=64;p0=0;p1=2;p2=1;p3=3,2960944
128,linear_24,linear_s8_pc,M=690;K=384;N=384,1535715817
129,add_21,add_s8,n=264960,11332338
130,layer_norm_15,layer_norm_s8,M=690;K=384,20109269
131,linear_25,linear_s8_pc,M=690;K=384;N=1536,6142840298
132,gelu_3,gelu_s8,n=1059840,157840771
133,linear_26,linear_s8_pc,M=690;K=1536;N=384,6114224617
134,add_22,add_s8,n=264960,11340548
135,layer_norm_16,layer_norm_s8,M=690;K=384,20109199
136,linear_27,linear_s8_pc,M=690;K=384;N=384,1535715817
137,transpose_20,permute4_s8,d0=1;d1=690;d2=6;d3=64;p0=0;p1=2;p2=1;p3=3,2956156
138,linear_28,linear_s8_pc,M=690;K=384;N=384,1535715818
139,transpose_21,permute4_s8,d0=1;d1=690;d2=6;d3=64;p0=0;p1=2;p2=1;p3=3,2956156
140,linear_29,linear_s8_pc,M=690;K=384;N=384,1535715817
141,transpose_22,permute4_s8,d0=1;d1=690;d2=6;d3=64;p0=0;p1=2;p2=1;p3=3,2956156
142,matmul_8,matmul_b_s8,B=6;M=690;K=64;N=690,2736058677
143,add_23,add_tile_s8,OUTER=6;INNER=476100,68079506
144,softmax_4,softmax_s8,M=4140;K=690,642804920
145,matmul_9,matmul_b_s8,B=6;M=690;K=690;N=64,2210274029
146,transpose_24,permute4_s8,d0=1;d1=6;d2=690;d3=64;p0=0;p1=2;p2=1;p3=3,2960944
147,linear_30,linear_s8_pc,M=690;K=384;N=384,1535715817
148,add_24,add_s8,n=264960,11339058
149,layer_norm_17,layer_norm_s8,M=690;K=384,20104652
150,linear_31,linear_s8_pc,M=690;K=384;N=1536,6142840299
151,gelu_4,gelu_s8,n=1059840,170878237
152,linear_32,linear_s8_pc,M=690;K=1536;N=384,6114224617
153,add_25,add_s8,n=264960,11313092
154,layer_norm_18,layer_norm_s8,M=690;K=384,20109652
155,linear_33,linear_s8_pc,M=690;K=384;N=384,1535715819
156,transpose_25,permute4_s8,d0=1;d1=690;d2=6;d3=64;p0=0;p1=2;p2=1;p3=3,2956156
157,linear_34,linear_s8_pc,M=690;K=384;N=384,1535715822
158,transpose_26,permute4_s8,d0=1;d1=690;d2=6;d3=64;p0=0;p1=2;p2=1;p3=3,2956156
159,linear_35,linear_s8_pc,M=690;K=384;N=384,1535715817
160,transpose_27,permute4_s8,d0=1;d1=690;d2=6;d3=64;p0=0;p1=2;p2=1;p3=3,2956156
161,matmul_10,matmul_b_s8,B=6;M=690;K=64;N=690,2736245228
162,add_26,add_tile_s8,OUTER=6;INNER=476100,68300696
163,softmax_5,softmax_s8,M=4140;K=690,643516084
164,matmul_11,matmul_b_s8,B=6;M=690;K=690;N=64,2210290842
165,transpose_29,permute4_s8,d0=1;d1=6;d2=690;d3=64;p0=0;p1=2;p2=1;p3=3,2960944
166,linear_36,linear_s8_pc,M=690;K=384;N=384,1535715817
167,add_27,add_s8,n=264960,11316695
168,layer_norm_19,layer_norm_s8,M=690;K=384,20099938
169,linear_37,linear_s8_pc,M=690;K=384;N=1536,6142840299
170,gelu_5,gelu_s8,n=1059840,173078390
171,linear_38,linear_s8_pc,M=690;K=1536;N=384,6114224617
172,add_28,add_s8,n=264960,11298305
173,layer_norm_20,layer_norm_s8,M=690;K=384,20100293
174,linear_39,linear_s8_pc,M=690;K=384;N=384,1535715817
175,transpose_30,permute4_s8,d0=1;d1=690;d2=6;d3=64;p0=0;p1=2;p2=1;p3=3,2956156
176,linear_40,linear_s8_pc,M=690;K=384;N=384,1535715817
177,transpose_31,permute4_s8,d0=1;d1=690;d2=6;d3=64;p0=0;p1=2;p2=1;p3=3,2956156
178,linear_41,linear_s8_pc,M=690;K=384;N=384,1535715817
179,transpose_32,permute4_s8,d0=1;d1=690;d2=6;d3=64;p0=0;p1=2;p2=1;p3=3,2956156
180,matmul_12,matmul_b_s8,B=6;M=690;K=64;N=690,2736115626
181,add_29,add_tile_s8,OUTER=6;INNER=476100,68246162
182,softmax_6,softmax_s8,M=4140;K=690,642956711
183,matmul_13,matmul_b_s8,B=6;M=690;K=690;N=64,2210286520
184,transpose_34,permute4_s8,d0=1;d1=6;d2=690;d3=64;p0=0;p1=2;p2=1;p3=3,2960944
185,linear_42,linear_s8_pc,M=690;K=384;N=384,1535715817
186,add_30,add_s8,n=264960,11300481
187,layer_norm_21,layer_norm_s8,M=690;K=384,20087580
188,linear_43,linear_s8_pc,M=690;K=384;N=1536,6142840297
189,gelu_6,gelu_s8,n=1059840,175082608
190,linear_44,linear_s8_pc,M=690;K=1536;N=384,6114224617
191,add_31,add_s8,n=264960,11282233
192,layer_norm_22,layer_norm_s8,M=690;K=384,20100709
193,linear_45,linear_s8_pc,M=690;K=384;N=384,1535715821
194,transpose_35,permute4_s8,d0=1;d1=690;d2=6;d3=64;p0=0;p1=2;p2=1;p3=3,2956156
195,linear_46,linear_s8_pc,M=690;K=384;N=384,1535715818
196,transpose_36,permute4_s8,d0=1;d1=690;d2=6;d3=64;p0=0;p1=2;p2=1;p3=3,2956156
197,linear_47,linear_s8_pc,M=690;K=384;N=384,1535715818
198,transpose_37,permute4_s8,d0=1;d1=690;d2=6;d3=64;p0=0;p1=2;p2=1;p3=3,2956156
199,matmul_14,matmul_b_s8,B=6;M=690;K=64;N=690,2736273709
200,add_32,add_tile_s8,OUTER=6;INNER=476100,68329799
201,softmax_7,softmax_s8,M=4140;K=690,642671732
202,matmul_15,matmul_b_s8,B=6;M=690;K=690;N=64,2210284234
203,transpose_39,permute4_s8,d0=1;d1=6;d2=690;d3=64;p0=0;p1=2;p2=1;p3=3,2960944
204,linear_48,linear_s8_pc,M=690;K=384;N=384,1535715820
205,add_33,add_s8,n=264960,11286451
206,layer_norm_23,layer_norm_s8,M=690;K=384,20072693
207,linear_49,linear_s8_pc,M=690;K=384;N=1536,6142840297
208,gelu_7,gelu_s8,n=1059840,157276022
209,linear_50,linear_s8_pc,M=690;K=1536;N=384,6114224618
210,add_34,add_s8,n=264960,11265845
211,layer_norm_24,layer_norm_s8,M=690;K=384,20093887
212,linear_51,linear_s8_pc,M=690;K=384;N=384,1535715818
213,transpose_40,permute4_s8,d0=1;d1=690;d2=6;d3=64;p0=0;p1=2;p2=1;p3=3,2956156
214,linear_52,linear_s8_pc,M=690;K=384;N=384,1535715821
215,transpose_41,permute4_s8,d0=1;d1=690;d2=6;d3=64;p0=0;p1=2;p2=1;p3=3,2956156
216,linear_53,linear_s8_pc,M=690;K=384;N=384,1535715819
217,transpose_42,permute4_s8,d0=1;d1=690;d2=6;d3=64;p0=0;p1=2;p2=1;p3=3,2956156
218,matmul_16,matmul_b_s8,B=6;M=690;K=64;N=690,2736296827
219,add_35,add_tile_s8,OUTER=6;INNER=476100,68312154
220,softmax_8,softmax_s8,M=4140;K=690,643938638
221,matmul_17,matmul_b_s8,B=6;M=690;K=690;N=64,2210286967
222,transpose_44,permute4_s8,d0=1;d1=6;d2=690;d3=64;p0=0;p1=2;p2=1;p3=3,2960944
223,linear_54,linear_s8_pc,M=690;K=384;N=384,1535715817
224,add_36,add_s8,n=264960,11269592
225,layer_norm_25,layer_norm_s8,M=690;K=384,20066046
226,linear_55,linear_s8_pc,M=690;K=384;N=1536,6142840297
227,gelu_8,gelu_s8,n=1059840,143912932
228,linear_56,linear_s8_pc,M=690;K=1536;N=384,6114224617
229,add_37,add_s8,n=264960,11232803
230,layer_norm_26,layer_norm_s8,M=690;K=384,20088447
231,linear_57,linear_s8_pc,M=690;K=384;N=384,1535715818
232,transpose_45,permute4_s8,d0=1;d1=690;d2=6;d3=64;p0=0;p1=2;p2=1;p3=3,2956156
233,linear_58,linear_s8_pc,M=690;K=384;N=384,1535715818
234,transpose_46,permute4_s8,d0=1;d1=690;d2=6;d3=64;p0=0;p1=2;p2=1;p3=3,2956156
235,linear_59,linear_s8_pc,M=690;K=384;N=384,1535715817
236,transpose_47,permute4_s8,d0=1;d1=690;d2=6;d3=64;p0=0;p1=2;p2=1;p3=3,2956156
237,matmul_18,matmul_b_s8,B=6;M=690;K=64;N=690,2736195440
238,add_38,add_tile_s8,OUTER=6;INNER=476100,68224941
239,softmax_9,softmax_s8,M=4140;K=690,643465135
240,matmul_19,matmul_b_s8,B=6;M=690;K=690;N=64,2210290006
241,transpose_49,permute4_s8,d0=1;d1=6;d2=690;d3=64;p0=0;p1=2;p2=1;p3=3,2960944
242,linear_60,linear_s8_pc,M=690;K=384;N=384,1535715817
243,add_39,add_s8,n=264960,11237897
244,layer_norm_27,layer_norm_s8,M=690;K=384,20049967
245,linear_61,linear_s8_pc,M=690;K=384;N=1536,6142840297
246,gelu_9,gelu_s8,n=1059840,131408691
247,linear_62,linear_s8_pc,M=690;K=1536;N=384,6114224617
248,add_40,add_s8,n=264960,11138697
249,layer_norm_28,layer_norm_s8,M=690;K=384,20042348
250,linear_63,linear_s8_pc,M=690;K=384;N=384,1535715819
251,transpose_50,permute4_s8,d0=1;d1=690;d2=6;d3=64;p0=0;p1=2;p2=1;p3=3,2956156
252,linear_64,linear_s8_pc,M=690;K=384;N=384,1535715817
253,transpose_51,permute4_s8,d0=1;d1=690;d2=6;d3=64;p0=0;p1=2;p2=1;p3=3,2956156
254,linear_65,linear_s8_pc,M=690;K=384;N=384,1535715817
255,transpose_52,permute4_s8,d0=1;d1=690;d2=6;d3=64;p0=0;p1=2;p2=1;p3=3,2956156
256,matmul_20,matmul_b_s8,B=6;M=690;K=64;N=690,2735968924
257,add_41,add_tile_s8,OUTER=6;INNER=476100,68348594
258,softmax_10,softmax_s8,M=4140;K=690,642617254
259,matmul_21,matmul_b_s8,B=6;M=690;K=690;N=64,2210294969
260,transpose_54,permute4_s8,d0=1;d1=6;d2=690;d3=64;p0=0;p1=2;p2=1;p3=3,2960944
261,linear_66,linear_s8_pc,M=690;K=384;N=384,1535715817
262,add_42,add_s8,n=264960,11175443
263,layer_norm_29,layer_norm_s8,M=690;K=384,20019170
264,linear_67,linear_s8_pc,M=690;K=384;N=1536,6142840298
265,gelu_10,gelu_s8,n=1059840,127086775
266,linear_68,linear_s8_pc,M=690;K=1536;N=384,6114224617
267,add_43,add_s8,n=264960,11003103
268,layer_norm_30,layer_norm_s8,M=690;K=384,19948681
269,linear_69,linear_s8_pc,M=690;K=384;N=384,1535715817
270,transpose_55,permute4_s8,d0=1;d1=690;d2=6;d3=64;p0=0;p1=2;p2=1;p3=3,2956156
271,linear_70,linear_s8_pc,M=690;K=384;N=384,1535715817
272,transpose_56,permute4_s8,d0=1;d1=690;d2=6;d3=64;p0=0;p1=2;p2=1;p3=3,2956156
273,linear_71,linear_s8_pc,M=690;K=384;N=384,1535715819
274,transpose_57,permute4_s8,d0=1;d1=690;d2=6;d3=64;p0=0;p1=2;p2=1;p3=3,2956156
275,matmul_22,matmul_b_s8,B=6;M=690;K=64;N=690,2736066723
276,add_44,add_tile_s8,OUTER=6;INNER=476100,68141387
277,softmax_11,softmax_s8,M=4140;K=690,645480396
278,matmul_23,matmul_b_s8,B=6;M=690;K=690;N=64,2210303474
279,transpose_59,permute4_s8,d0=1;d1=6;d2=690;d3=64;p0=0;p1=2;p2=1;p3=3,2960944
280,linear_72,linear_s8_pc,M=690;K=384;N=384,1535715817
281,add_45,add_s8,n=264960,11007965
282,layer_norm_31,layer_norm_s8,M=690;K=384,19897884
283,linear_73,linear_s8_pc,M=690;K=384;N=1536,6142840297
284,gelu_11,gelu_s8,n=1059840,117595807
285,linear_74,linear_s8_pc,M=690;K=1536;N=384,6114224618
286,add_46,add_s8,n=264960,10512711
287,layer_norm_32,layer_norm_s8,M=690;K=384,19581828
288,slice_5,slice_c_s8,N=1;IC=690;C_start=16;C_end=690;H=1;W=384,1819206
289,select,slice_c_s8,N=2;IC=337;C_start=336;C_end=337;H=1;W=384,36873
290,cat_5,cat3_c1_s8,N=2;H=1;W=1;C_total=444;C_inputs=32|384|28,55113
291,linear_75,linear_s8_pc,M=2;K=444;N=256,3428441
292,layer_norm_33,layer_norm_s8,M=2;K=256,38943
293,linear_76,linear_s8_pc,M=2;K=256;N=1024,7938139
294,sigmoid,sigmoid_s8,n=2048,229888
295,mul_20,mul_s8,n=2048,89435
296,linear_77,linear_s8_pc,M=2;K=1024;N=256,7882842
297,add_47,add_s8,n=512,22020
298,layer_norm_34,layer_norm_s8,M=2;K=256,38979
299,linear_78,linear_s8_pc,M=2;K=256;N=1024,7938138
300,sigmoid_1,sigmoid_s8,n=2048,230977
301,mul_21,mul_s8,n=2048,89839
302,linear_79,linear_s8_pc,M=2;K=1024;N=256,7882843
303,add_48,add_s8,n=512,22055
304,layer_norm_35,layer_norm_s8,M=2;K=256,38983
305,linear_80,linear_s8_pc,M=2;K=256;N=1024,7938138
306,sigmoid_2,sigmoid_s8,n=2048,236677
307,mul_22,mul_s8,n=2048,89012
308,linear_81,linear_s8_pc,M=2;K=1024;N=256,7882841
309,add_49,add_s8,n=512,21886
310,sigmoid_3,sigmoid_s8,n=512,59969
311,mul_23,mul_s8,n=512,21565
312,linear_82,linear_s8_pc,M=2;K=256;N=28,217144
=== MODELBLASTER_PROFILE_END ===
=== MODELBLASTER_WALL_CYCLES === 3317559750
=== MODELBLASTER_RAW_SPIKE_END ===
max_abs_err=13 max_rel_err=2e+12 (atol=0 rtol=0, in-binary)
FAIL

profile -> /scratch/dima/rose-infra/RoSE/soc/sw/xpu-rt/zephyr-chipyard-sw/modelblaster/examples/octo_small/int8/generated/profile.csv
name           op             shape                                                                               cycles      %
------------------------------------------------------------------------------------------------------------------------------
linear         linear_s8_pc   M=16;K=768;N=384                                                                  71000308    0.0
add            add_s8         n=6144                                                                              263247    0.0
cat            cat2_c1_s8     N=2;H=256;W=256;C_total=6;C_inputs=3|3                                            40894719    0.0
conv2d         conv2d_s8_pc   N=2;IC=6;IH=256;IW=256;OC=32;KH=3;KW=3;SH=2;SW=2;PH=1;PW=1;DH=1;DW=1;groups=1   1550271031    0.5
layer_norm     layer_norm_s8  M=64;K=16384                                                                      71112544    0.0
mul            mul_c1_s8      N=2;C=32;HW=16384                                                                 21488543    0.0
add_1          add_c1_s8      N=2;C=32;HW=16384                                                                 20399391    0.0
relu           relu_s8        n=1048576                                                                         13041304    0.0
conv2d_1       conv2d_s8_pc   N=2;IC=32;IH=128;IW=128;OC=96;KH=3;KW=3;SH=2;SW=2;PH=1;PW=1;DH=1;DW=1;groups=1  6047563959    1.8
layer_norm_1   layer_norm_s8  M=64;K=12288                                                                      53211917    0.0
mul_1          mul_c1_s8      N=2;C=96;HW=4096                                                                  16109278    0.0
add_2          add_c1_s8      N=2;C=96;HW=4096                                                                  15337839    0.0
relu_1         relu_s8        n=786432                                                                           9819386    0.0
conv2d_2       conv2d_s8_pc   N=2;IC=96;IH=64;IW=64;OC=192;KH=3;KW=3;SH=2;SW=2;PH=1;PW=1;DH=1;DW=1;groups=1   8970473655    2.7
layer_norm_2   layer_norm_s8  M=64;K=6144                                                                       26625393    0.0
mul_2          mul_c1_s8      N=2;C=192;HW=1024                                                                  8058471    0.0
add_3          add_c1_s8      N=2;C=192;HW=1024                                                                  7690091    0.0
relu_2         relu_s8        n=393216                                                                           4929001    0.0
conv2d_3       conv2d_s8_pc   N=2;IC=192;IH=32;IW=32;OC=384;KH=3;KW=3;SH=2;SW=2;PH=1;PW=1;DH=1;DW=1;groups=1  8822157495    2.7
layer_norm_3   layer_norm_s8  M=64;K=3072                                                                       13328168    0.0
mul_3          mul_c1_s8      N=2;C=384;HW=256                                                                   4038136    0.0
add_4          add_c1_s8      N=2;C=384;HW=256                                                                   3860726    0.0
relu_3         relu_s8        n=196608                                                                           2473905    0.0
conv2d_4       conv2d_s8_pc   N=2;IC=384;IH=16;IW=16;OC=512;KH=1;KW=1;SH=1;SW=1;PH=0;PW=0;DH=1;DW=1;groups=1  4540088502    1.4
permute        permute4_s8    d0=2;d1=512;d2=16;d3=16;p0=0;p1=2;p2=3;p3=1                                        2889091    0.0
linear_1       linear_s8_pc   M=512;K=512;N=384                                                               1517033027    0.5
slice_1        slice_c_s8     N=1;IC=10;C_start=0;C_end=2;H=256;W=384                                            1376358    0.0
add_5          add_s8         n=196608                                                                           8411361    0.0
cat_1          cat2_c1_s8     N=2;H=128;W=128;C_total=6;C_inputs=3|3                                            10223873    0.0
conv2d_5       conv2d_s8_pc   N=2;IC=6;IH=128;IW=128;OC=32;KH=3;KW=3;SH=2;SW=2;PH=1;PW=1;DH=1;DW=1;groups=1    386118199    0.1
layer_norm_4   layer_norm_s8  M=64;K=4096                                                                       17785599    0.0
mul_4          mul_c1_s8      N=2;C=32;HW=4096                                                                   5372836    0.0
add_6          add_c1_s8      N=2;C=32;HW=4096                                                                   5102484    0.0
relu_4         relu_s8        n=262144                                                                           3264395    0.0
conv2d_6       conv2d_s8_pc   N=2;IC=32;IH=64;IW=64;OC=96;KH=3;KW=3;SH=2;SW=2;PH=1;PW=1;DH=1;DW=1;groups=1    1500125367    0.5
layer_norm_5   layer_norm_s8  M=64;K=3072                                                                       13318479    0.0
mul_5          mul_c1_s8      N=2;C=96;HW=1024                                                                   4029994    0.0
add_7          add_c1_s8      N=2;C=96;HW=1024                                                                   3842922    0.0
relu_5         relu_s8        n=196608                                                                           2462711    0.0
conv2d_7       conv2d_s8_pc   N=2;IC=96;IH=32;IW=32;OC=192;KH=3;KW=3;SH=2;SW=2;PH=1;PW=1;DH=1;DW=1;groups=1   2207459511    0.7
layer_norm_6   layer_norm_s8  M=64;K=1536                                                                        6663604    0.0
mul_6          mul_c1_s8      N=2;C=192;HW=256                                                                   2018417    0.0
add_8          add_c1_s8      N=2;C=192;HW=256                                                                   1926746    0.0
relu_6         relu_s8        n=98304                                                                            1233256    0.0
conv2d_8       conv2d_s8_pc   N=2;IC=192;IH=16;IW=16;OC=384;KH=3;KW=3;SH=2;SW=2;PH=1;PW=1;DH=1;DW=1;groups=1  2136115383    0.6
layer_norm_7   layer_norm_s8  M=64;K=768                                                                         3335391    0.0
mul_7          mul_c1_s8      N=2;C=384;HW=64                                                                    1015828    0.0
add_9          add_c1_s8      N=2;C=384;HW=64                                                                     970612    0.0
relu_7         relu_s8        n=49152                                                                             617602    0.0
conv2d_9       conv2d_s8_pc   N=2;IC=384;IH=8;IW=8;OC=512;KH=1;KW=1;SH=1;SW=1;PH=0;PW=0;DH=1;DW=1;groups=1    1135108278    0.3
permute_1      permute4_s8    d0=2;d1=512;d2=8;d3=8;p0=0;p1=2;p2=3;p3=1                                           722451    0.0
linear_2       linear_s8_pc   M=128;K=512;N=384                                                                379258307    0.1
slice_2        slice_c_s8     N=1;IC=10;C_start=0;C_end=2;H=64;W=384                                              344166    0.0
add_10         add_s8         n=49152                                                                            2103351    0.0
cat_2          cat2_c1_s8     N=1;H=16;W=384;C_total=2;C_inputs=1|1                                               641051    0.0
slice_3        slice_c_s8     N=1;IC=10;C_start=0;C_end=2;H=1;W=384                                                 5478    0.0
slice_4        slice_c_s8     N=2;IC=256;C_start=0;C_end=1;H=1;W=384                                               38329    0.0
cat_3          cat4_c1_s8     N=2;H=1;W=384;C_total=337;C_inputs=256|64|16|1                                    14855914    0.0
cat_4          cat2_c1_s8     N=1;H=1;W=384;C_total=690;C_inputs=16|674                                         13796422    0.0
layer_norm_8   layer_norm_s8  M=690;K=384                                                                       20078785    0.0
linear_3       linear_s8_pc   M=690;K=384;N=384                                                               1535715818    0.5
transpose      permute4_s8    d0=1;d1=690;d2=6;d3=64;p0=0;p1=2;p2=1;p3=3                                         2956156    0.0
linear_4       linear_s8_pc   M=690;K=384;N=384                                                               1535715818    0.5
transpose_1    permute4_s8    d0=1;d1=690;d2=6;d3=64;p0=0;p1=2;p2=1;p3=3                                         2956156    0.0
linear_5       linear_s8_pc   M=690;K=384;N=384                                                               1535715817    0.5
transpose_2    permute4_s8    d0=1;d1=690;d2=6;d3=64;p0=0;p1=2;p2=1;p3=3                                         2956156    0.0
matmul         matmul_b_s8    B=6;M=690;K=64;N=690                                                            2735925061    0.8
add_11         add_tile_s8    OUTER=6;INNER=476100                                                              67594949    0.0
softmax        softmax_s8     M=4140;K=690                                                                     641890747    0.2
matmul_1       matmul_b_s8    B=6;M=690;K=690;N=64                                                            2210278332    0.7
transpose_4    permute4_s8    d0=1;d1=6;d2=690;d3=64;p0=0;p1=2;p2=1;p3=3                                         2960944    0.0
linear_6       linear_s8_pc   M=690;K=384;N=384                                                               1535715817    0.5
add_12         add_s8         n=264960                                                                          11311787    0.0
layer_norm_9   layer_norm_s8  M=690;K=384                                                                       20109072    0.0
linear_7       linear_s8_pc   M=690;K=384;N=1536                                                              6142840297    1.9
gelu           gelu_s8        n=1059840                                                                        153102421    0.0
linear_8       linear_s8_pc   M=690;K=1536;N=384                                                              6114224617    1.8
add_13         add_s8         n=264960                                                                          11330129    0.0
layer_norm_10  layer_norm_s8  M=690;K=384                                                                       20104648    0.0
linear_9       linear_s8_pc   M=690;K=384;N=384                                                               1535715817    0.5
transpose_5    permute4_s8    d0=1;d1=690;d2=6;d3=64;p0=0;p1=2;p2=1;p3=3                                         2956156    0.0
linear_10      linear_s8_pc   M=690;K=384;N=384                                                               1535715818    0.5
transpose_6    permute4_s8    d0=1;d1=690;d2=6;d3=64;p0=0;p1=2;p2=1;p3=3                                         2956156    0.0
linear_11      linear_s8_pc   M=690;K=384;N=384                                                               1535715817    0.5
transpose_7    permute4_s8    d0=1;d1=690;d2=6;d3=64;p0=0;p1=2;p2=1;p3=3                                         2956156    0.0
matmul_2       matmul_b_s8    B=6;M=690;K=64;N=690                                                            2736094191    0.8
add_14         add_tile_s8    OUTER=6;INNER=476100                                                              68088219    0.0
softmax_1      softmax_s8     M=4140;K=690                                                                     642936481    0.2
matmul_3       matmul_b_s8    B=6;M=690;K=690;N=64                                                            2210295295    0.7
transpose_9    permute4_s8    d0=1;d1=6;d2=690;d3=64;p0=0;p1=2;p2=1;p3=3                                         2960944    0.0
linear_12      linear_s8_pc   M=690;K=384;N=384                                                               1535715817    0.5
add_15         add_s8         n=264960                                                                          11331490    0.0
layer_norm_11  layer_norm_s8  M=690;K=384                                                                       20103314    0.0
linear_13      linear_s8_pc   M=690;K=384;N=1536                                                              6142840297    1.9
gelu_1         gelu_s8        n=1059840                                                                        149054088    0.0
linear_14      linear_s8_pc   M=690;K=1536;N=384                                                              6114224617    1.8
add_16         add_s8         n=264960                                                                          11331236    0.0
layer_norm_12  layer_norm_s8  M=690;K=384                                                                       20106539    0.0
linear_15      linear_s8_pc   M=690;K=384;N=384                                                               1535715817    0.5
transpose_10   permute4_s8    d0=1;d1=690;d2=6;d3=64;p0=0;p1=2;p2=1;p3=3                                         2956156    0.0
linear_16      linear_s8_pc   M=690;K=384;N=384                                                               1535715818    0.5
transpose_11   permute4_s8    d0=1;d1=690;d2=6;d3=64;p0=0;p1=2;p2=1;p3=3                                         2956156    0.0
linear_17      linear_s8_pc   M=690;K=384;N=384                                                               1535715823    0.5
transpose_12   permute4_s8    d0=1;d1=690;d2=6;d3=64;p0=0;p1=2;p2=1;p3=3                                         2956156    0.0
matmul_4       matmul_b_s8    B=6;M=690;K=64;N=690                                                            2736048046    0.8
add_17         add_tile_s8    OUTER=6;INNER=476100                                                              68116009    0.0
softmax_2      softmax_s8     M=4140;K=690                                                                     642690443    0.2
matmul_5       matmul_b_s8    B=6;M=690;K=690;N=64                                                            2210298962    0.7
transpose_14   permute4_s8    d0=1;d1=6;d2=690;d3=64;p0=0;p1=2;p2=1;p3=3                                         2960944    0.0
linear_18      linear_s8_pc   M=690;K=384;N=384                                                               1535715817    0.5
add_18         add_s8         n=264960                                                                          11333875    0.0
layer_norm_13  layer_norm_s8  M=690;K=384                                                                       20108610    0.0
linear_19      linear_s8_pc   M=690;K=384;N=1536                                                              6142840298    1.9
gelu_2         gelu_s8        n=1059840                                                                        150123532    0.0
linear_20      linear_s8_pc   M=690;K=1536;N=384                                                              6114224617    1.8
add_19         add_s8         n=264960                                                                          11325189    0.0
layer_norm_14  layer_norm_s8  M=690;K=384                                                                       20100013    0.0
linear_21      linear_s8_pc   M=690;K=384;N=384                                                               1535715818    0.5
transpose_15   permute4_s8    d0=1;d1=690;d2=6;d3=64;p0=0;p1=2;p2=1;p3=3                                         2956156    0.0
linear_22      linear_s8_pc   M=690;K=384;N=384                                                               1535715817    0.5
transpose_16   permute4_s8    d0=1;d1=690;d2=6;d3=64;p0=0;p1=2;p2=1;p3=3                                         2956156    0.0
linear_23      linear_s8_pc   M=690;K=384;N=384                                                               1535715818    0.5
transpose_17   permute4_s8    d0=1;d1=690;d2=6;d3=64;p0=0;p1=2;p2=1;p3=3                                         2956156    0.0
matmul_6       matmul_b_s8    B=6;M=690;K=64;N=690                                                            2736162612    0.8
add_20         add_tile_s8    OUTER=6;INNER=476100                                                              68062612    0.0
softmax_3      softmax_s8     M=4140;K=690                                                                     643080554    0.2
matmul_7       matmul_b_s8    B=6;M=690;K=690;N=64                                                            2210286784    0.7
transpose_19   permute4_s8    d0=1;d1=6;d2=690;d3=64;p0=0;p1=2;p2=1;p3=3                                         2960944    0.0
linear_24      linear_s8_pc   M=690;K=384;N=384                                                               1535715817    0.5
add_21         add_s8         n=264960                                                                          11332338    0.0
layer_norm_15  layer_norm_s8  M=690;K=384                                                                       20109269    0.0
linear_25      linear_s8_pc   M=690;K=384;N=1536                                                              6142840298    1.9
gelu_3         gelu_s8        n=1059840                                                                        157840771    0.0
linear_26      linear_s8_pc   M=690;K=1536;N=384                                                              6114224617    1.8
add_22         add_s8         n=264960                                                                          11340548    0.0
layer_norm_16  layer_norm_s8  M=690;K=384                                                                       20109199    0.0
linear_27      linear_s8_pc   M=690;K=384;N=384                                                               1535715817    0.5
transpose_20   permute4_s8    d0=1;d1=690;d2=6;d3=64;p0=0;p1=2;p2=1;p3=3                                         2956156    0.0
linear_28      linear_s8_pc   M=690;K=384;N=384                                                               1535715818    0.5
transpose_21   permute4_s8    d0=1;d1=690;d2=6;d3=64;p0=0;p1=2;p2=1;p3=3                                         2956156    0.0
linear_29      linear_s8_pc   M=690;K=384;N=384                                                               1535715817    0.5
transpose_22   permute4_s8    d0=1;d1=690;d2=6;d3=64;p0=0;p1=2;p2=1;p3=3                                         2956156    0.0
matmul_8       matmul_b_s8    B=6;M=690;K=64;N=690                                                            2736058677    0.8
add_23         add_tile_s8    OUTER=6;INNER=476100                                                              68079506    0.0
softmax_4      softmax_s8     M=4140;K=690                                                                     642804920    0.2
matmul_9       matmul_b_s8    B=6;M=690;K=690;N=64                                                            2210274029    0.7
transpose_24   permute4_s8    d0=1;d1=6;d2=690;d3=64;p0=0;p1=2;p2=1;p3=3                                         2960944    0.0
linear_30      linear_s8_pc   M=690;K=384;N=384                                                               1535715817    0.5
add_24         add_s8         n=264960                                                                          11339058    0.0
layer_norm_17  layer_norm_s8  M=690;K=384                                                                       20104652    0.0
linear_31      linear_s8_pc   M=690;K=384;N=1536                                                              6142840299    1.9
gelu_4         gelu_s8        n=1059840                                                                        170878237    0.1
linear_32      linear_s8_pc   M=690;K=1536;N=384                                                              6114224617    1.8
add_25         add_s8         n=264960                                                                          11313092    0.0
layer_norm_18  layer_norm_s8  M=690;K=384                                                                       20109652    0.0
linear_33      linear_s8_pc   M=690;K=384;N=384                                                               1535715819    0.5
transpose_25   permute4_s8    d0=1;d1=690;d2=6;d3=64;p0=0;p1=2;p2=1;p3=3                                         2956156    0.0
linear_34      linear_s8_pc   M=690;K=384;N=384                                                               1535715822    0.5
transpose_26   permute4_s8    d0=1;d1=690;d2=6;d3=64;p0=0;p1=2;p2=1;p3=3                                         2956156    0.0
linear_35      linear_s8_pc   M=690;K=384;N=384                                                               1535715817    0.5
transpose_27   permute4_s8    d0=1;d1=690;d2=6;d3=64;p0=0;p1=2;p2=1;p3=3                                         2956156    0.0
matmul_10      matmul_b_s8    B=6;M=690;K=64;N=690                                                            2736245228    0.8
add_26         add_tile_s8    OUTER=6;INNER=476100                                                              68300696    0.0
softmax_5      softmax_s8     M=4140;K=690                                                                     643516084    0.2
matmul_11      matmul_b_s8    B=6;M=690;K=690;N=64                                                            2210290842    0.7
transpose_29   permute4_s8    d0=1;d1=6;d2=690;d3=64;p0=0;p1=2;p2=1;p3=3                                         2960944    0.0
linear_36      linear_s8_pc   M=690;K=384;N=384                                                               1535715817    0.5
add_27         add_s8         n=264960                                                                          11316695    0.0
layer_norm_19  layer_norm_s8  M=690;K=384                                                                       20099938    0.0
linear_37      linear_s8_pc   M=690;K=384;N=1536                                                              6142840299    1.9
gelu_5         gelu_s8        n=1059840                                                                        173078390    0.1
linear_38      linear_s8_pc   M=690;K=1536;N=384                                                              6114224617    1.8
add_28         add_s8         n=264960                                                                          11298305    0.0
layer_norm_20  layer_norm_s8  M=690;K=384                                                                       20100293    0.0
linear_39      linear_s8_pc   M=690;K=384;N=384                                                               1535715817    0.5
transpose_30   permute4_s8    d0=1;d1=690;d2=6;d3=64;p0=0;p1=2;p2=1;p3=3                                         2956156    0.0
linear_40      linear_s8_pc   M=690;K=384;N=384                                                               1535715817    0.5
transpose_31   permute4_s8    d0=1;d1=690;d2=6;d3=64;p0=0;p1=2;p2=1;p3=3                                         2956156    0.0
linear_41      linear_s8_pc   M=690;K=384;N=384                                                               1535715817    0.5
transpose_32   permute4_s8    d0=1;d1=690;d2=6;d3=64;p0=0;p1=2;p2=1;p3=3                                         2956156    0.0
matmul_12      matmul_b_s8    B=6;M=690;K=64;N=690                                                            2736115626    0.8
add_29         add_tile_s8    OUTER=6;INNER=476100                                                              68246162    0.0
softmax_6      softmax_s8     M=4140;K=690                                                                     642956711    0.2
matmul_13      matmul_b_s8    B=6;M=690;K=690;N=64                                                            2210286520    0.7
transpose_34   permute4_s8    d0=1;d1=6;d2=690;d3=64;p0=0;p1=2;p2=1;p3=3                                         2960944    0.0
linear_42      linear_s8_pc   M=690;K=384;N=384                                                               1535715817    0.5
add_30         add_s8         n=264960                                                                          11300481    0.0
layer_norm_21  layer_norm_s8  M=690;K=384                                                                       20087580    0.0
linear_43      linear_s8_pc   M=690;K=384;N=1536                                                              6142840297    1.9
gelu_6         gelu_s8        n=1059840                                                                        175082608    0.1
linear_44      linear_s8_pc   M=690;K=1536;N=384                                                              6114224617    1.8
add_31         add_s8         n=264960                                                                          11282233    0.0
layer_norm_22  layer_norm_s8  M=690;K=384                                                                       20100709    0.0
linear_45      linear_s8_pc   M=690;K=384;N=384                                                               1535715821    0.5
transpose_35   permute4_s8    d0=1;d1=690;d2=6;d3=64;p0=0;p1=2;p2=1;p3=3                                         2956156    0.0
linear_46      linear_s8_pc   M=690;K=384;N=384                                                               1535715818    0.5
transpose_36   permute4_s8    d0=1;d1=690;d2=6;d3=64;p0=0;p1=2;p2=1;p3=3                                         2956156    0.0
linear_47      linear_s8_pc   M=690;K=384;N=384                                                               1535715818    0.5
transpose_37   permute4_s8    d0=1;d1=690;d2=6;d3=64;p0=0;p1=2;p2=1;p3=3                                         2956156    0.0
matmul_14      matmul_b_s8    B=6;M=690;K=64;N=690                                                            2736273709    0.8
add_32         add_tile_s8    OUTER=6;INNER=476100                                                              68329799    0.0
softmax_7      softmax_s8     M=4140;K=690                                                                     642671732    0.2
matmul_15      matmul_b_s8    B=6;M=690;K=690;N=64                                                            2210284234    0.7
transpose_39   permute4_s8    d0=1;d1=6;d2=690;d3=64;p0=0;p1=2;p2=1;p3=3                                         2960944    0.0
linear_48      linear_s8_pc   M=690;K=384;N=384                                                               1535715820    0.5
add_33         add_s8         n=264960                                                                          11286451    0.0
layer_norm_23  layer_norm_s8  M=690;K=384                                                                       20072693    0.0
linear_49      linear_s8_pc   M=690;K=384;N=1536                                                              6142840297    1.9
gelu_7         gelu_s8        n=1059840                                                                        157276022    0.0
linear_50      linear_s8_pc   M=690;K=1536;N=384                                                              6114224618    1.8
add_34         add_s8         n=264960                                                                          11265845    0.0
layer_norm_24  layer_norm_s8  M=690;K=384                                                                       20093887    0.0
linear_51      linear_s8_pc   M=690;K=384;N=384                                                               1535715818    0.5
transpose_40   permute4_s8    d0=1;d1=690;d2=6;d3=64;p0=0;p1=2;p2=1;p3=3                                         2956156    0.0
linear_52      linear_s8_pc   M=690;K=384;N=384                                                               1535715821    0.5
transpose_41   permute4_s8    d0=1;d1=690;d2=6;d3=64;p0=0;p1=2;p2=1;p3=3                                         2956156    0.0
linear_53      linear_s8_pc   M=690;K=384;N=384                                                               1535715819    0.5
transpose_42   permute4_s8    d0=1;d1=690;d2=6;d3=64;p0=0;p1=2;p2=1;p3=3                                         2956156    0.0
matmul_16      matmul_b_s8    B=6;M=690;K=64;N=690                                                            2736296827    0.8
add_35         add_tile_s8    OUTER=6;INNER=476100                                                              68312154    0.0
softmax_8      softmax_s8     M=4140;K=690                                                                     643938638    0.2
matmul_17      matmul_b_s8    B=6;M=690;K=690;N=64                                                            2210286967    0.7
transpose_44   permute4_s8    d0=1;d1=6;d2=690;d3=64;p0=0;p1=2;p2=1;p3=3                                         2960944    0.0
linear_54      linear_s8_pc   M=690;K=384;N=384                                                               1535715817    0.5
add_36         add_s8         n=264960                                                                          11269592    0.0
layer_norm_25  layer_norm_s8  M=690;K=384                                                                       20066046    0.0
linear_55      linear_s8_pc   M=690;K=384;N=1536                                                              6142840297    1.9
gelu_8         gelu_s8        n=1059840                                                                        143912932    0.0
linear_56      linear_s8_pc   M=690;K=1536;N=384                                                              6114224617    1.8
add_37         add_s8         n=264960                                                                          11232803    0.0
layer_norm_26  layer_norm_s8  M=690;K=384                                                                       20088447    0.0
linear_57      linear_s8_pc   M=690;K=384;N=384                                                               1535715818    0.5
transpose_45   permute4_s8    d0=1;d1=690;d2=6;d3=64;p0=0;p1=2;p2=1;p3=3                                         2956156    0.0
linear_58      linear_s8_pc   M=690;K=384;N=384                                                               1535715818    0.5
transpose_46   permute4_s8    d0=1;d1=690;d2=6;d3=64;p0=0;p1=2;p2=1;p3=3                                         2956156    0.0
linear_59      linear_s8_pc   M=690;K=384;N=384                                                               1535715817    0.5
transpose_47   permute4_s8    d0=1;d1=690;d2=6;d3=64;p0=0;p1=2;p2=1;p3=3                                         2956156    0.0
matmul_18      matmul_b_s8    B=6;M=690;K=64;N=690                                                            2736195440    0.8
add_38         add_tile_s8    OUTER=6;INNER=476100                                                              68224941    0.0
softmax_9      softmax_s8     M=4140;K=690                                                                     643465135    0.2
matmul_19      matmul_b_s8    B=6;M=690;K=690;N=64                                                            2210290006    0.7
transpose_49   permute4_s8    d0=1;d1=6;d2=690;d3=64;p0=0;p1=2;p2=1;p3=3                                         2960944    0.0
linear_60      linear_s8_pc   M=690;K=384;N=384                                                               1535715817    0.5
add_39         add_s8         n=264960                                                                          11237897    0.0
layer_norm_27  layer_norm_s8  M=690;K=384                                                                       20049967    0.0
linear_61      linear_s8_pc   M=690;K=384;N=1536                                                              6142840297    1.9
gelu_9         gelu_s8        n=1059840                                                                        131408691    0.0
linear_62      linear_s8_pc   M=690;K=1536;N=384                                                              6114224617    1.8
add_40         add_s8         n=264960                                                                          11138697    0.0
layer_norm_28  layer_norm_s8  M=690;K=384                                                                       20042348    0.0
linear_63      linear_s8_pc   M=690;K=384;N=384                                                               1535715819    0.5
transpose_50   permute4_s8    d0=1;d1=690;d2=6;d3=64;p0=0;p1=2;p2=1;p3=3                                         2956156    0.0
linear_64      linear_s8_pc   M=690;K=384;N=384                                                               1535715817    0.5
transpose_51   permute4_s8    d0=1;d1=690;d2=6;d3=64;p0=0;p1=2;p2=1;p3=3                                         2956156    0.0
linear_65      linear_s8_pc   M=690;K=384;N=384                                                               1535715817    0.5
transpose_52   permute4_s8    d0=1;d1=690;d2=6;d3=64;p0=0;p1=2;p2=1;p3=3                                         2956156    0.0
matmul_20      matmul_b_s8    B=6;M=690;K=64;N=690                                                            2735968924    0.8
add_41         add_tile_s8    OUTER=6;INNER=476100                                                              68348594    0.0
softmax_10     softmax_s8     M=4140;K=690                                                                     642617254    0.2
matmul_21      matmul_b_s8    B=6;M=690;K=690;N=64                                                            2210294969    0.7
transpose_54   permute4_s8    d0=1;d1=6;d2=690;d3=64;p0=0;p1=2;p2=1;p3=3                                         2960944    0.0
linear_66      linear_s8_pc   M=690;K=384;N=384                                                               1535715817    0.5
add_42         add_s8         n=264960                                                                          11175443    0.0
layer_norm_29  layer_norm_s8  M=690;K=384                                                                       20019170    0.0
linear_67      linear_s8_pc   M=690;K=384;N=1536                                                              6142840298    1.9
gelu_10        gelu_s8        n=1059840                                                                        127086775    0.0
linear_68      linear_s8_pc   M=690;K=1536;N=384                                                              6114224617    1.8
add_43         add_s8         n=264960                                                                          11003103    0.0
layer_norm_30  layer_norm_s8  M=690;K=384                                                                       19948681    0.0
linear_69      linear_s8_pc   M=690;K=384;N=384                                                               1535715817    0.5
transpose_55   permute4_s8    d0=1;d1=690;d2=6;d3=64;p0=0;p1=2;p2=1;p3=3                                         2956156    0.0
linear_70      linear_s8_pc   M=690;K=384;N=384                                                               1535715817    0.5
transpose_56   permute4_s8    d0=1;d1=690;d2=6;d3=64;p0=0;p1=2;p2=1;p3=3                                         2956156    0.0
linear_71      linear_s8_pc   M=690;K=384;N=384                                                               1535715819    0.5
transpose_57   permute4_s8    d0=1;d1=690;d2=6;d3=64;p0=0;p1=2;p2=1;p3=3                                         2956156    0.0
matmul_22      matmul_b_s8    B=6;M=690;K=64;N=690                                                            2736066723    0.8
add_44         add_tile_s8    OUTER=6;INNER=476100                                                              68141387    0.0
softmax_11     softmax_s8     M=4140;K=690                                                                     645480396    0.2
matmul_23      matmul_b_s8    B=6;M=690;K=690;N=64                                                            2210303474    0.7
transpose_59   permute4_s8    d0=1;d1=6;d2=690;d3=64;p0=0;p1=2;p2=1;p3=3                                         2960944    0.0
linear_72      linear_s8_pc   M=690;K=384;N=384                                                               1535715817    0.5
add_45         add_s8         n=264960                                                                          11007965    0.0
layer_norm_31  layer_norm_s8  M=690;K=384                                                                       19897884    0.0
linear_73      linear_s8_pc   M=690;K=384;N=1536                                                              6142840297    1.9
gelu_11        gelu_s8        n=1059840                                                                        117595807    0.0
linear_74      linear_s8_pc   M=690;K=1536;N=384                                                              6114224618    1.8
add_46         add_s8         n=264960                                                                          10512711    0.0
layer_norm_32  layer_norm_s8  M=690;K=384                                                                       19581828    0.0
slice_5        slice_c_s8     N=1;IC=690;C_start=16;C_end=690;H=1;W=384                                          1819206    0.0
select         slice_c_s8     N=2;IC=337;C_start=336;C_end=337;H=1;W=384                                           36873    0.0
cat_5          cat3_c1_s8     N=2;H=1;W=1;C_total=444;C_inputs=32|384|28                                           55113    0.0
linear_75      linear_s8_pc   M=2;K=444;N=256                                                                    3428441    0.0
layer_norm_33  layer_norm_s8  M=2;K=256                                                                            38943    0.0
linear_76      linear_s8_pc   M=2;K=256;N=1024                                                                   7938139    0.0
sigmoid        sigmoid_s8     n=2048                                                                              229888    0.0
mul_20         mul_s8         n=2048                                                                               89435    0.0
linear_77      linear_s8_pc   M=2;K=1024;N=256                                                                   7882842    0.0
add_47         add_s8         n=512                                                                                22020    0.0
layer_norm_34  layer_norm_s8  M=2;K=256                                                                            38979    0.0
linear_78      linear_s8_pc   M=2;K=256;N=1024                                                                   7938138    0.0
sigmoid_1      sigmoid_s8     n=2048                                                                              230977    0.0
mul_21         mul_s8         n=2048                                                                               89839    0.0
linear_79      linear_s8_pc   M=2;K=1024;N=256                                                                   7882843    0.0
add_48         add_s8         n=512                                                                                22055    0.0
layer_norm_35  layer_norm_s8  M=2;K=256                                                                            38983    0.0
linear_80      linear_s8_pc   M=2;K=256;N=1024                                                                   7938138    0.0
sigmoid_2      sigmoid_s8     n=2048                                                                              236677    0.0
mul_22         mul_s8         n=2048                                                                               89012    0.0
linear_81      linear_s8_pc   M=2;K=1024;N=256                                                                   7882841    0.0
add_49         add_s8         n=512                                                                                21886    0.0
sigmoid_3      sigmoid_s8     n=512                                                                                59969    0.0
mul_23         mul_s8         n=512                                                                                21565    0.0
linear_82      linear_s8_pc   M=2;K=256;N=28                                                                      217144    0.0
------------------------------------------------------------------------------------------------------------------------------
TOTAL                                                                                                       331189430989
wall_clock_cycles=3317559750 (mtime)
